event_id,cluster,day,wtype,phase,ticker,ret,ret_adj,ret_spy,beta,n_beta,ar,dP_kalshi,dP_poly,pk_start,pk_end,primary_sample,outcome,early_close_day,group,fed_share,dhs_share
E01,E01,2023-09-01,intraday,pre,CACI,0.004824164622256211,0.004824164622256211,-0.004369245407798594,0.5673693946950502,250,0.0073031407445530265,0.009999999999999898,,0.32,0.3299999999999999,True,averted,False,exposed,0.956,0.0926
E01,E01,2023-09-01,intraday,pre,SAIC,0.006426471220230212,0.00642647122022999,-0.004369245407798594,0.6079130729254969,250,0.009082592622450671,0.009999999999999898,,0.32,0.3299999999999999,True,averted,False,exposed,0.98,0.0479
E01,E01,2023-09-01,intraday,pre,LDOS,0.003961395653450994,0.003961395653450994,-0.004369245407798594,0.6874909080094675,250,0.006965212146174646,0.009999999999999898,,0.32,0.3299999999999999,True,averted,False,exposed,0.87,0.0736
E01,E01,2023-09-01,intraday,pre,BAH,0.008080082514947629,0.00808008251494785,-0.004369245407798594,0.512491349281011,250,0.010319282989330191,0.009999999999999898,,0.32,0.3299999999999999,True,averted,False,exposed,0.98,0.0144
E01,E01,2023-09-01,intraday,pre,PSN,-0.0006989500318280717,-0.0006989500318280717,-0.004369245407798594,0.5826524881692269,250,0.0018468016764477476,0.009999999999999898,,0.32,0.3299999999999999,True,averted,False,exposed,0.51,0.0099
E01,E01,2023-09-01,intraday,pre,ACN,0.005183261656910965,0.005183261656910743,-0.004369245407798594,1.1267751703750883,250,0.010106418895693798,0.009999999999999898,,0.32,0.3299999999999999,True,averted,False,control,0.08,0.0656
E01,E01,2023-09-01,intraday,pre,EPAM,-0.008094897069166329,-0.008094897069166329,-0.004369245407798594,1.3239666479655665,250,-0.0023101618724642795,0.009999999999999898,,0.32,0.3299999999999999,True,averted,False,control,0.0,0.0
E01,E01,2023-09-01,intraday,pre,CTSH,-0.003749953333333389,-0.003749953333333389,-0.004369245407798594,1.040505019451855,250,0.0007962684446980155,0.009999999999999898,,0.32,0.3299999999999999,True,averted,False,control,0.0,0.0
E01,E01,2023-09-05,overnight,pre,CACI,-0.006552276550008007,-0.006552276550008007,-0.0010195070758509672,0.4715459043604892,250,-0.006071532163923945,-0.04999999999999988,,0.3299999999999999,0.28,True,averted,False,exposed,0.956,0.0926
E01,E01,2023-09-05,overnight,pre,SAIC,-0.005965375737542189,-0.005965420962555923,-0.0010195070758509672,0.44399569572709274,250,-0.005512718984101045,-0.04999999999999988,,0.3299999999999999,0.28,True,averted,False,exposed,0.98,0.0479
E01,E01,2023-09-05,overnight,pre,LDOS,-0.0031363574613422207,-0.003136287673605742,-0.0010195070758509672,0.47913662986277866,250,-0.002647874276897732,-0.04999999999999988,,0.3299999999999999,0.28,True,averted,False,exposed,0.87,0.0736
E01,E01,2023-09-05,overnight,pre,BAH,-0.005227378517797976,-0.005227428008855228,-0.0010195070758509672,0.3857279605415818,250,-0.004834126132672271,-0.04999999999999988,,0.3299999999999999,0.28,True,averted,False,exposed,0.98,0.0144
E01,E01,2023-09-05,overnight,pre,PSN,-0.001223984991726823,-0.001223984991726823,-0.0010195070758509672,0.4859005871985074,250,-0.0007286059049178049,-0.04999999999999988,,0.3299999999999999,0.28,True,averted,False,exposed,0.51,0.0099
E01,E01,2023-09-05,overnight,pre,ACN,0.0,4.469945746876647e-09,-0.0010195070758509672,1.2103455065820894,250,0.0012339558081848636,-0.04999999999999988,,0.3299999999999999,0.28,True,averted,False,control,0.08,0.0656
E01,E01,2023-09-05,overnight,pre,EPAM,-0.003132847179349141,-0.003132847179349141,-0.0010195070758509672,1.7014079838968292,250,-0.001398249700856995,-0.04999999999999988,,0.3299999999999999,0.28,True,averted,False,control,0.0,0.0
E01,E01,2023-09-05,overnight,pre,CTSH,-0.0008365424116717479,-0.0008365295815572216,-0.0010195070758509672,1.1558552284108272,250,0.0003418601723524264,-0.04999999999999988,,0.3299999999999999,0.28,True,averted,False,control,0.0,0.0
E01,E01,2023-09-05,intraday,pre,CACI,-0.011276319532816825,-0.011276319532816825,-0.003305794519193772,0.5673693946950502,250,-0.009400712897475641,0.009999999999999953,,0.28,0.29,True,averted,False,exposed,0.956,0.0926
E01,E01,2023-09-05,intraday,pre,SAIC,-0.010311903683108525,-0.010311903683108525,-0.003305794519193772,0.6079130729254969,250,-0.008302267978485173,0.009999999999999953,,0.28,0.29,True,averted,False,exposed,0.98,0.0479
E01,E01,2023-09-05,intraday,pre,LDOS,-0.01085963374859178,-0.01085963374859189,-0.003305794519193772,0.6874909080094675,250,-0.008586930072898532,0.009999999999999953,,0.28,0.29,True,averted,False,exposed,0.87,0.0736
E01,E01,2023-09-05,intraday,pre,BAH,0.004904515664114983,0.004904515664114983,-0.003305794519193772,0.512491349281011,250,0.006598706757702371,0.009999999999999953,,0.28,0.29,True,averted,False,exposed,0.98,0.0144
E01,E01,2023-09-05,intraday,pre,PSN,-0.008403353448732331,-0.008403353448732331,-0.003305794519193772,0.5826524881692269,250,-0.006477224046747887,0.009999999999999953,,0.28,0.29,True,averted,False,exposed,0.51,0.0099
E01,E01,2023-09-05,intraday,pre,ACN,-0.004820853564546201,-0.004820853564546312,-0.003305794519193772,1.1267751703750883,250,-0.0010959663819566055,0.009999999999999953,,0.28,0.29,True,averted,False,control,0.08,0.0656
E01,E01,2023-09-05,intraday,pre,EPAM,0.008458226440950511,0.008458226440950511,-0.003305794519193772,1.3239666479655665,250,0.012834988129390431,0.009999999999999953,,0.28,0.29,True,averted,False,control,0.0,0.0
E01,E01,2023-09-05,intraday,pre,CTSH,-0.009766945275198946,-0.009766945275199057,-0.003305794519193772,1.040505019451855,250,-0.0063272494847013945,0.009999999999999953,,0.28,0.29,True,averted,False,control,0.0,0.0
E01,E01,2023-09-06,overnight,pre,CACI,-0.0004610940843077227,-0.0004610940843077227,-0.0018698163973025483,0.4715459043604892,250,0.0004206101797463792,0.0050000000000000044,,0.29,0.295,True,averted,False,exposed,0.956,0.0926
E01,E01,2023-09-06,overnight,pre,SAIC,-0.0006831856053274299,-0.000683085373338499,-0.0018698163973025483,0.44399569572709274,250,0.00014700482687484112,0.0050000000000000044,,0.29,0.295,True,averted,False,exposed,0.98,0.0479
E01,E01,2023-09-06,overnight,pre,LDOS,-0.0015391085718857722,-0.0015393154404648168,-0.0018698163973025483,0.47913662986277866,250,-0.0006432110448200668,0.0050000000000000044,,0.29,0.295,True,averted,False,exposed,0.87,0.0736
E01,E01,2023-09-06,overnight,pre,BAH,0.0006100723486242021,0.0006101243394729394,-0.0018698163973025483,0.3857279605415818,250,0.0013313128141429222,0.0050000000000000044,,0.29,0.295,True,averted,False,exposed,0.98,0.0144
E01,E01,2023-09-06,overnight,pre,PSN,0.00017659145670401166,0.00017659145670401166,-0.0018698163973025483,0.4859005871985074,250,0.0010851363421067175,0.0050000000000000044,,0.29,0.295,True,averted,False,exposed,0.51,0.0099
E01,E01,2023-09-06,overnight,pre,ACN,-0.005856032862192384,-0.005856131178721524,-0.0018698163973025483,1.2103455065820894,250,-0.0035929089875837337,0.0050000000000000044,,0.29,0.295,True,averted,False,control,0.08,0.0656
E01,E01,2023-09-06,overnight,pre,EPAM,-0.006155763379165902,-0.006155763379165902,-0.0018698163973025483,1.7014079838968292,250,-0.0029744428323741404,0.0050000000000000044,,0.29,0.295,True,averted,False,control,0.0,0.0
E01,E01,2023-09-06,overnight,pre,CTSH,-0.0016908940106680204,-0.0016910710542457075,-0.0018698163973025483,1.1558552284108272,250,0.0004703430483224266,0.0050000000000000044,,0.29,0.295,True,averted,False,control,0.0,0.0
E01,E01,2023-09-06,intraday,pre,CACI,-0.010948785689028573,-0.010948785689028573,-0.004861714383712079,0.5673693946950502,250,-0.008190397741961631,0.0,,0.295,0.295,True,averted,False,exposed,0.956,0.0926
E01,E01,2023-09-06,intraday,pre,SAIC,-0.012648519557628468,-0.012648519557628468,-0.004861714383712079,0.6079130729254969,250,-0.00969301982693997,0.0,,0.295,0.295,True,averted,False,exposed,0.98,0.0479
E01,E01,2023-09-06,intraday,pre,LDOS,-0.008221102045622097,-0.008221102045622208,-0.004861714383712079,0.6874909080094675,250,-0.004878717609481191,0.0,,0.295,0.295,True,averted,False,exposed,0.87,0.0736
E01,E01,2023-09-06,intraday,pre,BAH,-0.003571083603959635,-0.003571083603959635,-0.004861714383712079,0.512491349281011,250,-0.0010794970396321327,0.0,,0.295,0.295,True,averted,False,exposed,0.98,0.0144
E01,E01,2023-09-06,intraday,pre,PSN,-0.004413062546302138,-0.004413062546302138,-0.004861714383712079,0.5826524881692269,250,-0.0015803725638641754,0.0,,0.295,0.295,True,averted,False,exposed,0.51,0.0099
E01,E01,2023-09-06,intraday,pre,ACN,0.0063222445643793534,0.0063222445643793534,-0.004861714383712079,1.1267751703750883,250,0.011800303617401548,0.0,,0.295,0.295,True,averted,False,control,0.08,0.0656
E01,E01,2023-09-06,intraday,pre,EPAM,0.01323932642982717,0.01323932642982717,-0.004861714383712079,1.3239666479655665,250,0.01967607412579643,0.0,,0.295,0.295,True,averted,False,control,0.0,0.0
E01,E01,2023-09-06,intraday,pre,CTSH,0.006351511499192775,0.006351511499192775,-0.004861714383712079,1.040505019451855,250,0.011410149718586475,0.0,,0.295,0.295,True,averted,False,control,0.0,0.0
E01,E01,2023-09-07,overnight,pre,CACI,-0.0009639525593663212,-0.0009639525593663212,-0.006969691613187168,0.4715459043604892,250,0.002322576975487739,-0.019999999999999962,,0.295,0.275,True,averted,False,exposed,0.956,0.0926
E01,E01,2023-09-07,overnight,pre,SAIC,0.006664972803583247,0.006664887182056711,-0.006969691613187168,0.44399569572709274,250,0.009759485880383566,-0.019999999999999962,,0.295,0.275,True,averted,False,exposed,0.98,0.0479
E01,E01,2023-09-07,overnight,pre,LDOS,0.0025904050819245406,0.00259057853412914,-0.006969691613187168,0.47913662986277866,250,0.0059298396326499135,-0.019999999999999962,,0.295,0.275,True,averted,False,exposed,0.87,0.0736
E01,E01,2023-09-07,overnight,pre,BAH,0.0007866818078670068,0.0007868159951973652,-0.006969691613187168,0.3857279605415818,250,0.0034750867394254606,-0.019999999999999962,,0.295,0.275,True,averted,False,exposed,0.98,0.0144
E01,E01,2023-09-07,overnight,pre,PSN,-0.00017734290299042943,-0.00017734290299042943,-0.006969691613187168,0.4859005871985074,250,0.003209234344449728,-0.019999999999999962,,0.295,0.275,True,averted,False,exposed,0.51,0.0099
E01,E01,2023-09-07,overnight,pre,ACN,-0.0073551761867395316,-0.007355001756992663,-0.006969691613187168,1.2103455065820894,250,0.0010805587395444315,-0.019999999999999962,,0.295,0.275,True,averted,False,control,0.08,0.0656
E01,E01,2023-09-07,overnight,pre,EPAM,-0.01409796950469977,-0.01409796950469977,-0.006969691613187168,1.7014079838968292,250,-0.0022396805487243515,-0.019999999999999962,,0.295,0.275,True,averted,False,control,0.0,0.0
E01,E01,2023-09-07,overnight,pre,CTSH,-0.003085570976002927,-0.003085631844632175,-0.006969691613187168,1.1558552284108272,250,0.004970383515510553,-0.019999999999999962,,0.295,0.275,True,averted,False,control,0.0,0.0
E01,E01,2023-09-07,intraday,pre,CACI,-0.022659358899375093,-0.022659358899375093,0.003926837032185659,0.5673693946950502,250,-0.024887326049392377,0.0050000000000000044,,0.275,0.28,True,averted,False,exposed,0.956,0.0926
E01,E01,2023-09-07,intraday,pre,SAIC,-0.05494410343657152,-0.054944103436571634,0.003926837032185659,0.6079130729254969,250,-0.05733127900368515,0.0050000000000000044,,0.275,0.28,True,averted,False,exposed,0.98,0.0479
E01,E01,2023-09-07,intraday,pre,LDOS,-0.010541590093437248,-0.010541590093437248,0.003926837032185659,0.6874909080094675,250,-0.013241254850299769,0.0050000000000000044,,0.275,0.28,True,averted,False,exposed,0.87,0.0736
E01,E01,2023-09-07,intraday,pre,BAH,-0.015547199167168513,-0.015547199167168513,0.003926837032185659,0.512491349281011,250,-0.01755966917619998,0.0050000000000000044,,0.275,0.28,True,averted,False,exposed,0.98,0.0144
E01,E01,2023-09-07,intraday,pre,PSN,-0.015782929590842154,-0.015782929590842154,0.003926837032185659,0.5826524881692269,250,-0.01807091095828019,0.0050000000000000044,,0.275,0.28,True,averted,False,exposed,0.51,0.0099
E01,E01,2023-09-07,intraday,pre,ACN,0.013275759126218256,0.013275759126218256,0.003926837032185659,1.1267751703750883,250,0.008851096660242055,0.0050000000000000044,,0.275,0.28,True,averted,False,control,0.08,0.0656
E01,E01,2023-09-07,intraday,pre,EPAM,0.01995746810106991,0.01995746810106991,0.003926837032185659,1.3239666479655665,250,0.014758466838460008,0.0050000000000000044,,0.275,0.28,True,averted,False,control,0.0,0.0
E01,E01,2023-09-07,intraday,pre,CTSH,0.0023916455490051725,0.0023916455490051725,0.003926837032185659,1.040505019451855,250,-0.0016942480935534321,0.0050000000000000044,,0.275,0.28,True,averted,False,control,0.0,0.0
E01,E01,2023-09-08,overnight,pre,CACI,0.0038853541401273617,0.0038853541401273617,0.00011237001082298193,0.4715459043604892,250,0.0038323665217508407,,,0.28,,True,averted,False,exposed,0.956,0.0926
E01,E01,2023-09-08,overnight,pre,SAIC,0.004003227960950317,0.004003271165181399,0.00011237001082298193,0.44399569572709274,250,0.0039533361598161065,,,0.28,,True,averted,False,exposed,0.98,0.0479
E01,E01,2023-09-08,overnight,pre,LDOS,-0.0005221999281126433,-0.0005224272166151067,0.00011237001082298193,0.47913662986277866,250,-0.0005760405163960108,,,0.28,,True,averted,False,exposed,0.87,0.0736
E01,E01,2023-09-08,overnight,pre,BAH,0.002306823725278573,0.0023066800971369705,0.00011237001082298193,0.3857279605415818,250,0.0022634794701777887,,,0.28,,True,averted,False,exposed,0.98,0.0144
E01,E01,2023-09-08,overnight,pre,PSN,0.0012612556756756987,0.0012612556756756987,0.00011237001082298193,0.4859005871985074,250,0.0012066550214333092,,,0.28,,True,averted,False,exposed,0.51,0.0099
E01,E01,2023-09-08,overnight,pre,ACN,0.004052366089461135,0.004052220632515091,0.00011237001082298193,1.2103455065820894,250,0.003916359551786958,,,0.28,,True,averted,False,control,0.08,0.0656
E01,E01,2023-09-08,overnight,pre,EPAM,0.003837307192951611,0.003837307192951611,0.00011237001082298193,1.7014079838968292,250,0.0036461199593868167,,,0.28,,True,averted,False,control,0.0,0.0
E01,E01,2023-09-08,overnight,pre,CTSH,0.0018245228070175035,0.0018242863929931463,0.00011237001082298193,1.1558552284108272,250,0.0016946393424911786,,,0.28,,True,averted,False,control,0.0,0.0
E01,E01,2023-09-08,intraday,pre,CACI,0.007486788246354292,0.007486788246354292,0.0013935605945172291,0.5673693946950502,250,0.006696124615372178,,,,0.27,True,averted,False,exposed,0.956,0.0926
E01,E01,2023-09-08,intraday,pre,SAIC,-0.0002718513856617699,-0.0002718513856617699,0.0013935605945172291,0.6079130729254969,250,-0.001119015088982621,,,,0.27,True,averted,False,exposed,0.98,0.0479
E01,E01,2023-09-08,intraday,pre,LDOS,0.0011495517524828802,0.0011495517524831023,0.0013935605945172291,0.6874909080094675,250,0.00019149151399201693,,,,0.27,True,averted,False,exposed,0.87,0.0736
E01,E01,2023-09-08,intraday,pre,BAH,-0.009028983705100635,-0.009028983705100635,0.0013935605945172291,0.512491349281011,250,-0.009743171454489618,,,,0.27,True,averted,False,exposed,0.98,0.0144
E01,E01,2023-09-08,intraday,pre,PSN,-0.012236823894069104,-0.012236823894069104,0.0013935605945172291,0.5826524881692269,250,-0.013048785441879155,,,,0.27,True,averted,False,exposed,0.51,0.0099
E01,E01,2023-09-08,intraday,pre,ACN,-0.012320570554379406,-0.012320570554379406,0.0013935605945172291,1.1267751703750883,250,-0.013890800030694567,,,,0.27,True,averted,False,control,0.08,0.0656
E01,E01,2023-09-08,intraday,pre,EPAM,0.004314805028862612,0.004314805028862612,0.0013935605945172291,1.3239666479655665,250,0.0024697772798027338,,,,0.27,True,averted,False,control,0.0,0.0
E01,E01,2023-09-08,intraday,pre,CTSH,-0.0005603938293792243,-0.0005603938293791133,0.0013935605945172291,1.040505019451855,250,-0.0020104006228847124,,,,0.27,True,averted,False,control,0.0,0.0
E01,E01,2023-09-11,overnight,pre,CACI,9.446061233653325e-05,9.446061233653325e-05,0.006105228198863166,0.4715459043604892,250,-0.002784434740023559,0.03999999999999998,,0.27,0.31,True,averted,False,exposed,0.956,0.0926
E01,E01,2023-09-11,overnight,pre,SAIC,0.00045325417092079157,0.0004532604545479657,0.006105228198863166,0.44399569572709274,250,-0.0022574408708061254,0.03999999999999998,,0.27,0.31,True,averted,False,exposed,0.98,0.0479
E01,E01,2023-09-11,overnight,pre,LDOS,-0.002400870069700911,-0.002400675047503742,0.006105228198863166,0.47913662986277866,250,-0.005326108533447411,0.03999999999999998,,0.27,0.31,True,averted,False,exposed,0.87,0.0736
E01,E01,2023-09-11,overnight,pre,BAH,0.0,-2.3094215428898224e-08,0.006105228198863166,0.3857279605415818,250,-0.002354957221788444,0.03999999999999998,,0.27,0.31,True,averted,False,exposed,0.98,0.0144
E01,E01,2023-09-11,overnight,pre,PSN,-0.008562602026292332,-0.008562602026292332,0.006105228198863166,0.4859005871985074,250,-0.01152913599310083,0.03999999999999998,,0.27,0.31,True,averted,False,exposed,0.51,0.0099
E01,E01,2023-09-11,overnight,pre,ACN,0.00620637537269908,0.006206594276363608,0.006105228198863166,1.2103455065820894,250,-0.0011830601444532164,0.03999999999999998,,0.27,0.31,True,averted,False,control,0.08,0.0656
E01,E01,2023-09-11,overnight,pre,EPAM,0.005690519183297216,0.005690519183297216,0.006105228198863166,1.7014079838968292,250,-0.004696964817760633,0.03999999999999998,,0.27,0.31,True,averted,False,control,0.0,0.0
E01,E01,2023-09-11,overnight,pre,CTSH,0.004205257434696463,0.004205590141046489,0.006105228198863166,1.1558552284108272,250,-0.002851502499600745,0.03999999999999998,,0.27,0.31,True,averted,False,control,0.0,0.0
E01,E01,2023-09-11,intraday,pre,CACI,0.0038097728523114327,0.0038097728523114327,0.0004685481094766075,0.5673693946950502,250,0.0035439329950521796,0.044999999999999984,,0.31,0.355,True,averted,False,exposed,0.956,0.0926
E01,E01,2023-09-11,intraday,pre,SAIC,0.00018117875791245908,0.00018117875791268112,0.0004685481094766075,0.6079130729254969,250,-0.00010365776313289753,0.044999999999999984,,0.31,0.355,True,averted,False,exposed,0.98,0.0479
E01,E01,2023-09-11,intraday,pre,LDOS,0.003452985676158038,0.003452985676158038,0.0004685481094766075,0.6874909080094675,250,0.0031308631109278457,0.044999999999999984,,0.31,0.355,True,averted,False,exposed,0.87,0.0736
E01,E01,2023-09-11,intraday,pre,BAH,0.007146075231378557,0.007146075231378557,0.0004685481094766075,0.512491349281011,250,0.006905948378549824,0.044999999999999984,,0.31,0.355,True,averted,False,exposed,0.98,0.0144
E01,E01,2023-09-11,intraday,pre,PSN,0.0071665419535975605,0.0071665419535975605,0.0004685481094766075,0.5826524881692269,250,0.006893541231784028,0.044999999999999984,,0.31,0.355,True,averted,False,exposed,0.51,0.0099
E01,E01,2023-09-11,intraday,pre,ACN,-0.004946701115996599,-0.004946701115996488,0.0004685481094766075,1.1267751703750883,250,-0.005474649491881029,0.044999999999999984,,0.31,0.355,True,averted,False,control,0.08,0.0656
E01,E01,2023-09-11,intraday,pre,EPAM,-0.0016486997829237016,-0.0016486997829237016,0.0004685481094766075,1.3239666479655665,250,-0.0022690418528380487,0.044999999999999984,,0.31,0.355,True,averted,False,control,0.0,0.0
E01,E01,2023-09-11,intraday,pre,CTSH,-0.004327157490781164,-0.004327157490781275,0.0004685481094766075,1.040505019451855,250,-0.004814684150546251,0.044999999999999984,,0.31,0.355,True,averted,False,control,0.0,0.0
E01,E01,2023-09-12,overnight,pre,CACI,-0.002509310211661786,-0.002509310211661786,-0.0033448544078331643,0.4715459043604892,250,-0.0009320578149659279,0.06,,0.355,0.415,True,averted,False,exposed,0.956,0.0926
E01,E01,2023-09-12,overnight,pre,SAIC,-0.008062319094459536,-0.008062367706900941,-0.0033448544078331643,0.44399569572709274,250,-0.0065772181345478175,0.06,,0.355,0.415,True,averted,False,exposed,0.98,0.0479
E01,E01,2023-09-12,overnight,pre,LDOS,-0.005526577388366372,-0.005526532980065002,-0.0033448544078331643,0.47913662986277866,250,-0.003923935120015529,0.06,,0.355,0.415,True,averted,False,exposed,0.87,0.0736
E01,E01,2023-09-12,overnight,pre,BAH,-0.004345879379157425,-0.004345876785307623,-0.0033448544078331643,0.3857279605415818,250,-0.0030556755101154177,0.06,,0.355,0.415,True,averted,False,exposed,0.98,0.0144
E01,E01,2023-09-12,overnight,pre,PSN,-0.0020069441206073124,-0.0020069441206073124,-0.0033448544078331643,0.4859005871985074,250,-0.000381677399747662,0.06,,0.355,0.415,True,averted,False,exposed,0.51,0.0099
E01,E01,2023-09-12,overnight,pre,ACN,-0.013563638771478814,-0.013563668553914887,-0.0033448544078331643,1.2103455065820894,250,-0.00951520926878665,0.06,,0.355,0.415,True,averted,False,control,0.08,0.0656
E01,E01,2023-09-12,overnight,pre,EPAM,-0.005705350287321886,-0.005705350287321886,-0.0033448544078331643,1.7014079838968292,250,-1.4388292862039902e-05,0.06,,0.355,0.415,True,averted,False,control,0.0,0.0
E01,E01,2023-09-12,overnight,pre,CTSH,-0.009673383180957673,-0.009673437833827236,-0.0033448544078331643,1.1558552284108272,250,-0.0058072157253907086,0.06,,0.355,0.415,True,averted,False,control,0.0,0.0
E01,E01,2023-09-12,intraday,pre,CACI,0.000125805299615811,0.000125805299615811,-0.0021479404268824887,0.5673693946950502,250,0.0013444809594571564,-0.009999999999999953,,0.415,0.405,True,averted,False,exposed,0.956,0.0926
E01,E01,2023-09-12,intraday,pre,SAIC,0.016255696803652908,0.016255696803652908,-0.0021479404268824887,0.6079130729254969,250,0.017561457869019945,-0.009999999999999953,,0.415,0.405,True,averted,False,exposed,0.98,0.0479
E01,E01,2023-09-12,intraday,pre,LDOS,0.0042990040702290955,0.0042990040702290955,-0.0021479404268824887,0.6874909080094675,250,0.0057756935846567815,-0.009999999999999953,,0.415,0.405,True,averted,False,exposed,0.87,0.0736
E01,E01,2023-09-12,intraday,pre,BAH,0.008818794597189816,0.008818794597189816,-0.0021479404268824887,0.512491349281011,250,0.009919595484738053,-0.009999999999999953,,0.415,0.405,True,averted,False,exposed,0.98,0.0144
E01,E01,2023-09-12,intraday,pre,PSN,0.01846432003596199,0.01846432003596199,-0.0021479404268824887,0.5826524881692269,250,0.01971582287012434,-0.009999999999999953,,0.415,0.405,True,averted,False,exposed,0.51,0.0099
E01,E01,2023-09-12,intraday,pre,ACN,-0.02040752014630043,-0.02040752014630054,-0.0021479404268824887,1.1267751703750883,250,-0.017987274205844374,-0.009999999999999953,,0.415,0.405,True,averted,False,control,0.08,0.0656
E01,E01,2023-09-12,intraday,pre,EPAM,-0.00785196922573439,-0.00785196922573439,-0.0021479404268824887,1.3239666479655665,250,-0.005008167738725053,-0.009999999999999953,,0.415,0.405,True,averted,False,control,0.0,0.0
E01,E01,2023-09-12,intraday,pre,CTSH,-0.007219735906059399,-0.00721973590605951,-0.0021479404268824887,1.040505019451855,250,-0.0049847931104046094,-0.009999999999999953,,0.415,0.405,True,averted,False,control,0.0,0.0
E01,E01,2023-09-13,overnight,pre,CACI,0.000723168275594599,0.000723168275594599,0.0005157313057559954,0.4715459043604892,250,0.00047997729061487215,-0.010000000000000009,0.145,0.405,0.395,True,averted,False,exposed,0.956,0.0926
E01,E01,2023-09-13,overnight,pre,SAIC,0.00026957944215943996,0.00026968508094493693,0.0005157313057559954,0.44399569572709274,250,4.0596962252064815e-05,-0.010000000000000009,0.145,0.405,0.395,True,averted,False,exposed,0.98,0.0479
E01,E01,2023-09-13,overnight,pre,LDOS,0.0028190047341740687,0.002818938260499282,0.0005157313057559954,0.47913662986277866,250,0.002571898974419411,-0.010000000000000009,0.145,0.405,0.395,True,averted,False,exposed,0.87,0.0736
E01,E01,2023-09-13,overnight,pre,BAH,0.004238440618101524,0.004238598122008996,0.0005157313057559954,0.3857279605415818,250,0.004039508633344817,-0.010000000000000009,0.145,0.405,0.395,True,averted,False,exposed,0.98,0.0144
E01,E01,2023-09-13,overnight,pre,PSN,-0.001974521841977439,-0.001974521841977439,0.0005157313057559954,0.4859005871985074,250,-0.0022251159862809304,-0.010000000000000009,0.145,0.405,0.395,True,averted,False,exposed,0.51,0.0099
E01,E01,2023-09-13,overnight,pre,ACN,-0.002095981356660004,-0.0020961019511989143,0.0005157313057559954,1.2103455065820894,250,-0.002720194425185486,-0.010000000000000009,0.145,0.405,0.395,True,averted,False,control,0.08,0.0656
E01,E01,2023-09-13,overnight,pre,EPAM,-0.004223482874851858,-0.004223482874851858,0.0005157313057559954,1.7014079838968292,250,-0.005100952236010646,-0.010000000000000009,0.145,0.405,0.395,True,averted,False,control,0.0,0.0
E01,E01,2023-09-13,overnight,pre,CTSH,0.0015685243734984144,0.0015682863994146423,0.0005157313057559954,1.1558552284108272,250,0.0009724136472852043,-0.010000000000000009,0.145,0.405,0.395,True,averted,False,control,0.0,0.0
E01,E01,2023-09-13,intraday,pre,CACI,-0.007948721707989215,-0.007948721707989215,0.0006499229062346679,0.5673693946950502,250,-0.008317468073898026,0.014999999999999958,0.0050000000000000044,0.395,0.41,True,averted,False,exposed,0.956,0.0926
E01,E01,2023-09-13,intraday,pre,SAIC,8.98580560206863e-05,8.98580560206863e-05,0.0006499229062346679,0.6079130729254969,250,-0.00030523857507310024,0.014999999999999958,0.0050000000000000044,0.395,0.41,True,averted,False,exposed,0.98,0.0479
E01,E01,2023-09-13,intraday,pre,LDOS,-0.010619513145346038,-0.010619513145346038,0.0006499229062346679,0.6874909080094675,250,-0.011066329234289463,0.014999999999999958,0.0050000000000000044,0.395,0.41,True,averted,False,exposed,0.87,0.0736
E01,E01,2023-09-13,intraday,pre,BAH,-0.004396377253603423,-0.004396377253603312,0.0006499229062346679,0.512491349281011,250,-0.004729457120748264,0.014999999999999958,0.0050000000000000044,0.395,0.41,True,averted,False,exposed,0.98,0.0144
E01,E01,2023-09-13,intraday,pre,PSN,-0.0010790926555938052,-0.0010790926555938052,0.0006499229062346679,0.5826524881692269,250,-0.0014577718540296097,0.014999999999999958,0.0050000000000000044,0.395,0.41,True,averted,False,exposed,0.51,0.0099
E01,E01,2023-09-13,intraday,pre,ACN,-0.001018385541793454,-0.001018385541793454,0.0006499229062346679,1.1267751703750883,250,-0.0017507025351966945,0.014999999999999958,0.0050000000000000044,0.395,0.41,True,averted,False,control,0.08,0.0656
E01,E01,2023-09-13,intraday,pre,EPAM,0.0022926373447227366,0.0022926373447227366,0.0006499229062346679,1.3239666479655665,250,0.0014321610931191842,0.014999999999999958,0.0050000000000000044,0.395,0.41,True,averted,False,control,0.0,0.0
E01,E01,2023-09-13,intraday,pre,CTSH,0.006548962186998519,0.006548962186998519,0.0006499229062346679,1.040505019451855,250,0.00587271414080461,0.014999999999999958,0.0050000000000000044,0.395,0.41,True,averted,False,control,0.0,0.0
E01,E01,2023-09-14,overnight,pre,CACI,0.00604890911046585,0.00604890911046585,0.005733348511373082,0.4715459043604892,250,0.003345372101656565,0.039999999999999925,0.03999999999999998,0.41,0.4499999999999999,True,averted,False,exposed,0.956,0.0926
E01,E01,2023-09-14,overnight,pre,SAIC,0.002964443055060606,0.002964294389877997,0.005733348511373082,0.44399569572709274,250,0.00041886099390762294,0.039999999999999925,0.03999999999999998,0.41,0.4499999999999999,True,averted,False,exposed,0.98,0.0479
E01,E01,2023-09-14,overnight,pre,LDOS,-0.00031567694817558056,0.003485798897932213,0.005733348511373082,0.47913662986277866,250,-0.003062734231743658,0.039999999999999925,0.03999999999999998,0.41,0.4499999999999999,True,averted,False,exposed,0.87,0.0736
E01,E01,2023-09-14,overnight,pre,BAH,0.004062518645124413,0.004062451091703334,0.005733348511373082,0.3857279605415818,250,0.0018510058167583603,0.039999999999999925,0.03999999999999998,0.41,0.4499999999999999,True,averted,False,exposed,0.98,0.0144
E01,E01,2023-09-14,overnight,pre,PSN,0.008102282184837994,0.008102282184837994,0.005733348511373082,0.4859005871985074,250,0.005316444776548125,0.039999999999999925,0.03999999999999998,0.41,0.4499999999999999,True,averted,False,exposed,0.51,0.0099
E01,E01,2023-09-14,overnight,pre,ACN,0.005479281258088831,0.00547931052926276,0.005733348511373082,1.2103455065820894,250,-0.0014600513503206904,0.039999999999999925,0.03999999999999998,0.41,0.4499999999999999,True,averted,False,control,0.08,0.0656
E01,E01,2023-09-14,overnight,pre,EPAM,0.008348909382171588,0.008348909382171588,0.005733348511373082,1.7014079838968292,250,-0.0014058555495415747,0.039999999999999925,0.03999999999999998,0.41,0.4499999999999999,True,averted,False,control,0.0,0.0
E01,E01,2023-09-14,overnight,pre,CTSH,0.00424332479408962,0.004243762502764925,0.005733348511373082,1.1558552284108272,250,-0.00238359605908239,0.039999999999999925,0.03999999999999998,0.41,0.4499999999999999,True,averted,False,control,0.0,0.0
E01,E01,2023-09-14,intraday,pre,CACI,0.012308285437935496,0.012308285437935496,0.0028725545661709706,0.5673693946950502,250,0.01067848589249857,-0.014999999999999902,-0.019999999999999962,0.4499999999999999,0.435,True,averted,False,exposed,0.956,0.0926
E01,E01,2023-09-14,intraday,pre,SAIC,-0.0035826376589883635,-0.0035826376589882525,0.0028725545661709706,0.6079130729254969,250,-0.005328901132455526,-0.014999999999999902,-0.019999999999999962,0.4499999999999999,0.435,True,averted,False,exposed,0.98,0.0479
E01,E01,2023-09-14,intraday,pre,LDOS,0.0013683921052631831,0.0013683921052631831,0.0028725545661709706,0.6874909080094675,250,-0.0006064630417404395,-0.014999999999999902,-0.019999999999999962,0.4499999999999999,0.435,True,averted,False,exposed,0.87,0.0736
E01,E01,2023-09-14,intraday,pre,BAH,-0.005277562559010018,-0.005277562559010018,0.0028725545661709706,0.512491349281011,250,-0.006749721924510309,-0.014999999999999902,-0.019999999999999962,0.4499999999999999,0.435,True,averted,False,exposed,0.98,0.0144
E01,E01,2023-09-14,intraday,pre,PSN,-0.0017860740667868802,-0.0017860740667868802,0.0028725545661709706,0.5826524881692269,250,-0.0034597751321682703,-0.014999999999999902,-0.019999999999999962,0.4499999999999999,0.435,True,averted,False,exposed,0.51,0.0099
E01,E01,2023-09-14,intraday,pre,ACN,0.003041508681356664,0.003041508681356664,0.0028725545661709706,1.1267751703750883,250,-0.0001952144793523694,-0.014999999999999902,-0.019999999999999962,0.4499999999999999,0.435,True,averted,False,control,0.08,0.0656
E01,E01,2023-09-14,intraday,pre,EPAM,0.018449924007561513,0.018449924007561513,0.0028725545661709706,1.3239666479655665,250,0.01464675756748995,-0.014999999999999902,-0.019999999999999962,0.4499999999999999,0.435,True,averted,False,control,0.0,0.0
E01,E01,2023-09-14,intraday,pre,CTSH,-0.00042251802816906103,-0.00042251802816917206,0.0028725545661709706,1.040505019451855,250,-0.003411425472919302,-0.014999999999999902,-0.019999999999999962,0.4499999999999999,0.435,True,averted,False,control,0.0,0.0
E01,E01,2023-09-15,overnight,pre,CACI,-0.0032339640006688875,-0.0032339640006688875,-0.0071497710817717275,0.4715459043604892,250,0.00013748127005563503,-0.0050000000000000044,-0.0050000000000000044,0.435,0.43,True,averted,False,exposed,0.956,0.0926
E01,E01,2023-09-15,overnight,pre,SAIC,-0.003505612584269624,-0.003505564200383282,-0.0071497710817717275,0.44399569572709274,250,-0.0003311449985289373,-0.0050000000000000044,-0.0050000000000000044,0.435,0.43,True,averted,False,exposed,0.98,0.0479
E01,E01,2023-09-15,overnight,pre,LDOS,-0.0034688763748492724,-0.003468766461596662,-0.0071497710817717275,0.47913662986277866,250,-4.315915443881338e-05,-0.0050000000000000044,-0.0050000000000000044,0.435,0.43,True,averted,False,exposed,0.87,0.0736
E01,E01,2023-09-15,overnight,pre,BAH,-0.00574758087599303,-0.005747567643921481,-0.0071497710817717275,0.3857279605415818,250,-0.0029897142582820425,-0.0050000000000000044,-0.0050000000000000044,0.435,0.43,True,averted,False,exposed,0.98,0.0144
E01,E01,2023-09-15,overnight,pre,PSN,-0.005188780160407136,-0.005188780160407136,-0.0071497710817717275,0.4859005871985074,250,-0.001714702193439346,-0.0050000000000000044,-0.0050000000000000044,0.435,0.43,True,averted,False,exposed,0.51,0.0099
E01,E01,2023-09-15,overnight,pre,ACN,-0.0011370709883672392,-0.001137036041006012,-0.0071497710817717275,1.2103455065820894,250,0.007516622313545735,-0.0050000000000000044,-0.0050000000000000044,0.435,0.43,True,averted,False,control,0.08,0.0656
E01,E01,2023-09-15,overnight,pre,EPAM,-0.006719123791953052,-0.006719123791953052,-0.0071497710817717275,1.7014079838968292,250,0.005445553809608034,-0.0050000000000000044,-0.0050000000000000044,0.435,0.43,True,averted,False,control,0.0,0.0
E01,E01,2023-09-15,overnight,pre,CTSH,-0.0023953525021511712,-0.002395616629979447,-0.0071497710817717275,1.1558552284108272,250,0.005868747784655216,-0.0050000000000000044,-0.0050000000000000044,0.435,0.43,True,averted,False,control,0.0,0.0
E01,E01,2023-09-15,intraday,pre,CACI,-0.00823614690831942,-0.00823614690831942,-0.008431407113882572,0.5673693946950502,250,-0.0034524245576883243,-0.0050000000000000044,0.0050000000000000044,0.43,0.425,True,averted,False,exposed,0.956,0.0926
E01,E01,2023-09-15,intraday,pre,SAIC,-0.010012633898542567,-0.010012633898542456,-0.008431407113882572,0.6079130729254969,250,-0.004887071290856317,-0.0050000000000000044,0.0050000000000000044,0.43,0.425,True,averted,False,exposed,0.98,0.0479
E01,E01,2023-09-15,intraday,pre,LDOS,-0.008016899847557601,-0.00801689984755749,-0.008431407113882572,0.6874909080094675,250,-0.0022203841150369875,-0.0050000000000000044,0.0050000000000000044,0.43,0.425,True,averted,False,exposed,0.87,0.0736
E01,E01,2023-09-15,intraday,pre,BAH,-0.008982586965864292,-0.008982586965864292,-0.008431407113882572,0.512491349281011,250,-0.004661563757733098,-0.0050000000000000044,0.0050000000000000044,0.43,0.425,True,averted,False,exposed,0.98,0.0144
E01,E01,2023-09-15,intraday,pre,PSN,-0.002338080100310558,-0.002338080100310558,-0.008431407113882572,0.5826524881692269,250,0.002574500233360843,-0.0050000000000000044,0.0050000000000000044,0.43,0.425,True,averted,False,exposed,0.51,0.0099
E01,E01,2023-09-15,intraday,pre,ACN,-0.01170038285834929,-0.01170038285834929,-0.008431407113882572,1.1267751703750883,250,-0.0022000826711025233,-0.0050000000000000044,0.0050000000000000044,0.43,0.425,True,averted,False,control,0.08,0.0656
E01,E01,2023-09-15,intraday,pre,EPAM,-0.014613011523433084,-0.014613011523433084,-0.008431407113882572,1.3239666479655665,250,-0.003450109709232943,-0.0050000000000000044,0.0050000000000000044,0.43,0.425,True,averted,False,control,0.0,0.0
E01,E01,2023-09-15,intraday,pre,CTSH,-0.008898373627965528,-0.008898373627965528,-0.008431407113882572,1.040505019451855,250,-0.00012545220492863295,-0.0050000000000000044,0.0050000000000000044,0.43,0.425,True,averted,False,control,0.0,0.0
E01,E01,2023-09-18,overnight,pre,CACI,-0.0019187965136983065,-0.0019187965136983065,-0.0007217612908780868,0.4715459043604892,250,-0.0015784529330588049,0.07,0.07,0.425,0.495,True,averted,False,exposed,0.956,0.0926
E01,E01,2023-09-18,overnight,pre,SAIC,0.0031890523917994518,0.003189029042271141,-0.0007217612908780868,0.44399569572709274,250,0.0035095112982917523,0.07,0.07,0.425,0.495,True,averted,False,exposed,0.98,0.0479
E01,E01,2023-09-18,overnight,pre,LDOS,0.003083803776721572,0.003083712490124846,-0.0007217612908780868,0.47913662986277866,250,0.003429626049198307,0.07,0.07,0.425,0.495,True,averted,False,exposed,0.87,0.0736
E01,E01,2023-09-18,overnight,pre,BAH,0.001615366593515244,0.0016153726582459615,-0.0007217612908780868,0.3857279605415818,250,0.0018937701042435078,0.07,0.07,0.425,0.495,True,averted,False,exposed,0.98,0.0144
E01,E01,2023-09-18,overnight,pre,PSN,-0.00018031620299285844,-0.00018031620299285844,-0.0007217612908780868,0.4859005871985074,250,0.00017038803206195666,0.07,0.07,0.425,0.495,True,averted,False,exposed,0.51,0.0099
E01,E01,2023-09-18,overnight,pre,ACN,-0.0016958333665088032,-0.0016958206123375286,-0.0007217612908780868,1.2103455065820894,250,-0.0008222528312696225,0.07,0.07,0.425,0.495,True,averted,False,control,0.08,0.0656
E01,E01,2023-09-18,overnight,pre,EPAM,-0.007509713161700904,-0.007509713161700904,-0.0007217612908780868,1.7014079838968292,250,-0.0062817027389332454,0.07,0.07,0.425,0.495,True,averted,False,control,0.0,0.0
E01,E01,2023-09-18,overnight,pre,CTSH,0.0014250886790354578,0.0014251507822873322,-0.0007217612908780868,1.1558552284108272,250,0.0022593402407614423,0.07,0.07,0.425,0.495,True,averted,False,control,0.0,0.0
E01,E01,2023-09-18,intraday,pre,CACI,0.004317801264769328,0.004317801264769328,0.0013091459563743246,0.5673693946950502,250,0.0035750319159337544,0.0050000000000000044,0.02999999999999997,0.495,0.5,True,averted,False,exposed,0.956,0.0926
E01,E01,2023-09-18,intraday,pre,SAIC,-0.0001816230724107637,-0.0001816230724107637,0.0013091459563743246,0.6079130729254969,250,-0.000977470013658268,0.0050000000000000044,0.02999999999999997,0.495,0.5,True,averted,False,exposed,0.98,0.0479
E01,E01,2023-09-18,intraday,pre,LDOS,-0.008056844325834533,-0.008056844325834533,0.0013091459563743246,0.6874909080094675,250,-0.008956870268099241,0.0050000000000000044,0.02999999999999997,0.495,0.5,True,averted,False,exposed,0.87,0.0736
E01,E01,2023-09-18,intraday,pre,BAH,0.0005375647314527221,0.0005375647314527221,0.0013091459563743246,0.512491349281011,250,-0.00013336124613533512,0.0050000000000000044,0.02999999999999997,0.495,0.5,True,averted,False,exposed,0.98,0.0144
E01,E01,2023-09-18,intraday,pre,PSN,0.014244517365758158,0.014244517365758158,0.0013091459563743246,0.5826524881692269,250,0.013481740216899976,0.0050000000000000044,0.02999999999999997,0.495,0.5,True,averted,False,exposed,0.51,0.0099
E01,E01,2023-09-18,intraday,pre,ACN,0.012435913141025656,0.012435913141025878,0.0013091459563743246,1.1267751703750883,250,0.010960799982986118,0.0050000000000000044,0.02999999999999997,0.495,0.5,True,averted,False,control,0.08,0.0656
E01,E01,2023-09-18,intraday,pre,EPAM,-0.008827566739686876,-0.008827566739686876,0.0013091459563743246,1.3239666479655665,250,-0.010560832323245466,0.0050000000000000044,0.02999999999999997,0.495,0.5,True,averted,False,control,0.0,0.0
E01,E01,2023-09-18,intraday,pre,CTSH,-0.0007114760550812615,-0.0007114760550812615,0.0013091459563743246,1.040505019451855,250,-0.002073648993883846,0.0050000000000000044,0.02999999999999997,0.495,0.5,True,averted,False,control,0.0,0.0
E01,E01,2023-09-19,overnight,pre,CACI,-0.0006276664710903601,-0.0006276664710903601,-0.0021414516365144687,0.4715459043604892,250,0.00038212627749410473,0.0050000000000000044,-0.02999999999999997,0.5,0.505,True,averted,False,exposed,0.956,0.0926
E01,E01,2023-09-19,overnight,pre,SAIC,0.0011809347553990435,0.0011809229893917639,-0.0021414516365144687,0.44399569572709274,250,0.0021317300646192063,0.0050000000000000044,-0.02999999999999997,0.5,0.505,True,averted,False,exposed,0.98,0.0479
E01,E01,2023-09-19,overnight,pre,LDOS,0.0013893049100210941,0.00138937578919629,-0.0021414516365144687,0.47913662986277866,250,0.0024153528301547687,0.0050000000000000044,-0.02999999999999997,0.5,0.505,True,averted,False,exposed,0.87,0.0736
E01,E01,2023-09-19,overnight,pre,BAH,-0.0013432578348514523,-0.0013433003549685463,-0.0021414516365144687,0.3857279605415818,250,-0.0005172400625002935,0.0050000000000000044,-0.02999999999999997,0.5,0.505,True,averted,False,exposed,0.98,0.0144
E01,E01,2023-09-19,overnight,pre,PSN,-0.001600002666666711,-0.001600002666666711,-0.0021414516365144687,0.4859005871985074,250,-0.0005594700590271261,0.0050000000000000044,-0.02999999999999997,0.5,0.505,True,averted,False,exposed,0.51,0.0099
E01,E01,2023-09-19,overnight,pre,ACN,-0.015132324698783228,-0.015132289986363623,-0.0021414516365144687,1.2103455065820894,250,-0.012540428332965078,0.0050000000000000044,-0.02999999999999997,0.5,0.505,True,averted,False,control,0.08,0.0656
E01,E01,2023-09-19,overnight,pre,EPAM,-0.008135040058070309,-0.008135040058070309,-0.0021414516365144687,1.7014079838968292,250,-0.0044915571465756615,0.0050000000000000044,-0.02999999999999997,0.5,0.505,True,averted,False,control,0.0,0.0
E01,E01,2023-09-19,overnight,pre,CTSH,-0.0052691931582395934,-0.005269122604804166,-0.0021414516365144687,1.1558552284108272,250,-0.0027939850877854223,0.0050000000000000044,-0.02999999999999997,0.5,0.505,True,averted,False,control,0.0,0.0
E01,E01,2023-09-19,intraday,pre,CACI,0.005777794225683808,0.005777794225683808,6.776633345695338e-05,0.5673693946950502,250,0.005739345682089633,0.03500000000000003,0.08500000000000002,0.505,0.54,True,averted,False,exposed,0.956,0.0926
E01,E01,2023-09-19,intraday,pre,SAIC,-0.019054518801824405,-0.019054518801824405,6.776633345695338e-05,0.6079130729254969,250,-0.019095714841837114,0.03500000000000003,0.08500000000000002,0.505,0.54,True,averted,False,exposed,0.98,0.0479
E01,E01,2023-09-19,intraday,pre,LDOS,-0.0001066649981358303,-0.0001066649981358303,6.776633345695338e-05,0.6874909080094675,250,-0.00015325373625662354,0.03500000000000003,0.08500000000000002,0.505,0.54,True,averted,False,exposed,0.87,0.0736
E01,E01,2023-09-19,intraday,pre,BAH,-0.00026899839414085136,-0.00026899839414074034,6.776633345695338e-05,0.512491349281011,250,-0.0003037280538100323,0.03500000000000003,0.08500000000000002,0.505,0.54,True,averted,False,exposed,0.98,0.0144
E01,E01,2023-09-19,intraday,pre,PSN,0.0005341663119680096,0.0005341663119680096,6.776633345695338e-05,0.5826524881692269,250,0.0004946820891652101,0.03500000000000003,0.08500000000000002,0.505,0.54,True,averted,False,exposed,0.51,0.0099
E01,E01,2023-09-19,intraday,pre,ACN,0.020025652130644556,0.020025652130644556,6.776633345695338e-05,1.1267751703750883,250,0.019949294708717903,0.03500000000000003,0.08500000000000002,0.505,0.54,True,averted,False,control,0.08,0.0656
E01,E01,2023-09-19,intraday,pre,EPAM,0.022739545118372506,0.022739545118372506,6.776633345695338e-05,1.3239666479655665,250,0.022649824753020586,0.03500000000000003,0.08500000000000002,0.505,0.54,True,averted,False,control,0.0,0.0
E01,E01,2023-09-19,intraday,pre,CTSH,0.0034359037259403813,0.0034359037259401592,6.776633345695338e-05,1.040505019451855,250,0.003365392515828573,0.03500000000000003,0.08500000000000002,0.505,0.54,True,averted,False,control,0.0,0.0
E01,E01,2023-09-20,overnight,pre,CACI,0.0018108558291991539,0.0018108558291991539,0.002936500926024266,0.4715459043604892,250,0.0004261608443816274,0.030000000000000027,0.02499999999999991,0.54,0.5700000000000001,True,averted,False,exposed,0.956,0.0926
E01,E01,2023-09-20,overnight,pre,SAIC,0.0024974257561884983,0.0024973360292763758,0.002936500926024266,0.44399569572709274,250,0.0011936319845351022,0.030000000000000027,0.02499999999999991,0.54,0.5700000000000001,True,averted,False,exposed,0.98,0.0479
E01,E01,2023-09-20,overnight,pre,LDOS,0.005336748713612227,0.005336643374280525,0.002936500926024266,0.47913662986277866,250,0.0039297635563280316,0.030000000000000027,0.02499999999999991,0.54,0.5700000000000001,True,averted,False,exposed,0.87,0.0736
E01,E01,2023-09-20,overnight,pre,BAH,0.0009866409729297754,0.0009866291355409285,0.002936500926024266,0.3857279605415818,250,-0.00014604954039403105,0.030000000000000027,0.02499999999999991,0.54,0.5700000000000001,True,averted,False,exposed,0.98,0.0144
E01,E01,2023-09-20,overnight,pre,PSN,0.0010678300669679786,0.0010678300669679786,0.002936500926024266,0.4859005871985074,250,-0.00035901745729617304,0.030000000000000027,0.02499999999999991,0.54,0.5700000000000001,True,averted,False,exposed,0.51,0.0099
E01,E01,2023-09-20,overnight,pre,ACN,0.004474879336852533,0.004474797735929847,0.002936500926024266,1.2103455065820894,250,0.0009206986359649185,0.030000000000000027,0.02499999999999991,0.54,0.5700000000000001,True,averted,False,control,0.08,0.0656
E01,E01,2023-09-20,overnight,pre,EPAM,0.006233190266445865,0.006233190266445865,0.002936500926024266,1.7014079838968292,250,0.0012370041461877467,0.030000000000000027,0.02499999999999991,0.54,0.5700000000000001,True,averted,False,control,0.0,0.0
E01,E01,2023-09-20,overnight,pre,CTSH,0.0029962437004744658,0.002996130202482794,0.002936500926024266,1.1558552284108272,250,-0.00039792624810391745,0.030000000000000027,0.02499999999999991,0.54,0.5700000000000001,True,averted,False,control,0.0,0.0
E01,E01,2023-09-20,intraday,pre,CACI,0.001776387719071515,0.001776387719071515,-0.012094311122442636,0.5673693946950502,250,0.008638329699865405,0.08999999999999986,0.09000000000000008,0.5700000000000001,0.6599999999999999,True,averted,False,exposed,0.956,0.0926
E01,E01,2023-09-20,intraday,pre,SAIC,0.010334035134728747,0.010334035134728747,-0.012094311122442636,0.6079130729254969,250,0.017686324974089868,0.08999999999999986,0.09000000000000008,0.5700000000000001,0.6599999999999999,True,averted,False,exposed,0.98,0.0479
E01,E01,2023-09-20,intraday,pre,LDOS,-0.0036097670792245573,-0.0036097670792245573,-0.012094311122442636,0.6874909080094675,250,0.0047049618560925325,0.08999999999999986,0.09000000000000008,0.5700000000000001,0.6599999999999999,True,averted,False,exposed,0.87,0.0736
E01,E01,2023-09-20,intraday,pre,BAH,-0.00017918190204990747,-0.00017918190204990747,-0.012094311122442636,0.512491349281011,250,0.006019047923715058,0.08999999999999986,0.09000000000000008,0.5700000000000001,0.6599999999999999,True,averted,False,exposed,0.98,0.0144
E01,E01,2023-09-20,intraday,pre,PSN,-0.005333319822222182,-0.005333319822222182,-0.012094311122442636,0.5826524881692269,250,0.0017134606459617745,0.08999999999999986,0.09000000000000008,0.5700000000000001,0.6599999999999999,True,averted,False,exposed,0.51,0.0099
E01,E01,2023-09-20,intraday,pre,ACN,-0.006117685333333345,-0.006117685333333234,-0.012094311122442636,1.1267751703750883,250,0.0075098841422262825,0.08999999999999986,0.09000000000000008,0.5700000000000001,0.6599999999999999,True,averted,False,control,0.08,0.0656
E01,E01,2023-09-20,intraday,pre,EPAM,0.008498583569405138,0.008498583569405138,-0.012094311122442636,1.3239666479655665,250,0.024511048125638184,0.08999999999999986,0.09000000000000008,0.5700000000000001,0.6599999999999999,True,averted,False,control,0.0,0.0
E01,E01,2023-09-20,intraday,pre,CTSH,-0.011237565799792737,-0.011237565799792626,-0.012094311122442636,1.040505019451855,250,0.0013466256299212252,0.08999999999999986,0.09000000000000008,0.5700000000000001,0.6599999999999999,True,averted,False,control,0.0,0.0
E01,E01,2023-09-21,overnight,pre,CACI,-0.002302133059306155,-0.002302133059306155,-0.006702540356882336,0.4715459043604892,250,0.000858422394792602,1.1102230246251565e-16,0.029999999999999916,0.6599999999999999,0.66,True,averted,False,exposed,0.956,0.0926
E01,E01,2023-09-21,overnight,pre,SAIC,-0.004657553424657457,-0.00465742088891985,-0.006702540356882336,0.44399569572709274,250,-0.0016816543557645674,1.1102230246251565e-16,0.029999999999999916,0.6599999999999999,0.66,True,averted,False,exposed,0.98,0.0479
E01,E01,2023-09-21,overnight,pre,LDOS,-0.0018113815958595847,-0.0018113968266691982,-0.006702540356882336,0.47913662986277866,250,0.0014000510022562835,1.1102230246251565e-16,0.029999999999999916,0.6599999999999999,0.66,True,averted,False,exposed,0.87,0.0736
E01,E01,2023-09-21,overnight,pre,BAH,-0.0041225944844894835,-0.004122505227089235,-0.006702540356882336,0.3857279605415818,250,-0.001537237262181614,1.1102230246251565e-16,0.029999999999999916,0.6599999999999999,0.66,True,averted,False,exposed,0.98,0.0144
E01,E01,2023-09-21,overnight,pre,PSN,-0.001787351003424753,-0.001787351003424753,-0.006702540356882336,0.4859005871985074,250,0.0014694172917060675,1.1102230246251565e-16,0.029999999999999916,0.6599999999999999,0.66,True,averted,False,exposed,0.51,0.0099
E01,E01,2023-09-21,overnight,pre,ACN,-0.007796721259848538,-0.007796872671528177,-0.006702540356882336,1.2103455065820894,250,0.0003156683437891116,1.1102230246251565e-16,0.029999999999999916,0.6599999999999999,0.66,True,averted,False,control,0.08,0.0656
E01,E01,2023-09-21,overnight,pre,EPAM,-0.014981273408239737,-0.014981273408239737,-0.006702540356882336,1.7014079838968292,250,-0.0035775177326494278,1.1102230246251565e-16,0.029999999999999916,0.6599999999999999,0.66,True,averted,False,control,0.0,0.0
E01,E01,2023-09-21,overnight,pre,CTSH,-0.004459864486489495,-0.0044599961621092366,-0.006702540356882336,1.1558552284108272,250,0.003287301828647524,1.1102230246251565e-16,0.029999999999999916,0.6599999999999999,0.66,True,averted,False,control,0.0,0.0
E01,E01,2023-09-21,intraday,pre,CACI,-0.024913443646173317,-0.024913443646173317,-0.009892121825375577,0.5673693946950502,250,-0.01930095647386028,0.04499999999999993,0.040000000000000036,0.66,0.705,True,averted,False,exposed,0.956,0.0926
E01,E01,2023-09-21,intraday,pre,SAIC,-0.022479099433031613,-0.022479099433031724,-0.009892121825375577,0.6079130729254969,250,-0.01646554925641417,0.04499999999999993,0.040000000000000036,0.66,0.705,True,averted,False,exposed,0.98,0.0479
E01,E01,2023-09-21,intraday,pre,LDOS,-0.013663522371523351,-0.01366352237152324,-0.009892121825375577,0.6874909080094675,250,-0.006862778555655624,0.04499999999999993,0.040000000000000036,0.66,0.705,True,averted,False,exposed,0.87,0.0736
E01,E01,2023-09-21,intraday,pre,BAH,-0.031317523537101266,-0.031317523537101266,-0.009892121825375577,0.512491349281011,250,-0.026247896675562397,0.04499999999999993,0.040000000000000036,0.66,0.705,True,averted,False,exposed,0.98,0.0144
E01,E01,2023-09-21,intraday,pre,PSN,-0.01575644179243252,-0.01575644179243252,-0.009892121825375577,0.5826524881692269,250,-0.009992772397604325,0.04499999999999993,0.040000000000000036,0.66,0.705,True,averted,False,exposed,0.51,0.0099
E01,E01,2023-09-21,intraday,pre,ACN,-0.007412549547698766,-0.007412549547698766,-0.009892121825375577,1.1267751703750883,250,0.0037336477074599306,0.04499999999999993,0.040000000000000036,0.66,0.705,True,averted,False,control,0.08,0.0656
E01,E01,2023-09-21,intraday,pre,EPAM,-0.010304150190114103,-0.010304150190114103,-0.009892121825375577,1.3239666479655665,250,0.00279268918429542,0.04499999999999993,0.040000000000000036,0.66,0.705,True,averted,False,control,0.0,0.0
E01,E01,2023-09-21,intraday,pre,CTSH,0.00014453945723769124,0.00014453945723769124,-0.009892121825375577,1.040505019451855,250,0.010437341869570226,0.04499999999999993,0.040000000000000036,0.66,0.705,True,averted,False,control,0.0,0.0
E01,E01,2023-09-22,overnight,pre,CACI,-0.00137500862864548,-0.00137500862864548,0.002457167676870986,0.4715459043604892,250,-0.0025336759830009714,0.0050000000000000044,-0.0050000000000000044,0.705,0.71,True,averted,False,exposed,0.956,0.0926
E01,E01,2023-09-22,overnight,pre,SAIC,-0.0008447906818066508,-0.0008446728395492542,0.002457167676870986,0.44399569572709274,250,-0.0019357625540171084,0.0050000000000000044,-0.0050000000000000044,0.705,0.71,True,averted,False,exposed,0.98,0.0479
E01,E01,2023-09-22,overnight,pre,LDOS,-0.0010822346141144967,-0.0010821452949897337,0.002457167676870986,0.47913662986277866,250,-0.002259553653818214,0.0050000000000000044,-0.0050000000000000044,0.705,0.71,True,averted,False,exposed,0.87,0.0736
E01,E01,2023-09-22,overnight,pre,BAH,-0.0013006261685281073,-0.0013007266962966613,0.002457167676870986,0.3857279605415818,250,-0.0022484244452362495,0.0050000000000000044,-0.0050000000000000044,0.705,0.71,True,averted,False,exposed,0.98,0.0144
E01,E01,2023-09-22,overnight,pre,PSN,0.0010914600449047906,0.0010914600449047906,0.002457167676870986,0.4859005871985074,250,-0.00010247917213201388,0.0050000000000000044,-0.0050000000000000044,0.705,0.71,True,averted,False,exposed,0.51,0.0099
E01,E01,2023-09-22,overnight,pre,ACN,0.0065384887820512105,0.0065386910834399625,0.002457167676870986,1.2103455065820894,250,0.003564466925431661,0.0050000000000000044,-0.0050000000000000044,0.705,0.71,True,averted,False,control,0.08,0.0656
E01,E01,2023-09-22,overnight,pre,EPAM,0.0015751803242958218,0.0015751803242958218,0.002457167676870986,1.7014079838968292,250,-0.0026054643789056985,0.0050000000000000044,-0.0050000000000000044,0.705,0.71,True,averted,False,control,0.0,0.0
E01,E01,2023-09-22,overnight,pre,CTSH,-0.0004334456061085845,-0.0004334257839605504,0.002457167676870986,1.1558552284108272,250,-0.0032735757125019996,0.0050000000000000044,-0.0050000000000000044,0.705,0.71,True,averted,False,control,0.0,0.0
E01,E01,2023-09-22,intraday,pre,CACI,-0.006628477516596565,-0.006628477516596565,-0.004694181391446395,0.5673693946950502,250,-0.003965142661942855,-0.014999999999999902,-0.015000000000000013,0.71,0.6950000000000001,True,averted,False,exposed,0.956,0.0926
E01,E01,2023-09-22,intraday,pre,SAIC,-0.009581931702245083,-0.009581931702245083,-0.004694181391446395,0.6079130729254969,250,-0.006728277467701221,-0.014999999999999902,-0.015000000000000013,0.71,0.6950000000000001,True,averted,False,exposed,0.98,0.0479
E01,E01,2023-09-22,intraday,pre,LDOS,-0.01267611875772301,-0.012676118757722898,-0.004694181391446395,0.6874909080094675,250,-0.009448911730556382,-0.014999999999999902,-0.015000000000000013,0.71,0.6950000000000001,True,averted,False,exposed,0.87,0.0736
E01,E01,2023-09-22,intraday,pre,BAH,-0.0012092772093023063,-0.0012092772093024173,-0.004694181391446395,0.512491349281011,250,0.0011964501457698705,-0.014999999999999902,-0.015000000000000013,0.71,0.6950000000000001,True,averted,False,exposed,0.98,0.0144
E01,E01,2023-09-22,intraday,pre,PSN,-0.006178450981968231,-0.006178450981968231,-0.004694181391446395,0.5826524881692269,250,-0.0034433745143243053,-0.014999999999999902,-0.015000000000000013,0.71,0.6950000000000001,True,averted,False,exposed,0.51,0.0099
E01,E01,2023-09-22,intraday,pre,ACN,0.006527791824333828,0.006527791824333828,-0.004694181391446395,1.1267751703750883,250,0.01181707886145241,-0.014999999999999902,-0.015000000000000013,0.71,0.6950000000000001,True,averted,False,control,0.08,0.0656
E01,E01,2023-09-22,intraday,pre,EPAM,0.0011507011352567265,0.0011507011352567265,-0.004694181391446395,1.3239666479655665,250,0.007365640737032349,-0.014999999999999902,-0.015000000000000013,0.71,0.6950000000000001,True,averted,False,control,0.0,0.0
E01,E01,2023-09-22,intraday,pre,CTSH,0.006215673577235403,0.006215673577235403,-0.004694181391446395,1.040505019451855,250,0.01109999287725287,-0.014999999999999902,-0.015000000000000013,0.71,0.6950000000000001,True,averted,False,control,0.0,0.0
E01,E01,2023-09-25,overnight,pre,CACI,-0.001095984458399868,-0.001095984458399868,-0.0029041400517738625,0.4715459043604892,250,0.0002734508887033561,0.03499999999999992,0.03500000000000003,0.6950000000000001,0.73,True,averted,False,exposed,0.956,0.0926
E01,E01,2023-09-25,overnight,pre,SAIC,-0.000189667077142186,-0.00018982354171193094,-0.0029041400517738625,0.44399569572709274,250,0.0010997586056340652,0.03499999999999992,0.03500000000000003,0.6950000000000001,0.73,True,averted,False,exposed,0.98,0.0479
E01,E01,2023-09-25,overnight,pre,LDOS,-0.002084876722631579,-0.00208492536967253,-0.0029041400517738625,0.47913662986277866,250,-0.0006933968455751351,0.03499999999999992,0.03500000000000003,0.6950000000000001,0.73,True,averted,False,exposed,0.87,0.0736
E01,E01,2023-09-25,overnight,pre,BAH,-0.0027941044282008276,-0.0027940853784383934,-0.0029041400517738625,0.3857279605415818,250,-0.0016738964089029718,0.03499999999999992,0.03500000000000003,0.6950000000000001,0.73,True,averted,False,exposed,0.98,0.0144
E01,E01,2023-09-25,overnight,pre,PSN,-0.00018281807003950323,-0.00018281807003950323,-0.0029041400517738625,0.4859005871985074,250,0.0012283052864241204,0.03499999999999992,0.03500000000000003,0.6950000000000001,0.73,True,averted,False,exposed,0.51,0.0099
E01,E01,2023-09-25,overnight,pre,ACN,-0.001676733544888953,-0.001676763371017187,-0.0029041400517738625,1.2103455065820894,250,0.001838279317260618,0.03499999999999992,0.03500000000000003,0.6950000000000001,0.73,True,averted,False,control,0.08,0.0656
E01,E01,2023-09-25,overnight,pre,EPAM,-0.008965503065134106,-0.008965503065134106,-0.0029041400517738625,1.7014079838968292,250,-0.0040243759946915056,0.03499999999999992,0.03500000000000003,0.6950000000000001,0.73,True,averted,False,control,0.0,0.0
E01,E01,2023-09-25,overnight,pre,CTSH,-0.003016794686966806,-0.0030166487955732846,-0.0029041400517738625,1.1558552284108272,250,0.00033997077591330343,0.03499999999999992,0.03500000000000003,0.6950000000000001,0.73,True,averted,False,control,0.0,0.0
E01,E01,2023-09-25,intraday,pre,CACI,0.006357303371786305,0.006357303371786305,0.007130035893602837,0.5673693946950502,250,0.0023119392226788812,-0.010000000000000009,0.03500000000000003,0.73,0.72,True,averted,False,exposed,0.956,0.0926
E01,E01,2023-09-25,intraday,pre,SAIC,-0.00047436769039788107,-0.00047436769039788107,0.007130035893602837,0.6079130729254969,250,-0.004808809720547073,-0.010000000000000009,0.03500000000000003,0.73,0.72,True,averted,False,exposed,0.98,0.0479
E01,E01,2023-09-25,intraday,pre,LDOS,0.004618409486816466,0.004618409486816466,0.007130035893602837,0.6874909080094675,250,-0.0002834253638166438,-0.010000000000000009,0.03500000000000003,0.73,0.72,True,averted,False,exposed,0.87,0.0736
E01,E01,2023-09-25,intraday,pre,BAH,0.009526446276808986,0.009526446276808986,0.007130035893602837,0.512491349281011,250,0.005872364561274429,-0.010000000000000009,0.03500000000000003,0.73,0.72,True,averted,False,exposed,0.98,0.0144
E01,E01,2023-09-25,intraday,pre,PSN,0.0029261126388608893,0.0029261126388608893,0.007130035893602837,0.5826524881692269,250,-0.0012282205152827005,-0.010000000000000009,0.03500000000000003,0.73,0.72,True,averted,False,exposed,0.51,0.0099
E01,E01,2023-09-25,intraday,pre,ACN,0.004531602899213727,0.004531602899213727,0.007130035893602837,1.1267751703750883,250,-0.0035023445095811057,-0.010000000000000009,0.03500000000000003,0.73,0.72,True,averted,False,control,0.08,0.0656
E01,E01,2023-09-25,intraday,pre,EPAM,0.02516821157843352,0.02516821157843352,0.007130035893602837,1.3239666479655665,250,0.015728281856506,-0.010000000000000009,0.03500000000000003,0.73,0.72,True,averted,False,control,0.0,0.0
E01,E01,2023-09-25,intraday,pre,CTSH,0.004755069491711117,0.004755069491710895,0.007130035893602837,1.040505019451855,250,-0.0026637686444545283,-0.010000000000000009,0.03500000000000003,0.73,0.72,True,averted,False,control,0.0,0.0
E01,E01,2023-09-26,overnight,pre,CACI,-0.0029821795151793173,-0.0029821795151793173,-0.007264684589427972,0.4715459043604892,250,0.00044345274943620493,-0.030000000000000027,-0.09500000000000008,0.72,0.69,True,averted,False,exposed,0.956,0.0926
E01,E01,2023-09-26,overnight,pre,SAIC,-0.003606655256606084,-0.0036066883380611037,-0.007264684589427972,0.44399569572709274,250,-0.0003811665680851224,-0.030000000000000027,-0.09500000000000008,0.72,0.69,True,averted,False,exposed,0.98,0.0479
E01,E01,2023-09-26,overnight,pre,LDOS,-0.005472854604439137,-0.005472936376093918,-0.007264684589427972,0.47913662986277866,250,-0.0019920781132445544,-0.030000000000000027,-0.09500000000000008,0.72,0.69,True,averted,False,exposed,0.87,0.0736
E01,E01,2023-09-26,overnight,pre,BAH,-0.0027754224282455775,-0.0027754870553673427,-0.007264684589427972,0.3857279605415818,250,2.676954241233277e-05,-0.030000000000000027,-0.09500000000000008,0.72,0.69,True,averted,False,exposed,0.98,0.0144
E01,E01,2023-09-26,overnight,pre,PSN,-0.0030999631570934882,-0.0030999631570934882,-0.007264684589427972,0.4859005871985074,250,0.0004299513507215113,-0.030000000000000027,-0.09500000000000008,0.72,0.69,True,averted,False,exposed,0.51,0.0099
E01,E01,2023-09-26,overnight,pre,ACN,-0.013470422196315779,-0.013470471369423254,-0.007264684589427972,1.2103455065820894,250,-0.004677643846765481,-0.030000000000000027,-0.09500000000000008,0.72,0.69,True,averted,False,control,0.08,0.0656
E01,E01,2023-09-26,overnight,pre,EPAM,-0.005732245062367136,-0.005732245062367136,-0.007264684589427972,1.7014079838968292,250,0.006627947298577875,-0.030000000000000027,-0.09500000000000008,0.72,0.69,True,averted,False,control,0.0,0.0
E01,E01,2023-09-26,overnight,pre,CTSH,-0.0015775219374662974,-0.0015775622835262348,-0.007264684589427972,1.1558552284108272,250,0.006819401727979587,-0.030000000000000027,-0.09500000000000008,0.72,0.69,True,averted,False,control,0.0,0.0
E01,E01,2023-09-26,intraday,pre,CACI,-0.005178231476301698,-0.005178231476301698,-0.0074809280749479345,0.5673693946950502,250,-0.0009337818426612809,0.0050000000000001155,-0.014999999999999902,0.69,0.6950000000000001,True,averted,False,exposed,0.956,0.0926
E01,E01,2023-09-26,intraday,pre,SAIC,-0.0011431015061292849,-0.0011431015061292849,-0.0074809280749479345,0.6079130729254969,250,0.003404652468246936,0.0050000000000001155,-0.014999999999999902,0.69,0.6950000000000001,True,averted,False,exposed,0.98,0.0479
E01,E01,2023-09-26,intraday,pre,LDOS,0.0013207434425968057,0.0013207434425968057,-0.0074809280749479345,0.6874909080094675,250,0.006463813477596279,0.0050000000000001155,-0.014999999999999902,0.69,0.6950000000000001,True,averted,False,exposed,0.87,0.0736
E01,E01,2023-09-26,intraday,pre,BAH,0.005009749471112768,0.005009749471112768,-0.0074809280749479345,0.512491349281011,250,0.00884366039411703,0.0050000000000001155,-0.014999999999999902,0.69,0.6950000000000001,True,averted,False,exposed,0.98,0.0144
E01,E01,2023-09-26,intraday,pre,PSN,-0.011340752711790358,-0.011340752711790358,-0.0074809280749479345,0.5826524881692269,250,-0.00698197135510692,0.0050000000000001155,-0.014999999999999902,0.69,0.6950000000000001,True,averted,False,exposed,0.51,0.0099
E01,E01,2023-09-26,intraday,pre,ACN,-0.00674730043458438,-0.006747300434584491,-0.0074809280749479345,1.1267751703750883,250,0.00168202357162886,0.0050000000000001155,-0.014999999999999902,0.69,0.6950000000000001,True,averted,False,control,0.08,0.0656
E01,E01,2023-09-26,intraday,pre,EPAM,-0.025753873154176432,-0.025753873154176432,-0.0074809280749479345,1.3239666479655665,250,-0.015849373887116117,0.0050000000000001155,-0.014999999999999902,0.69,0.6950000000000001,True,averted,False,control,0.0,0.0
E01,E01,2023-09-26,intraday,pre,CTSH,-0.01407646252929795,-0.014076462529298062,-0.0074809280749479345,1.040505019451855,250,-0.006292519317156322,0.0050000000000001155,-0.014999999999999902,0.69,0.6950000000000001,True,averted,False,control,0.0,0.0
E01,E01,2023-09-27,overnight,pre,CACI,0.002845057731170053,0.002845057731170053,0.00284115569192811,0.4715459043604892,250,0.001505322400990861,0.08999999999999997,0.10999999999999999,0.6950000000000001,0.785,True,averted,False,exposed,0.956,0.0926
E01,E01,2023-09-27,overnight,pre,SAIC,0.0022887459338807314,0.0022887248281595607,0.00284115569192811,0.44399569572709274,250,0.0010272850357741206,0.08999999999999997,0.10999999999999999,0.6950000000000001,0.785,True,averted,False,exposed,0.98,0.0479
E01,E01,2023-09-27,overnight,pre,LDOS,0.002527981001384738,0.0025281358124642495,0.00284115569192811,0.47913662986277866,250,0.0011666792382388526,0.08999999999999997,0.10999999999999999,0.6950000000000001,0.785,True,averted,False,exposed,0.87,0.0736
E01,E01,2023-09-27,overnight,pre,BAH,0.004153946206248538,0.004153982775583875,0.00284115569192811,0.3857279605415818,250,0.003058033015620001,0.08999999999999997,0.10999999999999999,0.6950000000000001,0.785,True,averted,False,exposed,0.98,0.0144
E01,E01,2023-09-27,overnight,pre,PSN,0.002590183015144021,0.002590183015144021,0.00284115569192811,0.4859005871985074,250,0.0012096637961137705,0.08999999999999997,0.10999999999999999,0.6950000000000001,0.785,True,averted,False,exposed,0.51,0.0099
E01,E01,2023-09-27,overnight,pre,ACN,0.005151174061386099,0.005151197419745568,0.00284115569192811,1.2103455065820894,250,0.001712394036160784,0.08999999999999997,0.10999999999999999,0.6950000000000001,0.785,True,averted,False,control,0.08,0.0656
E01,E01,2023-09-27,overnight,pre,EPAM,0.007085600729773933,0.007085600729773933,0.00284115569192811,1.7014079838968292,250,0.0022516357520335267,0.08999999999999997,0.10999999999999999,0.6950000000000001,0.785,True,averted,False,control,0.0,0.0
E01,E01,2023-09-27,overnight,pre,CTSH,0.005827528169504603,0.005827577197969225,0.00284115569192811,1.1558552284108272,250,0.0025435635082603158,0.08999999999999997,0.10999999999999999,0.6950000000000001,0.785,True,averted,False,control,0.0,0.0
E01,E01,2023-09-27,intraday,pre,CACI,0.010832023514630196,0.010832023514630196,-0.002435103863377419,0.5673693946950502,250,0.01221362691961422,0.019999999999999907,0.029999999999999916,0.785,0.8049999999999999,True,averted,False,exposed,0.956,0.0926
E01,E01,2023-09-27,intraday,pre,SAIC,0.0037107460091925226,0.0037107460091925226,-0.002435103863377419,0.6079130729254969,250,0.005191077481671039,0.019999999999999907,0.029999999999999916,0.785,0.8049999999999999,True,averted,False,exposed,0.98,0.0479
E01,E01,2023-09-27,intraday,pre,LDOS,0.008551680603744671,0.008551680603744671,-0.002435103863377419,0.6874909080094675,250,0.010225792369875376,0.019999999999999907,0.029999999999999916,0.785,0.8049999999999999,True,averted,False,exposed,0.87,0.0736
E01,E01,2023-09-27,intraday,pre,BAH,0.008641316513785302,0.008641316513785302,-0.002435103863377419,0.512491349281011,250,0.009889286178366999,0.019999999999999907,0.029999999999999916,0.785,0.8049999999999999,True,averted,False,exposed,0.98,0.0144
E01,E01,2023-09-27,intraday,pre,PSN,-0.0018453309195073375,-0.0018453309195073375,-0.002435103863377419,0.5826524881692269,250,-0.00042651159455998726,0.019999999999999907,0.029999999999999916,0.785,0.8049999999999999,True,averted,False,exposed,0.51,0.0099
E01,E01,2023-09-27,intraday,pre,ACN,0.006950493126675061,0.006950493126675061,-0.002435103863377419,1.1267751703750883,250,0.00969430769721319,0.019999999999999907,0.029999999999999916,0.785,0.8049999999999999,True,averted,False,control,0.08,0.0656
E01,E01,2023-09-27,intraday,pre,EPAM,-0.0072676857625411095,-0.0072676857625411095,-0.002435103863377419,1.3239666479655665,250,-0.004043689463097307,0.019999999999999907,0.029999999999999916,0.785,0.8049999999999999,True,averted,False,control,0.0,0.0
E01,E01,2023-09-27,intraday,pre,CTSH,-0.012166917132190536,-0.012166917132190536,-0.002435103863377419,1.040505019451855,250,-0.009633179339459726,0.019999999999999907,0.029999999999999916,0.785,0.8049999999999999,True,averted,False,control,0.0,0.0
E01,E01,2023-09-28,overnight,pre,CACI,0.003572079871087208,0.003572079871087208,-0.0013378167264906926,0.4715459043604892,250,0.004202921869248851,0.010000000000000009,-0.009999999999999898,0.8049999999999999,0.815,True,averted,False,exposed,0.956,0.0926
E01,E01,2023-09-28,overnight,pre,SAIC,0.0017063257520455455,0.0017063362114919656,-0.0013378167264906926,0.44399569572709274,250,0.002300310620279122,0.010000000000000009,-0.009999999999999898,0.8049999999999999,0.815,True,averted,False,exposed,0.98,0.0479
E01,E01,2023-09-28,overnight,pre,LDOS,0.0018480900527764188,0.00184796492094641,-0.0013378167264906926,0.47913662986277866,250,0.002489087050481224,0.010000000000000009,-0.009999999999999898,0.8049999999999999,0.815,True,averted,False,exposed,0.87,0.0736
E01,E01,2023-09-28,overnight,pre,BAH,0.0029165119987257793,0.0029164912878523186,-0.0013378167264906926,0.3857279605415818,250,0.003432545316213449,0.010000000000000009,-0.009999999999999898,0.8049999999999999,0.815,True,averted,False,exposed,0.98,0.0144
E01,E01,2023-09-28,overnight,pre,PSN,0.00018484599689916337,0.00018484599689916337,-0.0013378167264906926,0.4859005871985074,250,0.000834891929864976,0.010000000000000009,-0.009999999999999898,0.8049999999999999,0.815,True,averted,False,exposed,0.51,0.0099
E01,E01,2023-09-28,overnight,pre,ACN,-0.04017432630302764,-0.04017448519103928,-0.0013378167264906926,1.2103455065820894,250,-0.03855510583948927,0.010000000000000009,-0.009999999999999898,0.8049999999999999,0.815,True,averted,False,control,0.08,0.0656
E01,E01,2023-09-28,overnight,pre,EPAM,-0.0031152174377166997,-0.0031152174377166997,-0.0013378167264906926,1.7014079838968292,250,-0.0008390453782747146,0.010000000000000009,-0.009999999999999898,0.8049999999999999,0.815,True,averted,False,control,0.0,0.0
E01,E01,2023-09-28,overnight,pre,CTSH,-0.014516098449766757,-0.0145161852759641,-0.0013378167264906926,1.1558552284108272,250,-0.012969775991797033,0.010000000000000009,-0.009999999999999898,0.8049999999999999,0.815,True,averted,False,control,0.0,0.0
E01,E01,2023-09-28,intraday,pre,CACI,0.004004128917102667,0.004004128917102667,0.007144819783319933,0.5673693946950502,250,-4.962315856478321e-05,-0.014999999999999902,0.03499999999999992,0.815,0.8,True,averted,False,exposed,0.956,0.0926
E01,E01,2023-09-28,intraday,pre,SAIC,0.009747314446344024,0.009747314446344024,0.007144819783319933,0.6079130729254969,250,0.005403885096367121,-0.014999999999999902,0.03499999999999992,0.815,0.8,True,averted,False,exposed,0.98,0.0479
E01,E01,2023-09-28,intraday,pre,LDOS,-0.00021706021273393272,-0.0002170602127338217,0.007144819783319933,0.6874909080094675,250,-0.005129058853132561,-0.014999999999999902,0.03499999999999992,0.815,0.8,True,averted,False,exposed,0.87,0.0736
E01,E01,2023-09-28,intraday,pre,BAH,-0.011813913025876643,-0.011813913025876643,0.007144819783319933,0.512491349281011,250,-0.015475571356999937,-0.014999999999999902,0.03499999999999992,0.815,0.8,True,averted,False,exposed,0.98,0.0144
E01,E01,2023-09-28,intraday,pre,PSN,0.00905733260365471,0.00905733260365471,0.007144819783319933,0.5826524881692269,250,0.004894385579382635,-0.014999999999999902,0.03499999999999992,0.815,0.8,True,averted,False,exposed,0.51,0.0099
E01,E01,2023-09-28,intraday,pre,ACN,-0.003247758077879026,-0.003247758077878915,0.007144819783319933,1.1267751703750883,250,-0.011298363606528646,-0.014999999999999902,0.03499999999999992,0.815,0.8,True,averted,False,control,0.08,0.0656
E01,E01,2023-09-28,intraday,pre,EPAM,0.015039086328124895,0.015039086328124895,0.007144819783319933,1.3239666479655665,250,0.005579583229284738,-0.014999999999999902,0.03499999999999992,0.815,0.8,True,averted,False,control,0.0,0.0
E01,E01,2023-09-28,intraday,pre,CTSH,0.009373564478852403,0.009373564478852403,0.007144819783319933,1.040505019451855,250,0.0019393436312290973,-0.014999999999999902,0.03499999999999992,0.815,0.8,True,averted,False,control,0.0,0.0
E01,E01,2023-09-29,overnight,pre,CACI,0.004114893584144186,0.004114893584144186,0.007350939234715526,0.4715459043604892,250,0.0006485882948112508,0.050000000000000044,0.05500000000000005,0.8,0.8500000000000001,True,averted,False,exposed,0.956,0.0926
E01,E01,2023-09-29,overnight,pre,SAIC,0.0036551022617694606,0.0036550439508507004,0.007350939234715526,0.44399569572709274,250,0.00039131688200435806,0.050000000000000044,0.05500000000000005,0.8,0.8500000000000001,True,averted,False,exposed,0.98,0.0479
E01,E01,2023-09-29,overnight,pre,LDOS,0.0024962379153754544,0.002496365897564523,0.007350939234715526,0.47913662986277866,250,-0.0010258663358722157,0.050000000000000044,0.05500000000000005,0.8,0.8500000000000001,True,averted,False,exposed,0.87,0.0736
E01,E01,2023-09-29,overnight,pre,BAH,0.00643741505902673,0.006437438592615141,0.007350939234715526,0.3857279605415818,250,0.003601952259954814,0.050000000000000044,0.05500000000000005,0.8,0.8500000000000001,True,averted,False,exposed,0.98,0.0144
E01,E01,2023-09-29,overnight,pre,PSN,0.003114089934656228,0.003114089934656228,0.007350939234715526,0.4859005871985074,250,-0.00045773575595259297,0.050000000000000044,0.05500000000000005,0.8,0.8500000000000001,True,averted,False,exposed,0.51,0.0099
E01,E01,2023-09-29,overnight,pre,ACN,0.011902840146727378,0.01190292281449401,0.007350939234715526,1.2103455065820894,250,0.0030056638748314594,0.050000000000000044,0.05500000000000005,0.8,0.8500000000000001,True,averted,False,control,0.08,0.0656
E01,E01,2023-09-29,overnight,pre,EPAM,0.01439288093978619,0.01439288093978619,0.007350939234715526,1.7014079838968292,250,0.0018859342367007464,0.050000000000000044,0.05500000000000005,0.8,0.8500000000000001,True,averted,False,control,0.0,0.0
E01,E01,2023-09-29,overnight,pre,CTSH,0.002800743665252403,0.002800978846102753,0.007350939234715526,1.1558552284108272,250,-0.005695877882923823,0.050000000000000044,0.05500000000000005,0.8,0.8500000000000001,True,averted,False,control,0.0,0.0
E01,E01,2023-09-29,intraday,pre,CACI,-0.010402604374023072,-0.010402604374023072,-0.009706494011474054,0.5673693946950502,250,-0.004895436742121909,0.02499999999999991,0.030000000000000027,0.8500000000000001,0.875,True,averted,False,exposed,0.956,0.0926
E01,E01,2023-09-29,intraday,pre,SAIC,-0.014473764623708418,-0.014473764623708418,-0.009706494011474054,0.6079130729254969,250,-0.008573060021860292,0.02499999999999991,0.030000000000000027,0.8500000000000001,0.875,True,averted,False,exposed,0.98,0.0479
E01,E01,2023-09-29,intraday,pre,LDOS,-0.0022734554914798366,-0.0022734554914797256,-0.009706494011474054,0.6874909080094675,250,0.00439967089005692,0.02499999999999991,0.030000000000000027,0.8500000000000001,0.875,True,averted,False,exposed,0.87,0.0736
E01,E01,2023-09-29,intraday,pre,BAH,-0.001553415536109326,-0.001553415536109326,-0.009706494011474054,0.512491349281011,250,0.0034210786766190656,0.02499999999999991,0.030000000000000027,0.8500000000000001,0.875,True,averted,False,exposed,0.98,0.0144
E01,E01,2023-09-29,intraday,pre,PSN,-0.007487214437153389,-0.007487214437153389,-0.009706494011474054,0.5826524881692269,250,-0.001831701549968331,0.02499999999999991,0.030000000000000027,0.8500000000000001,0.875,True,averted,False,exposed,0.51,0.0099
E01,E01,2023-09-29,intraday,pre,ACN,0.009068438457968009,0.009068438457968231,-0.009706494011474054,1.1267751703750883,250,0.02000547490149146,0.02499999999999991,0.030000000000000027,0.8500000000000001,0.875,True,averted,False,control,0.08,0.0656
E01,E01,2023-09-29,intraday,pre,EPAM,-0.029970765244856867,-0.029970765244856867,-0.009706494011474054,1.3239666479655665,250,-0.017119690904987717,0.02499999999999991,0.030000000000000027,0.8500000000000001,0.875,True,averted,False,control,0.0,0.0
E01,E01,2023-09-29,intraday,pre,CTSH,-0.0042628388240578685,-0.0042628388240579795,-0.009706494011474054,1.040505019451855,250,0.005836816916160257,0.02499999999999991,0.030000000000000027,0.8500000000000001,0.875,True,averted,False,control,0.0,0.0
E01,E01,2023-10-02,overnight,resolution,CACI,-0.001369708884142562,-0.001369708884142562,-0.0020118271682181277,0.4715459043604892,250,-0.00042104002268814294,,-0.924,0.875,,True,averted,False,exposed,0.956,0.0926
E01,E01,2023-10-02,overnight,resolution,SAIC,0.0001894703413822807,0.00018961087917390707,-0.0020118271682181277,0.44399569572709274,250,0.001082712944617955,,-0.924,0.875,,True,averted,False,exposed,0.98,0.0479
E01,E01,2023-10-02,overnight,resolution,LDOS,-0.0015191733337655,-0.001519301745156687,-0.0020118271682181277,0.47913662986277866,250,-0.0005552332445190888,,-0.924,0.875,,True,averted,False,exposed,0.87,0.0736
E01,E01,2023-10-02,overnight,resolution,BAH,0.008145027250783254,0.008144952199383493,-0.0020118271682181277,0.3857279605415818,250,0.008921045241342178,,-0.924,0.875,,True,averted,False,exposed,0.98,0.0144
E01,E01,2023-10-02,overnight,resolution,PSN,-0.0023918537931837403,-0.0023918537931837403,-0.0020118271682181277,0.4859005871985074,250,-0.0014143057908046416,,-0.924,0.875,,True,averted,False,exposed,0.51,0.0099
E01,E01,2023-10-02,overnight,resolution,ACN,0.0014979060332434013,0.0014979605622451597,-0.0020118271682181277,1.2103455065820894,250,0.003932912006315981,,-0.924,0.875,,True,averted,False,control,0.08,0.0656
E01,E01,2023-10-02,overnight,resolution,EPAM,-0.0018381680769227193,-0.0018381680769227193,-0.0020118271682181277,1.7014079838968292,250,0.0015847707293041523,,-0.924,0.875,,True,averted,False,control,0.0,0.0
E01,E01,2023-10-02,overnight,resolution,CTSH,-0.0032477299520244918,-0.0032480574001433338,-0.0020118271682181277,1.1558552284108272,250,-0.0009223490009806199,,-0.924,0.875,,True,averted,False,control,0.0,0.0
E02,E02,2023-10-19,intraday,pre,CACI,-0.008199145250624706,-0.008199145250624706,-0.010488500689268543,0.6094208395257318,250,-0.0018072343552044548,0.0,-0.024999999999999967,0.035,0.035,True,averted,False,exposed,0.956,0.0926
E02,E02,2023-10-19,intraday,pre,SAIC,-0.012057811766539195,-0.012057811766539306,-0.010488500689268543,0.5844741998133562,250,-0.005927553718937128,0.0,-0.024999999999999967,0.035,0.035,True,averted,False,exposed,0.98,0.0479
E02,E02,2023-10-19,intraday,pre,LDOS,-0.009227780348513903,-0.009227780348513792,-0.010488500689268543,0.6555269533756015,250,-0.0023522854461997984,0.0,-0.024999999999999967,0.035,0.035,True,averted,False,exposed,0.87,0.0736
E02,E02,2023-10-19,intraday,pre,BAH,-0.026909750376485908,-0.026909750376485908,-0.010488500689268543,0.5458542148669637,250,-0.02118455806761362,0.0,-0.024999999999999967,0.035,0.035,True,averted,False,exposed,0.98,0.0144
E02,E02,2023-10-19,intraday,pre,PSN,0.003464416622096511,0.003464416622096511,-0.010488500689268543,0.5516758528873209,250,0.009250669185357989,0.0,-0.024999999999999967,0.035,0.035,True,averted,False,exposed,0.51,0.0099
E02,E02,2023-10-19,intraday,pre,ACN,-0.006526056300266259,-0.006526056300266148,-0.010488500689268543,1.0890772970560243,250,0.004896731680572574,0.0,-0.024999999999999967,0.035,0.035,True,averted,False,control,0.08,0.0656
E02,E02,2023-10-19,intraday,pre,EPAM,-0.025468824717344796,-0.025468824717344796,-0.010488500689268543,1.3409067839198552,250,-0.011404722989956529,0.0,-0.024999999999999967,0.035,0.035,True,averted,False,control,0.0,0.0
E02,E02,2023-10-19,intraday,pre,CTSH,-0.010733168156889628,-0.010733168156889628,-0.010488500689268543,1.0142464345390343,250,-9.524372913880495e-05,0.0,-0.024999999999999967,0.035,0.035,True,averted,False,control,0.0,0.0
E02,E02,2023-10-20,overnight,pre,CACI,0.0017801001560695529,0.0017801001560695529,-0.0010552299502923912,0.46788465524275197,250,0.0022738260575639346,0.0,-0.12,0.035,0.035,True,averted,False,exposed,0.956,0.0926
E02,E02,2023-10-20,overnight,pre,SAIC,0.003948688852332349,0.00394866263233018,-0.0010552299502923912,0.44627538331879824,250,0.0044196120028885625,0.0,-0.12,0.035,0.035,True,averted,False,exposed,0.98,0.0479
E02,E02,2023-10-20,overnight,pre,LDOS,0.00631620080165618,0.006315984266735075,-0.0010552299502923912,0.4587510605660748,250,0.006800288660493901,0.0,-0.12,0.035,0.035,True,averted,False,exposed,0.87,0.0736
E02,E02,2023-10-20,overnight,pre,BAH,8.111345547545668e-05,8.108526051020526e-05,-0.0010552299502923912,0.38347420852751746,250,0.000485766925478363,0.0,-0.12,0.035,0.035,True,averted,False,exposed,0.98,0.0144
E02,E02,2023-10-20,overnight,pre,PSN,-0.0020714472528542416,-0.0020714472528542416,-0.0010552299502923912,0.4745505920657917,250,-0.0015706872551774314,0.0,-0.12,0.035,0.035,True,averted,False,exposed,0.51,0.0099
E02,E02,2023-10-20,overnight,pre,ACN,-0.0018485426010547146,-0.001848779989798266,-0.0010552299502923912,1.2038735293968403,250,-0.0005781791964709611,0.0,-0.12,0.035,0.035,True,averted,False,control,0.08,0.0656
E02,E02,2023-10-20,overnight,pre,EPAM,-0.003943953612269735,-0.003943953612269735,-0.0010552299502923912,1.656682340622091,250,-0.0021957727883248034,0.0,-0.12,0.035,0.035,True,averted,False,control,0.0,0.0
E02,E02,2023-10-20,overnight,pre,CTSH,0.015586745140103053,0.01558669316902428,-0.0010552299502923912,1.1627231359998413,250,0.01681368541710798,0.0,-0.12,0.035,0.035,True,averted,False,control,0.0,0.0
E02,E02,2023-10-20,intraday,pre,CACI,-0.014968530608566288,-0.014968530608566288,-0.011244679272051528,0.6094208395257318,250,-0.008115788726395052,0.0,0.0,0.035,0.035,True,averted,False,exposed,0.956,0.0926
E02,E02,2023-10-20,intraday,pre,SAIC,-0.016805262846391167,-0.016805262846391167,-0.011244679272051528,0.5844741998133562,250,-0.010233037926701017,0.0,0.0,0.035,0.035,True,averted,False,exposed,0.98,0.0479
E02,E02,2023-10-20,intraday,pre,LDOS,-0.013723414042553173,-0.013723414042553062,-0.011244679272051528,0.6555269533756015,250,-0.006352223697659458,0.0,0.0,0.035,0.035,True,averted,False,exposed,0.87,0.0736
E02,E02,2023-10-20,intraday,pre,BAH,-0.011920217349789652,-0.011920217349789763,-0.011244679272051528,0.5458542148669637,250,-0.005782261774313144,0.0,0.0,0.035,0.035,True,averted,False,exposed,0.98,0.0144
E02,E02,2023-10-20,intraday,pre,PSN,-0.014876329175219305,-0.014876329175219305,-0.011244679272051528,0.5516758528873209,250,-0.0086729111473659,0.0,0.0,0.035,0.035,True,averted,False,exposed,0.51,0.0099
E02,E02,2023-10-20,intraday,pre,ACN,-0.017792197939077492,-0.01779219793907738,-0.011244679272051528,1.0890772970560243,250,-0.005545873031209712,0.0,0.0,0.035,0.035,True,averted,False,control,0.08,0.0656
E02,E02,2023-10-20,intraday,pre,EPAM,-0.028239514810945665,-0.028239514810945665,-0.011244679272051528,1.3409067839198552,250,-0.013161448092048793,0.0,0.0,0.035,0.035,True,averted,False,control,0.0,0.0
E02,E02,2023-10-20,intraday,pre,CTSH,-0.010833602617618343,-0.010833602617618343,-0.011244679272051528,1.0142464345390343,250,0.0005712732415949027,0.0,0.0,0.035,0.035,True,averted,False,control,0.0,0.0
E02,E02,2023-10-23,overnight,pre,CACI,-0.0025072078701683376,-0.0025072078701683376,-0.003751316486613754,0.46788465524275197,250,-0.0007520244491226098,,0.07999999999999996,0.035,,True,averted,False,exposed,0.956,0.0926
E02,E02,2023-10-23,overnight,pre,SAIC,-0.0018183198819754498,-0.0018182369705637136,-0.003751316486613754,0.44627538331879824,250,-0.00014419967896176942,,0.07999999999999996,0.035,,True,averted,False,exposed,0.98,0.0479
E02,E02,2023-10-23,overnight,pre,LDOS,-0.003451620032094649,-0.0034514150629879614,-0.003751316486613754,0.4587510605660748,250,-0.0017306996153415878,,0.07999999999999996,0.035,,True,averted,False,exposed,0.87,0.0736
E02,E02,2023-10-23,overnight,pre,BAH,0.0014772285778896777,0.0014772002839023024,-0.003751316486613754,0.38347420852751746,250,0.002915761698530114,,0.07999999999999996,0.035,,True,averted,False,exposed,0.98,0.0144
E02,E02,2023-10-23,overnight,pre,PSN,0.0019315295615809358,0.0019315295615809358,-0.003751316486613754,0.4745505920657917,250,0.003711719021329658,,0.07999999999999996,0.035,,True,averted,False,exposed,0.51,0.0099
E02,E02,2023-10-23,overnight,pre,ACN,-0.006734006734006703,-0.0067337426973796966,-0.003751316486613754,1.2038735293968403,250,-0.002217896115382449,,0.07999999999999996,0.035,,True,averted,False,control,0.08,0.0656
E02,E02,2023-10-23,overnight,pre,EPAM,-0.0029105319247795247,-0.0029105319247795247,-0.003751316486613754,1.656682340622091,250,0.003304207852677988,,0.07999999999999996,0.035,,True,averted,False,control,0.0,0.0
E02,E02,2023-10-23,overnight,pre,CTSH,-0.0007605023064720662,-0.0007605003024666601,-0.003751316486613754,1.1627231359998413,250,0.003601240162971384,,0.07999999999999996,0.035,,True,averted,False,control,0.0,0.0
E02,E02,2023-10-23,intraday,pre,CACI,-0.009348908446601634,-0.009348908446601634,0.002025705129942823,0.6094208395257318,250,-0.010583415367522971,,0.0050000000000000044,,0.025,True,averted,False,exposed,0.956,0.0926
E02,E02,2023-10-23,intraday,pre,SAIC,-0.012569425163380221,-0.01256942516338011,0.002025705129942823,0.5844741998133562,250,-0.013753397548261364,,0.0050000000000000044,,0.025,True,averted,False,exposed,0.98,0.0479
E02,E02,2023-10-23,intraday,pre,LDOS,-0.0055201011296380775,-0.0055201011296381886,0.002025705129942823,0.6555269533756015,250,-0.0068480054419068235,,0.0050000000000000044,,0.025,True,averted,False,exposed,0.87,0.0736
E02,E02,2023-10-23,intraday,pre,BAH,-0.006227994816631943,-0.006227994816631943,0.002025705129942823,0.5458542148669637,250,-0.0073337344998888635,,0.0050000000000000044,,0.025,True,averted,False,exposed,0.98,0.0144
E02,E02,2023-10-23,intraday,pre,PSN,-0.003680387223236381,-0.003680387223236381,0.002025705129942823,0.5516758528873209,250,-0.00479791982849581,,0.0050000000000000044,,0.025,True,averted,False,exposed,0.51,0.0099
E02,E02,2023-10-23,intraday,pre,ACN,-0.00020338169491518343,-0.00020338169491518343,0.002025705129942823,1.0890772970560243,250,-0.0024095311624658354,,0.0050000000000000044,,0.025,True,averted,False,control,0.08,0.0656
E02,E02,2023-10-23,intraday,pre,EPAM,-0.0015717213556385445,-0.0015717213556385445,0.002025705129942823,1.3409067839198552,250,-0.004288003106600128,,0.0050000000000000044,,0.025,True,averted,False,control,0.0,0.0
E02,E02,2023-10-23,intraday,pre,CTSH,-0.010199509439993815,-0.010199509439993815,0.002025705129942823,1.0142464345390343,250,-0.012254073645465755,,0.0050000000000000044,,0.025,True,averted,False,control,0.0,0.0
E02,E02,2023-10-24,overnight,pre,CACI,0.00711651902261945,0.00711651902261945,0.005208586891197742,0.46788465524275197,250,0.0046795011407294775,0.0,0.03500000000000003,0.025,0.025,True,averted,False,exposed,0.956,0.0926
E02,E02,2023-10-24,overnight,pre,SAIC,0.0076560665222078494,0.007656082502600858,0.005208586891197742,0.44627538331879824,250,0.00533160241078931,0.0,0.03500000000000003,0.025,0.025,True,averted,False,exposed,0.98,0.0479
E02,E02,2023-10-24,overnight,pre,LDOS,0.0058772413600609585,0.005877372199967423,0.005208586891197742,0.4587510605660748,250,0.0034877965996734403,0.0,0.03500000000000003,0.025,0.025,True,averted,False,exposed,0.87,0.0736
E02,E02,2023-10-24,overnight,pre,BAH,0.005524909860515237,0.005525061851005431,0.005208586891197742,0.38347420852751746,250,0.00352755112486638,0.0,0.03500000000000003,0.025,0.025,True,averted,False,exposed,0.98,0.0144
E02,E02,2023-10-24,overnight,pre,PSN,0.005452970771205656,0.005452970771205656,0.005208586891197742,0.4745505920657917,250,0.0029812327781616466,0.0,0.03500000000000003,0.025,0.025,True,averted,False,exposed,0.51,0.0099
E02,E02,2023-10-24,overnight,pre,ACN,0.004509346271029946,0.004509180964611836,0.005208586891197742,1.2038735293968403,250,-0.0017611336128463958,0.0,0.03500000000000003,0.025,0.025,True,averted,False,control,0.08,0.0656
E02,E02,2023-10-24,overnight,pre,EPAM,0.008905661781899887,0.008905661781899887,0.005208586891197742,1.656682340622091,250,0.0002766878596568729,0.0,0.03500000000000003,0.025,0.025,True,averted,False,control,0.0,0.0
E02,E02,2023-10-24,overnight,pre,CTSH,0.002460837869400434,0.0024607613886338253,0.005208586891197742,1.1627231359998413,250,-0.003595306614860669,0.0,0.03500000000000003,0.025,0.025,True,averted,False,control,0.0,0.0
E02,E02,2023-10-24,intraday,pre,CACI,-0.008602377597785815,-0.008602377597785815,0.002318729478633097,0.6094208395257318,250,-0.010015459663287459,0.0,0.0,0.025,0.025,True,averted,False,exposed,0.956,0.0926
E02,E02,2023-10-24,intraday,pre,SAIC,-0.019132153425279408,-0.019132153425279408,0.002318729478633097,0.5844741998133562,250,-0.02048739098188713,0.0,0.0,0.025,0.025,True,averted,False,exposed,0.98,0.0479
E02,E02,2023-10-24,intraday,pre,LDOS,-0.015256395346453178,-0.015256395346453178,0.002318729478633097,0.6555269533756015,250,-0.016776385017283728,0.0,0.0,0.025,0.025,True,averted,False,exposed,0.87,0.0736
E02,E02,2023-10-24,intraday,pre,BAH,-0.018123658819937827,-0.018123658819937827,0.002318729478633097,0.5458542148669637,250,-0.01938934707898598,0.0,0.0,0.025,0.025,True,averted,False,exposed,0.98,0.0144
E02,E02,2023-10-24,intraday,pre,PSN,-0.014520609205354917,-0.014520609205354917,0.002318729478633097,0.5516758528873209,250,-0.015799796268094805,0.0,0.0,0.025,0.025,True,averted,False,exposed,0.51,0.0099
E02,E02,2023-10-24,intraday,pre,ACN,-0.0006075293032802298,-0.0006075293032802298,0.002318729478633097,1.0890772970560243,250,-0.0031328049364740874,0.0,0.0,0.025,0.025,True,averted,False,control,0.08,0.0656
E02,E02,2023-10-24,intraday,pre,EPAM,-0.0058401213232415206,-0.0058401213232415206,0.002318729478633097,1.3409067839198552,250,-0.008949321411215589,0.0,0.0,0.025,0.025,True,averted,False,control,0.0,0.0
E02,E02,2023-10-24,intraday,pre,CTSH,-0.000460245165040285,-0.000460245165040285,0.002318729478633097,1.0142464345390343,250,-0.0028120082714044575,0.0,0.0,0.025,0.025,True,averted,False,control,0.0,0.0
E02,E02,2023-10-25,overnight,pre,CACI,0.0020762434380272587,0.0020762434380272587,-0.004107334890999459,0.46788465524275197,250,0.003998002407469067,0.0,-0.04999999999999999,0.025,0.025,True,averted,False,exposed,0.956,0.0926
E02,E02,2023-10-25,overnight,pre,SAIC,0.0014931973659375597,0.0014931144156087317,-0.004107334890999459,0.44627538331879824,250,0.0033261998188370175,0.0,-0.04999999999999999,0.025,0.025,True,averted,False,exposed,0.98,0.0479
E02,E02,2023-10-25,overnight,pre,LDOS,0.0006592412766643907,0.0006590075623038594,-0.004107334890999459,0.4587510605660748,250,0.0025434855140104356,0.0,-0.04999999999999999,0.025,0.025,True,averted,False,exposed,0.87,0.0736
E02,E02,2023-10-25,overnight,pre,BAH,0.0025891379871121334,0.0025891070915886605,-0.004107334890999459,0.38347420852751746,250,0.004164194983595608,0.0,-0.04999999999999999,0.025,0.025,True,averted,False,exposed,0.98,0.0144
E02,E02,2023-10-25,overnight,pre,PSN,0.0014201671826929996,0.0014201671826929996,-0.004107334890999459,0.4745505920657917,250,0.003369305387029277,0.0,-0.04999999999999999,0.025,0.025,True,averted,False,exposed,0.51,0.0099
E02,E02,2023-10-25,overnight,pre,ACN,-0.008646011455943348,-0.008645894971485157,-0.004107334890999459,1.2038735293968403,250,-0.0037012997043010427,0.0,-0.04999999999999999,0.025,0.025,True,averted,False,control,0.08,0.0656
E02,E02,2023-10-25,overnight,pre,EPAM,-0.011883380717488734,-0.011883380717488734,-0.004107334890999459,1.656682340622091,250,-0.00507883153654897,0.0,-0.04999999999999999,0.025,0.025,True,averted,False,control,0.0,0.0
E02,E02,2023-10-25,overnight,pre,CTSH,-0.0033768413635215655,-0.003376722526524323,-0.004107334890999459,1.1627231359998413,250,0.0013988519415428918,0.0,-0.04999999999999999,0.025,0.025,True,averted,False,control,0.0,0.0
E02,E02,2023-10-25,intraday,pre,CACI,-0.003927477601871621,-0.003927477601871621,-0.010287104813596515,0.6094208395257318,250,0.002341698449919564,0.0,-0.09000000000000002,0.025,0.025,True,averted,False,exposed,0.956,0.0926
E02,E02,2023-10-25,intraday,pre,SAIC,-0.005591263753788378,-0.005591263753788378,-0.010287104813596515,0.5844741998133562,250,0.0004212836005345706,0.0,-0.09000000000000002,0.025,0.025,True,averted,False,exposed,0.98,0.0479
E02,E02,2023-10-25,intraday,pre,LDOS,0.0027451411095968936,0.0027451411095968936,-0.010287104813596515,0.6555269533756015,250,0.009488615587109301,0.0,-0.09000000000000002,0.025,0.025,True,averted,False,exposed,0.87,0.0736
E02,E02,2023-10-25,intraday,pre,BAH,-0.005248227218232149,-0.005248227218232149,-0.010287104813596515,0.5458542148669637,250,0.0003670323030477403,0.0,-0.09000000000000002,0.025,0.025,True,averted,False,exposed,0.98,0.0144
E02,E02,2023-10-25,intraday,pre,PSN,-0.002659130125844067,-0.002659130125844067,-0.010287104813596515,0.5516758528873209,250,0.003016017195938055,0.0,-0.09000000000000002,0.025,0.025,True,averted,False,exposed,0.51,0.0099
E02,E02,2023-10-25,intraday,pre,ACN,-0.002895806573348314,-0.002895806573348314,-0.010287104813596515,1.0890772970560243,250,0.008307645731575395,0.0,-0.09000000000000002,0.025,0.025,True,averted,False,control,0.08,0.0656
E02,E02,2023-10-25,intraday,pre,EPAM,-0.02636720054077646,-0.02636720054077646,-0.010287104813596515,1.3409067839198552,250,-0.012573151909330295,0.0,-0.09000000000000002,0.025,0.025,True,averted,False,control,0.0,0.0
E02,E02,2023-10-25,intraday,pre,CTSH,-0.012937070167711506,-0.012937070167711506,-0.010287104813596515,1.0142464345390343,250,-0.0025034107887919044,0.0,-0.09000000000000002,0.025,0.025,True,averted,False,control,0.0,0.0
E02,E02,2023-10-26,overnight,pre,CACI,-0.06172189458962096,-0.06172189458962096,-0.00263435668097034,0.46788465524275197,250,-0.06048931952215871,-0.005000000000000001,0.010000000000000009,0.025,0.02,True,averted,False,exposed,0.956,0.0926
E02,E02,2023-10-26,overnight,pre,SAIC,0.0006559807008750251,0.0006560639590664774,-0.00263435668097034,0.44627538331879824,250,0.0018316292384735007,-0.005000000000000001,0.010000000000000009,0.025,0.02,True,averted,False,exposed,0.98,0.0479
E02,E02,2023-10-26,overnight,pre,LDOS,0.00010952847168144153,0.00010967403138084642,-0.00263435668097034,0.4587510605660748,250,0.0013180423929859098,-0.005000000000000001,0.010000000000000009,0.025,0.02,True,averted,False,exposed,0.87,0.0736
E02,E02,2023-10-26,overnight,pre,BAH,-8.376350129868371e-05,-8.392551018432393e-05,-0.00263435668097034,0.38347420852751746,250,0.0009264443419155952,-0.005000000000000001,0.010000000000000009,0.025,0.02,True,averted,False,exposed,0.98,0.0144
E02,E02,2023-10-26,overnight,pre,PSN,0.0008887851314105522,0.0008887851314105522,-0.00263435668097034,0.4745505920657917,250,0.0021389206540775012,-0.005000000000000001,0.010000000000000009,0.025,0.02,True,averted,False,exposed,0.51,0.0099
E02,E02,2023-10-26,overnight,pre,ACN,0.003860888780184757,0.0038609821869861616,-0.00263435668097034,1.2038735293968403,250,0.007032321055394666,-0.005000000000000001,0.010000000000000009,0.025,0.02,True,averted,False,control,0.08,0.0656
E02,E02,2023-10-26,overnight,pre,EPAM,0.014402963067492447,0.014402963067492447,-0.00263435668097034,1.656682340622091,250,0.01876725525975583,-0.005000000000000001,0.010000000000000009,0.025,0.02,True,averted,False,control,0.0,0.0
E02,E02,2023-10-26,overnight,pre,CTSH,-0.0001559449301100635,-0.00015606418643732134,-0.00263435668097034,1.1627231359998413,250,0.0029070825313299038,-0.005000000000000001,0.010000000000000009,0.025,0.02,True,averted,False,control,0.0,0.0
E02,E02,2023-10-26,intraday,pre,CACI,0.08226073425504188,0.08226073425504188,-0.009364928048380072,0.6094208395257318,250,0.08796791656838374,0.0,-0.015000000000000013,0.02,0.02,True,averted,False,exposed,0.956,0.0926
E02,E02,2023-10-26,intraday,pre,SAIC,0.014422185028157175,0.014422185028156953,-0.009364928048380072,0.5844741998133562,250,0.019895743855543775,0.0,-0.015000000000000013,0.02,0.02,True,averted,False,exposed,0.98,0.0479
E02,E02,2023-10-26,intraday,pre,LDOS,0.008102461898308322,0.008102461898308322,-0.009364928048380072,0.6555269533756015,250,0.014241424650444628,0.0,-0.015000000000000013,0.02,0.02,True,averted,False,exposed,0.87,0.0736
E02,E02,2023-10-26,intraday,pre,BAH,0.01633163296065776,0.016331632960657982,-0.009364928048380072,0.5458542148669637,250,0.02144351840779187,0.0,-0.015000000000000013,0.02,0.02,True,averted,False,exposed,0.98,0.0144
E02,E02,2023-10-26,intraday,pre,PSN,-0.009057043466379922,-0.009057043466379922,-0.009364928048380072,0.5516758528873209,250,-0.003890638798061451,0.0,-0.015000000000000013,0.02,0.02,True,averted,False,exposed,0.51,0.0099
E02,E02,2023-10-26,intraday,pre,ACN,-0.0060242643696886145,-0.006024264369688503,-0.009364928048380072,1.0890772970560243,250,0.004174866156365304,0.0,-0.015000000000000013,0.02,0.02,True,averted,False,control,0.08,0.0656
E02,E02,2023-10-26,intraday,pre,EPAM,-0.019115028288086866,-0.019115028288086866,-0.009364928048380072,1.3409067839198552,250,-0.006557532737092697,0.0,-0.015000000000000013,0.02,0.02,True,averted,False,control,0.0,0.0
E02,E02,2023-10-26,intraday,pre,CTSH,-0.010299682290130785,-0.010299682290130896,-0.009364928048380072,1.0142464345390343,250,-0.000801337407346699,0.0,-0.015000000000000013,0.02,0.02,True,averted,False,control,0.0,0.0
E02,E02,2023-10-27,overnight,pre,CACI,-0.006481777762200713,-0.006481777762200713,0.003975311231362966,0.46788465524275197,250,-0.008341764887169614,0.0,0.09000000000000002,0.02,0.02,True,averted,False,exposed,0.956,0.0926
E02,E02,2023-10-27,overnight,pre,SAIC,-0.005262183360216555,-0.005262408573245003,0.003975311231362966,0.44627538331879824,250,-0.007036266903804586,0.0,0.09000000000000002,0.02,0.02,True,averted,False,exposed,0.98,0.0479
E02,E02,2023-10-27,overnight,pre,LDOS,-0.005539286757002104,-0.0055393963047112305,0.003975311231362966,0.4587510605660748,250,-0.0073629650004700935,0.0,0.09000000000000002,0.02,0.02,True,averted,False,exposed,0.87,0.0736
E02,E02,2023-10-27,overnight,pre,BAH,-0.03189118374813982,-0.03189104480348792,0.003975311231362966,0.38347420852751746,250,-0.033415613076237284,0.0,0.09000000000000002,0.02,0.02,True,averted,False,exposed,0.98,0.0144
E02,E02,2023-10-27,overnight,pre,PSN,-0.0014336562919279316,-0.0014336562919279316,0.003975311231362966,0.4745505920657917,250,-0.0033201425904170185,0.0,0.09000000000000002,0.02,0.02,True,averted,False,exposed,0.51,0.0099
E02,E02,2023-10-27,overnight,pre,ACN,-0.00037671482261991684,-0.00037690086819519575,0.003975311231362966,1.2038735293968403,250,-0.00516248678517175,0.0,0.09000000000000002,0.02,0.02,True,averted,False,control,0.08,0.0656
E02,E02,2023-10-27,overnight,pre,EPAM,0.0035133742248745214,0.0035133742248745214,0.003975311231362966,1.656682340622091,250,-0.0030724536906011632,0.0,0.09000000000000002,0.02,0.02,True,averted,False,control,0.0,0.0
E02,E02,2023-10-27,overnight,pre,CTSH,-0.0012614005409706808,-0.0012613674909398576,0.003975311231362966,1.1627231359998413,250,-0.005883586882476419,0.0,0.09000000000000002,0.02,0.02,True,averted,False,control,0.0,0.0
E02,E02,2023-10-27,intraday,pre,CACI,-0.019695412093294284,-0.019695412093294284,-0.008474395035277249,0.6094208395257318,250,-0.01453093915642293,0.0,-0.0050000000000000044,0.02,0.02,True,averted,False,exposed,0.956,0.0926
E02,E02,2023-10-27,intraday,pre,SAIC,-0.007795789327146085,-0.007795789327146085,-0.008474395035277249,0.5844741998133562,250,-0.0028427240700001364,0.0,-0.0050000000000000044,0.02,0.02,True,averted,False,exposed,0.98,0.0479
E02,E02,2023-10-27,intraday,pre,LDOS,-0.011686322941400484,-0.011686322941400484,-0.008474395035277249,0.6555269533756015,250,-0.006131128582223866,0.0,-0.0050000000000000044,0.02,0.02,True,averted,False,exposed,0.87,0.0736
E02,E02,2023-10-27,intraday,pre,BAH,-0.0010214742639341745,-0.0010214742639341745,-0.008474395035277249,0.5458542148669637,250,0.003604309984519584,0.0,-0.0050000000000000044,0.02,0.02,True,averted,False,exposed,0.98,0.0144
E02,E02,2023-10-27,intraday,pre,PSN,-0.0039483348022798515,-0.0039483348022798515,-0.008474395035277249,0.5516758528873209,250,0.0007267843065108031,0.0,-0.0050000000000000044,0.02,0.02,True,averted,False,exposed,0.51,0.0099
E02,E02,2023-10-27,intraday,pre,ACN,-0.006474100802455918,-0.006474100802455918,-0.008474395035277249,1.0890772970560243,250,0.0027551704367488206,0.0,-0.0050000000000000044,0.02,0.02,True,averted,False,control,0.08,0.0656
E02,E02,2023-10-27,intraday,pre,EPAM,-0.017645405558890492,-0.017645405558890492,-0.008474395035277249,1.3409067839198552,250,-0.006282031766470488,0.0,-0.0050000000000000044,0.02,0.02,True,averted,False,control,0.0,0.0
E02,E02,2023-10-27,intraday,pre,CTSH,-0.0006315268377845573,-0.0006315268377846683,-0.008474395035277249,1.0142464345390343,250,0.007963598111620685,0.0,-0.0050000000000000044,0.02,0.02,True,averted,False,control,0.0,0.0
E02,E02,2023-10-30,overnight,pre,CACI,0.004363568209811763,0.004363568209811763,0.00701277138208134,0.46788465524275197,250,0.0010824000894103986,,-0.030000000000000027,0.02,,True,averted,False,exposed,0.956,0.0926
E02,E02,2023-10-30,overnight,pre,SAIC,0.00598633783416469,0.005986582379587491,0.00701277138208134,0.44627538331879824,250,0.0028567105974992416,,-0.030000000000000027,0.02,,True,averted,False,exposed,0.98,0.0479
E02,E02,2023-10-30,overnight,pre,LDOS,0.02022324978757606,0.020223309731855155,0.00701277138208134,0.4587510605660748,250,0.017006133478538826,,-0.030000000000000027,0.02,,True,averted,False,exposed,0.87,0.0736
E02,E02,2023-10-30,overnight,pre,BAH,0.009202469278105863,0.009202471502868237,0.00701277138208134,0.38347420852751746,250,0.0065132523227777964,,-0.030000000000000027,0.02,,True,averted,False,exposed,0.98,0.0144
E02,E02,2023-10-30,overnight,pre,PSN,0.005045023063062981,0.005045023063062981,0.00701277138208134,0.4745505920657917,250,0.001717108251674241,,-0.030000000000000027,0.02,,True,averted,False,exposed,0.51,0.0099
E02,E02,2023-10-30,overnight,pre,ACN,0.005861197249275474,0.005861325843506959,0.00701277138208134,1.2038735293968403,250,-0.0025812925853239462,,-0.030000000000000027,0.02,,True,averted,False,control,0.08,0.0656
E02,E02,2023-10-30,overnight,pre,EPAM,0.014398397478824654,0.014398397478824654,0.00701277138208134,1.656682340622091,250,0.0027804629713105242,,-0.030000000000000027,0.02,,True,averted,False,control,0.0,0.0
E02,E02,2023-10-30,overnight,pre,CTSH,0.0058451648411110835,0.00584506059871126,0.00701277138208134,1.1627231359998413,250,-0.0023087466923124734,,-0.030000000000000027,0.02,,True,averted,False,control,0.0,0.0
E02,E02,2023-10-30,intraday,pre,CACI,-0.007688914738846808,-0.007688914738846808,0.004908595395542781,0.6094208395257318,250,-0.010680315065690631,,0.025000000000000022,,0.025,True,averted,False,exposed,0.956,0.0926
E02,E02,2023-10-30,intraday,pre,SAIC,-0.003812214673938996,-0.003812214673938885,0.004908595395542781,0.5844741998133562,250,-0.006681162039956388,,0.025000000000000022,,0.025,True,averted,False,exposed,0.98,0.0479
E02,E02,2023-10-30,intraday,pre,LDOS,-0.005740887909225334,-0.005740887909225334,0.004908595395542781,0.6555269533756015,250,-0.008958604494219,,0.025000000000000022,,0.025,True,averted,False,exposed,0.87,0.0736
E02,E02,2023-10-30,intraday,pre,BAH,-0.004897009357034521,-0.00489700935703441,0.004908595395542781,0.5458542148669637,250,-0.007576386842768118,,0.025000000000000022,,0.025,True,averted,False,exposed,0.98,0.0144
E02,E02,2023-10-30,intraday,pre,PSN,0.001254924552366532,0.001254924552366532,0.004908595395542781,0.5516758528873209,250,-0.001453028998948308,,0.025000000000000022,,0.025,True,averted,False,exposed,0.51,0.0099
E02,E02,2023-10-30,intraday,pre,ACN,0.003290676740414833,0.003290676740414833,0.004908595395542781,1.0890772970560243,250,-0.0020551630653045452,,0.025000000000000022,,0.025,True,averted,False,control,0.08,0.0656
E02,E02,2023-10-30,intraday,pre,EPAM,-0.0034196641021989604,-0.0034196641021989604,0.004908595395542781,1.3409067839198552,250,-0.01000163296760004,,0.025000000000000022,,0.025,True,averted,False,control,0.0,0.0
E02,E02,2023-10-30,intraday,pre,CTSH,0.0012565074964567824,0.0012565074964567824,0.004908595395542781,1.0142464345390343,250,-0.0037220178820672033,,0.025000000000000022,,0.025,True,averted,False,control,0.0,0.0
E02,E02,2023-10-31,overnight,pre,CACI,0.007401963961756408,0.007401963961756408,0.001419659773461257,0.46788465524275197,250,0.006737726938088485,-0.005000000000000001,-0.08500000000000002,0.025,0.02,True,averted,False,exposed,0.956,0.0926
E02,E02,2023-10-31,overnight,pre,SAIC,0.00672019044271166,0.006720115193205478,0.001419659773461257,0.44627538331879824,250,0.006086631233127959,-0.005000000000000001,-0.08500000000000002,0.025,0.02,True,averted,False,exposed,0.98,0.0479
E02,E02,2023-10-31,overnight,pre,LDOS,0.04063618784850975,0.040636179277685036,0.001419659773461257,0.4587510605660748,250,0.03998491742179141,-0.005000000000000001,-0.08500000000000002,0.025,0.02,True,averted,False,exposed,0.87,0.0736
E02,E02,2023-10-31,overnight,pre,BAH,0.0048362438240137084,0.0048363184601187825,0.001419659773461257,0.38347420852751746,250,0.004291840916007298,-0.005000000000000001,-0.08500000000000002,0.025,0.02,True,averted,False,exposed,0.98,0.0144
E02,E02,2023-10-31,overnight,pre,PSN,0.0034020135220245162,0.0034020135220245162,0.001419659773461257,0.4745505920657917,250,0.002728313135996489,-0.005000000000000001,-0.08500000000000002,0.025,0.02,True,averted,False,exposed,0.51,0.0099
E02,E02,2023-10-31,overnight,pre,ACN,0.0012981700859662215,0.001298163526828322,0.001419659773461257,1.2038735293968403,250,-0.0004109207360533007,-0.005000000000000001,-0.08500000000000002,0.025,0.02,True,averted,False,control,0.08,0.0656
E02,E02,2023-10-31,overnight,pre,EPAM,-0.008179023479436665,-0.008179023479436665,0.001419659773461257,1.656682340622091,250,-0.010530948755821487,-0.005000000000000001,-0.08500000000000002,0.025,0.02,True,averted,False,control,0.0,0.0
E02,E02,2023-10-31,overnight,pre,CTSH,0.0028235342745097647,0.0028237217204647447,0.001419659773461257,1.1627231359998413,250,0.0011728630106580676,-0.005000000000000001,-0.08500000000000002,0.025,0.02,True,averted,False,control,0.0,0.0
E02,E02,2023-10-31,intraday,pre,CACI,0.015414512105038414,0.015414512105038414,0.004853716025354782,0.6094208395257318,250,0.012456556410047205,0.005000000000000001,0.04999999999999999,0.02,0.025,True,averted,False,exposed,0.956,0.0926
E02,E02,2023-10-31,intraday,pre,SAIC,0.012794337959608715,0.012794337959608715,0.004853716025354782,0.5844741998133562,250,0.009957466169568215,0.005000000000000001,0.04999999999999999,0.02,0.025,True,averted,False,exposed,0.98,0.0479
E02,E02,2023-10-31,intraday,pre,LDOS,0.03768850750244335,0.037688507502443125,0.004853716025354782,0.6555269533756015,250,0.034506765823792196,0.005000000000000001,0.04999999999999999,0.02,0.025,True,averted,False,exposed,0.87,0.0736
E02,E02,2023-10-31,intraday,pre,BAH,0.0126657096698497,0.0126657096698497,0.004853716025354782,0.5458542148669637,250,0.010016288319642467,0.005000000000000001,0.04999999999999999,0.02,0.025,True,averted,False,exposed,0.98,0.0144
E02,E02,2023-10-31,intraday,pre,PSN,0.009100612270296793,0.009100612270296793,0.004853716025354782,0.5516758528873209,250,0.006422934342336336,0.005000000000000001,0.04999999999999999,0.02,0.025,True,averted,False,exposed,0.51,0.0099
E02,E02,2023-10-31,intraday,pre,ACN,0.013682304774610632,0.013682304774610632,0.004853716025354782,1.0890772970560243,250,0.008396232845039736,0.005000000000000001,0.04999999999999999,0.02,0.025,True,averted,False,control,0.08,0.0656
E02,E02,2023-10-31,intraday,pre,EPAM,0.031137475355450084,0.031137475355450084,0.004853716025354782,1.3409067839198552,250,0.024629094609831342,0.005000000000000001,0.04999999999999999,0.02,0.025,True,averted,False,control,0.0,0.0
E02,E02,2023-10-31,intraday,pre,CTSH,0.0084467528137262,0.0084467528137262,0.004853716025354782,1.0142464345390343,250,0.0035238886407451386,0.005000000000000001,0.04999999999999999,0.02,0.025,True,averted,False,control,0.0,0.0
E02,E02,2023-11-01,overnight,pre,CACI,0.0,0.0,0.0023912003128343517,0.46788465524275197,250,-0.0011188059339868612,-0.005000000000000001,0.025000000000000022,0.025,0.02,True,averted,False,exposed,0.956,0.0926
E02,E02,2023-11-01,overnight,pre,SAIC,0.003295501711099824,0.0032955852584757306,0.0023912003128343517,0.44627538331879824,250,0.0022283678748976432,-0.005000000000000001,0.025000000000000022,0.025,0.02,True,averted,False,exposed,0.98,0.0479
E02,E02,2023-11-01,overnight,pre,LDOS,0.009180750855053876,0.009180875240691888,0.0023912003128343517,0.4587510605660748,250,0.008083785175515187,-0.005000000000000001,0.025000000000000022,0.025,0.02,True,averted,False,exposed,0.87,0.0736
E02,E02,2023-11-01,overnight,pre,BAH,0.006086912350320439,0.006086854741350622,0.0023912003128343517,0.38347420852751746,250,0.005169948702925534,-0.005000000000000001,0.025000000000000022,0.025,0.02,True,averted,False,exposed,0.98,0.0144
E02,E02,2023-11-01,overnight,pre,PSN,0.03324493537163842,0.03324493537163842,0.0023912003128343517,0.4745505920657917,250,0.03211018984743497,-0.005000000000000001,0.025000000000000022,0.025,0.02,True,averted,False,exposed,0.51,0.0099
E02,E02,2023-11-01,overnight,pre,ACN,0.0036353196453959846,0.003635099384514673,0.0023912003128343517,1.2038735293968403,250,0.000756616885289265,-0.005000000000000001,0.025000000000000022,0.025,0.02,True,averted,False,control,0.08,0.0656
E02,E02,2023-11-01,overnight,pre,EPAM,-0.005147816162250907,-0.005147816162250907,0.0023912003128343517,1.656682340622091,250,-0.009109275493413596,-0.005000000000000001,0.025000000000000022,0.025,0.02,True,averted,False,control,0.0,0.0
E02,E02,2023-11-01,overnight,pre,CTSH,-0.0012409155961855545,-0.001240968788512653,0.0023912003128343517,1.1627231359998413,250,-0.004021219522728114,-0.005000000000000001,0.025000000000000022,0.025,0.02,True,averted,False,control,0.0,0.0
E02,E02,2023-11-01,intraday,pre,CACI,-0.0018167150578770608,-0.0018167150578770608,0.008253796276964875,0.6094208395257318,250,-0.006846750514259354,-0.005000000000000001,-0.010000000000000009,0.02,0.015,True,averted,False,exposed,0.956,0.0926
E02,E02,2023-11-01,intraday,pre,SAIC,0.001459886881294059,0.001459886881294059,0.008253796276964875,0.5844741998133562,250,-0.003364244093107445,-0.005000000000000001,-0.010000000000000009,0.02,0.015,True,averted,False,exposed,0.98,0.0479
E02,E02,2023-11-01,intraday,pre,LDOS,0.011496566168108346,0.011496566168108346,0.008253796276964875,0.6555269533756015,250,0.006085980240886679,-0.005000000000000001,-0.010000000000000009,0.02,0.015,True,averted,False,exposed,0.87,0.0736
E02,E02,2023-11-01,intraday,pre,BAH,0.02569201313558378,0.02569201313558378,0.008253796276964875,0.5458542148669637,250,0.02118664364914925,-0.005000000000000001,-0.010000000000000009,0.02,0.015,True,averted,False,exposed,0.98,0.0144
E02,E02,2023-11-01,intraday,pre,PSN,0.04518225853146518,0.04518225853146518,0.008253796276964875,0.5516758528873209,250,0.040628838430812386,-0.005000000000000001,-0.010000000000000009,0.02,0.015,True,averted,False,exposed,0.51,0.0099
E02,E02,2023-11-01,intraday,pre,ACN,0.008283868561545837,0.008283868561545837,0.008253796276964875,1.0890772970560243,250,-0.0007051535782221455,-0.005000000000000001,-0.010000000000000009,0.02,0.015,True,averted,False,control,0.08,0.0656
E02,E02,2023-11-01,intraday,pre,EPAM,0.0009239870772204117,0.0009239870772204117,0.008253796276964875,1.3409067839198552,250,-0.010143584343654234,-0.005000000000000001,-0.010000000000000009,0.02,0.015,True,averted,False,control,0.0,0.0
E02,E02,2023-11-01,intraday,pre,CTSH,0.008852301528186057,0.008852301528186057,0.008253796276964875,1.0142464345390343,250,0.0004809180828628766,-0.005000000000000001,-0.010000000000000009,0.02,0.015,True,averted,False,control,0.0,0.0
E02,E02,2023-11-02,overnight,pre,CACI,0.004472905080862066,0.004472905080862066,0.00927455369726049,0.46788465524275197,250,0.000133483721688951,,-0.034999999999999976,0.015,,True,averted,False,exposed,0.956,0.0926
E02,E02,2023-11-02,overnight,pre,SAIC,0.002551009426411177,0.002550887944817948,0.00927455369726049,0.44627538331879824,250,-0.0015879955799445256,,-0.034999999999999976,0.015,,True,averted,False,exposed,0.98,0.0479
E02,E02,2023-11-02,overnight,pre,LDOS,0.0006918333642265129,0.0006917678791666937,0.00927455369726049,0.4587510605660748,250,-0.0035628779806687475,,-0.034999999999999976,0.015,,True,averted,False,exposed,0.87,0.0736
E02,E02,2023-11-02,overnight,pre,BAH,-0.0020200387504679673,-0.0020201678447661076,0.00927455369726049,0.38347420852751746,250,-0.0055765908889708945,,-0.034999999999999976,0.015,,True,averted,False,exposed,0.98,0.0144
E02,E02,2023-11-02,overnight,pre,PSN,0.0027837234462575466,0.0027837234462575466,0.00927455369726049,0.4745505920657917,250,-0.0016175215019233963,,-0.034999999999999976,0.015,,True,averted,False,exposed,0.51,0.0099
E02,E02,2023-11-02,overnight,pre,ACN,0.01007849472077571,0.010078631442703045,0.00927455369726049,1.2038735293968403,250,-0.0010868949723257908,,-0.034999999999999976,0.015,,True,averted,False,control,0.08,0.0656
E02,E02,2023-11-02,overnight,pre,EPAM,0.08931459332942082,0.08931459332942082,0.00927455369726049,1.656682340622091,250,0.07394960400201804,,-0.034999999999999976,0.015,,True,averted,False,control,0.0,0.0
E02,E02,2023-11-02,overnight,pre,CTSH,-0.036330059166004514,-0.036330008741085495,0.00927455369726049,1.1627231359998413,250,-0.047113797325882154,,-0.034999999999999976,0.015,,True,averted,False,control,0.0,0.0
E02,E02,2023-11-02,intraday,pre,CACI,0.0015355322385728343,0.0015355322385728343,0.00979892008839034,0.6094208395257318,250,-0.004436133868139564,,0.05499999999999999,,0.015,True,averted,False,exposed,0.956,0.0926
E02,E02,2023-11-02,intraday,pre,SAIC,0.0006361295840375814,0.0006361295840375814,0.00979892008839034,0.5844741998133562,250,-0.0050910863936593845,,0.05499999999999999,,0.015,True,averted,False,exposed,0.98,0.0479
E02,E02,2023-11-02,intraday,pre,LDOS,0.019061731358024803,0.01906173135802458,0.00979892008839034,0.6555269533756015,250,0.012638275126111303,,0.05499999999999999,,0.015,True,averted,False,exposed,0.87,0.0736
E02,E02,2023-11-02,intraday,pre,BAH,-0.006234346910435229,-0.00623434691043534,0.00979892008839034,0.5458542148669637,250,-0.011583128741827656,,0.05499999999999999,,0.015,True,averted,False,exposed,0.98,0.0144
E02,E02,2023-11-02,intraday,pre,PSN,-0.004245625944927278,-0.004245625944927278,0.00979892008839034,0.5516758528873209,250,-0.00965145354206472,,0.05499999999999999,,0.015,True,averted,False,exposed,0.51,0.0099
E02,E02,2023-11-02,intraday,pre,ACN,0.014654004358798378,0.014654004358798378,0.00979892008839034,1.0890772970560243,250,0.003982222954866249,,0.05499999999999999,,0.015,True,averted,False,control,0.08,0.0656
E02,E02,2023-11-02,intraday,pre,EPAM,-0.0156356033898305,-0.0156356033898305,0.00979892008839034,1.3409067839198552,250,-0.02877504181144165,,0.05499999999999999,,0.015,True,averted,False,control,0.0,0.0
E02,E02,2023-11-02,intraday,pre,CTSH,0.016773212231038448,0.016773212231038448,0.00979892008839034,1.0142464345390343,250,0.0068346924690556275,,0.05499999999999999,,0.015,True,averted,False,control,0.0,0.0
E02,E02,2023-11-03,overnight,pre,CACI,0.0068686076709685295,0.0068686076709685295,0.005525129412790708,0.46788465524275197,250,0.00428348440049336,,-0.025000000000000022,0.015,,True,averted,False,exposed,0.956,0.0926
E02,E02,2023-11-03,overnight,pre,SAIC,0.005539920049732361,0.005540005421174055,0.005525129412790708,0.44627538331879824,250,0.003074190803153221,,-0.025000000000000022,0.015,,True,averted,False,exposed,0.98,0.0479
E02,E02,2023-11-03,overnight,pre,LDOS,0.004652097292153323,0.00465209185676585,0.005525129412790708,0.4587510605660748,250,0.002117438314270772,,-0.025000000000000022,0.015,,True,averted,False,exposed,0.87,0.0736
E02,E02,2023-11-03,overnight,pre,BAH,0.0014665170529548632,0.0014666102038749518,0.005525129412790708,0.38347420852751746,250,-0.000652227575627161,,-0.025000000000000022,0.015,,True,averted,False,exposed,0.98,0.0144
E02,E02,2023-11-03,overnight,pre,PSN,0.008527393635988867,0.008527393635988867,0.005525129412790708,0.4745505920657917,250,0.005905440201908916,,-0.025000000000000022,0.015,,True,averted,False,exposed,0.51,0.0099
E02,E02,2023-11-03,overnight,pre,ACN,0.004933206296808823,0.004933209177554909,0.005525129412790708,1.2038735293968403,250,-0.0017183507497418185,,-0.025000000000000022,0.015,,True,averted,False,control,0.08,0.0656
E02,E02,2023-11-03,overnight,pre,EPAM,0.021307722229514603,0.021307722229514603,0.005525129412790708,1.656682340622091,250,0.012154337901692534,,-0.025000000000000022,0.015,,True,averted,False,control,0.0,0.0
E02,E02,2023-11-03,overnight,pre,CTSH,0.006284391365041442,0.0062842269121072825,0.005525129412790708,1.1627231359998413,250,-0.0001398044326035323,,-0.025000000000000022,0.015,,True,averted,False,control,0.0,0.0
E02,E02,2023-11-03,intraday,pre,CACI,-0.003959032335856705,-0.003959032335856705,0.003578491360193281,0.6094208395257318,250,-0.0061398395448212725,,0.010000000000000009,,0.015,True,averted,False,exposed,0.956,0.0926
E02,E02,2023-11-03,intraday,pre,SAIC,0.0020772732795093507,0.0020772732795093507,0.003578491360193281,0.5844741998133562,250,-1.4262594778626219e-05,,0.010000000000000009,,0.015,True,averted,False,exposed,0.98,0.0479
E02,E02,2023-11-03,intraday,pre,LDOS,0.002701125699458018,0.002701125699458018,0.003578491360193281,0.6555269533756015,250,0.0003553281604296043,,0.010000000000000009,,0.015,True,averted,False,exposed,0.87,0.0736
E02,E02,2023-11-03,intraday,pre,BAH,0.0007322152726814135,0.0007322152726811915,0.003578491360193281,0.5458542148669637,250,-0.0012211193191451028,,0.010000000000000009,,0.015,True,averted,False,exposed,0.98,0.0144
E02,E02,2023-11-03,intraday,pre,PSN,0.001951202113821049,0.001951202113821049,0.003578491360193281,0.5516758528873209,250,-2.2965159363488342e-05,,0.010000000000000009,,0.015,True,averted,False,exposed,0.51,0.0099
E02,E02,2023-11-03,intraday,pre,ACN,0.012433714695994746,0.012433714695994746,0.003578491360193281,1.0890772970560243,250,0.008536460997897111,,0.010000000000000009,,0.015,True,averted,False,control,0.08,0.0656
E02,E02,2023-11-03,intraday,pre,EPAM,0.014498872459511869,0.014498872459511869,0.003578491360193281,1.3409067839198552,250,0.00970044911843011,,0.010000000000000009,,0.015,True,averted,False,control,0.0,0.0
E02,E02,2023-11-03,intraday,pre,CTSH,0.03466031981711204,0.03466031981711204,0.003578491360193281,1.0142464345390343,250,0.031030847714007263,,0.010000000000000009,,0.015,True,averted,False,control,0.0,0.0
E02,E02,2023-11-06,overnight,pre,CACI,0.0006420577311225806,0.0006420577311225806,0.0017943794329142726,0.46788465524275197,250,-0.00019750487122119863,0.0,0.07500000000000001,0.015,0.015,True,averted,False,exposed,0.956,0.0926
E02,E02,2023-11-06,overnight,pre,SAIC,0.0011717431602740191,0.0011715532378011595,0.0017943794329142726,0.44627538331879824,250,0.00037095579103083433,0.0,0.07500000000000001,0.015,0.015,True,averted,False,exposed,0.98,0.0479
E02,E02,2023-11-06,overnight,pre,LDOS,-0.0019242302807566114,-0.0019240498436956521,0.0017943794329142726,0.4587510605660748,250,-0.0027474037486639857,0.0,0.07500000000000001,0.015,0.015,True,averted,False,exposed,0.87,0.0736
E02,E02,2023-11-06,overnight,pre,BAH,0.0009754914068080822,0.0009755889737843582,0.0017943794329142726,0.38347420852751746,250,0.00028739317397322595,0.0,0.07500000000000001,0.015,0.015,True,averted,False,exposed,0.98,0.0144
E02,E02,2023-11-06,overnight,pre,PSN,0.002434299458044409,0.002434299458044409,0.0017943794329142726,0.4745505920657917,250,0.0015827756357642614,0.0,0.07500000000000001,0.015,0.015,True,averted,False,exposed,0.51,0.0099
E02,E02,2023-11-06,overnight,pre,ACN,-0.003732122034434404,-0.0037320944534435796,0.0017943794329142726,1.2038735293968403,250,-0.00589232793541401,0.0,0.07500000000000001,0.015,0.015,True,averted,False,control,0.08,0.0656
E02,E02,2023-11-06,overnight,pre,EPAM,-0.0014540540278669134,-0.0014540540278669134,0.0017943794329142726,1.656682340622091,250,-0.004426770746751471,0.0,0.07500000000000001,0.015,0.015,True,averted,False,control,0.0,0.0
E02,E02,2023-11-06,overnight,pre,CTSH,-0.00030174499794577425,-0.00030160911137433466,0.0017943794329142726,1.1627231359998413,250,-0.0023881114793574743,0.0,0.07500000000000001,0.015,0.015,True,averted,False,control,0.0,0.0
E02,E02,2023-11-06,intraday,pre,CACI,-0.007455625269691346,-0.007455625269691346,0.0005052040310327133,0.6094208395257318,250,-0.007763507134415086,-0.004999999999999999,0.015000000000000013,0.015,0.01,True,averted,False,exposed,0.956,0.0926
E02,E02,2023-11-06,intraday,pre,SAIC,0.001260347476875756,0.001260347476875756,0.0005052040310327133,0.5844741998133562,250,0.000965068755095429,-0.004999999999999999,0.015000000000000013,0.015,0.01,True,averted,False,exposed,0.98,0.0479
E02,E02,2023-11-06,intraday,pre,LDOS,-0.004048565726836317,-0.004048565726836317,0.0005052040310327133,0.6555269533756015,250,-0.004379740586132264,-0.004999999999999999,0.015000000000000013,0.015,0.01,True,averted,False,exposed,0.87,0.0736
E02,E02,2023-11-06,intraday,pre,BAH,0.0041419809240912375,0.0041419809240912375,0.0005052040310327133,0.5458542148669637,250,0.003866213174384251,-0.004999999999999999,0.015000000000000013,0.015,0.01,True,averted,False,exposed,0.98,0.0144
E02,E02,2023-11-06,intraday,pre,PSN,-0.0019426732897259713,-0.0019426732897259713,0.0005052040310327133,0.5516758528873209,250,-0.002221382154428056,-0.004999999999999999,0.015000000000000013,0.015,0.01,True,averted,False,exposed,0.51,0.0099
E02,E02,2023-11-06,intraday,pre,ACN,0.0024653848040556703,0.0024653848040558923,0.0005052040310327133,1.0890772970560243,250,0.001915178563476755,-0.004999999999999999,0.015000000000000013,0.015,0.01,True,averted,False,control,0.08,0.0656
E02,E02,2023-11-06,intraday,pre,EPAM,0.018930674784784163,0.018930674784784163,0.0005052040310327133,1.3409067839198552,250,0.01825324327230874,-0.004999999999999999,0.015000000000000013,0.015,0.01,True,averted,False,control,0.0,0.0
E02,E02,2023-11-06,intraday,pre,CTSH,0.00045281177358491576,0.00045281177358491576,0.0005052040310327133,1.0142464345390343,250,-5.958961360476127e-05,-0.004999999999999999,0.015000000000000013,0.015,0.01,True,averted,False,control,0.0,0.0
E02,E02,2023-11-07,overnight,pre,CACI,-0.0035094795647784283,-0.0035094795647784283,0.0,0.46788465524275197,250,-0.0035094795647784283,,0.009999999999999953,0.01,,True,averted,False,exposed,0.956,0.0926
E02,E02,2023-11-07,overnight,pre,SAIC,-0.0008092420340668482,-0.0008090524873511917,0.0,0.44627538331879824,250,-0.0008092420340668482,,0.009999999999999953,0.01,,True,averted,False,exposed,0.98,0.0479
E02,E02,2023-11-07,overnight,pre,LDOS,-0.0029036304768784715,-0.0029038622037239614,0.0,0.4587510605660748,250,-0.0029036304768784715,,0.009999999999999953,0.01,,True,averted,False,exposed,0.87,0.0736
E02,E02,2023-11-07,overnight,pre,BAH,-0.003154314153126725,-0.0031544844417358275,0.0,0.38347420852751746,250,-0.003154314153126725,,0.009999999999999953,0.01,,True,averted,False,exposed,0.98,0.0144
E02,E02,2023-11-07,overnight,pre,PSN,0.004217328686901611,0.004217328686901611,0.0,0.4745505920657917,250,0.004217328686901611,,0.009999999999999953,0.01,,True,averted,False,exposed,0.51,0.0099
E02,E02,2023-11-07,overnight,pre,ACN,-0.0002874454663628345,-0.00028743167303157957,0.0,1.2038735293968403,250,-0.0002874454663628345,,0.009999999999999953,0.01,,True,averted,False,control,0.08,0.0656
E02,E02,2023-11-07,overnight,pre,EPAM,-0.00330746272019411,-0.00330746272019411,0.0,1.656682340622091,250,-0.00330746272019411,,0.009999999999999953,0.01,,True,averted,False,control,0.0,0.0
E02,E02,2023-11-07,overnight,pre,CTSH,0.004526298363338732,0.004526137420773901,0.0,1.1627231359998413,250,0.004526298363338732,,0.009999999999999953,0.01,,True,averted,False,control,0.0,0.0
E02,E02,2023-11-07,intraday,pre,CACI,0.0054064073249857625,0.0054064073249857625,0.002846037992998429,0.6094208395257318,250,0.003671972461970531,,0.0,,,True,averted,False,exposed,0.956,0.0926
E02,E02,2023-11-07,intraday,pre,SAIC,-0.0016197282855507922,-0.0016197282855507922,0.002846037992998429,0.5844741998133562,250,-0.0032831640641469593,,0.0,,,True,averted,False,exposed,0.98,0.0479
E02,E02,2023-11-07,intraday,pre,LDOS,-0.0020384294984532314,-0.0020384294984532314,0.002846037992998429,0.6555269533756015,250,-0.003904084113194703,,0.0,,,True,averted,False,exposed,0.87,0.0736
E02,E02,2023-11-07,intraday,pre,BAH,-0.0008113468559837189,-0.0008113468559837189,0.002846037992998429,0.5458542148669637,250,-0.0023648686901334257,,0.0,,,True,averted,False,exposed,0.98,0.0144
E02,E02,2023-11-07,intraday,pre,PSN,-0.0035535651838642934,-0.0035535651838642934,0.002846037992998429,0.5516758528873209,250,-0.005123655621001421,,0.0,,,True,averted,False,exposed,0.51,0.0099
E02,E02,2023-11-07,intraday,pre,ACN,0.006996812779552775,0.006996812779552775,0.002846037992998429,1.0890772970560243,250,0.003897257414819293,,0.0,,,True,averted,False,control,0.08,0.0656
E02,E02,2023-11-07,intraday,pre,EPAM,0.0022942259350593464,0.0022942259350593464,0.002846037992998429,1.3409067839198552,250,-0.0015220457170458967,,0.0,,,True,averted,False,control,0.0,0.0
E02,E02,2023-11-07,intraday,pre,CTSH,-0.012165893177176534,-0.012165893177176423,0.002846037992998429,1.0142464345390343,250,-0.01505247706413782,,0.0,,,True,averted,False,control,0.0,0.0
E02,E02,2023-11-08,overnight,pre,CACI,-0.001567138938787127,-0.001567138938787127,0.0014189804095816605,0.46788465524275197,250,-0.002231058098520461,,-0.034999999999999976,,,True,averted,False,exposed,0.956,0.0926
E02,E02,2023-11-08,overnight,pre,SAIC,0.001982886941387596,0.0019827396082978677,0.0014189804095816605,0.44627538331879824,250,0.0013496309151796752,,-0.034999999999999976,,,True,averted,False,exposed,0.98,0.0479
E02,E02,2023-11-08,overnight,pre,LDOS,-0.0003890769471237565,-0.00038894318821536267,0.0014189804095816605,0.4587510605660748,250,-0.0010400357149418266,,-0.034999999999999976,,,True,averted,False,exposed,0.87,0.0736
E02,E02,2023-11-08,overnight,pre,BAH,-0.0007308477377484524,-0.0007308470834184178,0.0014189804095816605,0.38347420852751746,250,-0.0012749901272288322,,-0.034999999999999976,,,True,averted,False,exposed,0.98,0.0144
E02,E02,2023-11-08,overnight,pre,PSN,-0.0011347009491738946,-0.0011347009491738946,0.0014189804095816605,0.4745505920657917,250,-0.001808078942670631,,-0.034999999999999976,,,True,averted,False,exposed,0.51,0.0099
E02,E02,2023-11-08,overnight,pre,ACN,0.005330095140098745,0.005329864749647584,0.0014189804095816605,1.2038735293968403,250,0.0036218221862706975,,-0.034999999999999976,,,True,averted,False,control,0.08,0.0656
E02,E02,2023-11-08,overnight,pre,EPAM,0.0017576452512635399,0.0017576452512635399,0.0014189804095816605,1.656682340622091,250,-0.0005931545349790986,,-0.034999999999999976,,,True,averted,False,control,0.0,0.0
E02,E02,2023-11-08,overnight,pre,CTSH,0.0025848534086225783,0.0025849026382422924,0.0014189804095816605,1.1627231359998413,250,0.0009349720568714508,,-0.034999999999999976,,,True,averted,False,control,0.0,0.0
E02,E02,2023-11-08,intraday,pre,CACI,-0.00698608639091014,-0.00698608639091014,-0.0006856080639113804,0.6094208395257318,250,-0.006568262549015655,,-0.020000000000000018,,0.015,True,averted,False,exposed,0.956,0.0926
E02,E02,2023-11-08,intraday,pre,SAIC,-0.0044976163362031585,-0.0044976163362031585,-0.0006856080639113804,0.5844741998133562,250,-0.00409689611166297,,-0.020000000000000018,,0.015,True,averted,False,exposed,0.98,0.0479
E02,E02,2023-11-08,intraday,pre,LDOS,0.0023353654562638937,0.0023353654562638937,-0.0006856080639113804,0.6555269533756015,250,0.0027848000216094656,,-0.020000000000000018,,0.015,True,averted,False,exposed,0.87,0.0736
E02,E02,2023-11-08,intraday,pre,BAH,0.014058210090522438,0.014058210090522438,-0.0006856080639113804,0.5458542148669637,250,0.014432452141955245,,-0.020000000000000018,,0.015,True,averted,False,exposed,0.98,0.0144
E02,E02,2023-11-08,intraday,pre,PSN,-0.003570227260956571,-0.003570227260956571,-0.0006856080639113804,0.5516758528873209,250,-0.0031919938475518353,,-0.020000000000000018,,0.015,True,averted,False,exposed,0.51,0.0099
E02,E02,2023-11-08,intraday,pre,ACN,0.0029981134682701693,0.0029981134682701693,-0.0006856080639113804,1.0890772970560243,250,0.0037447936453545894,,-0.020000000000000018,,0.015,True,averted,False,control,0.08,0.0656
E02,E02,2023-11-08,intraday,pre,EPAM,0.007589360969231018,0.007589360969231018,-0.0006856080639113804,1.3409067839198552,250,0.008508697473239946,,-0.020000000000000018,,0.015,True,averted,False,control,0.0,0.0
E02,E02,2023-11-08,intraday,pre,CTSH,-0.006369514474649396,-0.006369514474649507,-0.0006856080639113804,1.0142464345390343,250,-0.005674138940336068,,-0.020000000000000018,,0.015,True,averted,False,control,0.0,0.0
E02,E02,2023-11-09,overnight,pre,CACI,0.0030992375520140225,0.0030992375520140225,0.002698668267581583,0.46788465524275197,250,0.0018365720800220587,0.0,0.010000000000000009,0.015,0.015,True,averted,False,exposed,0.956,0.0926
E02,E02,2023-11-09,overnight,pre,SAIC,0.0031625409387601167,0.0031625640305916747,0.002698668267581583,0.44627538331879824,250,0.0019581917231948683,0.0,0.010000000000000009,0.015,0.015,True,averted,False,exposed,0.98,0.0479
E02,E02,2023-11-09,overnight,pre,LDOS,0.0033006154069383786,0.0033007092084635925,0.002698668267581583,0.4587510605660748,250,0.0020625984770693156,0.0,0.010000000000000009,0.015,0.015,True,averted,False,exposed,0.87,0.0736
E02,E02,2023-11-09,overnight,pre,BAH,-0.001442425664731184,-0.0014423618572104724,0.002698668267581583,0.38347420852751746,250,-0.002477295342720358,0.0,0.010000000000000009,0.015,0.015,True,averted,False,exposed,0.98,0.0144
E02,E02,2023-11-09,overnight,pre,PSN,0.006351781437814008,0.006351781437814008,0.002698668267581583,0.4745505920657917,250,0.005071126813644003,0.0,0.010000000000000009,0.015,0.015,True,averted,False,exposed,0.51,0.0099
E02,E02,2023-11-09,overnight,pre,ACN,-0.0016991016537554193,-0.0016990685095727986,0.002698668267581583,1.2038735293968403,250,-0.004947956945720117,0.0,0.010000000000000009,0.015,0.015,True,averted,False,control,0.08,0.0656
E02,E02,2023-11-09,overnight,pre,EPAM,0.004292530937466399,0.004292530937466399,0.002698668267581583,1.656682340622091,250,-0.0001783051246332214,0.0,0.010000000000000009,0.015,0.015,True,averted,False,control,0.0,0.0
E02,E02,2023-11-09,overnight,pre,CTSH,0.0009158301751708287,0.0009158913121014578,0.002698668267581583,1.1627231359998413,250,-0.002221973855934889,0.0,0.010000000000000009,0.015,0.015,True,averted,False,control,0.0,0.0
E02,E02,2023-11-09,intraday,pre,CACI,0.00565403966841771,0.00565403966841771,-0.010469166061685908,0.6094208395257318,250,0.012034167638864635,0.0,-0.0050000000000000044,0.015,0.015,True,averted,False,exposed,0.956,0.0926
E02,E02,2023-11-09,intraday,pre,SAIC,-0.009818017775006793,-0.009818017775006793,-0.010469166061685908,0.5844741998133562,250,-0.003699060318389776,0.0,-0.0050000000000000044,0.015,0.015,True,averted,False,exposed,0.98,0.0479
E02,E02,2023-11-09,intraday,pre,LDOS,-0.008127686620140628,-0.008127686620140628,-0.010469166061685908,0.6555269533756015,250,-0.0012648660873404204,0.0,-0.0050000000000000044,0.015,0.015,True,averted,False,exposed,0.87,0.0736
E02,E02,2023-11-09,intraday,pre,BAH,-8.026723338294683e-05,-8.026723338294683e-05,-0.010469166061685908,0.5458542148669637,250,0.005634371187530477,0.0,-0.0050000000000000044,0.015,0.015,True,averted,False,exposed,0.98,0.0144
E02,E02,2023-11-09,intraday,pre,PSN,0.0012946756563991801,0.0012946756563991801,-0.010469166061685908,0.5516758528873209,250,0.007070261772498748,0.0,-0.0050000000000000044,0.015,0.015,True,averted,False,exposed,0.51,0.0099
E02,E02,2023-11-09,intraday,pre,ACN,-0.009644470535720262,-0.009644470535720262,-0.010469166061685908,1.0890772970560243,250,0.0017572605411712901,0.0,-0.0050000000000000044,0.015,0.015,True,averted,False,control,0.08,0.0656
E02,E02,2023-11-09,intraday,pre,EPAM,-0.04427417620967733,-0.04427417620967733,-0.010469166061685908,1.3409067839198552,250,-0.03023600041557918,0.0,-0.0050000000000000044,0.015,0.015,True,averted,False,control,0.0,0.0
E02,E02,2023-11-09,intraday,pre,CTSH,-0.014181156969327313,-0.014181156969327313,-0.010469166061685908,1.0142464345390343,250,-0.003562842618665317,0.0,-0.0050000000000000044,0.015,0.015,True,averted,False,control,0.0,0.0
E02,E02,2023-11-10,overnight,pre,CACI,0.003840363874882735,0.003840363874882735,0.004932728006295184,0.46788465524275197,250,0.0015324161322510456,0.0,0.010000000000000009,0.015,0.015,True,averted,False,exposed,0.956,0.0926
E02,E02,2023-11-10,overnight,pre,SAIC,0.0040934867531332575,0.004093476498715498,0.004932728006295184,0.44627538331879824,250,0.0018921316713165028,0.0,0.010000000000000009,0.015,0.015,True,averted,False,exposed,0.98,0.0479
E02,E02,2023-11-10,overnight,pre,LDOS,0.00478000087759245,0.00478003872996835,0.004932728006295184,0.4587510605660748,250,0.0025171066732205542,0.0,0.010000000000000009,0.015,0.015,True,averted,False,exposed,0.87,0.0736
E02,E02,2023-11-10,overnight,pre,BAH,0.004012841139801493,0.004012771877050403,0.004932728006295184,0.38347420852751746,250,0.002121267171705928,0.0,0.010000000000000009,0.015,0.015,True,averted,False,exposed,0.98,0.0144
E02,E02,2023-11-10,overnight,pre,PSN,0.002424463109652164,0.002424463109652164,0.004932728006295184,0.4745505920657917,250,8.363411376527234e-05,0.0,0.010000000000000009,0.015,0.015,True,averted,False,exposed,0.51,0.0099
E02,E02,2023-11-10,overnight,pre,ACN,0.00420090158156361,0.004200850811993284,0.004932728006295184,1.2038735293968403,250,-0.001737479092929613,0.0,0.010000000000000009,0.015,0.015,True,averted,False,control,0.08,0.0656
E02,E02,2023-11-10,overnight,pre,EPAM,0.006708278926480515,0.006708278926480515,0.004932728006295184,1.656682340622091,250,-0.0014636844526407303,0.0,0.010000000000000009,0.015,0.015,True,averted,False,control,0.0,0.0
E02,E02,2023-11-10,overnight,pre,CTSH,0.004485706158342984,0.004485825195184701,0.004932728006295184,1.1627231359998413,250,-0.001249690818170798,0.0,0.010000000000000009,0.015,0.015,True,averted,False,control,0.0,0.0
E02,E02,2023-11-10,intraday,pre,CACI,-0.002417757310687496,-0.002417757310687496,0.010619694213457986,0.6094208395257318,250,-0.008889620273759618,0.0,0.0050000000000000044,0.015,0.015,True,averted,False,exposed,0.956,0.0926
E02,E02,2023-11-10,intraday,pre,SAIC,0.017938062587722126,0.017938062587722348,0.010619694213457986,0.5844741998133562,250,0.011731125310048739,0.0,0.0050000000000000044,0.015,0.015,True,averted,False,exposed,0.98,0.0479
E02,E02,2023-11-10,intraday,pre,LDOS,0.005339835922330005,0.005339835922330005,0.010619694213457986,0.6555269533756015,250,-0.0016216598711986134,0.0,0.0050000000000000044,0.015,0.015,True,averted,False,exposed,0.87,0.0736
E02,E02,2023-11-10,intraday,pre,BAH,0.007194256680986388,0.007194256680986388,0.010619694213457986,0.5458542148669637,250,0.0013974518339720417,0.0,0.0050000000000000044,0.015,0.015,True,averted,False,exposed,0.98,0.0144
E02,E02,2023-11-10,intraday,pre,PSN,0.00935178983712004,0.00935178983712004,0.010619694213457986,0.5516758528873209,250,0.003493160974508058,0.0,0.0050000000000000044,0.015,0.015,True,averted,False,exposed,0.51,0.0099
E02,E02,2023-11-10,intraday,pre,ACN,0.013152037105304215,0.013152037105304215,0.010619694213457986,1.0890772970560243,250,0.001586369235749889,0.0,0.0050000000000000044,0.015,0.015,True,averted,False,control,0.08,0.0656
E02,E02,2023-11-10,intraday,pre,EPAM,-0.013620552331535474,-0.013620552331535474,0.010619694213457986,1.3409067839198552,250,-0.02786057234551572,0.0,0.0050000000000000044,0.015,0.015,True,averted,False,control,0.0,0.0
E02,E02,2023-11-10,intraday,pre,CTSH,0.01555273286189296,0.01555273286189296,0.010619694213457986,1.0142464345390343,250,0.004781745869998383,0.0,0.0050000000000000044,0.015,0.015,True,averted,False,control,0.0,0.0
E02,E02,2023-11-13,overnight,pre,CACI,-0.0016874314447409278,-0.0016874314447409278,-0.003131963518137826,0.46788465524275197,250,-0.0002220337738241345,,-0.09999999999999998,0.015,,True,averted,False,exposed,0.956,0.0926
E02,E02,2023-11-13,overnight,pre,SAIC,-0.0006229948346939684,-0.0006227973561280242,-0.003131963518137826,0.44627538331879824,250,0.0007747233849034816,,-0.09999999999999998,0.015,,True,averted,False,exposed,0.98,0.0479
E02,E02,2023-11-13,overnight,pre,LDOS,-0.0008691839430760018,-0.0008693911233434992,-0.003131963518137826,0.4587510605660748,250,0.0005676076425239806,,-0.09999999999999998,0.015,,True,averted,False,exposed,0.87,0.0736
E02,E02,2023-11-13,overnight,pre,BAH,0.001349192063492044,0.0013492153560017428,-0.003131963518137826,0.38347420852751746,250,0.0025502192947470057,,-0.09999999999999998,0.015,,True,averted,False,exposed,0.98,0.0144
E02,E02,2023-11-13,overnight,pre,PSN,0.001916976883913346,0.001916976883913346,-0.003131963518137826,0.4745505920657917,250,0.003403252025774111,,-0.09999999999999998,0.015,,True,averted,False,exposed,0.51,0.0099
E02,E02,2023-11-13,overnight,pre,ACN,-0.011511128194104714,-0.011510853207028937,-0.003131963518137826,1.2038735293968403,250,-0.0077406402195819846,,-0.09999999999999998,0.015,,True,averted,False,control,0.08,0.0656
E02,E02,2023-11-13,overnight,pre,EPAM,-0.008625079855646534,-0.008625079855646534,-0.003131963518137826,1.656682340622091,250,-0.0034364112036749618,,-0.09999999999999998,0.015,,True,averted,False,control,0.0,0.0
E02,E02,2023-11-13,overnight,pre,CTSH,-0.0027293452361562,-0.002729501359837516,-0.003131963518137826,1.1627231359998413,250,0.000912261207490109,,-0.09999999999999998,0.015,,True,averted,False,control,0.0,0.0
E02,E02,2023-11-13,intraday,pre,CACI,0.004056568299769747,0.004056568299769747,0.00218562342271289,0.6094208395257318,250,0.002724603838612954,,0.009999999999999953,,0.015,True,averted,False,exposed,0.956,0.0926
E02,E02,2023-11-13,intraday,pre,SAIC,0.013269194835316966,0.013269194835316966,0.00218562342271289,0.5844741998133562,250,0.011991754334233521,,0.009999999999999953,,0.015,True,averted,False,exposed,0.98,0.0479
E02,E02,2023-11-13,intraday,pre,LDOS,0.009182337215001946,0.009182337215001946,0.00218562342271289,0.6555269533756015,250,0.00774960215148461,,0.009999999999999953,,0.015,True,averted,False,exposed,0.87,0.0736
E02,E02,2023-11-13,intraday,pre,BAH,0.00927318789483822,0.00927318789483822,0.00218562342271289,0.5458542148669637,250,0.008080156137438428,,0.009999999999999953,,0.015,True,averted,False,exposed,0.98,0.0144
E02,E02,2023-11-13,intraday,pre,PSN,0.005739805532484654,0.005739805532484654,0.00218562342271289,0.5516758528873209,250,0.004534049866669015,,0.009999999999999953,,0.015,True,averted,False,exposed,0.51,0.0099
E02,E02,2023-11-13,intraday,pre,ACN,-0.0012025090605214395,-0.0012025090605214395,0.00218562342271289,1.0890772970560243,250,-0.00358282191011193,,0.009999999999999953,,0.015,True,averted,False,control,0.08,0.0656
E02,E02,2023-11-13,intraday,pre,EPAM,0.005828657221567779,0.005828657221567779,0.00218562342271289,1.3409067839198552,250,0.0028979399469579313,,0.009999999999999953,,0.015,True,averted,False,control,0.0,0.0
E02,E02,2023-11-13,intraday,pre,CTSH,-0.001368349317282358,-0.001368349317282358,0.00218562342271289,1.0142464345390343,250,-0.0035851100810139072,,0.009999999999999953,,0.015,True,averted,False,control,0.0,0.0
E02,E02,2023-11-14,overnight,pre,CACI,0.006243904849740689,0.006243904849740689,0.01392581582175434,0.46788465524275197,250,-0.0002717706849949004,-0.009999999999999998,-0.22999999999999998,0.015,0.005,True,averted,False,exposed,0.956,0.0926
E02,E02,2023-11-14,overnight,pre,SAIC,0.00826157857192733,0.008261547182222495,0.01392581582175434,0.44627538331879824,250,0.0020468297780469272,-0.009999999999999998,-0.22999999999999998,0.015,0.005,True,averted,False,exposed,0.98,0.0479
E02,E02,2023-11-14,overnight,pre,LDOS,0.005267650421508341,0.005267683891625463,0.01392581582175434,0.4587510605660748,250,-0.0011208323559692866,-0.009999999999999998,-0.22999999999999998,0.015,0.005,True,averted,False,exposed,0.87,0.0736
E02,E02,2023-11-14,overnight,pre,BAH,-0.0008637733877490117,0.0028375364861641383,0.01392581582175434,0.38347420852751746,250,-0.006203964588096237,-0.009999999999999998,-0.22999999999999998,0.015,0.005,True,averted,False,exposed,0.98,0.0144
E02,E02,2023-11-14,overnight,pre,PSN,0.0041217234061072805,0.0041217234061072805,0.01392581582175434,0.4745505920657917,250,-0.0024867807371054106,-0.009999999999999998,-0.22999999999999998,0.015,0.005,True,averted,False,exposed,0.51,0.0099
E02,E02,2023-11-14,overnight,pre,ACN,0.01327504462488438,0.01327501240149731,0.01392581582175434,1.2038735293968403,250,-0.003489876418181378,-0.009999999999999998,-0.22999999999999998,0.015,0.005,True,averted,False,control,0.08,0.0656
E02,E02,2023-11-14,overnight,pre,EPAM,0.02884658157896891,0.02884658157896891,0.01392581582175434,1.656682340622091,250,0.005775928428312784,-0.009999999999999998,-0.22999999999999998,0.015,0.005,True,averted,False,control,0.0,0.0
E02,E02,2023-11-14,overnight,pre,CTSH,0.017204586550952916,0.017204664973933248,0.01392581582175434,1.1627231359998413,250,0.0010127183073265038,-0.009999999999999998,-0.22999999999999998,0.015,0.005,True,averted,False,control,0.0,0.0
E02,E02,2023-11-14,intraday,pre,CACI,0.0021596039020437274,0.0021596039020437274,0.005399721411951219,0.6094208395257318,250,-0.0011310988540326546,0.0,-0.065,0.005,0.005,True,averted,False,exposed,0.956,0.0926
E02,E02,2023-11-14,intraday,pre,SAIC,0.012726630794351879,0.012726630794351879,0.005399721411951219,0.5844741998133562,250,0.009570632942886643,0.0,-0.065,0.005,0.005,True,averted,False,exposed,0.98,0.0479
E02,E02,2023-11-14,intraday,pre,LDOS,0.00019058975010977086,0.00019058975010977086,0.005399721411951219,0.6555269533756015,250,-0.0033490731761436133,0.0,-0.065,0.005,0.005,True,averted,False,exposed,0.87,0.0736
E02,E02,2023-11-14,intraday,pre,BAH,0.016426973545140777,0.016426973545140777,0.005399721411951219,0.5458542148669637,250,0.013479512853319811,0.0,-0.065,0.005,0.005,True,averted,False,exposed,0.98,0.0144
E02,E02,2023-11-14,intraday,pre,PSN,0.004262716440805114,0.004262716440805114,0.005399721411951219,0.5516758528873209,250,0.0012838205255129966,0.0,-0.065,0.005,0.005,True,averted,False,exposed,0.51,0.0099
E02,E02,2023-11-14,intraday,pre,ACN,0.0020948748818319096,0.0020948748818316876,0.005399721411951219,1.0890772970560243,250,-0.0037858391183514632,0.0,-0.065,0.005,0.005,True,averted,False,control,0.08,0.0656
E02,E02,2023-11-14,intraday,pre,EPAM,0.025511423130429423,0.025511423130429423,0.005399721411951219,1.3409067839198552,250,0.018270900057866732,0.0,-0.065,0.005,0.005,True,averted,False,control,0.0,0.0
E02,E02,2023-11-14,intraday,pre,CTSH,0.008531652609148788,0.008531652609148788,0.005399721411951219,1.0142464345390343,250,0.0030550044195731835,0.0,-0.065,0.005,0.005,True,averted,False,control,0.0,0.0
E02,E02,2023-11-15,overnight,pre,CACI,-0.0020942798964606046,-0.0020942798964606046,0.0030752888511396126,0.46788465524275197,250,-0.003533160360347941,,-0.028,0.005,,True,averted,False,exposed,0.956,0.0926
E02,E02,2023-11-15,overnight,pre,SAIC,-0.0015493225988569836,-0.0015495537196186238,0.0030752888511396126,0.44627538331879824,250,-0.002921748309715341,,-0.028,0.005,,True,averted,False,exposed,0.98,0.0479
E02,E02,2023-11-15,overnight,pre,LDOS,0.000285756325284936,0.0002857201845305468,0.0030752888511396126,0.4587510605660748,250,-0.001125035696722387,,-0.028,0.005,,True,averted,False,exposed,0.87,0.0736
E02,E02,2023-11-15,overnight,pre,BAH,-0.0019331888794287266,-0.0019331960808915971,0.0030752888511396126,0.38347420852751746,250,-0.0031124828376129883,,-0.028,0.005,,True,averted,False,exposed,0.98,0.0144
E02,E02,2023-11-15,overnight,pre,PSN,-0.0023581438226933926,-0.0023581438226933926,0.0030752888511396126,0.4745505920657917,250,-0.003817523967775024,,-0.028,0.005,,True,averted,False,exposed,0.51,0.0099
E02,E02,2023-11-15,overnight,pre,ACN,-0.002714578072959828,-0.0027146884698533436,0.0030752888511396126,1.2038735293968403,250,-0.006416836916096028,,-0.028,0.005,,True,averted,False,control,0.08,0.0656
E02,E02,2023-11-15,overnight,pre,EPAM,0.0062596039523141744,0.0062596039523141744,0.0030752888511396126,1.656682340622091,250,0.0011648272203191798,,-0.028,0.005,,True,averted,False,control,0.0,0.0
E02,E02,2023-11-15,overnight,pre,CTSH,0.00014844375791356335,0.00014835388908474023,0.0030752888511396126,1.1627231359998413,250,-0.003427265739188836,,-0.028,0.005,,True,averted,False,control,0.0,0.0
E02,E02,2023-11-15,intraday,pre,CACI,-0.01344368092989956,-0.01344368092989956,-0.0009553058451211571,0.6094208395257318,250,-0.012861497639761986,,-0.0155,,0.005,True,averted,False,exposed,0.956,0.0926
E02,E02,2023-11-15,intraday,pre,SAIC,-0.0042241198275863034,-0.0042241198275863034,-0.0009553058451211571,0.5844741998133562,250,-0.003665768208182093,,-0.0155,,0.005,True,averted,False,exposed,0.98,0.0479
E02,E02,2023-11-15,intraday,pre,LDOS,-0.00047617368822039374,-0.00047617368822050476,-0.0009553058451211571,0.6555269533756015,250,0.0001500550419737826,,-0.0155,,0.005,True,averted,False,exposed,0.87,0.0736
E02,E02,2023-11-15,intraday,pre,BAH,-0.017897304325944607,-0.017897304325944607,-0.0009553058451211571,0.5458542148669637,250,-0.01737584660389818,,-0.0155,,0.005,True,averted,False,exposed,0.98,0.0144
E02,E02,2023-11-15,intraday,pre,PSN,-0.01780644920236263,-0.01780644920236263,-0.0009553058451211571,0.5516758528873209,250,-0.01727943003548717,,-0.0155,,0.005,True,averted,False,exposed,0.51,0.0099
E02,E02,2023-11-15,intraday,pre,ACN,0.018396861867669756,0.018396861867669756,-0.0009553058451211571,1.0890772970560243,250,0.019437263775336125,,-0.0155,,0.005,True,averted,False,control,0.08,0.0656
E02,E02,2023-11-15,intraday,pre,EPAM,0.0166151600509985,0.0166151600509985,-0.0009553058451211571,1.3409067839198552,250,0.01789613613943975,,-0.0155,,0.005,True,averted,False,control,0.0,0.0
E02,E02,2023-11-15,intraday,pre,CTSH,0.015135840321010008,0.015135840321010008,-0.0009553058451211571,1.0142464345390343,250,0.01610475586831844,,-0.0155,,0.005,True,averted,False,control,0.0,0.0
E02,E02,2023-11-16,overnight,pre,CACI,0.00110992667469767,0.00110992667469767,-0.0010229307673621513,0.46788465524275197,250,0.0015885402841221137,,-0.004,0.005,,True,averted,False,exposed,0.956,0.0926
E02,E02,2023-11-16,overnight,pre,SAIC,0.002424022118514113,0.002424308082188631,-0.0010229307673621513,0.44627538331879824,250,0.0028805309388272495,,-0.004,0.005,,True,averted,False,exposed,0.98,0.0479
E02,E02,2023-11-16,overnight,pre,LDOS,0.0018102362960099594,0.0018103228317283282,-0.0010229307673621513,0.4587510605660748,250,0.002279506870423015,,-0.004,0.005,,True,averted,False,exposed,0.87,0.0736
E02,E02,2023-11-16,overnight,pre,BAH,0.0003155648417270118,0.0003157904250352672,-0.0010229307673621513,0.38347420852751746,250,0.0007078324081196589,,-0.004,0.005,,True,averted,False,exposed,0.98,0.0144
E02,E02,2023-11-16,overnight,pre,PSN,0.006738298695153411,0.006738298695153411,-0.0010229307673621513,0.4745505920657917,250,0.007223731096447434,,-0.004,0.005,,True,averted,False,exposed,0.51,0.0099
E02,E02,2023-11-16,overnight,pre,ACN,0.004915533333333277,0.004915545659333276,-0.0010229307673621513,1.2038735293968403,250,0.006147012606566169,,-0.004,0.005,,True,averted,False,control,0.08,0.0656
E02,E02,2023-11-16,overnight,pre,EPAM,-0.005171519531055435,-0.005171519531055435,-0.0010229307673621513,1.656682340622091,250,-0.003476848193087555,,-0.004,0.005,,True,averted,False,control,0.0,0.0
E02,E02,2023-11-16,overnight,pre,CTSH,0.003800533490572189,0.0038006190953285834,-0.0010229307673621513,1.1627231359998413,250,0.0049899187603102335,,-0.004,0.005,,True,averted,False,control,0.0,0.0
E02,E02,2023-11-16,intraday,pre,CACI,-0.008376451065374102,-0.008376451065374102,0.002248363379417473,0.6094208395257318,250,-0.00974665056361761,,0.010499999999999999,,,True,averted,False,exposed,0.956,0.0926
E02,E02,2023-11-16,intraday,pre,SAIC,-0.005268163012856375,-0.005268163012856486,0.002248363379417473,0.5844741998133562,250,-0.006582273399931056,,0.010499999999999999,,,True,averted,False,exposed,0.98,0.0479
E02,E02,2023-11-16,intraday,pre,LDOS,-0.004564938593938139,-0.004564938593938139,0.002248363379417473,0.6555269533756015,250,-0.006038801390128946,,0.010499999999999999,,,True,averted,False,exposed,0.87,0.0736
E02,E02,2023-11-16,intraday,pre,BAH,0.008123017940210087,0.008123017940210087,0.002248363379417473,0.5458542148669637,250,0.006895739313002529,,0.010499999999999999,,,True,averted,False,exposed,0.98,0.0144
E02,E02,2023-11-16,intraday,pre,PSN,-0.0025497984063744816,-0.0025497984063744816,0.002248363379417473,0.5516758528873209,250,-0.003790166191315235,,0.010499999999999999,,,True,averted,False,exposed,0.51,0.0099
E02,E02,2023-11-16,intraday,pre,ACN,0.0006725808495788854,0.0006725808495788854,0.002248363379417473,1.0890772970560243,250,-0.0017760606624768445,,0.010499999999999999,,,True,averted,False,control,0.08,0.0656
E02,E02,2023-11-16,intraday,pre,EPAM,0.015674590873015815,0.015674590873015815,0.002248363379417473,1.3409067839198552,250,0.012659745164837954,,0.010499999999999999,,,True,averted,False,control,0.0,0.0
E02,E02,2023-11-16,intraday,pre,CTSH,-0.0027667804727422585,-0.0027667804727422585,0.002248363379417473,1.0142464345390343,250,-0.005047175013864564,,0.010499999999999999,,,True,averted,False,control,0.0,0.0
E02,E02,2023-11-17,overnight,pre,CACI,0.0031055900621117516,0.0031055900621117516,2.2164670848701107e-05,0.46788465524275197,250,0.003095219552733138,,-0.017499999999999998,,0.005,True,averted,False,exposed,0.956,0.0926
E02,E02,2023-11-17,overnight,pre,SAIC,0.006251095660050998,0.006251105124046363,2.2164670848701107e-05,0.44627538331879824,250,0.006241204113071859,,-0.017499999999999998,,0.005,True,averted,False,exposed,0.98,0.0479
E02,E02,2023-11-17,overnight,pre,LDOS,0.01222889769764035,0.012228741537487098,2.2164670848701107e-05,0.4587510605660748,250,0.012218729631381412,,-0.017499999999999998,,0.005,True,averted,False,exposed,0.87,0.0736
E02,E02,2023-11-17,overnight,pre,BAH,0.0012516318371826873,0.001251477279086366,2.2164670848701107e-05,0.38347420852751746,250,0.0012431322575717088,,-0.017499999999999998,,0.005,True,averted,False,exposed,0.98,0.0144
E02,E02,2023-11-17,overnight,pre,PSN,0.0011183847233142696,0.0011183847233142696,2.2164670848701107e-05,0.4745505920657917,250,0.0011078664656400752,,-0.017499999999999998,,0.005,True,averted,False,exposed,0.51,0.0099
E02,E02,2023-11-17,overnight,pre,ACN,0.00103872782725567,0.0010388534607259636,2.2164670848701107e-05,1.2038735293968403,250,0.001012044366733125,,-0.017499999999999998,,0.005,True,averted,False,control,0.08,0.0656
E02,E02,2023-11-17,overnight,pre,EPAM,0.010197307019385038,0.010197307019385038,2.2164670848701107e-05,1.656682340622091,250,0.010160587200604294,,-0.017499999999999998,,0.005,True,averted,False,control,0.0,0.0
E02,E02,2023-11-17,overnight,pre,CTSH,0.004526833305926292,0.004526701727922022,2.2164670848701107e-05,1.1627231359998413,250,0.004501061930328686,,-0.017499999999999998,,0.005,True,averted,False,control,0.0,0.0
E02,E02,2023-11-17,intraday,pre,CACI,-0.007770928173374547,-0.007770928173374547,0.0012216113894185643,0.6094208395257318,250,-0.008515403611888205,0.0,0.0,0.005,0.005,True,averted,False,exposed,0.956,0.0926
E02,E02,2023-11-17,intraday,pre,SAIC,-0.00974982644844924,-0.009749826448449128,0.0012216113894185643,0.5844741998133562,250,-0.010463826787762536,0.0,0.0,0.005,0.005,True,averted,False,exposed,0.98,0.0479
E02,E02,2023-11-17,intraday,pre,LDOS,-0.006512457009802963,-0.006512457009802852,0.0012216113894185643,0.6555269533756015,250,-0.00731325620211745,0.0,0.0,0.005,0.005,True,averted,False,exposed,0.87,0.0736
E02,E02,2023-11-17,intraday,pre,BAH,-0.009141325253510413,-0.009141325253510413,0.0012216113894185643,0.5458542148669637,250,-0.009808146979354023,0.0,0.0,0.005,0.005,True,averted,False,exposed,0.98,0.0144
E02,E02,2023-11-17,intraday,pre,PSN,-0.003670595923245923,-0.003670595923245923,0.0012216113894185643,0.5516758528873209,250,-0.004344529428400274,0.0,0.0,0.005,0.005,True,averted,False,exposed,0.51,0.0099
E02,E02,2023-11-17,intraday,pre,ACN,0.0005187783009232838,0.0005187783009230618,0.0012216113894185643,1.0890772970560243,250,-0.0008116509291175404,0.0,0.0,0.005,0.005,True,averted,False,control,0.08,0.0656
E02,E02,2023-11-17,intraday,pre,EPAM,-0.001237652393913713,-0.001237652393913713,0.0012216113894185643,1.3409067839198552,250,-0.002875719393298826,0.0,0.0,0.005,0.005,True,averted,False,control,0.0,0.0
E02,E02,2023-11-17,intraday,pre,CTSH,0.010757346272761259,0.010757346272761259,0.0012216113894185643,1.0142464345390343,250,0.009518331276651205,0.0,0.0,0.005,0.005,True,averted,False,control,0.0,0.0
E02,E02,2023-11-20,overnight,resolution,CACI,-0.0027769481956196884,-0.0027769481956196884,-0.0005767867412704852,0.46788465524275197,250,-0.002507078530031757,,,0.005,,True,averted,False,exposed,0.956,0.0926
E02,E02,2023-11-20,overnight,resolution,SAIC,0.0003485318566263107,0.0003483795798784328,-0.0005767867412704852,0.44627538331879824,250,0.000605937580679997,,,0.005,,True,averted,False,exposed,0.98,0.0479
E02,E02,2023-11-20,overnight,resolution,LDOS,-0.0024700940035417007,-0.002470128351136358,-0.0005767867412704852,0.4587510605660748,250,-0.0022054924742634153,,,0.005,,True,averted,False,exposed,0.87,0.0736
E02,E02,2023-11-20,overnight,resolution,BAH,-0.0007096380713838002,-0.0007095358140283281,-0.0005767867412704852,0.38347420852751746,250,-0.0004884552322859349,,,0.005,,True,averted,False,exposed,0.98,0.0144
E02,E02,2023-11-20,overnight,resolution,PSN,-0.0009610985055591437,-0.0009610985055591437,-0.0005767867412704852,0.4745505920657917,250,-0.0006873840159935362,,,0.005,,True,averted,False,exposed,0.51,0.0099
E02,E02,2023-11-20,overnight,resolution,ACN,-0.0041789804349764426,-0.00417897609241813,-0.0005767867412704852,1.2038735293968403,250,-0.003484602145053841,,,0.005,,True,averted,False,control,0.08,0.0656
E02,E02,2023-11-20,overnight,resolution,EPAM,0.0017813739833389963,0.0017813739833389963,-0.0005767867412704852,1.656682340622091,250,0.0027369263919067724,,,0.005,,True,averted,False,control,0.0,0.0
E02,E02,2023-11-20,overnight,resolution,CTSH,-0.005465227335935241,-0.0012994708441749214,-0.0005767867412704852,1.1627231359998413,250,-0.0047945840473220935,,,0.005,,True,averted,False,control,0.0,0.0
E03,C2024,2023-12-21,intraday,pre,CACI,0.000851474218504622,0.000851474218504622,0.002906722761016889,0.5341313406289494,250,-0.0007010975066740102,,,,,True,averted,False,exposed,0.956,0.0926
E03,C2024,2023-12-21,intraday,pre,SAIC,-0.001135989957688932,-0.001135989957688932,0.002906722761016889,0.559086918414823,250,-0.0027611006288320904,,,,,True,averted,False,exposed,0.98,0.0479
E03,C2024,2023-12-21,intraday,pre,LDOS,0.0022566789222850936,0.0022566789222850936,0.002906722761016889,0.6779317021458677,250,0.0002861194132427777,,,,,True,averted,False,exposed,0.87,0.0736
E03,C2024,2023-12-21,intraday,pre,BAH,0.0038310774726797447,0.0038310774726797447,0.002906722761016889,0.539286893532915,250,0.002263519984529529,,,,,True,averted,False,exposed,0.98,0.0144
E03,C2024,2023-12-21,intraday,pre,PSN,0.0057572463941122365,0.0057572463941122365,0.002906722761016889,0.5149727824707927,250,0.004260363286000184,,,,,True,averted,False,exposed,0.51,0.0099
E03,C2024,2023-12-21,intraday,pre,ACN,0.02522264239061811,0.02522264239061811,0.002906722761016889,1.0201078490901354,250,0.02225747168697583,,,,,True,averted,False,control,0.08,0.0656
E03,C2024,2023-12-21,intraday,pre,EPAM,-0.0012218010435055549,-0.0012218010435055549,0.002906722761016889,1.527515969879044,250,-0.00566186648096976,,,,,True,averted,False,control,0.0,0.0
E03,C2024,2023-12-21,intraday,pre,CTSH,-0.005631511929395705,-0.005631511929395816,0.002906722761016889,0.9997545882839111,250,-0.008537521346591618,,,,,True,averted,False,control,0.0,0.0
E03,C2024,2023-12-22,overnight,pre,CACI,0.005608238186835646,0.005608238186835646,0.0024539309711488766,0.4457664329834484,250,0.004514358131039001,,,,,True,averted,False,exposed,0.956,0.0926
E03,C2024,2023-12-22,overnight,pre,SAIC,0.00568647123094812,0.005686723957622375,0.0024539309711488766,0.39653185042749184,250,0.004713409442137124,,,,,True,averted,False,exposed,0.98,0.0479
E03,C2024,2023-12-22,overnight,pre,LDOS,0.00309599316497966,0.0030960165010709417,0.0024539309711488766,0.40365291888958404,250,0.0021054567657218647,,,,,True,averted,False,exposed,0.87,0.0736
E03,C2024,2023-12-22,overnight,pre,BAH,0.0033394753228450647,0.003339300090032804,0.0024539309711488766,0.3040792670512936,250,0.0025932857917436453,,,,,True,averted,False,exposed,0.98,0.0144
E03,C2024,2023-12-22,overnight,pre,PSN,0.0028621450428671924,0.0028621450428671924,0.0024539309711488766,0.460694599896339,250,0.001731632295940526,,,,,True,averted,False,exposed,0.51,0.0099
E03,C2024,2023-12-22,overnight,pre,ACN,0.0035842293906809264,0.0035842997346613448,0.0024539309711488766,1.2483673967737374,250,0.0005208219723653539,,,,,True,averted,False,control,0.08,0.0656
E03,C2024,2023-12-22,overnight,pre,EPAM,0.0033978934470075828,0.0033978934470075828,0.0024539309711488766,1.8221983677356366,250,-0.0010736555631558255,,,,,True,averted,False,control,0.0,0.0
E03,C2024,2023-12-22,overnight,pre,CTSH,0.002696830368522196,0.0026967689858687915,0.0024539309711488766,1.0473569707132337,250,0.0001266886602403249,,,,,True,averted,False,control,0.0,0.0
E03,C2024,2023-12-22,intraday,pre,CACI,0.005545599290939007,0.005545599290939007,-0.000443150944308468,0.5341313406289494,250,0.005782300098923474,,,,,True,averted,False,exposed,0.956,0.0926
E03,C2024,2023-12-22,intraday,pre,SAIC,-8.079321283960272e-05,-8.079321283960272e-05,-0.000443150944308468,0.559086918414823,250,0.00016696668300643754,,,,,True,averted,False,exposed,0.98,0.0479
E03,C2024,2023-12-22,intraday,pre,LDOS,0.006640470556985134,0.006640470556985134,-0.000443150944308468,0.6779317021458677,250,0.006940896630967723,,,,,True,averted,False,exposed,0.87,0.0736
E03,C2024,2023-12-22,intraday,pre,BAH,0.006418873005743064,0.006418873005743064,-0.000443150944308468,0.539286893532915,250,0.006657858501865356,,,,,True,averted,False,exposed,0.98,0.0144
E03,C2024,2023-12-22,intraday,pre,PSN,0.001744103702880473,0.001744103702880473,-0.000443150944308468,0.5149727824707927,250,0.001972314377725564,,,,,True,averted,False,exposed,0.51,0.0099
E03,C2024,2023-12-22,intraday,pre,ACN,0.012714320571428628,0.012714320571428628,-0.000443150944308468,1.0201078490901354,250,0.013166382328049401,,,,,True,averted,False,control,0.08,0.0656
E03,C2024,2023-12-22,intraday,pre,EPAM,0.0047071271839722595,0.0047071271839722595,-0.000443150944308468,1.527515969879044,250,0.005384047328470423,,,,,True,averted,False,control,0.0,0.0
E03,C2024,2023-12-22,intraday,pre,CTSH,0.010624003678312954,0.010624003678312954,-0.000443150944308468,0.9997545882839111,250,0.011067045868187693,,,,,True,averted,False,control,0.0,0.0
E03,C2024,2023-12-26,overnight,pre,CACI,-0.001931809981191801,-0.001931809981191801,0.0008867590106813594,0.4457664329834484,250,-0.002327097382299162,,,,0.3399999999999999,True,averted,False,exposed,0.956,0.0926
E03,C2024,2023-12-26,overnight,pre,SAIC,-0.00016159867400078465,-0.00016172992632601524,0.0008867590106813594,0.39653185042749184,250,-0.0005132268653895161,,,,0.3399999999999999,True,averted,False,exposed,0.98,0.0479
E03,C2024,2023-12-26,overnight,pre,LDOS,-0.0013007470362539353,-0.0013008232053970392,0.0008867590106813594,0.40365291888958404,250,-0.0016586898992671057,,,,0.3399999999999999,True,averted,False,exposed,0.87,0.0736
E03,C2024,2023-12-26,overnight,pre,BAH,-0.0008661464566929178,-0.0008660760811982637,0.0008867590106813594,0.3040792670512936,250,-0.0011357914867120358,,,,0.3399999999999999,True,averted,False,exposed,0.98,0.0144
E03,C2024,2023-12-26,overnight,pre,PSN,0.0030072589279479534,0.0030072589279479534,0.0008867590106813594,0.460694599896339,250,0.0025987338403176312,,,,0.3399999999999999,True,averted,False,exposed,0.51,0.0099
E03,C2024,2023-12-26,overnight,pre,ACN,-0.0008745876409368414,-0.0008747385044401979,0.0008867590106813594,1.2483673967737374,250,-0.001981588678666785,,,,0.3399999999999999,True,averted,False,control,0.08,0.0656
E03,C2024,2023-12-26,overnight,pre,EPAM,0.00026959654640523745,0.00026959654640523745,0.0008867590106813594,1.8221983677356366,250,-0.0013462542754332037,,,,0.3399999999999999,True,averted,False,control,0.0,0.0
E03,C2024,2023-12-26,overnight,pre,CTSH,0.0,-2.2187552917163345e-07,0.0008867590106813594,1.0473569707132337,250,-0.0009287532311798927,,,,0.3399999999999999,True,averted,False,control,0.0,0.0
E03,C2024,2023-12-26,intraday,pre,CACI,0.0016233422457219149,0.0016233422457219149,0.003332812824415221,0.5341313406289494,250,-0.00015681753624834246,0.0,,0.3399999999999999,0.3399999999999999,True,averted,False,exposed,0.956,0.0926
E03,C2024,2023-12-26,intraday,pre,SAIC,0.007029189819012904,0.007029189819013126,0.003332812824415221,0.559086918414823,250,0.005165857767357195,0.0,,0.3399999999999999,0.3399999999999999,True,averted,False,exposed,0.98,0.0479
E03,C2024,2023-12-26,intraday,pre,LDOS,0.0038143418737568435,0.0038143418737568435,0.003332812824415221,0.6779317021458677,250,0.0015549224027674555,0.0,,0.3399999999999999,0.3399999999999999,True,averted,False,exposed,0.87,0.0736
E03,C2024,2023-12-26,intraday,pre,BAH,0.004098071577420148,0.004098071577420148,0.003332812824415221,0.539286893532915,250,0.002300729302614603,0.0,,0.3399999999999999,0.3399999999999999,True,averted,False,exposed,0.98,0.0144
E03,C2024,2023-12-26,intraday,pre,PSN,-0.007574554964569602,-0.007574554964569602,0.003332812824415221,0.5149727824707927,250,-0.00929086285821305,0.0,,0.3399999999999999,0.3399999999999999,True,averted,False,exposed,0.51,0.0099
E03,C2024,2023-12-26,intraday,pre,ACN,-0.002004918593573546,-0.002004918593573657,0.003332812824415221,1.0201078490901354,250,-0.005404747115307776,0.0,,0.3399999999999999,0.3399999999999999,True,averted,False,control,0.08,0.0656
E03,C2024,2023-12-26,intraday,pre,EPAM,0.01445566856155378,0.01445566856155378,0.003332812824415221,1.527515969879044,250,0.00936474374764185,0.0,,0.3399999999999999,0.3399999999999999,True,averted,False,control,0.0,0.0
E03,C2024,2023-12-26,intraday,pre,CTSH,0.0042581461541588705,0.0042581461541586485,0.003332812824415221,0.9997545882839111,250,0.0009261512410582923,0.0,,0.3399999999999999,0.3399999999999999,True,averted,False,control,0.0,0.0
E03,C2024,2023-12-27,overnight,pre,CACI,-0.0007792045969425843,-0.0007792045969425843,-0.00044148323913184573,0.4457664329834484,250,-0.0005824061882128026,,,0.3399999999999999,,True,averted,False,exposed,0.956,0.0926
E03,C2024,2023-12-27,overnight,pre,SAIC,-0.0016045972477756187,-0.0016046514536514067,-0.00044148323913184573,0.39653185042749184,250,-0.0014295350820299451,,,0.3399999999999999,,True,averted,False,exposed,0.98,0.0479
E03,C2024,2023-12-27,overnight,pre,LDOS,-0.00037072195962850607,-0.0003706352690662218,-0.00044148323913184573,0.40365291888958404,250,-0.0001925159615121083,,,0.3399999999999999,,True,averted,False,exposed,0.87,0.0736
E03,C2024,2023-12-27,overnight,pre,BAH,-0.0005494654891059492,-0.0005494833405477184,-0.00044148323913184573,0.3040792670512936,250,-0.00041521958933530656,,,0.3399999999999999,,True,averted,False,exposed,0.98,0.0144
E03,C2024,2023-12-27,overnight,pre,PSN,-0.0007950268800280824,-0.0007950268800280824,-0.00044148323913184573,0.460694599896339,250,-0.000591637935815297,,,0.3399999999999999,,True,averted,False,exposed,0.51,0.0099
E03,C2024,2023-12-27,overnight,pre,ACN,0.003027494332967562,0.0030274598107995487,-0.00044148323913184573,1.2483673967737374,250,0.0035786276149218214,,,0.3399999999999999,,True,averted,False,control,0.08,0.0656
E03,C2024,2023-12-27,overnight,pre,EPAM,0.003387992453767419,0.003387992453767419,-0.00044148323913184573,1.8221983677356366,250,0.0041924624914961095,,,0.3399999999999999,,True,averted,False,control,0.0,0.0
E03,C2024,2023-12-27,overnight,pre,CTSH,0.0021199950631192177,0.0021199665107782817,-0.00044148323913184573,1.0473569707132337,250,0.002582385611077014,,,0.3399999999999999,,True,averted,False,control,0.0,0.0
E03,C2024,2023-12-27,intraday,pre,CACI,0.0032440457032438808,0.0032440457032438808,0.002250562415023083,0.5341313406289494,250,0.002041949783338475,,,,0.355,True,averted,False,exposed,0.956,0.0926
E03,C2024,2023-12-27,intraday,pre,SAIC,0.006428764742614668,0.006428764742614668,0.002250562415023083,0.559086918414823,250,0.00517050473729919,,,,0.355,True,averted,False,exposed,0.98,0.0479
E03,C2024,2023-12-27,intraday,pre,LDOS,-0.0003708594453689651,-0.0003708594453689651,0.002250562415023083,0.6779317021458677,250,-0.0018965870541710786,,,,0.355,True,averted,False,exposed,0.87,0.0736
E03,C2024,2023-12-27,intraday,pre,BAH,-0.00039261348714203503,-0.00039261348714214606,0.002250562415023083,0.539286893532915,250,-0.0016063123006417686,,,,0.355,True,averted,False,exposed,0.98,0.0144
E03,C2024,2023-12-27,intraday,pre,PSN,0.0017504871059426108,0.0017504871059426108,0.002250562415023083,0.5149727824707927,250,0.0005915087169539868,,,,0.355,True,averted,False,exposed,0.51,0.0099
E03,C2024,2023-12-27,intraday,pre,ACN,-0.0019181740479549125,-0.0019181740479548015,0.002250562415023083,1.0201078490901354,250,-0.00421399043238721,,,,0.355,True,averted,False,control,0.08,0.0656
E03,C2024,2023-12-27,intraday,pre,EPAM,-0.005197222158510262,-0.005197222158510262,0.002250562415023083,1.527515969879044,250,-0.008634992188667569,,,,0.355,True,averted,False,control,0.0,0.0
E03,C2024,2023-12-27,intraday,pre,CTSH,-0.00039665187215121023,-0.00039665187215121023,0.002250562415023083,0.9997545882839111,250,-0.002646661972789857,,,,0.355,True,averted,False,control,0.0,0.0
E03,C2024,2023-12-28,overnight,pre,CACI,-0.0007151416114659082,-0.0007151416114659082,0.0007764686835336487,0.4457664329834484,250,-0.0010612652868480568,,,0.355,,True,averted,False,exposed,0.956,0.0926
E03,C2024,2023-12-28,overnight,pre,SAIC,0.0,5.7218606519526816e-08,0.0007764686835336487,0.39653185042749184,250,-0.0003078945638805963,,,0.355,,True,averted,False,exposed,0.98,0.0479
E03,C2024,2023-12-28,overnight,pre,LDOS,-0.0010202244509929237,-0.0010201364189657003,0.0007764686835336487,0.40365291888958404,250,-0.0013336483015276338,,,0.355,,True,averted,False,exposed,0.87,0.0736
E03,C2024,2023-12-28,overnight,pre,BAH,-0.022311289024431136,-0.022311225500965426,0.0007764686835336487,0.3040792670512936,250,-0.02254739705260833,,,0.355,,True,averted,False,exposed,0.98,0.0144
E03,C2024,2023-12-28,overnight,pre,PSN,-0.0014297084815476646,-0.0014297084815476646,0.0007764686835336487,0.460694599896339,250,-0.001787423411040236,,,0.355,,True,averted,False,exposed,0.51,0.0099
E03,C2024,2023-12-28,overnight,pre,ACN,0.0009044352874274519,0.0009044344407400651,0.0007764686835336487,1.2483673967737374,250,-6.488290171178005e-05,,,0.355,,True,averted,False,control,0.08,0.0656
E03,C2024,2023-12-28,overnight,pre,EPAM,3.320754608693299e-05,3.320754608693299e-05,0.0007764686835336487,1.8221983677356366,250,-0.0013816724216459202,,,0.355,,True,averted,False,control,0.0,0.0
E03,C2024,2023-12-28,overnight,pre,CTSH,0.0010582254182418538,0.0010582972720700745,0.0007764686835336487,1.0473569707132337,250,0.0002449855300023589,,,0.355,,True,averted,False,control,0.0,0.0
E03,C2024,2023-12-28,intraday,pre,CACI,0.0019913335785535224,0.0019913335785535224,-0.00039842832169034725,0.5341313406289494,250,0.00220414663216253,,,,,True,averted,False,exposed,0.956,0.0926
E03,C2024,2023-12-28,intraday,pre,SAIC,-0.003832607857301884,-0.003832607857301773,-0.00039842832169034725,0.559086918414823,250,-0.003609851794718838,,,,,True,averted,False,exposed,0.98,0.0479
E03,C2024,2023-12-28,intraday,pre,LDOS,0.0021353941316668568,0.002135394131667079,-0.00039842832169034725,0.6779317021458677,250,0.002405501321973515,,,,,True,averted,False,exposed,0.87,0.0736
E03,C2024,2023-12-28,intraday,pre,BAH,0.02169549752716793,0.02169549752716793,-0.00039842832169034725,0.539286893532915,250,0.02191036469906785,,,,,True,averted,False,exposed,0.98,0.0144
E03,C2024,2023-12-28,intraday,pre,PSN,0.00015905695041329437,0.00015905695041329437,-0.00039842832169034725,0.5149727824707927,250,0.0003642366918493406,,,,,True,averted,False,exposed,0.51,0.0099
E03,C2024,2023-12-28,intraday,pre,ACN,-0.007200593536091149,-0.007200593536091149,-0.00039842832169034725,1.0201078490901354,250,-0.006794153677835016,,,,,True,averted,False,control,0.08,0.0656
E03,C2024,2023-12-28,intraday,pre,EPAM,-0.0057566237299443435,-0.0057566237299443435,-0.00039842832169034725,1.527515969879044,250,-0.005148018105710233,,,,,True,averted,False,control,0.0,0.0
E03,C2024,2023-12-28,intraday,pre,CTSH,0.0021141124384860266,0.0021141124384860266,-0.00039842832169034725,0.9997545882839111,250,0.002512442981198209,,,,,True,averted,False,control,0.0,0.0
E03,C2024,2023-12-29,overnight,pre,CACI,0.001956293887006355,0.001956293887006355,-0.00041958547272435975,0.4457664329834484,250,0.002143331006514367,,,,,True,averted,False,exposed,0.956,0.0926
E03,C2024,2023-12-29,overnight,pre,SAIC,0.0012023212365752656,0.0012023140442081193,-0.00041958547272435975,0.39653185042749184,250,0.0013687002404871498,,,,,True,averted,False,exposed,0.98,0.0479
E03,C2024,2023-12-29,overnight,pre,LDOS,0.0001852575463718864,0.00018514437670136275,-0.00041958547272435975,0.40365291888958404,250,0.0003546244471607402,,,,,True,averted,False,exposed,0.87,0.0736
E03,C2024,2023-12-29,overnight,pre,BAH,7.866456847827052e-05,7.873012427639381e-05,-0.00041958547272435975,0.3040792670512936,250,0.00020625181148966438,,,,,True,averted,False,exposed,0.98,0.0144
E03,C2024,2023-12-29,overnight,pre,PSN,-0.003022087215422853,-0.003022087215422853,-0.00041958547272435975,0.460694599896339,250,-0.0028287864539437877,,,,,True,averted,False,exposed,0.51,0.0099
E03,C2024,2023-12-29,overnight,pre,ACN,0.0005688790981110969,0.0005688107977783741,-0.00041958547272435975,1.2483673967737374,250,0.0010926759224200839,,,,,True,averted,False,control,0.08,0.0656
E03,C2024,2023-12-29,overnight,pre,EPAM,-0.0005690063093257702,-0.0005690063093257702,-0.00041958547272435975,1.8221983677356366,250,0.0001955616541981436,,,,,True,averted,False,control,0.0,0.0
E03,C2024,2023-12-29,overnight,pre,CTSH,-0.002109652396114603,-0.0021093345472522618,-0.00041958547272435975,1.0473569707132337,250,-0.0016701966264467375,,,,,True,averted,False,control,0.0,0.0
E03,C2024,2023-12-29,intraday,pre,CACI,0.0036878915008593527,0.0036878915008593527,-0.002476426838483592,0.5341313406289494,250,0.005010628688068105,,,,,True,averted,False,exposed,0.956,0.0926
E03,C2024,2023-12-29,intraday,pre,SAIC,-0.004723432731753352,-0.004723432731753241,-0.002476426838483592,0.559086918414823,250,-0.003338894881945798,,,,,True,averted,False,exposed,0.98,0.0479
E03,C2024,2023-12-29,intraday,pre,LDOS,0.002593542074232902,0.002593542074232902,-0.002476426838483592,0.6779317021458677,250,0.004272390336085793,,,,,True,averted,False,exposed,0.87,0.0736
E03,C2024,2023-12-29,intraday,pre,BAH,0.005898080985978993,0.005898080985978993,-0.002476426838483592,0.539286893532915,250,0.007233585522766347,,,,,True,averted,False,exposed,0.98,0.0144
E03,C2024,2023-12-29,intraday,pre,PSN,0.00047860194402749023,0.00047860194402749023,-0.002476426838483592,0.5149727824707927,250,0.001753894363626734,,,,,True,averted,False,exposed,0.51,0.0099
E03,C2024,2023-12-29,intraday,pre,ACN,-0.0025015059516677596,-0.0025015059516676486,-0.002476426838483592,1.0201078490901354,250,2.4716503966821547e-05,,,,,True,averted,False,control,0.08,0.0656
E03,C2024,2023-12-29,intraday,pre,EPAM,-0.004286380085068764,-0.004286380085068764,-0.002476426838483592,1.527515969879044,250,-0.0005035985410480055,,,,,True,averted,False,control,0.0,0.0
E03,C2024,2023-12-29,intraday,pre,CTSH,-0.0019820498068916503,-0.0019820498068916503,-0.002476426838483592,0.9997545882839111,250,0.0004937692874317405,,,,,True,averted,False,control,0.0,0.0
E03,C2024,2024-01-02,overnight,pre,CACI,-0.004322836914449013,-0.004322836914449013,-0.006627240991995409,0.4457664329834484,250,-0.0013686353369255296,,,,0.36,True,averted,False,exposed,0.956,0.0926
E03,C2024,2024-01-02,overnight,pre,SAIC,-0.0013674243919741258,-0.00136734226997981,-0.006627240991995409,0.39653185042749184,250,0.0012604877418107402,,,,0.36,True,averted,False,exposed,0.98,0.0479
E03,C2024,2024-01-02,overnight,pre,LDOS,-0.002771577104770162,-0.002771530891493623,-0.006627240991995409,0.40365291888958404,250,-9.647193416651269e-05,,,,0.36,True,averted,False,exposed,0.87,0.0736
E03,C2024,2024-01-02,overnight,pre,BAH,-0.005628967861565415,-0.005629017887534227,-0.006627240991995409,0.3040792670512936,250,-0.003613761278147163,,,,0.36,True,averted,False,exposed,0.98,0.0144
E03,C2024,2024-01-02,overnight,pre,PSN,-0.007335338650111822,-0.007335338650111822,-0.006627240991995409,0.460694599896339,250,-0.004282204512887881,,,,0.36,True,averted,False,exposed,0.51,0.0099
E03,C2024,2024-01-02,overnight,pre,ACN,-0.00775127887868754,-0.0077511166528443365,-0.006627240991995409,1.2483673967737374,250,0.0005219527062819695,,,,0.36,True,averted,False,control,0.08,0.0656
E03,C2024,2024-01-02,overnight,pre,EPAM,-0.012948160852586876,-0.012948160852586876,-0.006627240991995409,1.8221983677356366,250,-0.0008720131343821404,,,,0.36,True,averted,False,control,0.0,0.0
E03,C2024,2024-01-02,overnight,pre,CTSH,-0.0033099431224431486,-0.0033101646994467826,-0.006627240991995409,1.0473569707132337,250,0.003631143927119729,,,,0.36,True,averted,False,control,0.0,0.0
E03,C2024,2024-01-02,intraday,pre,CACI,0.011877495196175314,0.011877495196175314,0.0010377630382927272,0.5341313406289494,250,0.011323193433276847,,,0.36,,True,averted,False,exposed,0.956,0.0926
E03,C2024,2024-01-02,intraday,pre,SAIC,0.003544057951541779,0.003544057951541779,0.0010377630382927272,0.559086918414823,250,0.0029638582124178942,,,0.36,,True,averted,False,exposed,0.98,0.0479
E03,C2024,2024-01-02,intraday,pre,LDOS,0.0005558421221603105,0.0005558421221603105,0.0010377630382927272,0.6779317021458677,250,-0.00014769034081354537,,,0.36,,True,averted,False,exposed,0.87,0.0736
E03,C2024,2024-01-02,intraday,pre,BAH,0.002280061282552426,0.002280061282552648,0.0010377630382927272,0.539286893532915,250,0.0017204092774082613,,,0.36,,True,averted,False,exposed,0.98,0.0144
E03,C2024,2024-01-02,intraday,pre,PSN,0.0056224653815262204,0.0056224653815262204,0.0010377630382927272,0.5149727824707927,250,0.005088045662151271,,,0.36,,True,averted,False,exposed,0.51,0.0099
E03,C2024,2024-01-02,intraday,pre,ACN,-0.0036474022552234198,-0.003647402255223531,0.0010377630382927272,1.0201078490901354,250,-0.004706032476081458,,,0.36,,True,averted,False,control,0.08,0.0656
E03,C2024,2024-01-02,intraday,pre,EPAM,-0.00773446821287882,-0.00773446821287882,0.0010377630382927272,1.527515969879044,250,-0.009319667826821159,,,0.36,,True,averted,False,control,0.0,0.0
E03,C2024,2024-01-02,intraday,pre,CTSH,-0.01168965547637335,-0.01168965547637324,0.0010377630382927272,0.9997545882839111,250,-0.012727163835457956,,,0.36,,True,averted,False,control,0.0,0.0
E03,C2024,2024-01-03,overnight,pre,CACI,-0.01035889764304565,-0.01035889764304565,-0.004696924211681441,0.4457664329834484,250,-0.00826516649121082,,,,0.235,True,averted,False,exposed,0.956,0.0926
E03,C2024,2024-01-03,overnight,pre,SAIC,-0.010915747173836254,-0.01091592155205201,-0.004696924211681441,0.39653185042749184,250,-0.009053267124860525,,,,0.235,True,averted,False,exposed,0.98,0.0479
E03,C2024,2024-01-03,overnight,pre,LDOS,-0.004259250925925939,-0.004259313275179144,-0.004696924211681441,0.40365291888958404,250,-0.002363323758077567,,,,0.235,True,averted,False,exposed,0.87,0.0736
E03,C2024,2024-01-03,overnight,pre,BAH,-0.0025886561907637606,-0.0025887987694758197,-0.004696924211681441,0.3040792670512936,250,-0.001160418919080193,,,,0.235,True,averted,False,exposed,0.98,0.0144
E03,C2024,2024-01-03,overnight,pre,PSN,-0.00575074758464289,-0.00575074758464289,-0.004696924211681441,0.460694599896339,250,-0.003586899964198881,,,,0.235,True,averted,False,exposed,0.51,0.0099
E03,C2024,2024-01-03,overnight,pre,ACN,-0.012654255823916216,-0.01265435794992198,-0.004696924211681441,1.2483673967737374,250,-0.006790768772935917,,,,0.235,True,averted,False,control,0.08,0.0656
E03,C2024,2024-01-03,overnight,pre,EPAM,-0.016894490006615692,-0.016894490006615692,-0.004696924211681441,1.8221983677356366,250,-0.008335762374711777,,,,0.235,True,averted,False,control,0.0,0.0
E03,C2024,2024-01-03,overnight,pre,CTSH,-0.005645136577458909,-0.005644918503305285,-0.004696924211681441,1.0473569707132337,250,-0.0007257802634425912,,,,0.235,True,averted,False,control,0.0,0.0
E03,C2024,2024-01-03,intraday,pre,CACI,-0.02279277760263454,-0.02279277760263454,-0.0034861386932143468,0.5341313406289494,250,-0.020930721668809507,0.010000000000000009,,0.235,0.245,True,averted,False,exposed,0.956,0.0926
E03,C2024,2024-01-03,intraday,pre,SAIC,0.0011360812800236264,0.0011360812800236264,-0.0034861386932143468,0.559086918414823,250,0.003085135819179514,0.010000000000000009,,0.235,0.245,True,averted,False,exposed,0.98,0.0479
E03,C2024,2024-01-03,intraday,pre,LDOS,0.0011158898920933247,0.0011158898920933247,-0.0034861386932143468,0.6779317021458677,250,0.003479253830300698,0.010000000000000009,,0.235,0.245,True,averted,False,exposed,0.87,0.0736
E03,C2024,2024-01-03,intraday,pre,BAH,-0.008179322750538787,-0.008179322750538787,-0.0034861386932143468,0.539286893532915,250,-0.006299293844250326,0.010000000000000009,,0.235,0.245,True,averted,False,exposed,0.98,0.0144
E03,C2024,2024-01-03,intraday,pre,PSN,-0.010764813173443244,-0.010764813173443244,-0.0034861386932143468,0.5149727824707927,250,-0.008969546630519559,0.010000000000000009,,0.235,0.245,True,averted,False,exposed,0.51,0.0099
E03,C2024,2024-01-03,intraday,pre,ACN,-0.013458632575687801,-0.01345863257568769,-0.0034861386932143468,1.0201078490901354,250,-0.00990239513172302,0.010000000000000009,,0.235,0.245,True,averted,False,control,0.08,0.0656
E03,C2024,2024-01-03,intraday,pre,EPAM,-0.01271388143593899,-0.01271388143593899,-0.0034861386932143468,1.527515969879044,250,-0.007388748908840814,0.010000000000000009,,0.235,0.245,True,averted,False,control,0.0,0.0
E03,C2024,2024-01-03,intraday,pre,CTSH,-0.004190391672347693,-0.004190391672347804,-0.0034861386932143468,0.9997545882839111,250,-0.0007051085184125718,0.010000000000000009,,0.235,0.245,True,averted,False,control,0.0,0.0
E03,C2024,2024-01-04,overnight,pre,CACI,0.0037395761230323288,0.0037395761230323288,-0.0010452882764458993,0.4457664329834484,250,0.004205530549463034,-0.044999999999999984,,0.245,0.2,True,averted,False,exposed,0.956,0.0926
E03,C2024,2024-01-04,overnight,pre,SAIC,-0.0005673956267167046,-0.0005673986821704835,-0.0010452882764458993,0.39653185042749184,250,-0.00015290553222744853,-0.044999999999999984,,0.245,0.2,True,averted,False,exposed,0.98,0.0479
E03,C2024,2024-01-04,overnight,pre,LDOS,0.007059209305971814,0.0070592508985498625,-0.0010452882764458993,0.40365291888958404,250,0.007481142969840264,-0.044999999999999984,,0.245,0.2,True,averted,False,exposed,0.87,0.0736
E03,C2024,2024-01-04,overnight,pre,BAH,0.005312807840871514,0.005312839776462797,-0.0010452882764458993,0.3040792670512936,250,0.005630658333830493,-0.044999999999999984,,0.245,0.2,True,averted,False,exposed,0.98,0.0144
E03,C2024,2024-01-04,overnight,pre,PSN,0.005197331518778103,0.005197331518778103,-0.0010452882764458993,0.460694599896339,250,0.005678890183071681,-0.044999999999999984,,0.245,0.2,True,averted,False,exposed,0.51,0.0099
E03,C2024,2024-01-04,overnight,pre,ACN,0.0,1.0147874540678004e-07,-0.0010452882764458993,1.2483673967737374,250,0.0013049038045448741,-0.044999999999999984,,0.245,0.2,True,averted,False,control,0.08,0.0656
E03,C2024,2024-01-04,overnight,pre,EPAM,0.02182828422569627,0.02182828422569627,-0.0010452882764458993,1.8221983677356366,250,0.023733006816849186,-0.044999999999999984,,0.245,0.2,True,averted,False,control,0.0,0.0
E03,C2024,2024-01-04,overnight,pre,CTSH,0.0014931534238151745,0.001493127379502246,-0.0010452882764458993,1.0473569707132337,250,0.002587943386555609,-0.044999999999999984,,0.245,0.2,True,averted,False,control,0.0,0.0
E03,C2024,2024-01-04,intraday,pre,CACI,-0.007640619189698494,-0.007640619189698494,-0.002178067534854611,0.5341313406289494,250,-0.00647724505732621,0.034999999999999976,,0.2,0.235,True,averted,False,exposed,0.956,0.0926
E03,C2024,2024-01-04,intraday,pre,SAIC,-0.00040554013578930626,-0.00040554013578930626,-0.002178067534854611,0.559086918414823,250,0.0008121889303719283,0.034999999999999976,,0.2,0.235,True,averted,False,exposed,0.98,0.0479
E03,C2024,2024-01-04,intraday,pre,LDOS,-0.005534020567803277,-0.005534020567803277,-0.002178067534854611,0.6779317021458677,250,-0.004057439536510637,0.034999999999999976,,0.2,0.235,True,averted,False,exposed,0.87,0.0736
E03,C2024,2024-01-04,intraday,pre,BAH,-0.011042763158631619,-0.011042763158631508,-0.002178067534854611,0.539286893532915,250,-0.009868159883854982,0.034999999999999976,,0.2,0.235,True,averted,False,exposed,0.98,0.0144
E03,C2024,2024-01-04,intraday,pre,PSN,-0.00484729751101709,-0.00484729751101709,-0.002178067534854611,0.5149727824707927,250,-0.003725652012183711,0.034999999999999976,,0.2,0.235,True,averted,False,exposed,0.51,0.0099
E03,C2024,2024-01-04,intraday,pre,ACN,-0.0024562531578072866,-0.0024562531578072866,-0.002178067534854611,1.0201078490901354,250,-0.00023438936965369589,0.034999999999999976,,0.2,0.235,True,averted,False,control,0.08,0.0656
E03,C2024,2024-01-04,intraday,pre,EPAM,0.004847226621032652,0.004847226621032652,-0.002178067534854611,1.527515969879044,250,0.008174259563998152,0.034999999999999976,,0.2,0.235,True,averted,False,control,0.0,0.0
E03,C2024,2024-01-04,intraday,pre,CTSH,-0.0025752567517187686,-0.0025752567517187686,-0.002178067534854611,0.9997545882839111,250,-0.00039772374015564424,0.034999999999999976,,0.2,0.235,True,averted,False,control,0.0,0.0
E03,C2024,2024-01-05,overnight,pre,CACI,0.014603405348376564,0.014603405348376564,0.00044939094448581685,0.4457664329834484,250,0.014403081950038059,0.020000000000000018,,0.235,0.255,True,averted,False,exposed,0.956,0.0926
E03,C2024,2024-01-05,overnight,pre,SAIC,0.0007301931034482401,0.0007302762993113276,0.00044939094448581685,0.39653185042749184,250,0.0005519952806659208,0.020000000000000018,,0.235,0.255,True,averted,False,exposed,0.98,0.0479
E03,C2024,2024-01-05,overnight,pre,LDOS,0.012799083693560753,0.012799092934477008,0.00044939094448581685,0.40365291888958404,250,0.012617685727096506,0.020000000000000018,,0.235,0.255,True,averted,False,exposed,0.87,0.0736
E03,C2024,2024-01-05,overnight,pre,BAH,-0.010049406820333395,-0.010049391761193571,0.00044939094448581685,0.3040792670512936,250,-0.010186057289352131,0.020000000000000018,,0.235,0.255,True,averted,False,exposed,0.98,0.0144
E03,C2024,2024-01-05,overnight,pre,PSN,0.0022730863721227568,0.0022730863721227568,0.00044939094448581685,0.460694599896339,250,0.0020660543907558256,0.020000000000000018,,0.235,0.255,True,averted,False,exposed,0.51,0.0099
E03,C2024,2024-01-05,overnight,pre,ACN,0.002699586786877317,0.0026997067573450995,0.00044939094448581685,1.2483673967737374,250,0.002138581783375867,0.020000000000000018,,0.235,0.255,True,averted,False,control,0.08,0.0656
E03,C2024,2024-01-05,overnight,pre,EPAM,-0.004444780178159968,-0.004444780178159968,0.00044939094448581685,1.8221983677356366,250,-0.0052636596236772,0.020000000000000018,,0.235,0.255,True,averted,False,control,0.0,0.0
E03,C2024,2024-01-05,overnight,pre,CTSH,-0.010735063585953664,-0.01073525463561209,0.00044939094448581685,1.0473569707132337,250,-0.011205736324236288,0.020000000000000018,,0.235,0.255,True,averted,False,control,0.0,0.0
E03,C2024,2024-01-05,intraday,pre,CACI,0.013985549028886268,0.013985549028886268,0.0009198554172593632,0.5341313406289494,250,0.013494225421680724,0.09499999999999997,,0.255,0.35,True,averted,False,exposed,0.956,0.0926
E03,C2024,2024-01-05,intraday,pre,SAIC,0.008350952090956154,0.008350952090956154,0.0009198554172593632,0.559086918414823,250,0.007836672960333435,0.09499999999999997,,0.255,0.35,True,averted,False,exposed,0.98,0.0479
E03,C2024,2024-01-05,intraday,pre,LDOS,-0.0042124451745291225,-0.0042124451745291225,0.0009198554172593632,0.6779317021458677,250,-0.00483604432327986,0.09499999999999997,,0.255,0.35,True,averted,False,exposed,0.87,0.0736
E03,C2024,2024-01-05,intraday,pre,BAH,-0.002819900841010914,-0.002819900841010914,0.0009198554172593632,0.539286893532915,250,-0.003315966811484139,0.09499999999999997,,0.255,0.35,True,averted,False,exposed,0.98,0.0144
E03,C2024,2024-01-05,intraday,pre,PSN,-0.0011339655033473228,-0.0011339655033473228,0.0009198554172593632,0.5149727824707927,250,-0.0016076660070442092,0.09499999999999997,,0.255,0.35,True,averted,False,exposed,0.51,0.0099
E03,C2024,2024-01-05,intraday,pre,ACN,-0.004082854733727825,-0.004082854733727825,0.0009198554172593632,1.0201078490901354,250,-0.005021206464902183,0.09499999999999997,,0.255,0.35,True,averted,False,control,0.08,0.0656
E03,C2024,2024-01-05,intraday,pre,EPAM,-0.0003114705449315247,-0.0003114705449315247,0.0009198554172593632,1.527515969879044,250,-0.0017165643847749535,0.09499999999999997,,0.255,0.35,True,averted,False,control,0.0,0.0
E03,C2024,2024-01-05,intraday,pre,CTSH,0.0005493583561051452,0.0005493583561053672,0.0009198554172593632,0.9997545882839111,250,-0.0003702713178577147,0.09499999999999997,,0.255,0.35,True,averted,False,control,0.0,0.0
E03,C2024,2024-01-08,overnight,pre,CACI,-0.0017626698593982137,-0.0017626698593982137,0.0010898856330046058,0.4457664329834484,250,-0.0022485042903825844,-0.13499999999999998,,0.35,0.215,True,averted,False,exposed,0.956,0.0926
E03,C2024,2024-01-08,overnight,pre,SAIC,0.0,-1.2689368000806667e-08,0.0010898856330046058,0.39653185042749184,250,-0.0004321743668096546,-0.13499999999999998,,0.35,0.215,True,averted,False,exposed,0.98,0.0479
E03,C2024,2024-01-08,overnight,pre,LDOS,0.002483025613521539,0.002482985286379913,0.0010898856330046058,0.40365291888958404,250,0.0020430900965034077,-0.13499999999999998,,0.35,0.215,True,averted,False,exposed,0.87,0.0736
E03,C2024,2024-01-08,overnight,pre,BAH,0.005413313552599774,0.005413368365747573,0.0010898856330046058,0.3040792670512936,250,0.005081901928145999,-0.13499999999999998,,0.35,0.215,True,averted,False,exposed,0.98,0.0144
E03,C2024,2024-01-08,overnight,pre,PSN,0.0048653783770646886,0.0048653783770646886,0.0010898856330046058,0.460694599896339,250,0.004363273951434863,-0.13499999999999998,,0.35,0.215,True,averted,False,exposed,0.51,0.0099
E03,C2024,2024-01-08,overnight,pre,ACN,-0.004812533787598494,-0.004812674225279201,0.0010898856330046058,1.2483673967737374,250,-0.006173111478053551,-0.13499999999999998,,0.35,0.215,True,averted,False,control,0.08,0.0656
E03,C2024,2024-01-08,overnight,pre,EPAM,0.02388780943148472,0.02388780943148472,0.0010898856330046058,1.8221983677356366,250,0.021901821610005204,-0.13499999999999998,,0.35,0.215,True,averted,False,control,0.0,0.0
E03,C2024,2024-01-08,overnight,pre,CTSH,0.0021966456348121444,0.002196738084797145,0.0010898856330046058,1.0473569707132337,250,0.0010551463198045653,-0.13499999999999998,,0.35,0.215,True,averted,False,control,0.0,0.0
E03,C2024,2024-01-08,intraday,pre,CACI,0.007899834978938092,0.007899834978938092,0.013171687330344461,0.5341313406289494,250,0.0008644239668358566,-0.01999999999999999,,0.215,0.195,True,averted,False,exposed,0.956,0.0926
E03,C2024,2024-01-08,intraday,pre,SAIC,0.018573591298957304,0.01857359129895708,0.013171687330344461,0.559086918414823,250,0.011209473219111452,-0.01999999999999999,,0.215,0.195,True,averted,False,exposed,0.98,0.0479
E03,C2024,2024-01-08,intraday,pre,LDOS,0.010641189594106093,0.010641189594106093,0.013171687330344461,0.6779317021458677,250,0.0017116851821125118,-0.01999999999999999,,0.215,0.195,True,averted,False,exposed,0.87,0.0736
E03,C2024,2024-01-08,intraday,pre,BAH,0.02033107321765848,0.02033107321765848,0.013171687330344461,0.539286893532915,250,0.01322775487469016,-0.01999999999999999,,0.215,0.195,True,averted,False,exposed,0.98,0.0144
E03,C2024,2024-01-08,intraday,pre,PSN,0.011458991293451737,0.011458991293451737,0.013171687330344461,0.5149727824707927,250,0.004675930819108962,-0.01999999999999999,,0.215,0.195,True,averted,False,exposed,0.51,0.0099
E03,C2024,2024-01-08,intraday,pre,ACN,0.015970167462686424,0.015970167462686646,0.013171687330344461,1.0201078490901354,250,0.002533625831240947,-0.01999999999999999,,0.215,0.195,True,averted,False,control,0.08,0.0656
E03,C2024,2024-01-08,intraday,pre,EPAM,0.0057142938292478185,0.0057142938292478185,0.013171687330344461,1.527515969879044,250,-0.014405668918106816,-0.01999999999999999,,0.215,0.195,True,averted,False,control,0.0,0.0
E03,C2024,2024-01-08,intraday,pre,CTSH,0.0094520882191782,0.009452088219177979,0.013171687330344461,0.9997545882839111,250,-0.003716366624774734,-0.01999999999999999,,0.215,0.195,True,averted,False,control,0.0,0.0
E03,C2024,2024-01-09,overnight,pre,CACI,0.0014754134304388877,0.0014754134304388877,-0.0057522354928599695,0.4457664329834484,250,0.004039566927771864,0.0050000000000000044,,0.195,0.2,True,averted,False,exposed,0.956,0.0926
E03,C2024,2024-01-09,overnight,pre,SAIC,7.895563606186151e-05,7.901025482115465e-05,-0.0057522354928599695,0.39653185042749184,250,0.0023599002201403207,0.0050000000000000044,,0.195,0.2,True,averted,False,exposed,0.98,0.0479
E03,C2024,2024-01-09,overnight,pre,LDOS,0.0009076736101825134,0.000907692042104502,-0.0057522354928599695,0.40365291888958404,250,0.0032295802570157053,0.0050000000000000044,,0.195,0.2,True,averted,False,exposed,0.87,0.0736
E03,C2024,2024-01-09,overnight,pre,BAH,0.0,-7.419305148026467e-08,-0.0057522354928599695,0.3040792670512936,250,0.0017491355525752963,0.0050000000000000044,,0.195,0.2,True,averted,False,exposed,0.98,0.0144
E03,C2024,2024-01-09,overnight,pre,PSN,-0.0031912710362218544,-0.0031912710362218544,-0.0057522354928599695,0.460694599896339,250,-0.0005412472073292106,0.0050000000000000044,,0.195,0.2,True,averted,False,exposed,0.51,0.0099
E03,C2024,2024-01-09,overnight,pre,ACN,-0.003173254240173673,-0.0031733087281665684,-0.0057522354928599695,1.2483673967737374,250,0.004007649007677423,0.0050000000000000044,,0.195,0.2,True,averted,False,control,0.08,0.0656
E03,C2024,2024-01-09,overnight,pre,EPAM,-0.009850701238429127,-0.009850701238429127,-0.0057522354928599695,1.8221983677356366,250,0.0006310128874913046,0.0050000000000000044,,0.195,0.2,True,averted,False,control,0.0,0.0
E03,C2024,2024-01-09,overnight,pre,CTSH,-0.008006567383145202,-0.008006662904971318,-0.0057522354928599695,1.0473569707132337,250,-0.0019819234425142397,0.0050000000000000044,,0.195,0.2,True,averted,False,control,0.0,0.0
E03,C2024,2024-01-09,intraday,pre,CACI,-0.005186920269275808,-0.005186920269275808,0.004259668597012656,0.5341313406289494,250,-0.007462142767633214,-0.05000000000000002,,0.2,0.15,True,averted,False,exposed,0.956,0.0926
E03,C2024,2024-01-09,intraday,pre,SAIC,0.004420219349526189,0.004420219349526189,0.004259668597012656,0.559086918414823,250,0.00203869436015399,-0.05000000000000002,,0.2,0.15,True,averted,False,exposed,0.98,0.0479
E03,C2024,2024-01-09,intraday,pre,LDOS,-0.00045339078209416517,-0.00045339078209416517,0.004259668597012656,0.6779317021458677,250,-0.003341155164644255,-0.05000000000000002,,0.2,0.15,True,averted,False,exposed,0.87,0.0736
E03,C2024,2024-01-09,intraday,pre,BAH,0.0022840111621578174,0.0022840111621578174,0.004259668597012656,0.539286893532915,250,-1.3172283004848385e-05,-0.05000000000000002,,0.2,0.15,True,averted,False,exposed,0.98,0.0144
E03,C2024,2024-01-09,intraday,pre,PSN,0.007523569726608725,0.007523569726608725,0.004259668597012656,0.5149727824707927,250,0.00532995633680166,-0.05000000000000002,,0.2,0.15,True,averted,False,exposed,0.51,0.0099
E03,C2024,2024-01-09,intraday,pre,ACN,0.010257349936130034,0.010257349936130034,0.004259668597012656,1.0201078490901354,250,0.005912028565794658,-0.05000000000000002,,0.2,0.15,True,averted,False,control,0.08,0.0656
E03,C2024,2024-01-09,intraday,pre,EPAM,0.014396760921230989,0.014396760921230989,0.004259668597012656,1.527515969879044,250,0.007890049112901896,-0.05000000000000002,,0.2,0.15,True,averted,False,control,0.0,0.0
E03,C2024,2024-01-09,intraday,pre,CTSH,0.0008208644494653861,0.0008208644494656081,0.004259668597012656,0.9997545882839111,250,-0.0034377587749669066,-0.05000000000000002,,0.2,0.15,True,averted,False,control,0.0,0.0
E03,C2024,2024-01-10,overnight,pre,CACI,0.002745762769708948,0.002745762769708948,0.0005908643477352538,0.4457664329834484,250,0.002482375277041912,0.06,,0.15,0.21,True,averted,False,exposed,0.956,0.0926
E03,C2024,2024-01-10,overnight,pre,SAIC,0.003222033005893854,0.0032219838380256327,0.0005908643477352538,0.39653185042749184,250,0.002987736472734761,0.06,,0.15,0.21,True,averted,False,exposed,0.98,0.0479
E03,C2024,2024-01-10,overnight,pre,LDOS,-0.0007258374081745567,-0.0007257891211032153,0.0005908643477352538,0.40365291888958404,250,-0.000964341526805682,0.06,,0.15,0.21,True,averted,False,exposed,0.87,0.0736
E03,C2024,2024-01-10,overnight,pre,BAH,0.0,-2.7893173548676486e-08,0.0005908643477352538,0.3040792670512936,250,-0.00017966959778607664,0.06,,0.15,0.21,True,averted,False,exposed,0.98,0.0144
E03,C2024,2024-01-10,overnight,pre,PSN,0.005084202366783641,0.005084202366783641,0.0005908643477352538,0.460694599896339,250,0.004811994352510737,0.06,,0.15,0.21,True,averted,False,exposed,0.51,0.0099
E03,C2024,2024-01-10,overnight,pre,ACN,0.005339129394602349,0.005339128533712767,0.0005908643477352538,1.2483673967737374,250,0.004601513606973678,0.06,,0.15,0.21,True,averted,False,control,0.08,0.0656
E03,C2024,2024-01-10,overnight,pre,EPAM,-0.00518824368200832,-0.00518824368200832,0.0005908643477352538,1.8221983677356366,250,-0.006264915732004681,0.06,,0.15,0.21,True,averted,False,control,0.0,0.0
E03,C2024,2024-01-10,overnight,pre,CTSH,-0.0025970807886096514,-0.002597065901358664,0.0005908643477352538,1.0473569707132337,250,-0.0032159266819560975,0.06,,0.15,0.21,True,averted,False,control,0.0,0.0
E03,C2024,2024-01-10,intraday,pre,CACI,0.01239923369759266,0.01239923369759266,0.005061569683803224,0.5341313406289494,250,0.009695690696695996,-0.04000000000000009,,0.21,0.1699999999999999,True,averted,False,exposed,0.956,0.0926
E03,C2024,2024-01-10,intraday,pre,SAIC,0.0030549850281729185,0.0030549850281729185,0.005061569683803224,0.559086918414823,250,0.00022512763131348357,-0.04000000000000009,,0.21,0.1699999999999999,True,averted,False,exposed,0.98,0.0479
E03,C2024,2024-01-10,intraday,pre,LDOS,-0.0039041247715858596,-0.0039041247715859706,0.005061569683803224,0.6779317021458677,250,-0.007335523322856501,-0.04000000000000009,,0.21,0.1699999999999999,True,averted,False,exposed,0.87,0.0736
E03,C2024,2024-01-10,intraday,pre,BAH,-0.0003143242129491908,-0.0003143242129493018,0.005061569683803224,0.539286893532915,250,-0.0030439624041278105,-0.04000000000000009,,0.21,0.1699999999999999,True,averted,False,exposed,0.98,0.0144
E03,C2024,2024-01-10,intraday,pre,PSN,0.003161567583171543,0.003161567583171543,0.005061569683803224,0.5149727824707927,250,0.0005549969594335863,-0.04000000000000009,,0.21,0.1699999999999999,True,averted,False,exposed,0.51,0.0099
E03,C2024,2024-01-10,intraday,pre,ACN,0.002176562856712305,0.002176562856712305,0.005061569683803224,1.0201078490901354,250,-0.0029867841064520383,-0.04000000000000009,,0.21,0.1699999999999999,True,averted,False,control,0.08,0.0656
E03,C2024,2024-01-10,intraday,pre,EPAM,0.008209967361501924,0.008209967361501924,0.005061569683803224,1.527515969879044,250,0.00047833883683687673,-0.04000000000000009,,0.21,0.1699999999999999,True,averted,False,control,0.0,0.0
E03,C2024,2024-01-10,intraday,pre,CTSH,0.0052075817958989745,0.0052075817958989745,0.005061569683803224,0.9997545882839111,250,0.00014725428059795577,-0.04000000000000009,,0.21,0.1699999999999999,True,averted,False,control,0.0,0.0
E03,C2024,2024-01-11,overnight,pre,CACI,0.0016715341753310575,0.0016715341753310575,0.002161320096498276,0.4457664329834484,250,0.0007080902253795785,-0.0050000000000000044,,0.1699999999999999,0.1649999999999999,True,averted,False,exposed,0.956,0.0926
E03,C2024,2024-01-11,overnight,pre,SAIC,-0.0030456805197843773,-0.00015658764084969246,0.002161320096498276,0.39653185042749184,250,-0.0039027127770149637,-0.0050000000000000044,,0.1699999999999999,0.1649999999999999,True,averted,False,exposed,0.98,0.0479
E03,C2024,2024-01-11,overnight,pre,LDOS,-0.0005468744917709323,-0.00054691500256554,0.002161320096498276,0.40365291888958404,250,-0.0014192976573771789,-0.0050000000000000044,,0.1699999999999999,0.1649999999999999,True,averted,False,exposed,0.87,0.0736
E03,C2024,2024-01-11,overnight,pre,BAH,0.0032227330304410717,0.0032228011695407677,0.002161320096498276,0.3040792670512936,250,0.0025655203996346448,-0.0050000000000000044,,0.1699999999999999,0.1649999999999999,True,averted,False,exposed,0.98,0.0144
E03,C2024,2024-01-11,overnight,pre,PSN,0.000945499225809332,0.000945499225809332,0.002161320096498276,0.460694599896339,250,-5.020927129485795e-05,-0.0050000000000000044,,0.1699999999999999,0.1649999999999999,True,averted,False,exposed,0.51,0.0099
E03,C2024,2024-01-11,overnight,pre,ACN,-0.005299240352734547,-0.005299158101836787,0.002161320096498276,1.2483673967737374,250,-0.007997361895194862,-0.0050000000000000044,,0.1699999999999999,0.1649999999999999,True,averted,False,control,0.08,0.0656
E03,C2024,2024-01-11,overnight,pre,EPAM,-0.0024028873478767476,-0.0024028873478767476,0.002161320096498276,1.8221983677356366,250,-0.006341241299870135,-0.0050000000000000044,,0.1699999999999999,0.1649999999999999,True,averted,False,control,0.0,0.0
E03,C2024,2024-01-11,overnight,pre,CTSH,0.0070893563850948915,0.007089167077410474,0.002161320096498276,1.0473569707132337,250,0.004825682716084823,-0.0050000000000000044,,0.1699999999999999,0.1649999999999999,True,averted,False,control,0.0,0.0
E03,C2024,2024-01-11,intraday,pre,CACI,-0.00018203155002904925,-0.00018203155002904925,-0.0025963487711353483,0.5341313406289494,250,0.0012047596998377996,0.0500000000000001,-0.010000000000000009,0.1649999999999999,0.215,True,averted,False,exposed,0.956,0.0926
E03,C2024,2024-01-11,intraday,pre,SAIC,0.0005483291396770618,0.0005483291396770618,-0.0025963487711353483,0.559086918414823,250,0.001999913773261236,0.0500000000000001,-0.010000000000000009,0.1649999999999999,0.215,True,averted,False,exposed,0.98,0.0479
E03,C2024,2024-01-11,intraday,pre,LDOS,-0.007569555756002488,-0.007569555756002488,-0.0025963487711353483,0.6779317021458677,250,-0.005809408614222369,0.0500000000000001,-0.010000000000000009,0.1649999999999999,0.215,True,averted,False,exposed,0.87,0.0736
E03,C2024,2024-01-11,intraday,pre,BAH,-0.008697020477019146,-0.008697020477019146,-0.0025963487711353483,0.539286893532915,250,-0.007296843613705563,0.0500000000000001,-0.010000000000000009,0.1649999999999999,0.215,True,averted,False,exposed,0.98,0.0144
E03,C2024,2024-01-11,intraday,pre,PSN,-0.0004722729814665705,-0.0004722729814665705,-0.0025963487711353483,0.5149727824707927,250,0.0008647759694696232,0.0500000000000001,-0.010000000000000009,0.1649999999999999,0.215,True,averted,False,exposed,0.51,0.0099
E03,C2024,2024-01-11,intraday,pre,ACN,0.013013103930131109,0.013013103930130887,-0.0025963487711353483,1.0201078490901354,250,0.015661659690541806,0.0500000000000001,-0.010000000000000009,0.1649999999999999,0.215,True,averted,False,control,0.08,0.0656
E03,C2024,2024-01-11,intraday,pre,EPAM,0.0026093896863179644,0.0026093896863179644,-0.0025963487711353483,1.527515969879044,250,0.0065753538976030396,0.0500000000000001,-0.010000000000000009,0.1649999999999999,0.215,True,averted,False,control,0.0,0.0
E03,C2024,2024-01-11,intraday,pre,CTSH,0.013672593236772279,0.013672593236772279,-0.0025963487711353483,0.9997545882839111,250,0.016268304833500138,0.0500000000000001,-0.010000000000000009,0.1649999999999999,0.215,True,averted,False,control,0.0,0.0
E03,C2024,2024-01-12,overnight,pre,CACI,0.007768396959302759,0.007768396959302759,0.0031279315228711635,0.4457664329834484,250,0.006374070081735995,0.009999999999999898,0.07999999999999999,0.215,0.2249999999999999,True,averted,False,exposed,0.956,0.0926
E03,C2024,2024-01-12,overnight,pre,SAIC,0.005167118002284532,0.0051670442762707935,0.0031279315228711635,0.39653185042749184,250,0.003926793527509947,0.009999999999999898,0.07999999999999999,0.215,0.2249999999999999,True,averted,False,exposed,0.98,0.0479
E03,C2024,2024-01-12,overnight,pre,LDOS,-0.00018375850078222733,-0.00018366204938791153,0.0031279315228711635,0.40365291888958404,250,-0.001446357190075914,0.009999999999999898,0.07999999999999999,0.215,0.2249999999999999,True,averted,False,exposed,0.87,0.0736
E03,C2024,2024-01-12,overnight,pre,BAH,0.0039519444628248745,0.0039519825295075695,0.0031279315228711635,0.3040792670512936,250,0.0030008053379635743,0.009999999999999898,0.07999999999999999,0.215,0.2249999999999999,True,averted,False,exposed,0.98,0.0144
E03,C2024,2024-01-12,overnight,pre,PSN,0.008032734391321572,0.008032734391321572,0.0031279315228711635,0.460694599896339,250,0.006591713229889295,0.009999999999999898,0.07999999999999999,0.215,0.2249999999999999,True,averted,False,exposed,0.51,0.0099
E03,C2024,2024-01-12,overnight,pre,ACN,0.005833832781559911,0.005833731653570151,0.0031279315228711635,1.2483673967737374,250,0.0019290250490667247,0.009999999999999898,0.07999999999999999,0.215,0.2249999999999999,True,averted,False,control,0.08,0.0656
E03,C2024,2024-01-12,overnight,pre,EPAM,0.005171797587267379,0.005171797587267379,0.0031279315228711635,1.8221983677356366,250,-0.0005279141280972984,0.009999999999999898,0.07999999999999999,0.215,0.2249999999999999,True,averted,False,control,0.0,0.0
E03,C2024,2024-01-12,overnight,pre,CTSH,0.00587610117734072,0.005876133645434267,0.0031279315228711635,1.0473569707132337,250,0.0026000402929479464,0.009999999999999898,0.07999999999999999,0.215,0.2249999999999999,True,averted,False,control,0.0,0.0
E03,C2024,2024-01-12,intraday,pre,CACI,0.001053917776486335,0.001053917776486335,-0.0024275983780807087,0.5341313406289494,250,0.002350574152679247,-0.0799999999999999,-0.03999999999999998,0.2249999999999999,0.145,True,averted,False,exposed,0.956,0.0926
E03,C2024,2024-01-12,intraday,pre,SAIC,0.0018693473099276048,0.0018693473099276048,-0.0024275983780807087,0.559086918414823,250,0.0032265858062775704,-0.0799999999999999,-0.03999999999999998,0.2249999999999999,0.145,True,averted,False,exposed,0.98,0.0479
E03,C2024,2024-01-12,intraday,pre,LDOS,0.012775728496279726,0.012775728496279726,-0.0024275983780807087,0.6779317021458677,250,0.014421474396858529,-0.0799999999999999,-0.03999999999999998,0.2249999999999999,0.145,True,averted,False,exposed,0.87,0.0736
E03,C2024,2024-01-12,intraday,pre,BAH,0.012675234948006597,0.012675234948006375,-0.0024275983780807087,0.539286893532915,250,0.013984406936067286,-0.0799999999999999,-0.03999999999999998,0.2249999999999999,0.145,True,averted,False,exposed,0.98,0.0144
E03,C2024,2024-01-12,intraday,pre,PSN,0.019062519062500005,0.019062519062500005,-0.0024275983780807087,0.5149727824707927,250,0.02031266615398181,-0.0799999999999999,-0.03999999999999998,0.2249999999999999,0.145,True,averted,False,exposed,0.51,0.0099
E03,C2024,2024-01-12,intraday,pre,ACN,0.018085675999999884,0.018085676000000106,-0.0024275983780807087,1.0201078490901354,250,0.020562088159918498,-0.0799999999999999,-0.03999999999999998,0.2249999999999999,0.145,True,averted,False,control,0.08,0.0656
E03,C2024,2024-01-12,intraday,pre,EPAM,0.02151040995850617,0.02151040995850617,-0.0024275983780807087,1.527515969879044,250,0.02521860524947692,-0.0799999999999999,-0.03999999999999998,0.2249999999999999,0.145,True,averted,False,control,0.0,0.0
E03,C2024,2024-01-12,intraday,pre,CTSH,0.035183238726856025,0.035183238726856025,-0.0024275983780807087,0.9997545882839111,250,0.037610241343852796,-0.0799999999999999,-0.03999999999999998,0.2249999999999999,0.145,True,averted,False,control,0.0,0.0
E03,C2024,2024-01-16,overnight,pre,CACI,-0.0005113953790374381,-0.0005113953790374381,-0.0029789018245909293,0.4457664329834484,250,0.0008164990615183467,-0.08499999999999999,-0.15600000000000003,0.145,0.06,True,averted,False,exposed,0.956,0.0926
E03,C2024,2024-01-16,overnight,pre,SAIC,-0.0033429836244994737,-0.0033429614430126042,-0.0029789018245909293,0.39653185042749184,250,-0.002161754171752601,-0.08499999999999999,-0.15600000000000003,0.145,0.06,True,averted,False,exposed,0.98,0.0479
E03,C2024,2024-01-16,overnight,pre,LDOS,-0.002722597272581617,-0.002722679494359004,-0.0029789018245909293,0.40365291888958404,250,-0.0015201548559999809,-0.08499999999999999,-0.15600000000000003,0.145,0.06,True,averted,False,exposed,0.87,0.0736
E03,C2024,2024-01-16,overnight,pre,BAH,-0.002876548129556844,-0.0028764683034663285,-0.0029789018245909293,0.3040792670512936,250,-0.001970725846117473,-0.08499999999999999,-0.15600000000000003,0.145,0.06,True,averted,False,exposed,0.98,0.0144
E03,C2024,2024-01-16,overnight,pre,PSN,0.023919005379006597,0.023919005379006597,-0.0029789018245909293,0.460694599896339,250,0.02529136936321699,-0.08499999999999999,-0.15600000000000003,0.145,0.06,True,averted,False,exposed,0.51,0.0099
E03,C2024,2024-01-16,overnight,pre,ACN,-0.011113270420446852,-0.011113304073511854,-0.0029789018245909293,1.2483673967737374,250,-0.007394506504437738,-0.08499999999999999,-0.15600000000000003,0.145,0.06,True,averted,False,control,0.08,0.0656
E03,C2024,2024-01-16,overnight,pre,EPAM,-0.011536145884711857,-0.011536145884711857,-0.0029789018245909293,1.8221983677356366,250,-0.006107995842297556,-0.08499999999999999,-0.15600000000000003,0.145,0.06,True,averted,False,control,0.0,0.0
E03,C2024,2024-01-16,overnight,pre,CTSH,-0.003975856805815803,-0.003975647276801775,-0.0029789018245909293,1.0473569707132337,250,-0.0008558832147601224,-0.08499999999999999,-0.15600000000000003,0.145,0.06,True,averted,False,control,0.0,0.0
E03,C2024,2024-01-16,intraday,pre,CACI,-0.006139426409556004,-0.006139426409556004,-0.0006943927391215299,0.5341313406289494,250,-0.005768529484886013,-0.019999999999999997,0.0005000000000000004,0.06,0.04,True,averted,False,exposed,0.956,0.0926
E03,C2024,2024-01-16,intraday,pre,SAIC,-0.0070982529017519225,-0.0070982529017519225,-0.0006943927391215299,0.559086918414823,250,-0.006710027005066838,-0.019999999999999997,0.0005000000000000004,0.06,0.04,True,averted,False,exposed,0.98,0.0479
E03,C2024,2024-01-16,intraday,pre,LDOS,-0.010465024172163107,-0.010465024172163107,-0.0006943927391215299,0.6779317021458677,250,-0.009994273320572716,-0.019999999999999997,0.0005000000000000004,0.06,0.04,True,averted,False,exposed,0.87,0.0736
E03,C2024,2024-01-16,intraday,pre,BAH,-0.012396665898812387,-0.012396665898812498,-0.0006943927391215299,0.539286893532915,250,-0.012022188995639725,-0.019999999999999997,0.0005000000000000004,0.06,0.04,True,averted,False,exposed,0.98,0.0144
E03,C2024,2024-01-16,intraday,pre,PSN,-0.028451655656050012,-0.028451655656050012,-0.0006943927391215299,0.5149727824707927,250,-0.028094062295057082,-0.019999999999999997,0.0005000000000000004,0.06,0.04,True,averted,False,exposed,0.51,0.0099
E03,C2024,2024-01-16,intraday,pre,ACN,0.006215065216828464,0.006215065216828464,-0.0006943927391215299,1.0201078490901354,250,0.006923420700357535,-0.019999999999999997,0.0005000000000000004,0.06,0.04,True,averted,False,control,0.08,0.0656
E03,C2024,2024-01-16,intraday,pre,EPAM,-0.013182916024180646,-0.013182916024180646,-0.0006943927391215299,1.527515969879044,250,-0.012122220025804457,-0.019999999999999997,0.0005000000000000004,0.06,0.04,True,averted,False,control,0.0,0.0
E03,C2024,2024-01-16,intraday,pre,CTSH,-0.018799982503116985,-0.018799982503116985,-0.0006943927391215299,0.9997545882839111,250,-0.018105760176109202,-0.019999999999999997,0.0005000000000000004,0.06,0.04,True,averted,False,control,0.0,0.0
E03,C2024,2024-01-17,overnight,pre,CACI,-0.00787298836347905,-0.00787298836347905,-0.0065483027978915365,0.4457664329834484,250,-0.004953974783167404,0.0,-0.013999999999999999,0.04,0.04,True,averted,False,exposed,0.956,0.0926
E03,C2024,2024-01-17,overnight,pre,SAIC,-0.008327421576756366,-0.008327329050933696,-0.0065483027978915365,0.39653185042749184,250,-0.005730810951148913,0.0,-0.013999999999999999,0.04,0.04,True,averted,False,exposed,0.98,0.0479
E03,C2024,2024-01-17,overnight,pre,LDOS,-0.006621310593201812,-0.006621275473862265,-0.0065483027978915365,0.40365291888958404,250,-0.003978069055060063,0.0,-0.013999999999999999,0.04,0.04,True,averted,False,exposed,0.87,0.0736
E03,C2024,2024-01-17,overnight,pre,BAH,-0.003631476328543881,-0.0036315463912562906,-0.0065483027978915365,0.3040792670512936,250,-0.0016402732133310874,0.0,-0.013999999999999999,0.04,0.04,True,averted,False,exposed,0.98,0.0144
E03,C2024,2024-01-17,overnight,pre,PSN,-0.0021578205291924446,-0.0021578205291924446,-0.0065483027978915365,0.460694599896339,250,0.0008589472082822739,0.0,-0.013999999999999999,0.04,0.04,True,averted,False,exposed,0.51,0.0099
E03,C2024,2024-01-17,overnight,pre,ACN,-0.0077560921102624025,-0.004132681260598958,-0.0065483027978915365,1.2483673967737374,250,0.0004185956068276358,0.0,-0.013999999999999999,0.04,0.04,True,averted,False,control,0.08,0.0656
E03,C2024,2024-01-17,overnight,pre,EPAM,-0.015990998719794258,-0.015990998719794258,-0.0065483027978915365,1.8221983677356366,250,-0.004058692050037598,0.0,-0.013999999999999999,0.04,0.04,True,averted,False,control,0.0,0.0
E03,C2024,2024-01-17,overnight,pre,CTSH,-0.0059054720211507705,-0.005905596103604083,-0.0065483027978915365,1.0473569707132337,250,0.000952938560561902,0.0,-0.013999999999999999,0.04,0.04,True,averted,False,control,0.0,0.0
E03,C2024,2024-01-17,intraday,pre,CACI,0.007294543076241222,0.007294543076241222,0.0009961451246833786,0.5341313406289494,250,0.006762470745333097,0.0,-0.012,0.04,0.04,True,averted,False,exposed,0.956,0.0926
E03,C2024,2024-01-17,intraday,pre,SAIC,0.008872653646779582,0.008872653646779582,0.0009961451246833786,0.559086918414823,250,0.008315721938726402,0.0,-0.012,0.04,0.04,True,averted,False,exposed,0.98,0.0479
E03,C2024,2024-01-17,intraday,pre,LDOS,0.0045362480598336585,0.0045362480598336585,0.0009961451246833786,0.6779317021458677,250,0.0038609296998727482,0.0,-0.012,0.04,0.04,True,averted,False,exposed,0.87,0.0736
E03,C2024,2024-01-17,intraday,pre,BAH,0.002614704083299557,0.002614704083299557,0.0009961451246833786,0.539286893532915,250,0.0020774960735010996,0.0,-0.012,0.04,0.04,True,averted,False,exposed,0.98,0.0144
E03,C2024,2024-01-17,intraday,pre,PSN,0.0063330813029469635,0.0063330813029469635,0.0009961451246833786,0.5149727824707927,250,0.0058200936763440495,0.0,-0.012,0.04,0.04,True,averted,False,exposed,0.51,0.0099
E03,C2024,2024-01-17,intraday,pre,ACN,0.005230085308979948,0.005230085308979948,0.0009961451246833786,1.0201078490901354,250,0.004213909848457562,0.0,-0.012,0.04,0.04,True,averted,False,control,0.08,0.0656
E03,C2024,2024-01-17,intraday,pre,EPAM,-0.0032840207742548255,-0.0032840207742548255,0.0009961451246833786,1.527515969879044,250,-0.0048056483605258375,0.0,-0.012,0.04,0.04,True,averted,False,control,0.0,0.0
E03,C2024,2024-01-17,intraday,pre,CTSH,-0.00066010627062707,-0.00066010627062707,0.0009961451246833786,0.9997545882839111,250,-0.0016560069296259264,0.0,-0.012,0.04,0.04,True,averted,False,control,0.0,0.0
E03,C2024,2024-01-18,overnight,pre,CACI,0.0019392618923343985,0.0019392618923343985,0.003641832918428012,0.4457664329834484,250,0.0003158550227650417,-0.015,0.0010000000000000009,0.04,0.025,True,averted,False,exposed,0.956,0.0926
E03,C2024,2024-01-18,overnight,pre,SAIC,0.00376916612213396,0.0037690475553595615,0.003641832918428012,0.39653185042749184,250,0.0023250633760419476,-0.015,0.0010000000000000009,0.04,0.025,True,averted,False,exposed,0.98,0.0479
E03,C2024,2024-01-18,overnight,pre,LDOS,0.001013736963147771,0.0010136361525634463,0.003641832918428012,0.40365291888958404,250,-0.0004562995244838683,-0.015,0.0010000000000000009,0.04,0.025,True,averted,False,exposed,0.87,0.0736
E03,C2024,2024-01-18,overnight,pre,BAH,0.00039509561912765,0.000395137720050176,0.003641832918428012,0.3040792670512936,250,-0.0007123102654312133,-0.015,0.0010000000000000009,0.04,0.025,True,averted,False,exposed,0.98,0.0144
E03,C2024,2024-01-18,overnight,pre,PSN,0.004144230754556055,0.004144230754556055,0.003641832918428012,0.460694599896339,250,0.002466457995311546,-0.015,0.0010000000000000009,0.04,0.025,True,averted,False,exposed,0.51,0.0099
E03,C2024,2024-01-18,overnight,pre,ACN,0.006701527331766766,0.006701476195799749,0.003641832918428012,1.2483673967737374,250,0.002155181851903886,-0.015,0.0010000000000000009,0.04,0.025,True,averted,False,control,0.08,0.0656
E03,C2024,2024-01-18,overnight,pre,EPAM,0.005808395161111424,0.005808395161111424,0.003641832918428012,1.8221983677356366,250,-0.0008277468384140091,-0.015,0.0010000000000000009,0.04,0.025,True,averted,False,control,0.0,0.0
E03,C2024,2024-01-18,overnight,pre,CTSH,0.0019815261036151277,0.001981571641569868,0.003641832918428012,1.0473569707132337,250,-0.00183277298967337,-0.015,0.0010000000000000009,0.04,0.025,True,averted,False,control,0.0,0.0
E03,C2024,2024-01-18,intraday,pre,CACI,0.002993891976537988,0.002993891976537988,0.005231915674199339,0.5341313406289494,250,0.00019936184342028143,-0.010000000000000002,-0.011,0.025,0.015,True,averted,False,exposed,0.956,0.0926
E03,C2024,2024-01-18,intraday,pre,SAIC,0.007118858540139605,0.007118858540139605,0.005231915674199339,0.559086918414823,250,0.004193762928445286,-0.010000000000000002,-0.011,0.025,0.015,True,averted,False,exposed,0.98,0.0479
E03,C2024,2024-01-18,intraday,pre,LDOS,0.01021911869276737,0.01021911869276737,0.005231915674199339,0.6779317021458677,250,0.006672237194273767,-0.010000000000000002,-0.011,0.025,0.015,True,averted,False,exposed,0.87,0.0736
E03,C2024,2024-01-18,intraday,pre,BAH,0.00853149483819049,0.00853149483819049,0.005231915674199339,0.539286893532915,250,0.005709991287025361,-0.010000000000000002,-0.011,0.025,0.015,True,averted,False,exposed,0.98,0.0144
E03,C2024,2024-01-18,intraday,pre,PSN,0.011158718746873353,0.011158718746873353,0.005231915674199339,0.5149727824707927,250,0.008464424574478366,-0.010000000000000002,-0.011,0.025,0.015,True,averted,False,exposed,0.51,0.0099
E03,C2024,2024-01-18,intraday,pre,ACN,0.009915170240623716,0.009915170240623716,0.005231915674199339,1.0201078490901354,250,0.004578051995595263,-0.010000000000000002,-0.011,0.025,0.015,True,averted,False,control,0.08,0.0656
E03,C2024,2024-01-18,intraday,pre,EPAM,0.01151600340459158,0.01151600340459158,0.005231915674199339,1.527515969879044,250,0.0035241686591916035,-0.010000000000000002,-0.011,0.025,0.015,True,averted,False,control,0.0,0.0
E03,C2024,2024-01-18,intraday,pre,CTSH,-0.0025048755943634093,-0.0025048755943634093,0.005231915674199339,0.9997545882839111,250,-0.00773550729515871,-0.010000000000000002,-0.011,0.025,0.015,True,averted,False,control,0.0,0.0
E03,C2024,2024-01-19,overnight,pre,CACI,0.004402072555364844,0.004402072555364844,0.0024344765343613517,0.4457664329834484,250,0.003316864634460677,,-0.005000000000000001,0.015,,True,averted,False,exposed,0.956,0.0926
E03,C2024,2024-01-19,overnight,pre,SAIC,0.004738236553827102,0.004738394135895829,0.0024344765343613517,0.39653185042749184,250,0.0037728890688344878,,-0.005000000000000001,0.015,,True,averted,False,exposed,0.98,0.0479
E03,C2024,2024-01-19,overnight,pre,LDOS,0.0024605540110644863,0.0024605329958531375,0.0024344765343613517,0.40365291888958404,250,0.001477870452001328,,-0.005000000000000001,0.015,,True,averted,False,exposed,0.87,0.0736
E03,C2024,2024-01-19,overnight,pre,BAH,0.00274149060025608,0.0027414011214539347,0.0024344765343613517,0.3040792670512936,250,0.002001216760033907,,-0.005000000000000001,0.015,,True,averted,False,exposed,0.98,0.0144
E03,C2024,2024-01-19,overnight,pre,PSN,0.003628085479199239,0.003628085479199239,0.0024344765343613517,0.460694599896339,250,0.0025065352862446103,,-0.005000000000000001,0.015,,True,averted,False,exposed,0.51,0.0099
E03,C2024,2024-01-19,overnight,pre,ACN,0.0055069143851602664,0.005507051407608099,0.0024344765343613517,1.2483673967737374,250,0.002467793251452836,,-0.005000000000000001,0.015,,True,averted,False,control,0.08,0.0656
E03,C2024,2024-01-19,overnight,pre,EPAM,0.0017361762790395474,0.0017361762790395474,0.0024344765343613517,1.8221983677356366,250,-0.0026999228881644174,,-0.005000000000000001,0.015,,True,averted,False,control,0.0,0.0
E03,C2024,2024-01-19,overnight,pre,CTSH,0.0006607906103821559,0.0006610206751040959,0.0024344765343613517,1.0473569707132337,250,-0.001888975357919001,,-0.005000000000000001,0.015,,True,averted,False,control,0.0,0.0
E03,C2024,2024-01-19,intraday,pre,CACI,0.008135181135513925,0.008135181135513925,0.010007325156588864,0.5341313406289494,250,0.002789955133515303,,-0.002,,0.005,True,averted,False,exposed,0.956,0.0926
E03,C2024,2024-01-19,intraday,pre,SAIC,0.001159597162168291,0.001159597162168291,0.010007325156588864,0.559086918414823,250,-0.004435367421204114,,-0.002,,0.005,True,averted,False,exposed,0.98,0.0479
E03,C2024,2024-01-19,intraday,pre,LDOS,-0.001090933636363589,-0.001090933636363589,0.010007325156588864,0.6779317021458677,250,-0.00787521661369704,,-0.002,,0.005,True,averted,False,exposed,0.87,0.0736
E03,C2024,2024-01-19,intraday,pre,BAH,-0.004140027981548888,-0.004140027981548888,0.010007325156588864,0.539286893532915,250,-0.00953684727781949,,-0.002,,0.005,True,averted,False,exposed,0.98,0.0144
E03,C2024,2024-01-19,intraday,pre,PSN,-0.004970655716705852,-0.004970655716705852,0.010007325156588864,0.5149727824707927,250,-0.01012415579768438,,-0.002,,0.005,True,averted,False,exposed,0.51,0.0099
E03,C2024,2024-01-19,intraday,pre,ACN,0.006555459043140477,0.006555459043140477,0.010007325156588864,1.0201078490901354,250,-0.003653091897492992,,-0.002,,0.005,True,averted,False,control,0.08,0.0656
E03,C2024,2024-01-19,intraday,pre,EPAM,-6.672276840702374e-05,-6.672276840702374e-05,0.010007325156588864,1.527515969879044,250,-0.015353071760868819,,-0.002,,0.005,True,averted,False,control,0.0,0.0
E03,C2024,2024-01-19,intraday,pre,CTSH,0.015453680943301906,0.015453680943301684,0.010007325156588864,0.9997545882839111,250,0.00544881170155318,,-0.002,,0.005,True,averted,False,control,0.0,0.0
E03,C2024,2024-01-22,overnight,resolution,CACI,0.005359909394106577,0.005359909394106577,0.0032751220361675326,0.4457664329834484,250,0.003899969926458687,,,0.005,,True,averted,False,exposed,0.956,0.0926
E03,C2024,2024-01-22,overnight,resolution,SAIC,0.0038610038610038533,0.0038611056719639603,0.0032751220361675326,0.39653185042749184,250,0.0025623136596264868,,,0.005,,True,averted,False,exposed,0.98,0.0479
E03,C2024,2024-01-22,overnight,resolution,LDOS,0.002548292745544245,0.0025484394838297675,0.0032751220361675326,0.40365291888958404,250,0.0012262801759256225,,,0.005,,True,averted,False,exposed,0.87,0.0736
E03,C2024,2024-01-22,overnight,resolution,BAH,0.003137512797778408,0.0031375784326044265,0.0032751220361675326,0.3040792670512936,250,0.0021416160895170442,,,0.005,,True,averted,False,exposed,0.98,0.0144
E03,C2024,2024-01-22,overnight,resolution,PSN,0.004995486560535722,0.004995486560535722,0.0032751220361675326,0.460694599896339,250,0.003486655524471838,,,0.005,,True,averted,False,exposed,0.51,0.0099
E03,C2024,2024-01-22,overnight,resolution,ACN,0.00027481753689584387,0.00027463580061826143,0.0032751220361675326,1.2483673967737374,250,-0.003813738033510921,,,0.005,,True,averted,False,control,0.08,0.0656
E03,C2024,2024-01-22,overnight,resolution,EPAM,0.01159926380771914,0.01159926380771914,0.0032751220361675326,1.8221983677356366,250,0.0056313417792796475,,,0.005,,True,averted,False,control,0.0,0.0
E03,C2024,2024-01-22,overnight,resolution,CTSH,0.0039022251655971285,0.0039020404214571425,0.0032751220361675326,1.0473569707132337,250,0.0004720032710805438,,,0.005,,True,averted,False,control,0.0,0.0
E04,C2024,2024-01-04,intraday,pre,CACI,-0.007640619189698494,-0.007640619189698494,-0.002178067534854611,0.5474370102894478,250,-0.006448264410209179,0.0,,0.3,0.3,True,averted,False,exposed,0.956,0.0926
E04,C2024,2024-01-04,intraday,pre,SAIC,-0.00040554013578930626,-0.00040554013578930626,-0.002178067534854611,0.5959611753818774,250,0.0008925035523437558,0.0,,0.3,0.3,True,averted,False,exposed,0.98,0.0479
E04,C2024,2024-01-04,intraday,pre,LDOS,-0.005534020567803277,-0.005534020567803277,-0.002178067534854611,0.730361944372481,250,-0.003943242928072287,0.0,,0.3,0.3,True,averted,False,exposed,0.87,0.0736
E04,C2024,2024-01-04,intraday,pre,BAH,-0.011042763158631619,-0.011042763158631508,-0.002178067534854611,0.6086892383649063,250,-0.009716996889733636,0.0,,0.3,0.3,True,averted,False,exposed,0.98,0.0144
E04,C2024,2024-01-04,intraday,pre,PSN,-0.00484729751101709,-0.00484729751101709,-0.002178067534854611,0.5341184293741684,250,-0.0036839515002296784,0.0,,0.3,0.3,True,averted,False,exposed,0.51,0.0099
E04,C2024,2024-01-04,intraday,pre,ACN,-0.0024562531578072866,-0.0024562531578072866,-0.002178067534854611,1.0226412282810475,250,-0.00022887149868449416,0.0,,0.3,0.3,True,averted,False,control,0.08,0.0656
E04,C2024,2024-01-04,intraday,pre,EPAM,0.004847226621032652,0.004847226621032652,-0.002178067534854611,1.4794559716821971,250,0.008069581642200428,0.0,,0.3,0.3,True,averted,False,control,0.0,0.0
E04,C2024,2024-01-04,intraday,pre,CTSH,-0.0025752567517187686,-0.0025752567517187686,-0.002178067534854611,1.036193648060223,250,-0.0003183570070562328,0.0,,0.3,0.3,True,averted,False,control,0.0,0.0
E04,C2024,2024-01-05,overnight,pre,CACI,0.014603405348376564,0.014603405348376564,0.00044939094448581685,0.40792976632912253,250,0.014420085405402041,,,0.3,,True,averted,False,exposed,0.956,0.0926
E04,C2024,2024-01-05,overnight,pre,SAIC,0.0007301931034482401,0.0007302762993113276,0.00044939094448581685,0.32873187911054214,250,0.0005824639738121562,,,0.3,,True,averted,False,exposed,0.98,0.0479
E04,C2024,2024-01-05,overnight,pre,LDOS,0.012799083693560753,0.012799092934477008,0.00044939094448581685,0.37232350355839466,250,0.012631764882642378,,,0.3,,True,averted,False,exposed,0.87,0.0736
E04,C2024,2024-01-05,overnight,pre,BAH,-0.010049406820333395,-0.010049391761193571,0.00044939094448581685,0.23906686084849207,250,-0.010156841302725358,,,0.3,,True,averted,False,exposed,0.98,0.0144
E04,C2024,2024-01-05,overnight,pre,PSN,0.0022730863721227568,0.0022730863721227568,0.00044939094448581685,0.4553970431963117,250,0.002068435064764718,,,0.3,,True,averted,False,exposed,0.51,0.0099
E04,C2024,2024-01-05,overnight,pre,ACN,0.002699586786877317,0.0026997067573450995,0.00044939094448581685,1.2464736450343163,250,0.0021394328182586667,,,0.3,,True,averted,False,control,0.08,0.0656
E04,C2024,2024-01-05,overnight,pre,EPAM,-0.004444780178159968,-0.004444780178159968,0.00044939094448581685,1.7940771059365401,250,-0.0052510221832771705,,,0.3,,True,averted,False,control,0.0,0.0
E04,C2024,2024-01-05,overnight,pre,CTSH,-0.010735063585953664,-0.01073525463561209,0.00044939094448581685,1.0216830062865487,250,-0.011194198677113885,,,0.3,,True,averted,False,control,0.0,0.0
E04,C2024,2024-01-05,intraday,pre,CACI,0.013985549028886268,0.013985549028886268,0.0009198554172593632,0.5474370102894478,250,0.01348198612936325,,,,,True,averted,False,exposed,0.956,0.0926
E04,C2024,2024-01-05,intraday,pre,SAIC,0.008350952090956154,0.008350952090956154,0.0009198554172593632,0.5959611753818774,250,0.007802753975304877,,,,,True,averted,False,exposed,0.98,0.0479
E04,C2024,2024-01-05,intraday,pre,LDOS,-0.0042124451745291225,-0.0042124451745291225,0.0009198554172593632,0.730361944372481,250,-0.004884272565620231,,,,,True,averted,False,exposed,0.87,0.0736
E04,C2024,2024-01-05,intraday,pre,BAH,-0.002819900841010914,-0.002819900841010914,0.0009198554172593632,0.6086892383649063,250,-0.0033798069343483486,,,,,True,averted,False,exposed,0.98,0.0144
E04,C2024,2024-01-05,intraday,pre,PSN,-0.0011339655033473228,-0.0011339655033473228,0.0009198554172593632,0.5341184293741684,250,-0.0016252772340652143,,,,,True,averted,False,exposed,0.51,0.0099
E04,C2024,2024-01-05,intraday,pre,ACN,-0.004082854733727825,-0.004082854733727825,0.0009198554172593632,1.0226412282810475,250,-0.005023536807474916,,,,,True,averted,False,control,0.08,0.0656
E04,C2024,2024-01-05,intraday,pre,EPAM,-0.0003114705449315247,-0.0003114705449315247,0.0009198554172593632,1.4794559716821971,250,-0.0016723561350801086,,,,,True,averted,False,control,0.0,0.0
E04,C2024,2024-01-05,intraday,pre,CTSH,0.0005493583561051452,0.0005493583561053672,0.0009198554172593632,1.036193648060223,250,-0.00040378998439279297,,,,,True,averted,False,control,0.0,0.0
E04,C2024,2024-01-08,overnight,pre,CACI,-0.0017626698593982137,-0.0017626698593982137,0.0010898856330046058,0.40792976632912253,250,-0.0022072666509952506,,,,,True,averted,False,exposed,0.956,0.0926
E04,C2024,2024-01-08,overnight,pre,SAIC,0.0,-1.2689368000806667e-08,0.0010898856330046058,0.32873187911054214,250,-0.0003582801521531868,,,,,True,averted,False,exposed,0.98,0.0479
E04,C2024,2024-01-08,overnight,pre,LDOS,0.002483025613521539,0.002482985286379913,0.0010898856330046058,0.37232350355839466,250,0.002077235576163305,,,,,True,averted,False,exposed,0.87,0.0736
E04,C2024,2024-01-08,overnight,pre,BAH,0.005413313552599774,0.005413368365747573,0.0010898856330046058,0.23906686084849207,250,0.005152758015633491,,,,,True,averted,False,exposed,0.98,0.0144
E04,C2024,2024-01-08,overnight,pre,PSN,0.0048653783770646886,0.0048653783770646886,0.0010898856330046058,0.4553970431963117,250,0.004369047682372251,,,,,True,averted,False,exposed,0.51,0.0099
E04,C2024,2024-01-08,overnight,pre,ACN,-0.004812533787598494,-0.004812674225279201,0.0010898856330046058,1.2464736450343163,250,-0.006171047505240278,,,,,True,averted,False,control,0.08,0.0656
E04,C2024,2024-01-08,overnight,pre,EPAM,0.02388780943148472,0.02388780943148472,0.0010898856330046058,1.7940771059365401,250,0.021932470569222002,,,,,True,averted,False,control,0.0,0.0
E04,C2024,2024-01-08,overnight,pre,CTSH,0.0021966456348121444,0.002196738084797145,0.0010898856330046058,1.0216830062865487,250,0.0010831280047754806,,,,,True,averted,False,control,0.0,0.0
E04,C2024,2024-01-08,intraday,pre,CACI,0.007899834978938092,0.007899834978938092,0.013171687330344461,0.5474370102894478,250,0.0006891658463469216,,,,,True,averted,False,exposed,0.956,0.0926
E04,C2024,2024-01-08,intraday,pre,SAIC,0.018573591298957304,0.01857359129895708,0.013171687330344461,0.5959611753818774,250,0.010723777035802635,,,,,True,averted,False,exposed,0.98,0.0479
E04,C2024,2024-01-08,intraday,pre,LDOS,0.010641189594106093,0.010641189594106093,0.013171687330344461,0.730361944372481,250,0.0010210904248493385,,,,,True,averted,False,exposed,0.87,0.0736
E04,C2024,2024-01-08,intraday,pre,BAH,0.02033107321765848,0.02033107321765848,0.013171687330344461,0.6086892383649063,250,0.012313608888570424,,,,,True,averted,False,exposed,0.98,0.0144
E04,C2024,2024-01-08,intraday,pre,PSN,0.011458991293451737,0.011458991293451737,0.013171687330344461,0.5341184293741684,250,0.00442375034436052,,,,,True,averted,False,exposed,0.51,0.0099
E04,C2024,2024-01-08,intraday,pre,ACN,0.015970167462686424,0.015970167462686646,0.013171687330344461,1.0226412282810475,250,0.0025002569526490527,,,,,True,averted,False,control,0.08,0.0656
E04,C2024,2024-01-08,intraday,pre,EPAM,0.0057142938292478185,0.0057142938292478185,0.013171687330344461,1.4794559716821971,250,-0.013772637648761032,,,,,True,averted,False,control,0.0,0.0
E04,C2024,2024-01-08,intraday,pre,CTSH,0.0094520882191782,0.009452088219177979,0.013171687330344461,1.036193648060223,250,-0.004196330526760045,,,,,True,averted,False,control,0.0,0.0
E04,C2024,2024-01-09,overnight,pre,CACI,0.0014754134304388877,0.0014754134304388877,-0.0057522354928599695,0.40792976632912253,250,0.00382192151091134,,,,,True,averted,False,exposed,0.956,0.0926
E04,C2024,2024-01-09,overnight,pre,SAIC,7.895563606186151e-05,7.901025482115465e-05,-0.0057522354928599695,0.32873187911054214,250,0.001969898818716075,,,,,True,averted,False,exposed,0.98,0.0479
E04,C2024,2024-01-09,overnight,pre,LDOS,0.0009076736101825134,0.000907692042104502,-0.0057522354928599695,0.37232350355839466,250,0.0030493660821770863,,,,,True,averted,False,exposed,0.87,0.0736
E04,C2024,2024-01-09,overnight,pre,BAH,0.0,-7.419305148026467e-08,-0.0057522354928599695,0.23906686084849207,250,0.0013751688821393116,,,,,True,averted,False,exposed,0.98,0.0144
E04,C2024,2024-01-09,overnight,pre,PSN,-0.0031912710362218544,-0.0031912710362218544,-0.0057522354928599695,0.4553970431963117,250,-0.0005717200010045458,,,,,True,averted,False,exposed,0.51,0.0099
E04,C2024,2024-01-09,overnight,pre,ACN,-0.003173254240173673,-0.0031733087281665684,-0.0057522354928599695,1.2464736450343163,250,0.00399675570170726,,,,,True,averted,False,control,0.08,0.0656
E04,C2024,2024-01-09,overnight,pre,EPAM,-0.009850701238429127,-0.009850701238429127,-0.0057522354928599695,1.7940771059365401,250,0.0004692527672665349,,,,,True,averted,False,control,0.0,0.0
E04,C2024,2024-01-09,overnight,pre,CTSH,-0.008006567383145202,-0.008006662904971318,-0.0057522354928599695,1.0216830062865487,250,-0.0021296061319318414,,,,,True,averted,False,control,0.0,0.0
E04,C2024,2024-01-09,intraday,pre,CACI,-0.005186920269275808,-0.005186920269275808,0.004259668597012656,0.5474370102894478,250,-0.007518820510848262,,,,0.2,True,averted,False,exposed,0.956,0.0926
E04,C2024,2024-01-09,intraday,pre,SAIC,0.004420219349526189,0.004420219349526189,0.004259668597012656,0.5959611753818774,250,0.0018816222457132535,,,,0.2,True,averted,False,exposed,0.98,0.0479
E04,C2024,2024-01-09,intraday,pre,LDOS,-0.00045339078209416517,-0.00045339078209416517,0.004259668597012656,0.730361944372481,250,-0.0035644906209907267,,,,0.2,True,averted,False,exposed,0.87,0.0736
E04,C2024,2024-01-09,intraday,pre,BAH,0.0022840111621578174,0.0022840111621578174,0.004259668597012656,0.6086892383649063,250,-0.00030880327184472497,,,,0.2,True,averted,False,exposed,0.98,0.0144
E04,C2024,2024-01-09,intraday,pre,PSN,0.007523569726608725,0.007523569726608725,0.004259668597012656,0.5341184293741684,250,0.005248402225917858,,,,0.2,True,averted,False,exposed,0.51,0.0099
E04,C2024,2024-01-09,intraday,pre,ACN,0.010257349936130034,0.010257349936130034,0.004259668597012656,1.0226412282810475,250,0.005901237210010805,,,,0.2,True,averted,False,control,0.08,0.0656
E04,C2024,2024-01-09,intraday,pre,EPAM,0.014396760921230989,0.014396760921230989,0.004259668597012656,1.4794559716821971,250,0.008094768777993488,,,,0.2,True,averted,False,control,0.0,0.0
E04,C2024,2024-01-09,intraday,pre,CTSH,0.0008208644494653861,0.0008208644494656081,0.004259668597012656,1.036193648060223,250,-0.0035929770936007294,,,,0.2,True,averted,False,control,0.0,0.0
E04,C2024,2024-01-10,overnight,pre,CACI,0.002745762769708948,0.002745762769708948,0.0005908643477352538,0.40792976632912253,250,0.0025047316144050967,,,0.2,,True,averted,False,exposed,0.956,0.0926
E04,C2024,2024-01-10,overnight,pre,SAIC,0.003222033005893854,0.0032219838380256327,0.0005908643477352538,0.32873187911054214,250,0.0030277970585634193,,,0.2,,True,averted,False,exposed,0.98,0.0479
E04,C2024,2024-01-10,overnight,pre,LDOS,-0.0007258374081745567,-0.0007257891211032153,0.0005908643477352538,0.37232350355839466,250,-0.0009458300922510919,,,0.2,,True,averted,False,exposed,0.87,0.0736
E04,C2024,2024-01-10,overnight,pre,BAH,0.0,-2.7893173548676486e-08,0.0005908643477352538,0.23906686084849207,250,-0.00014125608480035893,,,0.2,,True,averted,False,exposed,0.98,0.0144
E04,C2024,2024-01-10,overnight,pre,PSN,0.005084202366783641,0.005084202366783641,0.0005908643477352538,0.4553970431963117,250,0.004815124489894889,,,0.2,,True,averted,False,exposed,0.51,0.0099
E04,C2024,2024-01-10,overnight,pre,ACN,0.005339129394602349,0.005339128533712767,0.0005908643477352538,1.2464736450343163,250,0.0046026325573599635,,,0.2,,True,averted,False,control,0.08,0.0656
E04,C2024,2024-01-10,overnight,pre,EPAM,-0.00518824368200832,-0.00518824368200832,0.0005908643477352538,1.7940771059365401,250,-0.006248299880994266,,,0.2,,True,averted,False,control,0.0,0.0
E04,C2024,2024-01-10,overnight,pre,CTSH,-0.0025970807886096514,-0.002597065901358664,0.0005908643477352538,1.0216830062865487,250,-0.0032007568517113463,,,0.2,,True,averted,False,control,0.0,0.0
E04,C2024,2024-01-10,intraday,pre,CACI,0.01239923369759266,0.01239923369759266,0.005061569683803224,0.5474370102894478,250,0.009628343122519718,,,,,True,averted,False,exposed,0.956,0.0926
E04,C2024,2024-01-10,intraday,pre,SAIC,0.0030549850281729185,0.0030549850281729185,0.005061569683803224,0.5959611753818774,250,3.84860101362715e-05,,,,,True,averted,False,exposed,0.98,0.0479
E04,C2024,2024-01-10,intraday,pre,LDOS,-0.0039041247715858596,-0.0039041247715859706,0.005061569683803224,0.730361944372481,250,-0.007600902647425186,,,,,True,averted,False,exposed,0.87,0.0736
E04,C2024,2024-01-10,intraday,pre,BAH,-0.0003143242129491908,-0.0003143242129493018,0.005061569683803224,0.6086892383649063,250,-0.0033952472087142747,,,,,True,averted,False,exposed,0.98,0.0144
E04,C2024,2024-01-10,intraday,pre,PSN,0.003161567583171543,0.003161567583171543,0.005061569683803224,0.5341184293741684,250,0.00045808993349065854,,,,,True,averted,False,exposed,0.51,0.0099
E04,C2024,2024-01-10,intraday,pre,ACN,0.002176562856712305,0.002176562856712305,0.005061569683803224,1.0226412282810475,250,-0.0029996069817623374,,,,,True,averted,False,control,0.08,0.0656
E04,C2024,2024-01-10,intraday,pre,EPAM,0.008209967361501924,0.008209967361501924,0.005061569683803224,1.4794559716821971,250,0.000721597866713674,,,,,True,averted,False,control,0.0,0.0
E04,C2024,2024-01-10,intraday,pre,CTSH,0.0052075817958989745,0.0052075817958989745,0.005061569683803224,1.036193648060223,250,-3.718455967211768e-05,,,,,True,averted,False,control,0.0,0.0
E04,C2024,2024-01-11,overnight,pre,CACI,0.0016715341753310575,0.0016715341753310575,0.002161320096498276,0.40792976632912253,250,0.0007898673734040792,,,,,True,averted,False,exposed,0.956,0.0926
E04,C2024,2024-01-11,overnight,pre,SAIC,-0.0030456805197843773,-0.00015658764084969246,0.002161320096498276,0.32873187911054214,250,-0.0037561753364656336,,,,,True,averted,False,exposed,0.98,0.0479
E04,C2024,2024-01-11,overnight,pre,LDOS,-0.0005468744917709323,-0.00054691500256554,0.002161320096498276,0.37232350355839466,250,-0.001351584762410338,,,,,True,averted,False,exposed,0.87,0.0736
E04,C2024,2024-01-11,overnight,pre,BAH,0.0032227330304410717,0.0032228011695407677,0.002161320096498276,0.23906686084849207,250,0.002706033019682469,,,,,True,averted,False,exposed,0.98,0.0144
E04,C2024,2024-01-11,overnight,pre,PSN,0.000945499225809332,0.000945499225809332,0.002161320096498276,0.4553970431963117,250,-3.875955553675004e-05,,,,,True,averted,False,exposed,0.51,0.0099
E04,C2024,2024-01-11,overnight,pre,ACN,-0.005299240352734547,-0.005299158101836787,0.002161320096498276,1.2464736450343163,250,-0.007993268891502673,,,,,True,averted,False,control,0.08,0.0656
E04,C2024,2024-01-11,overnight,pre,EPAM,-0.0024028873478767476,-0.0024028873478767476,0.002161320096498276,1.7940771059365401,250,-0.006280462251604858,,,,,True,averted,False,control,0.0,0.0
E04,C2024,2024-01-11,overnight,pre,CTSH,0.0070893563850948915,0.007089167077410474,0.002161320096498276,1.0216830062865487,250,0.004881172371356999,,,,,True,averted,False,control,0.0,0.0
E04,C2024,2024-01-11,intraday,pre,CACI,-0.00018203155002904925,-0.00018203155002904925,-0.0025963487711353483,0.5474370102894478,250,0.0012393058589099677,,,,,True,averted,False,exposed,0.956,0.0926
E04,C2024,2024-01-11,intraday,pre,SAIC,0.0005483291396770618,0.0005483291396770618,-0.0025963487711353483,0.5959611753818774,250,0.0020956522050241773,,,,,True,averted,False,exposed,0.98,0.0479
E04,C2024,2024-01-11,intraday,pre,LDOS,-0.007569555756002488,-0.007569555756002488,-0.0025963487711353483,0.730361944372481,250,-0.005673281419246974,,,,,True,averted,False,exposed,0.87,0.0736
E04,C2024,2024-01-11,intraday,pre,BAH,-0.008697020477019146,-0.008697020477019146,-0.0025963487711353483,0.6086892383649063,250,-0.007116650920987111,,,,,True,averted,False,exposed,0.98,0.0144
E04,C2024,2024-01-11,intraday,pre,PSN,-0.0004722729814665705,-0.0004722729814665705,-0.0025963487711353483,0.5341184293741684,250,0.000914484746279794,,,,,True,averted,False,exposed,0.51,0.0099
E04,C2024,2024-01-11,intraday,pre,ACN,0.013013103930131109,0.013013103930130887,-0.0025963487711353483,1.0226412282810475,250,0.01566823722649095,,,,,True,averted,False,control,0.08,0.0656
E04,C2024,2024-01-11,intraday,pre,EPAM,0.0026093896863179644,0.0026093896863179644,-0.0025963487711353483,1.4794559716821971,250,0.0064505733803438894,,,,,True,averted,False,control,0.0,0.0
E04,C2024,2024-01-11,intraday,pre,CTSH,0.013672593236772279,0.013672593236772279,-0.0025963487711353483,1.036193648060223,250,0.016362913341571694,,,,,True,averted,False,control,0.0,0.0
E04,C2024,2024-01-12,overnight,pre,CACI,0.007768396959302759,0.007768396959302759,0.0031279315228711635,0.40792976632912253,250,0.006492420584084429,,,,,True,averted,False,exposed,0.956,0.0926
E04,C2024,2024-01-12,overnight,pre,SAIC,0.005167118002284532,0.0051670442762707935,0.0031279315228711635,0.32873187911054214,250,0.004138867195041995,,,,,True,averted,False,exposed,0.98,0.0479
E04,C2024,2024-01-12,overnight,pre,LDOS,-0.00018375850078222733,-0.00018366204938791153,0.0031279315228711635,0.37232350355839466,250,-0.0013483609242683637,,,,,True,averted,False,exposed,0.87,0.0736
E04,C2024,2024-01-12,overnight,pre,BAH,0.0039519444628248745,0.0039519825295075695,0.0031279315228711635,0.23906686084849207,250,0.0032041596927030224,,,,,True,averted,False,exposed,0.98,0.0144
E04,C2024,2024-01-12,overnight,pre,PSN,0.008032734391321572,0.008032734391321572,0.0031279315228711635,0.4553970431963117,250,0.006608283624485508,,,,,True,averted,False,exposed,0.51,0.0099
E04,C2024,2024-01-12,overnight,pre,ACN,0.005833832781559911,0.005833731653570151,0.0031279315228711635,1.2464736450343163,250,0.001934948574828952,,,,,True,averted,False,control,0.08,0.0656
E04,C2024,2024-01-12,overnight,pre,EPAM,0.005171797587267379,0.005171797587267379,0.0031279315228711635,1.7940771059365401,250,-0.0004399527468529922,,,,,True,averted,False,control,0.0,0.0
E04,C2024,2024-01-12,overnight,pre,CTSH,0.00587610117734072,0.005876133645434267,0.0031279315228711635,1.0216830062865487,250,0.0026803466955952473,,,,,True,averted,False,control,0.0,0.0
E04,C2024,2024-01-12,intraday,pre,CACI,0.001053917776486335,0.001053917776486335,-0.0024275983780807087,0.5474370102894478,250,0.0023828749747663506,,,,0.175,True,averted,False,exposed,0.956,0.0926
E04,C2024,2024-01-12,intraday,pre,SAIC,0.0018693473099276048,0.0018693473099276048,-0.0024275983780807087,0.5959611753818774,250,0.003316101692683723,,,,0.175,True,averted,False,exposed,0.98,0.0479
E04,C2024,2024-01-12,intraday,pre,LDOS,0.012775728496279726,0.012775728496279726,-0.0024275983780807087,0.730361944372481,250,0.014548753967850233,,,,0.175,True,averted,False,exposed,0.87,0.0736
E04,C2024,2024-01-12,intraday,pre,BAH,0.012675234948006597,0.012675234948006375,-0.0024275983780807087,0.6086892383649063,250,0.014152887955816425,,,,0.175,True,averted,False,exposed,0.98,0.0144
E04,C2024,2024-01-12,intraday,pre,PSN,0.019062519062500005,0.019062519062500005,-0.0024275983780807087,0.5341184293741684,250,0.020359144095351753,,,,0.175,True,averted,False,exposed,0.51,0.0099
E04,C2024,2024-01-12,intraday,pre,ACN,0.018085675999999884,0.018085676000000106,-0.0024275983780807087,1.0226412282810475,250,0.02056823818713342,,,,0.175,True,averted,False,control,0.08,0.0656
E04,C2024,2024-01-12,intraday,pre,EPAM,0.02151040995850617,0.02151040995850617,-0.0024275983780807087,1.4794559716821971,250,0.025101934875803693,,,,0.175,True,averted,False,control,0.0,0.0
E04,C2024,2024-01-12,intraday,pre,CTSH,0.035183238726856025,0.035183238726856025,-0.0024275983780807087,1.036193648060223,250,0.03769870074626455,,,,0.175,True,averted,False,control,0.0,0.0
E04,C2024,2024-01-16,overnight,pre,CACI,-0.0005113953790374381,-0.0005113953790374381,-0.0029789018245909293,0.40792976632912253,250,0.0007037873461853365,,,0.175,,True,averted,False,exposed,0.956,0.0926
E04,C2024,2024-01-16,overnight,pre,SAIC,-0.0033429836244994737,-0.0033429614430126042,-0.0029789018245909293,0.32873187911054214,250,-0.0023637236300158753,,,0.175,,True,averted,False,exposed,0.98,0.0479
E04,C2024,2024-01-16,overnight,pre,LDOS,-0.002722597272581617,-0.002722679494359004,-0.0029789018245909293,0.37232350355839466,250,-0.001613482108493428,,,0.175,,True,averted,False,exposed,0.87,0.0736
E04,C2024,2024-01-16,overnight,pre,BAH,-0.002876548129556844,-0.0028764683034663285,-0.0029789018245909293,0.23906686084849207,250,-0.0021643914215760452,,,0.175,,True,averted,False,exposed,0.98,0.0144
E04,C2024,2024-01-16,overnight,pre,PSN,0.023919005379006597,0.023919005379006597,-0.0029789018245909293,0.4553970431963117,250,0.025275588461897404,,,0.175,,True,averted,False,exposed,0.51,0.0099
E04,C2024,2024-01-16,overnight,pre,ACN,-0.011113270420446852,-0.011113304073511854,-0.0029789018245909293,1.2464736450343163,250,-0.007400147804949621,,,0.175,,True,averted,False,control,0.08,0.0656
E04,C2024,2024-01-16,overnight,pre,EPAM,-0.011536145884711857,-0.011536145884711857,-0.0029789018245909293,1.7940771059365401,250,-0.006191766320380683,,,0.175,,True,averted,False,control,0.0,0.0
E04,C2024,2024-01-16,overnight,pre,CTSH,-0.003975856805815803,-0.003975647276801775,-0.0029789018245909293,1.0216830062865487,250,-0.000932363434235257,,,0.175,,True,averted,False,control,0.0,0.0
E04,C2024,2024-01-16,intraday,pre,CACI,-0.006139426409556004,-0.006139426409556004,-0.0006943927391215299,0.5474370102894478,250,-0.005759290124484613,,,,,True,averted,False,exposed,0.956,0.0926
E04,C2024,2024-01-16,intraday,pre,SAIC,-0.0070982529017519225,-0.0070982529017519225,-0.0006943927391215299,0.5959611753818774,250,-0.006684421788768415,,,,,True,averted,False,exposed,0.98,0.0479
E04,C2024,2024-01-16,intraday,pre,LDOS,-0.010465024172163107,-0.010465024172163107,-0.0006943927391215299,0.730361944372481,250,-0.009957866141060173,,,,,True,averted,False,exposed,0.87,0.0736
E04,C2024,2024-01-16,intraday,pre,BAH,-0.012396665898812387,-0.012396665898812498,-0.0006943927391215299,0.6086892383649063,250,-0.011973996511310382,,,,,True,averted,False,exposed,0.98,0.0144
E04,C2024,2024-01-16,intraday,pre,PSN,-0.028451655656050012,-0.028451655656050012,-0.0006943927391215299,0.5341184293741684,250,-0.028080767696861596,,,,,True,averted,False,exposed,0.51,0.0099
E04,C2024,2024-01-16,intraday,pre,ACN,0.006215065216828464,0.006215065216828464,-0.0006943927391215299,1.0226412282810475,250,0.006925179860473146,,,,,True,averted,False,control,0.08,0.0656
E04,C2024,2024-01-16,intraday,pre,EPAM,-0.013182916024180646,-0.013182916024180646,-0.0006943927391215299,1.4794559716821971,250,-0.01215559253959454,,,,,True,averted,False,control,0.0,0.0
E04,C2024,2024-01-16,intraday,pre,CTSH,-0.018799982503116985,-0.018799982503116985,-0.0006943927391215299,1.036193648060223,250,-0.018080457157580117,,,,,True,averted,False,control,0.0,0.0
E04,C2024,2024-01-17,overnight,pre,CACI,-0.00787298836347905,-0.00787298836347905,-0.0065483027978915365,0.40792976632912253,250,-0.005201740733282816,,,,0.015,True,averted,False,exposed,0.956,0.0926
E04,C2024,2024-01-17,overnight,pre,SAIC,-0.008327421576756366,-0.008327329050933696,-0.0065483027978915365,0.32873187911054214,250,-0.006174785693020661,,,,0.015,True,averted,False,exposed,0.98,0.0479
E04,C2024,2024-01-17,overnight,pre,LDOS,-0.006621310593201812,-0.006621275473862265,-0.0065483027978915365,0.37232350355839466,250,-0.0041832235531295975,,,,0.015,True,averted,False,exposed,0.87,0.0736
E04,C2024,2024-01-17,overnight,pre,BAH,-0.003631476328543881,-0.0036315463912562906,-0.0065483027978915365,0.23906686084849207,250,-0.0020659941347665536,,,,0.015,True,averted,False,exposed,0.98,0.0144
E04,C2024,2024-01-17,overnight,pre,PSN,-0.0021578205291924446,-0.0021578205291924446,-0.0065483027978915365,0.4553970431963117,250,0.0008242572029214961,,,,0.015,True,averted,False,exposed,0.51,0.0099
E04,C2024,2024-01-17,overnight,pre,ACN,-0.0077560921102624025,-0.004132681260598958,-0.0065483027978915365,1.2464736450343163,250,0.000406194747013873,,,,0.015,True,averted,False,control,0.08,0.0656
E04,C2024,2024-01-17,overnight,pre,EPAM,-0.015990998719794258,-0.015990998719794258,-0.0065483027978915365,1.7940771059365401,250,-0.004242838587356862,,,,0.015,True,averted,False,control,0.0,0.0
E04,C2024,2024-01-17,overnight,pre,CTSH,-0.0059054720211507705,-0.005905596103604083,-0.0065483027978915365,1.0216830062865487,250,0.0007848176674736728,,,,0.015,True,averted,False,control,0.0,0.0
E04,C2024,2024-01-17,intraday,pre,CACI,0.007294543076241222,0.007294543076241222,0.0009961451246833786,0.5474370102894478,250,0.0067492163673701444,,,0.015,,True,averted,False,exposed,0.956,0.0926
E04,C2024,2024-01-17,intraday,pre,SAIC,0.008872653646779582,0.008872653646779582,0.0009961451246833786,0.5959611753818774,250,0.00827898982742235,,,0.015,,True,averted,False,exposed,0.98,0.0479
E04,C2024,2024-01-17,intraday,pre,LDOS,0.0045362480598336585,0.0045362480598336585,0.0009961451246833786,0.730361944372481,250,0.0038087015696927386,,,0.015,,True,averted,False,exposed,0.87,0.0736
E04,C2024,2024-01-17,intraday,pre,BAH,0.002614704083299557,0.002614704083299557,0.0009961451246833786,0.6086892383649063,250,0.002008361266055117,,,0.015,,True,averted,False,exposed,0.98,0.0144
E04,C2024,2024-01-17,intraday,pre,PSN,0.0063330813029469635,0.0063330813029469635,0.0009961451246833786,0.5341184293741684,250,0.005801021833522342,,,0.015,,True,averted,False,exposed,0.51,0.0099
E04,C2024,2024-01-17,intraday,pre,ACN,0.005230085308979948,0.005230085308979948,0.0009961451246833786,1.0226412282810475,250,0.004211386235127561,,,0.015,,True,averted,False,control,0.08,0.0656
E04,C2024,2024-01-17,intraday,pre,EPAM,-0.0032840207742548255,-0.0032840207742548255,0.0009961451246833786,1.4794559716821971,250,-0.004757773627629757,,,0.015,,True,averted,False,control,0.0,0.0
E04,C2024,2024-01-17,intraday,pre,CTSH,-0.00066010627062707,-0.00066010627062707,0.0009961451246833786,1.036193648060223,250,-0.0016923055213701457,,,0.015,,True,averted,False,control,0.0,0.0
E04,C2024,2024-01-18,overnight,pre,CACI,0.0019392618923343985,0.0019392618923343985,0.003641832918428012,0.40792976632912253,250,0.00045364984091035327,,,,,True,averted,False,exposed,0.956,0.0926
E04,C2024,2024-01-18,overnight,pre,SAIC,0.00376916612213396,0.0037690475553595615,0.003641832918428012,0.32873187911054214,250,0.00257197954345249,,,,,True,averted,False,exposed,0.98,0.0479
E04,C2024,2024-01-18,overnight,pre,LDOS,0.001013736963147771,0.0010136361525634463,0.003641832918428012,0.37232350355839466,250,-0.00034220302841563954,,,,,True,averted,False,exposed,0.87,0.0736
E04,C2024,2024-01-18,overnight,pre,BAH,0.00039509561912765,0.000395137720050176,0.003641832918428012,0.23906686084849207,250,-0.00047554594441563723,,,,,True,averted,False,exposed,0.98,0.0144
E04,C2024,2024-01-18,overnight,pre,PSN,0.004144230754556055,0.004144230754556055,0.003641832918428012,0.4553970431963117,250,0.002485750811688944,,,,,True,averted,False,exposed,0.51,0.0099
E04,C2024,2024-01-18,overnight,pre,ACN,0.006701527331766766,0.006701476195799749,0.003641832918428012,1.2464736450343163,250,0.0021620785793278396,,,,,True,averted,False,control,0.08,0.0656
E04,C2024,2024-01-18,overnight,pre,EPAM,0.005808395161111424,0.005808395161111424,0.003641832918428012,1.7940771059365401,250,-0.0007253339014863273,,,,,True,averted,False,control,0.0,0.0
E04,C2024,2024-01-18,overnight,pre,CTSH,0.0019815261036151277,0.001981571641569868,0.003641832918428012,1.0216830062865487,250,-0.0017392727008777187,,,,,True,averted,False,control,0.0,0.0
E04,C2024,2024-01-18,intraday,pre,CACI,0.002993891976537988,0.002993891976537988,0.005231915674199339,0.5474370102894478,250,0.00012974770176780136,,,,0.005,True,averted,False,exposed,0.956,0.0926
E04,C2024,2024-01-18,intraday,pre,SAIC,0.007118858540139605,0.007118858540139605,0.005231915674199339,0.5959611753818774,250,0.0040008399254448995,,,,0.005,True,averted,False,exposed,0.98,0.0479
E04,C2024,2024-01-18,intraday,pre,LDOS,0.01021911869276737,0.01021911869276737,0.005231915674199339,0.730361944372481,250,0.006397926588166281,,,,0.005,True,averted,False,exposed,0.87,0.0736
E04,C2024,2024-01-18,intraday,pre,BAH,0.00853149483819049,0.00853149483819049,0.005231915674199339,0.6086892383649063,250,0.005346884071272678,,,,0.005,True,averted,False,exposed,0.98,0.0144
E04,C2024,2024-01-18,intraday,pre,PSN,0.011158718746873353,0.011158718746873353,0.005231915674199339,0.5341184293741684,250,0.008364256164351908,,,,0.005,True,averted,False,exposed,0.51,0.0099
E04,C2024,2024-01-18,intraday,pre,ACN,0.009915170240623716,0.009915170240623716,0.005231915674199339,1.0226412282810475,250,0.004564797569297639,,,,0.005,True,averted,False,control,0.08,0.0656
E04,C2024,2024-01-18,intraday,pre,EPAM,0.01151600340459158,0.01151600340459158,0.005231915674199339,1.4794559716821971,250,0.003775614517059679,,,,0.005,True,averted,False,control,0.0,0.0
E04,C2024,2024-01-18,intraday,pre,CTSH,-0.0025048755943634093,-0.0025048755943634093,0.005231915674199339,1.036193648060223,250,-0.007926153383155483,,,,0.005,True,averted,False,control,0.0,0.0
E04,C2024,2024-01-19,overnight,pre,CACI,0.004402072555364844,0.004402072555364844,0.0024344765343613517,0.40792976632912253,250,0.003408977111569086,,,0.005,,True,averted,False,exposed,0.956,0.0926
E04,C2024,2024-01-19,overnight,pre,SAIC,0.004738236553827102,0.004738394135895829,0.0024344765343613517,0.32873187911054214,250,0.003937946508035975,,,0.005,,True,averted,False,exposed,0.98,0.0479
E04,C2024,2024-01-19,overnight,pre,LDOS,0.0024605540110644863,0.0024605329958531375,0.0024344765343613517,0.37232350355839466,250,0.0015541411784603693,,,0.005,,True,averted,False,exposed,0.87,0.0736
E04,C2024,2024-01-19,overnight,pre,BAH,0.00274149060025608,0.0027414011214539347,0.0024344765343613517,0.23906686084849207,250,0.0021594879373769958,,,0.005,,True,averted,False,exposed,0.98,0.0144
E04,C2024,2024-01-19,overnight,pre,PSN,0.003628085479199239,0.003628085479199239,0.0024344765343613517,0.4553970431963117,250,0.002519432063720275,,,0.005,,True,averted,False,exposed,0.51,0.0099
E04,C2024,2024-01-19,overnight,pre,ACN,0.0055069143851602664,0.005507051407608099,0.0024344765343613517,1.2464736450343163,250,0.0024724035456243623,,,0.005,,True,averted,False,control,0.08,0.0656
E04,C2024,2024-01-19,overnight,pre,EPAM,0.0017361762790395474,0.0017361762790395474,0.0024344765343613517,1.7940771059365401,250,-0.002631462336197885,,,0.005,,True,averted,False,control,0.0,0.0
E04,C2024,2024-01-19,overnight,pre,CTSH,0.0006607906103821559,0.0006610206751040959,0.0024344765343613517,1.0216830062865487,250,-0.0018264726939782082,,,0.005,,True,averted,False,control,0.0,0.0
E04,C2024,2024-01-19,intraday,pre,CACI,0.008135181135513925,0.008135181135513925,0.010007325156588864,0.5474370102894478,250,0.002656800970796537,,,,0.01,True,averted,False,exposed,0.956,0.0926
E04,C2024,2024-01-19,intraday,pre,SAIC,0.001159597162168291,0.001159597162168291,0.010007325156588864,0.5959611753818774,250,-0.004804380100581039,,,,0.01,True,averted,False,exposed,0.98,0.0479
E04,C2024,2024-01-19,intraday,pre,LDOS,-0.001090933636363589,-0.001090933636363589,0.010007325156588864,0.730361944372481,250,-0.008399903095697474,,,,0.01,True,averted,False,exposed,0.87,0.0736
E04,C2024,2024-01-19,intraday,pre,BAH,-0.004140027981548888,-0.004140027981548888,0.010007325156588864,0.6086892383649063,250,-0.01023137910918293,,,,0.01,True,averted,False,exposed,0.98,0.0144
E04,C2024,2024-01-19,intraday,pre,PSN,-0.004970655716705852,-0.004970655716705852,0.010007325156588864,0.5341184293741684,250,-0.0103157525115797,,,,0.01,True,averted,False,exposed,0.51,0.0099
E04,C2024,2024-01-19,intraday,pre,ACN,0.006555459043140477,0.006555459043140477,0.010007325156588864,1.0226412282810475,250,-0.003678444246801386,,,,0.01,True,averted,False,control,0.08,0.0656
E04,C2024,2024-01-19,intraday,pre,EPAM,-6.672276840702374e-05,-6.672276840702374e-05,0.010007325156588864,1.4794559716821971,250,-0.014872119731887897,,,,0.01,True,averted,False,control,0.0,0.0
E04,C2024,2024-01-19,intraday,pre,CTSH,0.015453680943301906,0.015453680943301684,0.010007325156588864,1.036193648060223,250,0.005084154181971249,,,,0.01,True,averted,False,control,0.0,0.0
E04,C2024,2024-01-22,overnight,pre,CACI,0.005359909394106577,0.005359909394106577,0.0032751220361675326,0.40792976632912253,250,0.004023889627193395,,,0.01,,True,averted,False,exposed,0.956,0.0926
E04,C2024,2024-01-22,overnight,pre,SAIC,0.0038610038610038533,0.0038611056719639603,0.0032751220361675326,0.32873187911054214,250,0.0027843668397381557,,,0.01,,True,averted,False,exposed,0.98,0.0479
E04,C2024,2024-01-22,overnight,pre,LDOS,0.002548292745544245,0.0025484394838297675,0.0032751220361675326,0.37232350355839466,250,0.001328887834457046,,,0.01,,True,averted,False,exposed,0.87,0.0736
E04,C2024,2024-01-22,overnight,pre,BAH,0.003137512797778408,0.0031375784326044265,0.0032751220361675326,0.23906686084849207,250,0.0023545396536961143,,,0.01,,True,averted,False,exposed,0.98,0.0144
E04,C2024,2024-01-22,overnight,pre,PSN,0.004995486560535722,0.004995486560535722,0.0032751220361675326,0.4553970431963117,250,0.0035040056691579445,,,0.01,,True,averted,False,exposed,0.51,0.0099
E04,C2024,2024-01-22,overnight,pre,ACN,0.00027481753689584387,0.00027463580061826143,0.0032751220361675326,1.2464736450343163,250,-0.0038075357654581126,,,0.01,,True,averted,False,control,0.08,0.0656
E04,C2024,2024-01-22,overnight,pre,EPAM,0.01159926380771914,0.01159926380771914,0.0032751220361675326,1.7940771059365401,250,0.0057234423434827045,,,0.01,,True,averted,False,control,0.0,0.0
E04,C2024,2024-01-22,overnight,pre,CTSH,0.0039022251655971285,0.0039020404214571425,0.0032751220361675326,1.0216830062865487,250,0.0005560886377301609,,,0.01,,True,averted,False,control,0.0,0.0
E04,C2024,2024-01-22,intraday,pre,CACI,0.020910456409497957,0.020910456409497957,-0.00115699590640983,0.5474370102894478,250,0.021543838789420084,,,,,True,averted,False,exposed,0.956,0.0926
E04,C2024,2024-01-22,intraday,pre,SAIC,0.008307706153846128,0.008307706153846128,-0.00115699590640983,0.5959611753818774,250,0.008997230794142152,,,,,True,averted,False,exposed,0.98,0.0479
E04,C2024,2024-01-22,intraday,pre,LDOS,0.010076187933170777,0.010076187933170777,-0.00115699590640983,0.730361944372481,250,0.010921213713007262,,,,,True,averted,False,exposed,0.87,0.0736
E04,C2024,2024-01-22,intraday,pre,BAH,0.016342140197085575,0.016342140197085575,-0.00115699590640983,0.6086892383649063,250,0.01704639115414949,,,,,True,averted,False,exposed,0.98,0.0144
E04,C2024,2024-01-22,intraday,pre,PSN,0.0009037138206244855,0.0009037138206244855,-0.00115699590640983,0.5341184293741684,250,0.0015216866569484461,,,,,True,averted,False,exposed,0.51,0.0099
E04,C2024,2024-01-22,intraday,pre,ACN,0.008818657967033072,0.008818657967033072,-0.00115699590640983,1.0226412282810475,250,0.010001849681880165,,,,,True,averted,False,control,0.08,0.0656
E04,C2024,2024-01-22,intraday,pre,EPAM,-0.015387194069192756,-0.015387194069192756,-0.00115699590640983,1.4794559716821971,250,-0.013675469566242876,,,,,True,averted,False,control,0.0,0.0
E04,C2024,2024-01-22,intraday,pre,CTSH,0.001166057652740804,0.001166057652740582,-0.00115699590640983,1.036193648060223,250,0.00236492946179435,,,,,True,averted,False,control,0.0,0.0
E04,C2024,2024-01-23,overnight,pre,CACI,0.00261102409043934,0.00261102409043934,0.001158336096531709,0.40792976632912253,250,0.002138504317250572,,,,,True,averted,False,exposed,0.956,0.0926
E04,C2024,2024-01-23,overnight,pre,SAIC,0.0015257628719378413,0.0015256325422585704,0.001158336096531709,0.32873187911054214,250,0.0011449808702834023,,,,,True,averted,False,exposed,0.98,0.0479
E04,C2024,2024-01-23,overnight,pre,LDOS,0.0008987696868500983,0.0008987382582121839,0.001158336096531709,0.37232350355839466,250,0.0004674939330912575,,,,,True,averted,False,exposed,0.87,0.0736
E04,C2024,2024-01-23,overnight,pre,BAH,-0.0006923857745595452,-0.0006925144819448503,0.001158336096531709,0.23906686084849207,250,-0.0009693055489648768,,,,,True,averted,False,exposed,0.98,0.0144
E04,C2024,2024-01-23,overnight,pre,PSN,0.0034612997826479752,0.0034612997826479752,0.001158336096531709,0.4553970431963117,250,0.0029337969492598775,,,,,True,averted,False,exposed,0.51,0.0099
E04,C2024,2024-01-23,overnight,pre,ACN,0.0004084690053975937,0.000408515909308127,0.001158336096531709,1.2464736450343163,250,-0.0010353664110211076,,,,,True,averted,False,control,0.08,0.0656
E04,C2024,2024-01-23,overnight,pre,EPAM,0.006592381247993551,0.006592381247993551,0.001158336096531709,1.7940771059365401,250,0.004514236976226113,,,,,True,averted,False,control,0.0,0.0
E04,C2024,2024-01-23,overnight,pre,CTSH,0.00323540844921677,0.0032352589927930886,0.001158336096531709,1.0216830062865487,250,0.002051956143822028,,,,,True,averted,False,control,0.0,0.0
E04,C2024,2024-01-23,intraday,pre,CACI,-0.016985431183906052,-0.016985431183906052,0.0017561116150288658,0.5474370102894478,250,-0.017946791676172028,,,,,True,averted,False,exposed,0.956,0.0926
E04,C2024,2024-01-23,intraday,pre,SAIC,-0.02102372429333066,-0.021023724293330548,0.0017561116150288658,0.5959611753818774,250,-0.02207029863552503,,,,,True,averted,False,exposed,0.98,0.0479
E04,C2024,2024-01-23,intraday,pre,LDOS,-0.007183289760304579,-0.007183289760304579,0.0017561116150288658,0.730361944372481,250,-0.008465886853992159,,,,,True,averted,False,exposed,0.87,0.0736
E04,C2024,2024-01-23,intraday,pre,BAH,-0.007775767993421057,-0.007775767993421057,0.0017561116150288658,0.6086892383649063,250,-0.008844694234856742,,,,,True,averted,False,exposed,0.98,0.0144
E04,C2024,2024-01-23,intraday,pre,PSN,-0.011847644216065212,-0.011847644216065212,0.0017561116150288658,0.5341184293741684,250,-0.012785615793690164,,,,,True,averted,False,exposed,0.51,0.0099
E04,C2024,2024-01-23,intraday,pre,ACN,0.006805313859314044,0.006805313859314044,0.0017561116150288658,1.0226412282810475,250,0.00500944172032231,,,,,True,averted,False,control,0.08,0.0656
E04,C2024,2024-01-23,intraday,pre,EPAM,-0.008942827490367233,-0.008942827490367233,0.0017561116150288658,1.4794559716821971,250,-0.011540917306162156,,,,,True,averted,False,control,0.0,0.0
E04,C2024,2024-01-23,intraday,pre,CTSH,-0.005288906704988716,-0.005288906704988716,0.0017561116150288658,1.036193648060223,250,-0.0071085784057664065,,,,,True,averted,False,control,0.0,0.0
E04,C2024,2024-01-24,overnight,pre,CACI,0.00777105908005038,0.00777105908005038,0.006084255844635678,0.40792976632912253,250,0.00528911001506155,,,,,True,averted,False,exposed,0.956,0.0926
E04,C2024,2024-01-24,overnight,pre,SAIC,0.002567707663856611,0.002567747800220621,0.006084255844635678,0.32873187911054214,250,0.0005676188070602261,,,,,True,averted,False,exposed,0.98,0.0479
E04,C2024,2024-01-24,overnight,pre,LDOS,0.0040697919980188235,0.004069734744245768,0.006084255844635678,0.37232350355839466,250,0.0018044805453984285,,,,,True,averted,False,exposed,0.87,0.0736
E04,C2024,2024-01-24,overnight,pre,BAH,0.004112343108702232,0.004112407347125924,0.006084255844635678,0.23906686084849207,250,0.0026577991633260903,,,,,True,averted,False,exposed,0.98,0.0144
E04,C2024,2024-01-24,overnight,pre,PSN,0.002428345143136834,0.002428345143136834,0.006084255844635678,0.4553970431963117,250,-0.0003424069785601313,,,,,True,averted,False,exposed,0.51,0.0099
E04,C2024,2024-01-24,overnight,pre,ACN,0.003082286932897249,0.00308223924579365,0.006084255844635678,1.2464736450343163,250,-0.004501577627087127,,,,,True,averted,False,control,0.08,0.0656
E04,C2024,2024-01-24,overnight,pre,EPAM,-0.018248204576913896,-0.018248204576913896,0.006084255844635678,1.7940771059365401,250,-0.029163828694435352,,,,,True,averted,False,control,0.0,0.0
E04,C2024,2024-01-24,overnight,pre,CTSH,0.005706165692118237,0.005706219797795065,0.006084255844635678,1.0216830062865487,250,-0.0005100151102456468,,,,,True,averted,False,control,0.0,0.0
E04,C2024,2024-01-24,intraday,pre,CACI,-0.0069225239545182005,-0.0069225239545182005,-0.004960913084820273,0.5474370102894478,250,-0.004206736527058388,,,,,True,averted,False,exposed,0.956,0.0926
E04,C2024,2024-01-24,intraday,pre,SAIC,-0.0010865300222907548,-0.0010865300222907548,-0.004960913084820273,0.5959611753818774,250,0.0018699815707060707,,,,,True,averted,False,exposed,0.98,0.0479
E04,C2024,2024-01-24,intraday,pre,LDOS,-0.0077462882934370425,-0.0077462882934370425,-0.004960913084820273,0.730361944372481,250,-0.004123026166944824,,,,,True,averted,False,exposed,0.87,0.0736
E04,C2024,2024-01-24,intraday,pre,BAH,-0.0020091939770187084,-0.0020091939770187084,-0.004960913084820273,0.6086892383649063,250,0.0010104604301750413,,,,,True,averted,False,exposed,0.98,0.0144
E04,C2024,2024-01-24,intraday,pre,PSN,-0.006813089465860345,-0.006813089465860345,-0.004960913084820273,0.5341184293741684,250,-0.004163374360734379,,,,,True,averted,False,exposed,0.51,0.0099
E04,C2024,2024-01-24,intraday,pre,ACN,-0.005660393800539065,-0.005660393800539065,-0.004960913084820273,1.0226412282810475,250,-0.0005871595500829404,,,,,True,averted,False,control,0.08,0.0656
E04,C2024,2024-01-24,intraday,pre,EPAM,-0.014829079172072213,-0.014829079172072213,-0.004960913084820273,1.4794559716821971,250,-0.0074896266837385095,,,,,True,averted,False,control,0.0,0.0
E04,C2024,2024-01-24,intraday,pre,CTSH,-0.007737022261793514,-0.007737022261793403,-0.004960913084820273,1.036193648060223,250,-0.0025965556347239006,,,,,True,averted,False,control,0.0,0.0
E04,C2024,2024-01-25,overnight,pre,CACI,-0.007059013409742465,-0.007059013409742465,0.0045117780220607084,0.40792976632912253,250,-0.008899501964010561,,,,,True,averted,False,exposed,0.956,0.0926
E04,C2024,2024-01-25,overnight,pre,SAIC,0.0047393409078269055,0.004739262975217873,0.0045117780220607084,0.32873187911054214,250,0.0032561756405052435,,,,,True,averted,False,exposed,0.98,0.0479
E04,C2024,2024-01-25,overnight,pre,LDOS,0.0068990057595648135,0.006899034471539833,0.0045117780220607084,0.37232350355839466,250,0.005219164759113407,,,,,True,averted,False,exposed,0.87,0.0736
E04,C2024,2024-01-25,overnight,pre,BAH,7.750523014160571e-05,7.744124985209488e-05,0.0045117780220607084,0.23906686084849207,250,-0.0010011113784376665,,,,,True,averted,False,exposed,0.98,0.0144
E04,C2024,2024-01-25,overnight,pre,PSN,0.011280455598461803,0.011280455598461803,0.0045117780220607084,0.4553970431963117,250,0.009225805227657253,,,,,True,averted,False,exposed,0.51,0.0099
E04,C2024,2024-01-25,overnight,pre,ACN,0.00943348077404238,0.009433463052632485,0.0045117780220607084,1.2464736450343163,250,0.0038096683772986502,,,,,True,averted,False,control,0.08,0.0656
E04,C2024,2024-01-25,overnight,pre,EPAM,0.0105435044611486,0.0105435044611486,0.0045117780220607084,1.7940771059365401,250,0.002449026804701838,,,,,True,averted,False,control,0.0,0.0
E04,C2024,2024-01-25,overnight,pre,CTSH,0.010916231361851825,0.01091613196584773,0.0045117780220607084,1.0216830062865487,250,0.0063066244285752615,,,,,True,averted,False,control,0.0,0.0
E04,C2024,2024-01-25,intraday,pre,CACI,-0.010219442927254851,-0.010219442927254851,0.0009229505155410322,0.5474370102894478,250,-0.010724700198127738,,,,,True,averted,False,exposed,0.956,0.0926
E04,C2024,2024-01-25,intraday,pre,SAIC,-0.008506078239294834,-0.008506078239294834,0.0009229505155410322,0.5959611753818774,250,-0.009056120913355977,,,,,True,averted,False,exposed,0.98,0.0479
E04,C2024,2024-01-25,intraday,pre,LDOS,-0.001712899414742286,-0.001712899414742175,0.0009229505155410322,0.730361944372481,250,-0.002386987347832418,,,,,True,averted,False,exposed,0.87,0.0736
E04,C2024,2024-01-25,intraday,pre,BAH,-0.0021678444718100653,-0.0021678444718100653,0.0009229505155410322,0.6086892383649063,250,-0.002729634518163234,,,,,True,averted,False,exposed,0.98,0.0144
E04,C2024,2024-01-25,intraday,pre,PSN,-0.01477232113455973,-0.01477232113455973,0.0009229505155410322,0.5341184293741684,250,-0.015265286014310585,,,,,True,averted,False,exposed,0.51,0.0099
E04,C2024,2024-01-25,intraday,pre,ACN,-0.0011815953977393212,-0.0011815953977393212,0.0009229505155410322,1.0226412282810475,250,-0.0021254426465948284,,,,,True,averted,False,control,0.08,0.0656
E04,C2024,2024-01-25,intraday,pre,EPAM,-0.021416035641756315,-0.021416035641756315,0.0009229505155410322,1.4794559716821971,250,-0.022781500293540657,,,,,True,averted,False,control,0.0,0.0
E04,C2024,2024-01-25,intraday,pre,CTSH,0.006556139914749348,0.006556139914749348,0.0009229505155410322,1.036193648060223,250,0.005599784453071822,,,,,True,averted,False,control,0.0,0.0
E04,C2024,2024-01-26,overnight,pre,CACI,0.01113297012467429,0.01113297012467429,-0.0009015890438741625,0.40792976632912253,250,0.011500755132666775,,,,,True,averted,False,exposed,0.956,0.0926
E04,C2024,2024-01-26,overnight,pre,SAIC,0.007799095231953546,0.0077991218315967,-0.0009015890438741625,0.32873187911054214,250,0.008095476292531776,,,,,True,averted,False,exposed,0.98,0.0479
E04,C2024,2024-01-26,overnight,pre,LDOS,0.00812782328515671,0.008127655097938336,-0.0009015890438741625,0.37232350355839466,250,0.008463506076741801,,,,,True,averted,False,exposed,0.87,0.0736
E04,C2024,2024-01-26,overnight,pre,BAH,0.08558347595159055,0.08558375031140497,-0.0009015890438741625,0.23906686084849207,250,0.08579901601408493,,,,,True,averted,False,exposed,0.98,0.0144
E04,C2024,2024-01-26,overnight,pre,PSN,0.006731983413303055,0.006731983413303055,-0.0009015890438741625,0.4553970431963117,250,0.007142564398061539,,,,,True,averted,False,exposed,0.51,0.0099
E04,C2024,2024-01-26,overnight,pre,ACN,-5.374253877243884e-05,-5.3699827929687416e-05,-0.0009015890438741625,1.2464736450343163,250,0.0010700644430683926,,,,,True,averted,False,control,0.08,0.0656
E04,C2024,2024-01-26,overnight,pre,EPAM,0.0033317493202202897,0.0033317493202202897,-0.0009015890438741625,1.7940771059365401,250,0.00494926958279814,,,,,True,averted,False,control,0.0,0.0
E04,C2024,2024-01-26,overnight,pre,CTSH,0.0033204916969666876,0.0033205731028174146,-0.0009015890438741625,1.0216830062865487,250,0.0042416299017470575,,,,,True,averted,False,control,0.0,0.0
E04,C2024,2024-01-26,intraday,pre,CACI,0.013230336213706506,0.013230336213706506,-0.00036914744224825213,0.5474370102894478,250,0.013432421185846886,,,,,True,averted,False,exposed,0.956,0.0926
E04,C2024,2024-01-26,intraday,pre,SAIC,0.013233179725431032,0.013233179725431032,-0.00036914744224825213,0.5959611753818774,250,0.013453177269002515,,,,,True,averted,False,exposed,0.98,0.0479
E04,C2024,2024-01-26,intraday,pre,LDOS,-0.0007166012893919937,-0.0007166012893919937,-0.00036914744224825213,0.730361944372481,250,-0.00044699004571143217,,,,,True,averted,False,exposed,0.87,0.0736
E04,C2024,2024-01-26,intraday,pre,BAH,0.04624402136299843,0.04624402136299843,-0.00036914744224825213,0.6086892383649063,250,0.046468717438464875,,,,,True,averted,False,exposed,0.98,0.0144
E04,C2024,2024-01-26,intraday,pre,PSN,0.00851060082131716,0.00851060082131716,-0.00036914744224825213,0.5341184293741684,250,0.008707769273378288,,,,,True,averted,False,exposed,0.51,0.0099
E04,C2024,2024-01-26,intraday,pre,ACN,-0.0022854540475772955,-0.0022854540475771845,-0.00036914744224825213,1.0226412282810475,250,-0.0019079486538197358,,,,,True,averted,False,control,0.08,0.0656
E04,C2024,2024-01-26,intraday,pre,EPAM,0.00796979483639304,0.00796979483639304,-0.00036914744224825213,1.4794559716821971,250,0.008515932224258426,,,,,True,averted,False,control,0.0,0.0
E04,C2024,2024-01-26,intraday,pre,CTSH,-0.016293263998925167,-0.016293263998925167,-0.00036914744224825213,1.036193648060223,250,-0.01591075576406985,,,,,True,averted,False,control,0.0,0.0
E04,C2024,2024-01-29,overnight,pre,CACI,-0.0007302895153386002,-0.0007302895153386002,0.0006565464343586402,0.40792976632912253,250,-0.0009981143488907388,,,,,True,averted,False,exposed,0.956,0.0926
E04,C2024,2024-01-29,overnight,pre,SAIC,0.0006110273005459632,0.0006111782184776704,0.0006565464343586402,0.32873187911054214,250,0.0003951995574559212,,,,,True,averted,False,exposed,0.98,0.0479
E04,C2024,2024-01-29,overnight,pre,LDOS,-0.001972221370561189,-0.0019720379987312464,0.0006565464343586402,0.37232350355839466,250,-0.0022166690392503696,,,,,True,averted,False,exposed,0.87,0.0736
E04,C2024,2024-01-29,overnight,pre,BAH,0.001502945707306802,0.0015027514053373991,0.0006565464343586402,0.23906686084849207,250,0.0013459872122434113,,,,,True,averted,False,exposed,0.98,0.0144
E04,C2024,2024-01-29,overnight,pre,PSN,-0.002411146150229082,-0.002411146150229082,0.0006565464343586402,0.4553970431963117,250,-0.002710135455157088,,,,,True,averted,False,exposed,0.51,0.0099
E04,C2024,2024-01-29,overnight,pre,ACN,-0.0014822494116462082,-0.0014822209618413629,0.0006565464343586402,1.2464736450343163,250,-0.002300617238815506,,,,,True,averted,False,control,0.08,0.0656
E04,C2024,2024-01-29,overnight,pre,EPAM,0.000520267747246006,0.000520267747246006,0.0006565464343586402,1.7940771059365401,250,-0.000657627179621098,,,,,True,averted,False,control,0.0,0.0
E04,C2024,2024-01-29,overnight,pre,CTSH,-0.00465839306008331,-0.004658152643383762,0.0006565464343586402,1.0216830062865487,250,-0.00532917539490556,,,,,True,averted,False,control,0.0,0.0
E04,C2024,2024-01-29,intraday,pre,CACI,0.00593428110243055,0.00593428110243055,0.007258068849899102,0.5474370102894478,250,0.0019609455907668143,,,,,True,averted,False,exposed,0.956,0.0926
E04,C2024,2024-01-29,intraday,pre,SAIC,-0.0010686161810349315,-0.0010686161810348205,0.007258068849899102,0.5959611753818774,250,-0.005394143423823392,,,,,True,averted,False,exposed,0.98,0.0479
E04,C2024,2024-01-29,intraday,pre,LDOS,0.001616817543247162,0.001616817543247162,0.007258068849899102,0.730361944372481,250,-0.0036841997343544835,,,,,True,averted,False,exposed,0.87,0.0736
E04,C2024,2024-01-29,intraday,pre,BAH,-0.015006903877611832,-0.015006903877611832,0.007258068849899102,0.6086892383649063,250,-0.019424812277856966,,,,,True,averted,False,exposed,0.98,0.0144
E04,C2024,2024-01-29,intraday,pre,PSN,0.0021147945083099806,0.0021147945083099806,0.007258068849899102,0.5341184293741684,250,-0.001761873826087705,,,,,True,averted,False,exposed,0.51,0.0099
E04,C2024,2024-01-29,intraday,pre,ACN,0.007637960660740406,0.007637960660740406,0.007258068849899102,1.0226412282810475,250,0.00021556021713117855,,,,,True,averted,False,control,0.08,0.0656
E04,C2024,2024-01-29,intraday,pre,EPAM,0.006134930989836418,0.006134930989836418,0.007258068849899102,1.4794559716821971,250,-0.004603062313027345,,,,,True,averted,False,control,0.0,0.0
E04,C2024,2024-01-29,intraday,pre,CTSH,0.012350553855973834,0.012350553855974056,0.007258068849899102,1.036193648060223,250,0.004829789016524616,,,,,True,averted,False,control,0.0,0.0
E04,C2024,2024-01-30,overnight,pre,CACI,0.005550561393270037,0.005550561393270037,-0.0014452163085419967,0.40792976632912253,250,0.006140108144308611,,,,,True,averted,False,exposed,0.956,0.0926
E04,C2024,2024-01-30,overnight,pre,SAIC,0.0014518415764805948,0.001451662709945012,-0.0014452163085419967,0.32873187911054214,250,0.0019269302493088063,,,,,True,averted,False,exposed,0.98,0.0479
E04,C2024,2024-01-30,overnight,pre,LDOS,0.000538046801812353,0.0005380810880935005,-0.0014452163085419967,0.37232350355839466,250,0.001076134801208439,,,,,True,averted,False,exposed,0.87,0.0736
E04,C2024,2024-01-30,overnight,pre,BAH,0.004847730121683824,0.004847951719187282,-0.0014452163085419967,0.23906686084849207,250,0.005193233447814005,,,,,True,averted,False,exposed,0.98,0.0144
E04,C2024,2024-01-30,overnight,pre,PSN,-0.0004521974925391081,-0.0004521974925391081,-0.0014452163085419967,0.4553970431963117,250,0.0002059497411500057,,,,,True,averted,False,exposed,0.51,0.0099
E04,C2024,2024-01-30,overnight,pre,ACN,0.0017409773386367622,0.0017410442954377547,-0.0014452163085419967,1.2464736450343163,250,0.0035424013786081437,,,,,True,averted,False,control,0.08,0.0656
E04,C2024,2024-01-30,overnight,pre,EPAM,-0.003100433731984653,-0.003100433731984653,-0.0014452163085419967,1.7940771059365401,250,-0.000507604239703338,,,,,True,averted,False,control,0.0,0.0
E04,C2024,2024-01-30,overnight,pre,CTSH,-0.007319888016826814,-0.007319931035382976,-0.0014452163085419967,1.0216830062865487,250,-0.005843335073981279,,,,,True,averted,False,control,0.0,0.0
E04,C2024,2024-01-30,intraday,pre,CACI,-0.009103502688106335,-0.009103502688106335,0.0006727352446480594,0.5474370102894478,250,-0.00947178285915281,,,,,True,averted,False,exposed,0.956,0.0926
E04,C2024,2024-01-30,intraday,pre,SAIC,-0.004959514053890057,-0.004959514053890057,0.0006727352446480594,0.5959611753818774,250,-0.00536043814101133,,,,,True,averted,False,exposed,0.98,0.0479
E04,C2024,2024-01-30,intraday,pre,LDOS,0.0003585273828767832,0.0003585273828767832,0.0006727352446480594,0.730361944372481,250,-0.00013281283845227023,,,,,True,averted,False,exposed,0.87,0.0736
E04,C2024,2024-01-30,intraday,pre,BAH,-0.0028946477073924504,-0.0028946477073924504,0.0006727352446480594,0.6086892383649063,250,-0.0033041344110785065,,,,,True,averted,False,exposed,0.98,0.0144
E04,C2024,2024-01-30,intraday,pre,PSN,-0.0069371000893759804,-0.0069371000893759804,0.0006727352446480594,0.5341184293741684,250,-0.0072964203816320485,,,,,True,averted,False,exposed,0.51,0.0099
E04,C2024,2024-01-30,intraday,pre,ACN,-0.007219283957219269,-0.007219283957219269,0.0006727352446480594,1.0226412282810475,250,-0.007907250754114113,,,,,True,averted,False,control,0.08,0.0656
E04,C2024,2024-01-30,intraday,pre,EPAM,-0.022427224376621258,-0.022427224376621258,0.0006727352446480594,1.4794559716821971,250,-0.02342250655167691,,,,,True,averted,False,control,0.0,0.0
E04,C2024,2024-01-30,intraday,pre,CTSH,0.003880923779601364,0.003880923779601364,0.0006727352446480594,1.036193648060223,250,0.0031838397922708045,,,,,True,averted,False,control,0.0,0.0
E04,C2024,2024-01-31,overnight,pre,CACI,0.0006416461141076635,0.0006416461141076635,-0.004624293492402232,0.40792976632912253,250,0.0025280330779005877,,,,,True,averted,False,exposed,0.956,0.0926
E04,C2024,2024-01-31,overnight,pre,SAIC,-0.003143958963019333,-0.0031440098216006795,-0.004624293492402232,0.32873187911054214,250,-0.0016238062737032961,,,,,True,averted,False,exposed,0.98,0.0479
E04,C2024,2024-01-31,overnight,pre,LDOS,0.0029567404195496305,0.0029566839105636955,-0.004624293492402232,0.37232350355839466,250,0.004678473574123114,,,,,True,averted,False,exposed,0.87,0.0736
E04,C2024,2024-01-31,overnight,pre,BAH,0.003248556978949768,0.003248247175567931,-0.004624293492402232,0.23906686084849207,250,0.00435407230782048,,,,,True,averted,False,exposed,0.98,0.0144
E04,C2024,2024-01-31,overnight,pre,PSN,0.0022779276155691086,0.0022779276155691086,-0.004624293492402232,0.4553970431963117,250,0.004383817198881031,,,,,True,averted,False,exposed,0.51,0.0099
E04,C2024,2024-01-31,overnight,pre,ACN,-0.0008079391593236451,-0.0008080528332277126,-0.004624293492402232,1.2464736450343163,250,0.0049561208058594335,,,,,True,averted,False,control,0.08,0.0656
E04,C2024,2024-01-31,overnight,pre,EPAM,-0.0031107665685701225,-0.0031107665685701225,-0.004624293492402232,1.7940771059365401,250,0.00518557251728005,,,,,True,averted,False,control,0.0,0.0
E04,C2024,2024-01-31,overnight,pre,CTSH,0.0006443693426014807,0.0006443339481847499,-0.004624293492402232,1.0216830062865487,250,0.005368931419870316,,,,,True,averted,False,control,0.0,0.0
E04,C2024,2024-01-31,intraday,pre,CACI,0.0018654426153550396,0.0018654426153550396,-0.011747350205808194,0.5474370102894478,250,0.008296376890845806,,,,,True,averted,False,exposed,0.956,0.0926
E04,C2024,2024-01-31,intraday,pre,SAIC,-0.017999971538461557,-0.017999971538461557,-0.011747350205808194,0.5959611753818774,250,-0.010999006902185566,,,,,True,averted,False,exposed,0.98,0.0479
E04,C2024,2024-01-31,intraday,pre,LDOS,-0.013132045457236785,-0.013132045457236785,-0.011747350205808194,0.730361944372481,250,-0.004552227919698247,,,,,True,averted,False,exposed,0.87,0.0736
E04,C2024,2024-01-31,intraday,pre,BAH,-0.030175609948819848,-0.03017560994881996,-0.011747350205808194,0.6086892383649063,250,-0.023025124299240633,,,,,True,averted,False,exposed,0.98,0.0144
E04,C2024,2024-01-31,intraday,pre,PSN,-0.012878764696969691,-0.012878764696969691,-0.011747350205808194,0.5341184293741684,250,-0.006604288455735105,,,,,True,averted,False,exposed,0.51,0.0099
E04,C2024,2024-01-31,intraday,pre,ACN,-0.01919136145552558,-0.01919136145552558,-0.011747350205808194,1.0226412282810475,250,-0.007178036812010272,,,,,True,averted,False,control,0.08,0.0656
E04,C2024,2024-01-31,intraday,pre,EPAM,-0.013829382874621432,-0.013829382874621432,-0.011747350205808194,1.4794559716821971,250,0.0035503045388035857,,,,,True,averted,False,control,0.0,0.0
E04,C2024,2024-01-31,intraday,pre,CTSH,-0.00682548318811349,-0.006825483188113379,-0.011747350205808194,1.036193648060223,250,0.005347046476683912,,,,,True,averted,False,control,0.0,0.0
E04,C2024,2024-02-01,overnight,pre,CACI,0.00014542751112878172,0.00014542751112878172,0.0036240887637548624,0.40792976632912253,250,-0.001332946171425738,,,,,True,averted,False,exposed,0.956,0.0926
E04,C2024,2024-02-01,overnight,pre,SAIC,0.0,6.63147210477888e-08,0.0036240887637548624,0.32873187911054214,250,-0.0011913535093725375,,,,,True,averted,False,exposed,0.98,0.0479
E04,C2024,2024-02-01,overnight,pre,LDOS,0.001810419098646543,0.0018104364209592383,0.0036240887637548624,0.37232350355839466,250,0.00046108567291872136,,,,,True,averted,False,exposed,0.87,0.0736
E04,C2024,2024-02-01,overnight,pre,BAH,0.0015628414667880897,0.0015629418934923756,0.0036240887637548624,0.23906686084849207,250,0.0006964419426009223,,,,,True,averted,False,exposed,0.98,0.0144
E04,C2024,2024-02-01,overnight,pre,PSN,-0.0010744389617207695,-0.0010744389617207695,0.0036240887637548624,0.4553970431963117,250,-0.00272483826901571,,,,,True,averted,False,exposed,0.51,0.0099
E04,C2024,2024-02-01,overnight,pre,ACN,0.0003297655776193231,0.00032977542788303893,0.0036240887637548624,1.2464736450343163,250,-0.004187565553666109,,,,,True,averted,False,control,0.08,0.0656
E04,C2024,2024-02-01,overnight,pre,EPAM,0.0016541006225947452,0.0016541006225947452,0.0036240887637548624,1.7940771059365401,250,-0.004847794058339712,,,,,True,averted,False,control,0.0,0.0
E04,C2024,2024-02-01,overnight,pre,CTSH,0.002982309540957573,0.0029821682949076056,0.0036240887637548624,1.0216830062865487,250,-0.0007203603622447968,,,,,True,averted,False,control,0.0,0.0
E04,C2024,2024-02-01,intraday,pre,CACI,0.006573999964770483,0.006573999964770483,0.00942988930481703,0.5474370102894478,250,0.0014117295563810086,,,,,True,averted,False,exposed,0.956,0.0926
E04,C2024,2024-02-01,intraday,pre,SAIC,0.00908666431442362,0.00908666431442362,0.00942988930481703,0.5959611753818774,250,0.003466816400603868,,,,,True,averted,False,exposed,0.98,0.0479
E04,C2024,2024-02-01,intraday,pre,LDOS,0.001626459771641997,0.0016264597716422191,0.00942988930481703,0.730361944372481,250,-0.005260772516241432,,,,,True,averted,False,exposed,0.87,0.0736
E04,C2024,2024-02-01,intraday,pre,BAH,0.008369335796642785,0.008369335796642785,0.00942988930481703,0.6086892383649063,250,0.002629463657828332,,,,,True,averted,False,exposed,0.98,0.0144
E04,C2024,2024-02-01,intraday,pre,PSN,0.006453567273970062,0.006453567273970062,0.00942988930481703,0.5341184293741684,250,0.0014168896093089212,,,,,True,averted,False,exposed,0.51,0.0099
E04,C2024,2024-02-01,intraday,pre,ACN,0.018983526648351567,0.01898352664835179,0.00942988930481703,1.0226412282810475,250,0.009340133067119167,,,,,True,averted,False,control,0.08,0.0656
E04,C2024,2024-02-01,intraday,pre,EPAM,0.02516415664393734,0.02516415664393734,0.00942988930481703,1.4794559716821971,250,0.011213050599623704,,,,,True,averted,False,control,0.0,0.0
E04,C2024,2024-02-01,intraday,pre,CTSH,0.0068519559209243575,0.006851955920924135,0.00942988930481703,1.036193648060223,250,-0.0029192354786380798,,,,,True,averted,False,control,0.0,0.0
E04,C2024,2024-02-02,overnight,pre,CACI,-0.0008958429441259241,-0.0008958429441259241,0.0009198317432095315,0.40792976632912253,250,-0.0012710696921954979,,,,,True,averted,False,exposed,0.956,0.0926
E04,C2024,2024-02-02,overnight,pre,SAIC,-0.0065207565005314105,-0.00652066020149078,0.0009198317432095315,0.32873187911054214,250,-0.006823134517942205,,,,,True,averted,False,exposed,0.98,0.0479
E04,C2024,2024-02-02,overnight,pre,LDOS,-0.0020748380975394998,-0.00207485183395939,0.0009198317432095315,0.37232350355839466,250,-0.002417313074855498,,,,,True,averted,False,exposed,0.87,0.0736
E04,C2024,2024-02-02,overnight,pre,BAH,0.0016881585639634267,0.0016882703358445106,0.0009198317432095315,0.23906686084849207,250,0.0014682572766055277,,,,,True,averted,False,exposed,0.98,0.0144
E04,C2024,2024-02-02,overnight,pre,PSN,-0.0021373952671756014,-0.0021373952671756014,0.0009198317432095315,0.4553970431963117,250,-0.0025562839232713313,,,,,True,averted,False,exposed,0.51,0.0099
E04,C2024,2024-02-02,overnight,pre,ACN,0.003450968394574039,0.0034509861592657565,0.0009198317432095315,1.2464736450343163,250,0.0023044223687973845,,,,,True,averted,False,control,0.08,0.0656
E04,C2024,2024-02-02,overnight,pre,EPAM,-0.004972277353555876,-0.004972277353555876,0.0009198317432095315,1.7940771059365401,250,-0.006622526425361795,,,,,True,averted,False,control,0.0,0.0
E04,C2024,2024-02-02,overnight,pre,CTSH,-0.005136028558347272,-0.005136139456274225,0.0009198317432095315,1.0216830062865487,250,-0.006075805019027383,,,,,True,averted,False,control,0.0,0.0
E04,C2024,2024-02-02,intraday,pre,CACI,0.007028584799368298,0.007028584799368298,0.00959871797927514,0.5474370102894478,250,0.0017738913261823456,,,,,True,averted,False,exposed,0.956,0.0926
E04,C2024,2024-02-02,intraday,pre,SAIC,0.008048062764780317,0.008048062764780317,0.00959871797927514,0.5959611753818774,250,0.0023275995156923452,,,,,True,averted,False,exposed,0.98,0.0479
E04,C2024,2024-02-02,intraday,pre,LDOS,0.0028023647842490007,0.0028023647842490007,0.00959871797927514,0.730361944372481,250,-0.004208173542577483,,,,,True,averted,False,exposed,0.87,0.0736
E04,C2024,2024-02-02,intraday,pre,BAH,0.0002808313949926866,0.00028083139499290866,0.00959871797927514,0.6086892383649063,250,-0.00556180494109183,,,,,True,averted,False,exposed,0.98,0.0144
E04,C2024,2024-02-02,intraday,pre,PSN,0.003824969364546682,0.003824969364546682,0.00959871797927514,0.5341184293741684,250,-0.0013018828065493471,,,,,True,averted,False,exposed,0.51,0.0099
E04,C2024,2024-02-02,intraday,pre,ACN,0.002041994129609037,0.002041994129609037,0.00959871797927514,1.0226412282810475,250,-0.007774050614640267,,,,,True,averted,False,control,0.08,0.0656
E04,C2024,2024-02-02,intraday,pre,EPAM,0.021677940314581923,0.021677940314581923,0.00959871797927514,1.4794559716821971,250,0.007477059679650046,,,,,True,averted,False,control,0.0,0.0
E04,C2024,2024-02-02,intraday,pre,CTSH,0.00529163670908761,0.00529163670908761,0.00959871797927514,1.036193648060223,250,-0.004654493890558749,,,,,True,averted,False,control,0.0,0.0
E04,C2024,2024-02-05,overnight,resolution,CACI,-0.007841253937808323,-0.007841253937808323,-0.0013148455385443292,0.40792976632912253,250,-0.007304889304511046,,,,,True,averted,False,exposed,0.956,0.0926
E04,C2024,2024-02-05,overnight,resolution,SAIC,-0.004960851308306924,-0.004961085585989622,-0.0013148455385443292,0.32873187911054214,250,-0.004528619663681134,,,,,True,averted,False,exposed,0.98,0.0479
E04,C2024,2024-02-05,overnight,resolution,LDOS,-0.007031450445240783,-0.007031448811205543,-0.0013148455385443292,0.37232350355839466,250,-0.006541902547691834,,,,,True,averted,False,exposed,0.87,0.0736
E04,C2024,2024-02-05,overnight,resolution,BAH,0.0021060239138552816,0.0021059300945713844,-0.0013148455385443292,0.23906686084849207,250,0.0024203599092557193,,,,,True,averted,False,exposed,0.98,0.0144
E04,C2024,2024-02-05,overnight,resolution,PSN,-0.005334529290442647,-0.005334529290442647,-0.0013148455385443292,0.4553970431963117,250,-0.004735752519929698,,,,,True,averted,False,exposed,0.51,0.0099
E04,C2024,2024-02-05,overnight,resolution,ACN,-0.0012066287311413015,-0.001206589729660923,-0.0013148455385443292,1.2464736450343163,250,0.00043229157994515723,,,,,True,averted,False,control,0.08,0.0656
E04,C2024,2024-02-05,overnight,resolution,EPAM,-0.005890127641919318,-0.005890127641919318,-0.0013148455385443292,1.7940771059365401,250,-0.0035311933633741365,,,,,True,averted,False,control,0.0,0.0
E04,C2024,2024-02-05,overnight,resolution,CTSH,-0.007959978878618323,-0.007959685015137552,-0.0013148455385443292,1.0216830062865487,250,-0.006616623535995897,,,,,True,averted,False,control,0.0,0.0
E05,C2024,2024-02-01,intraday,pre,CACI,0.006573999964770483,0.006573999964770483,0.00942988930481703,0.598559874074054,250,0.0009296466099469334,,,,0.13,True,averted,False,exposed,0.956,0.0926
E05,C2024,2024-02-01,intraday,pre,SAIC,0.00908666431442362,0.00908666431442362,0.00942988930481703,0.6821978867729741,250,0.002653613758174373,,,,0.13,True,averted,False,exposed,0.98,0.0479
E05,C2024,2024-02-01,intraday,pre,LDOS,0.001626459771641997,0.0016264597716422191,0.00942988930481703,0.7790276152593449,250,-0.005719684405649216,,,,0.13,True,averted,False,exposed,0.87,0.0736
E05,C2024,2024-02-01,intraday,pre,BAH,0.008369335796642785,0.008369335796642785,0.00942988930481703,0.6865336931971672,250,0.001895399065766282,,,,0.13,True,averted,False,exposed,0.98,0.0144
E05,C2024,2024-02-01,intraday,pre,PSN,0.006453567273970062,0.006453567273970062,0.00942988930481703,0.5571468244845613,250,0.0011997343925503265,,,,0.13,True,averted,False,exposed,0.51,0.0099
E05,C2024,2024-02-01,intraday,pre,ACN,0.018983526648351567,0.01898352664835179,0.00942988930481703,0.9265519898096716,250,0.010246243949288409,,,,0.13,True,averted,False,control,0.08,0.0656
E05,C2024,2024-02-01,intraday,pre,EPAM,0.02516415664393734,0.02516415664393734,0.00942988930481703,1.3971555514290792,250,0.011989134452350527,,,,0.13,True,averted,False,control,0.0,0.0
E05,C2024,2024-02-01,intraday,pre,CTSH,0.0068519559209243575,0.006851955920924135,0.00942988930481703,0.9630342225951789,250,-0.002229350194898703,,,,0.13,True,averted,False,control,0.0,0.0
E05,C2024,2024-02-02,overnight,pre,CACI,-0.0008958429441259241,-0.0008958429441259241,0.0009198317432095315,0.3885500296941389,250,-0.001253243595263599,,,0.13,,True,averted,False,exposed,0.956,0.0926
E05,C2024,2024-02-02,overnight,pre,SAIC,-0.0065207565005314105,-0.00652066020149078,0.0009198317432095315,0.24275277695773514,250,-0.0067440482105293985,,,0.13,,True,averted,False,exposed,0.98,0.0479
E05,C2024,2024-02-02,overnight,pre,LDOS,-0.0020748380975394998,-0.00207485183395939,0.0009198317432095315,0.34836261931461654,250,-0.0023952730929327017,,,0.13,,True,averted,False,exposed,0.87,0.0736
E05,C2024,2024-02-02,overnight,pre,BAH,0.0016881585639634267,0.0016882703358445106,0.0009198317432095315,0.20387488670634168,250,0.0015006279715276867,,,0.13,,True,averted,False,exposed,0.98,0.0144
E05,C2024,2024-02-02,overnight,pre,PSN,-0.0021373952671756014,-0.0021373952671756014,0.0009198317432095315,0.434022118404665,250,-0.002536622588939258,,,0.13,,True,averted,False,exposed,0.51,0.0099
E05,C2024,2024-02-02,overnight,pre,ACN,0.003450968394574039,0.0034509861592657565,0.0009198317432095315,1.235487208131355,250,0.0023145280422054975,,,0.13,,True,averted,False,control,0.08,0.0656
E05,C2024,2024-02-02,overnight,pre,EPAM,-0.004972277353555876,-0.004972277353555876,0.0009198317432095315,1.8592681117391938,250,-0.006682491181870833,,,0.13,,True,averted,False,control,0.0,0.0
E05,C2024,2024-02-02,overnight,pre,CTSH,-0.005136028558347272,-0.005136139456274225,0.0009198317432095315,0.9298605620122458,250,-0.00599134382004479,,,0.13,,True,averted,False,control,0.0,0.0
E05,C2024,2024-02-02,intraday,pre,CACI,0.007028584799368298,0.007028584799368298,0.00959871797927514,0.598559874074054,250,0.0012831773744210124,,,,0.135,True,averted,False,exposed,0.956,0.0926
E05,C2024,2024-02-02,intraday,pre,SAIC,0.008048062764780317,0.008048062764780317,0.00959871797927514,0.6821978867729741,250,0.0014998376435890644,,,,0.135,True,averted,False,exposed,0.98,0.0479
E05,C2024,2024-02-02,intraday,pre,LDOS,0.0028023647842490007,0.0028023647842490007,0.00959871797927514,0.7790276152593449,250,-0.00467530159269271,,,,0.135,True,averted,False,exposed,0.87,0.0736
E05,C2024,2024-02-02,intraday,pre,BAH,0.0002808313949926866,0.00028083139499290866,0.00959871797927514,0.6865336931971672,250,-0.006309011909277125,,,,0.135,True,averted,False,exposed,0.98,0.0144
E05,C2024,2024-02-02,intraday,pre,PSN,0.003824969364546682,0.003824969364546682,0.00959871797927514,0.5571468244845613,250,-0.0015229258767293277,,,,0.135,True,averted,False,exposed,0.51,0.0099
E05,C2024,2024-02-02,intraday,pre,ACN,0.002041994129609037,0.002041994129609037,0.00959871797927514,0.9265519898096716,250,-0.006851717113710213,,,,0.135,True,averted,False,control,0.08,0.0656
E05,C2024,2024-02-02,intraday,pre,EPAM,0.021677940314581923,0.021677940314581923,0.00959871797927514,1.3971555514290792,250,0.008267038203235547,,,,0.135,True,averted,False,control,0.0,0.0
E05,C2024,2024-02-02,intraday,pre,CTSH,0.00529163670908761,0.00529163670908761,0.00959871797927514,0.9630342225951789,250,-0.00395225719799399,,,,0.135,True,averted,False,control,0.0,0.0
E05,C2024,2024-02-05,overnight,pre,CACI,-0.007841253937808323,-0.007841253937808323,-0.0013148455385443292,0.3885500296941389,250,-0.007330370664763718,-0.0050000000000000044,,0.135,0.13,True,averted,False,exposed,0.956,0.0926
E05,C2024,2024-02-05,overnight,pre,SAIC,-0.004960851308306924,-0.004961085585989622,-0.0013148455385443292,0.24275277695773514,250,-0.004641668902554799,-0.0050000000000000044,,0.135,0.13,True,averted,False,exposed,0.98,0.0479
E05,C2024,2024-02-05,overnight,pre,LDOS,-0.007031450445240783,-0.007031448811205543,-0.0013148455385443292,0.34836261931461654,250,-0.006573407409439343,-0.0050000000000000044,,0.135,0.13,True,averted,False,exposed,0.87,0.0736
E05,C2024,2024-02-05,overnight,pre,BAH,0.0021060239138552816,0.0021059300945713844,-0.0013148455385443292,0.20387488670634168,250,0.0023740878990623454,-0.0050000000000000044,,0.135,0.13,True,averted,False,exposed,0.98,0.0144
E05,C2024,2024-02-05,overnight,pre,PSN,-0.005334529290442647,-0.005334529290442647,-0.0013148455385443292,0.434022118404665,250,-0.004763857244428714,-0.0050000000000000044,,0.135,0.13,True,averted,False,exposed,0.51,0.0099
E05,C2024,2024-02-05,overnight,pre,ACN,-0.0012066287311413015,-0.001206589729660923,-0.0013148455385443292,1.235487208131355,250,0.0004178461123987996,-0.0050000000000000044,,0.135,0.13,True,averted,False,control,0.08,0.0656
E05,C2024,2024-02-05,overnight,pre,EPAM,-0.005890127641919318,-0.005890127641919318,-0.0013148455385443292,1.8592681117391938,250,-0.0034454772602413,-0.0050000000000000044,,0.135,0.13,True,averted,False,control,0.0,0.0
E05,C2024,2024-02-05,overnight,pre,CTSH,-0.007959978878618323,-0.007959685015137552,-0.0013148455385443292,0.9298605620122458,250,-0.006737355867188199,-0.0050000000000000044,,0.135,0.13,True,averted,False,control,0.0,0.0
E05,C2024,2024-02-05,intraday,pre,CACI,0.0032712993193424467,0.0032712993193424467,-0.0023293991727392216,0.598559874074054,250,0.0046655841948454405,0.0,,0.13,0.13,True,averted,False,exposed,0.956,0.0926
E05,C2024,2024-02-05,intraday,pre,SAIC,-0.0074783160913278746,-0.0074783160913278746,-0.0023293991727392216,0.6821978867729741,250,-0.005889204898234464,0.0,,0.13,0.13,True,averted,False,exposed,0.98,0.0479
E05,C2024,2024-02-05,intraday,pre,LDOS,0.0052655641588892355,0.0052655641588892355,-0.0023293991727392216,0.7790276152593449,250,0.0070802304414153625,0.0,,0.13,0.13,True,averted,False,exposed,0.87,0.0736
E05,C2024,2024-02-05,intraday,pre,BAH,-0.006164657793344963,-0.006164657793344963,-0.0023293991727392216,0.6865336931971672,250,-0.0045654467763538795,0.0,,0.13,0.13,True,averted,False,exposed,0.98,0.0144
E05,C2024,2024-02-05,intraday,pre,PSN,-0.001532308867926102,-0.001532308867926102,-0.0023293991727392216,0.5571468244845613,250,-0.00023449151587748057,0.0,,0.13,0.13,True,averted,False,exposed,0.51,0.0099
E05,C2024,2024-02-05,intraday,pre,ACN,-0.005798667651006673,-0.005798667651006673,-0.0023293991727392216,0.9265519898096716,250,-0.003640358212444144,0.0,,0.13,0.13,True,averted,False,control,0.08,0.0656
E05,C2024,2024-02-05,intraday,pre,EPAM,0.0013166723925830404,0.0013166723925830404,-0.0023293991727392216,1.3971555514290792,250,0.004571205378269948,0.0,,0.13,0.13,True,averted,False,control,0.0,0.0
E05,C2024,2024-02-05,intraday,pre,CTSH,0.004141318932507243,0.004141318932507021,-0.0023293991727392216,0.9630342225951789,250,0.006384610053940012,0.0,,0.13,0.13,True,averted,False,control,0.0,0.0
E05,C2024,2024-02-06,overnight,pre,CACI,-0.0022795723842075066,-0.0022795723842075066,0.0019693456989666736,0.3885500296941389,250,-0.0030447617140190323,0.01999999999999999,,0.13,0.15,True,averted,False,exposed,0.956,0.0926
E05,C2024,2024-02-06,overnight,pre,SAIC,-0.001491268302977078,-0.001491123189706789,0.0019693456989666736,0.24275277695773514,250,-0.00196933244019101,0.01999999999999999,,0.13,0.15,True,averted,False,exposed,0.98,0.0479
E05,C2024,2024-02-06,overnight,pre,LDOS,-0.0007224952365529891,-0.0007225347233068558,0.0019693456989666736,0.34836261931461654,250,-0.0014085416625809937,0.01999999999999999,,0.13,0.15,True,averted,False,exposed,0.87,0.0736
E05,C2024,2024-02-06,overnight,pre,BAH,0.0,3.274473669989675e-08,0.0019693456989666736,0.20387488670634168,250,-0.00040150013126245186,0.01999999999999999,,0.13,0.15,True,averted,False,exposed,0.98,0.0144
E05,C2024,2024-02-06,overnight,pre,PSN,0.0,0.0,0.0019693456989666736,0.434022118404665,250,-0.0008547395921366313,0.01999999999999999,,0.13,0.15,True,averted,False,exposed,0.51,0.0099
E05,C2024,2024-02-06,overnight,pre,ACN,0.0004860201485075155,0.0004860846249101769,0.0019693456989666736,1.235487208131355,250,-0.0019470812709543118,0.01999999999999999,,0.13,0.15,True,averted,False,control,0.08,0.0656
E05,C2024,2024-02-06,overnight,pre,EPAM,0.004498489027596753,0.004498489027596753,0.0019693456989666736,1.8592681117391938,250,0.0008369473685172829,0.01999999999999999,,0.13,0.15,True,averted,False,control,0.0,0.0
E05,C2024,2024-02-06,overnight,pre,CTSH,0.0030932530135494574,0.003093052742284552,0.0019693456989666736,0.9298605620122458,250,0.0012620361151119074,0.01999999999999999,,0.13,0.15,True,averted,False,control,0.0,0.0
E05,C2024,2024-02-06,intraday,pre,CACI,0.010440512522328804,0.010440512522328804,0.0009321243521100975,0.598559874074054,250,0.009882580287508425,-0.009999999999999981,,0.15,0.14,True,averted,False,exposed,0.956,0.0926
E05,C2024,2024-02-06,intraday,pre,SAIC,0.011790598851212808,0.011790598851212808,0.0009321243521100975,0.6821978867729741,250,0.011154705587993672,-0.009999999999999981,,0.15,0.14,True,averted,False,exposed,0.98,0.0479
E05,C2024,2024-02-06,intraday,pre,LDOS,0.01364665322666081,0.01364665322666081,0.0009321243521100975,0.7790276152593449,250,0.01292050261551132,-0.009999999999999981,,0.15,0.14,True,averted,False,exposed,0.87,0.0736
E05,C2024,2024-02-06,intraday,pre,BAH,0.015366237226295487,0.015366237226295487,0.0009321243521100975,0.6865336931971672,250,0.014726302452322326,-0.009999999999999981,,0.15,0.14,True,averted,False,exposed,0.98,0.0144
E05,C2024,2024-02-06,intraday,pre,PSN,0.010282353167074598,0.010282353167074598,0.0009321243521100975,0.5571468244845613,250,0.009763023044271728,-0.009999999999999981,,0.15,0.14,True,averted,False,exposed,0.51,0.0099
E05,C2024,2024-02-06,intraday,pre,ACN,-0.015707591959363887,-0.015707591959363776,0.0009321243521100975,0.9265519898096716,250,-0.01657125363256155,-0.009999999999999981,,0.15,0.14,True,averted,False,control,0.08,0.0656
E05,C2024,2024-02-06,intraday,pre,EPAM,-0.003927157554924898,-0.003927157554924898,0.0009321243521100975,1.3971555514290792,250,-0.005229480268097755,-0.009999999999999981,,0.15,0.14,True,averted,False,control,0.0,0.0
E05,C2024,2024-02-06,intraday,pre,CTSH,0.011563683783097245,0.011563683783097245,0.0009321243521100975,0.9630342225951789,250,0.010666016132300862,-0.009999999999999981,,0.15,0.14,True,averted,False,control,0.0,0.0
E05,C2024,2024-02-07,overnight,pre,CACI,0.004636771072413337,0.004636771072413337,0.0046762975192533585,0.3885500296941389,250,0.0028197955324488167,-0.0050000000000000044,,0.14,0.135,True,averted,False,exposed,0.956,0.0926
E05,C2024,2024-02-07,overnight,pre,SAIC,0.0015537367785543044,0.0015536346099391807,0.0046762975192533585,0.24275277695773514,250,0.0004185525698749838,-0.0050000000000000044,,0.14,0.135,True,averted,False,exposed,0.98,0.0479
E05,C2024,2024-02-07,overnight,pre,LDOS,0.0015156748786733232,0.0015156838853647159,0.0046762975192533585,0.34836261931461654,250,-0.00011337237382822015,-0.0050000000000000044,,0.14,0.135,True,averted,False,exposed,0.87,0.0736
E05,C2024,2024-02-07,overnight,pre,BAH,0.00263790067214531,0.0026378804480242657,0.0046762975192533585,0.20387488670634168,250,0.001684521045202385,-0.0050000000000000044,,0.14,0.135,True,averted,False,exposed,0.98,0.0144
E05,C2024,2024-02-07,overnight,pre,PSN,0.0009114014633471168,0.0009114014633471168,0.0046762975192533585,0.434022118404665,250,-0.0011182150922497054,-0.0050000000000000044,,0.14,0.135,True,averted,False,exposed,0.51,0.0099
E05,C2024,2024-02-07,overnight,pre,ACN,0.0008225604331362213,0.0008224822446982749,0.0046762975192533585,1.235487208131355,250,-0.004954945333317692,-0.0050000000000000044,,0.14,0.135,True,averted,False,control,0.08,0.0656
E05,C2024,2024-02-07,overnight,pre,EPAM,-3.4512537473885274e-05,-3.4512537473885274e-05,0.0046762975192533585,1.8592681117391938,250,-0.008729003396026754,-0.0050000000000000044,,0.14,0.135,True,averted,False,control,0.0,0.0
E05,C2024,2024-02-07,overnight,pre,CTSH,-0.039248111750620374,-0.03924791352876145,0.0046762975192533585,0.9298605620122458,250,-0.04359641639000977,-0.0050000000000000044,,0.14,0.135,True,averted,False,control,0.0,0.0
E05,C2024,2024-02-07,intraday,pre,CACI,0.0004273330484332316,0.0004273330484332316,0.0036470562957142683,0.598559874074054,250,-0.0017556485086704867,,,0.135,,True,averted,False,exposed,0.956,0.0926
E05,C2024,2024-02-07,intraday,pre,SAIC,-0.0030251272529107087,-0.0030251272529108197,0.0036470562957142683,0.6821978867729741,250,-0.005513141350789053,,,0.135,,True,averted,False,exposed,0.98,0.0479
E05,C2024,2024-02-07,intraday,pre,LDOS,0.00667675587983485,0.006676755879834628,0.0036470562957142683,0.7790276152593449,250,0.0038355983110679834,,,0.135,,True,averted,False,exposed,0.87,0.0736
E05,C2024,2024-02-07,intraday,pre,BAH,-0.005331226469002082,-0.005331226469002082,0.0036470562957142683,0.6865336931971672,250,-0.007835053496996779,,,0.135,,True,averted,False,exposed,0.98,0.0144
E05,C2024,2024-02-07,intraday,pre,PSN,-0.001214172571568417,-0.001214172571568417,0.0036470562957142683,0.5571468244845613,250,-0.003246118405442049,,,0.135,,True,averted,False,exposed,0.51,0.0099
E05,C2024,2024-02-07,intraday,pre,ACN,0.004520531232876879,0.004520531232876657,0.0036470562957142683,0.9265519898096716,250,0.0011413439651349333,,,0.135,,True,averted,False,control,0.08,0.0656
E05,C2024,2024-02-07,intraday,pre,EPAM,-0.011931977677917538,-0.011931977677917538,0.0036470562957142683,1.3971555514290792,250,-0.017027482627849103,,,0.135,,True,averted,False,control,0.0,0.0
E05,C2024,2024-02-07,intraday,pre,CTSH,0.03120043137271633,0.031200431372716553,0.0036470562957142683,0.9630342225951789,250,0.027688191348212286,,,0.135,,True,averted,False,control,0.0,0.0
E05,C2024,2024-02-08,overnight,pre,CACI,0.0,0.0,0.0,0.3885500296941389,250,0.0,,,,0.135,True,averted,False,exposed,0.956,0.0926
E05,C2024,2024-02-08,overnight,pre,SAIC,0.0012448735819954315,0.0012450924777025474,0.0,0.24275277695773514,250,0.0012448735819954315,,,,0.135,True,averted,False,exposed,0.98,0.0479
E05,C2024,2024-02-08,overnight,pre,LDOS,-0.0015917960482381144,-0.0015917181967587402,0.0,0.34836261931461654,250,-0.0015917960482381144,,,,0.135,True,averted,False,exposed,0.87,0.0736
E05,C2024,2024-02-08,overnight,pre,BAH,-0.0003480655625237583,-0.0003478377981044334,0.0,0.20387488670634168,250,-0.0003480655625237583,,,,0.135,True,averted,False,exposed,0.98,0.0144
E05,C2024,2024-02-08,overnight,pre,PSN,0.0,0.0,0.0,0.434022118404665,250,0.0,,,,0.135,True,averted,False,exposed,0.51,0.0099
E05,C2024,2024-02-08,overnight,pre,ACN,0.002809215374706575,0.002809397715263895,0.0,1.235487208131355,250,0.002809215374706575,,,,0.135,True,averted,False,control,0.08,0.0656
E05,C2024,2024-02-08,overnight,pre,EPAM,0.0014000976465389225,0.0014000976465389225,0.0,1.8592681117391938,250,0.0014000976465389225,,,,0.135,True,averted,False,control,0.0,0.0
E05,C2024,2024-02-08,overnight,pre,CTSH,0.0016666314102564694,0.001666336357852627,0.0,0.9298605620122458,250,0.0016666314102564694,,,,0.135,True,averted,False,control,0.0,0.0
E05,C2024,2024-02-08,intraday,pre,CACI,0.011989154415873005,0.011989154415873005,0.00044168078158146606,0.598559874074054,250,0.011724782022868672,,,0.135,,True,averted,False,exposed,0.956,0.0926
E05,C2024,2024-02-08,intraday,pre,SAIC,0.01181136274498984,0.01181136274498984,0.00044168078158146606,0.6821978867729741,250,0.011510049049166728,,,0.135,,True,averted,False,exposed,0.98,0.0479
E05,C2024,2024-02-08,intraday,pre,LDOS,0.00327719304769003,0.00327719304769003,0.00044168078158146606,0.7790276152593449,250,0.002933111521708737,,,0.135,,True,averted,False,exposed,0.87,0.0736
E05,C2024,2024-02-08,intraday,pre,BAH,0.007032898097488083,0.007032898097488083,0.00044168078158146606,0.6865336931971672,250,0.006729669359294747,,,0.135,,True,averted,False,exposed,0.98,0.0144
E05,C2024,2024-02-08,intraday,pre,PSN,0.018538235302131723,0.018538235302131723,0.00044168078158146606,0.5571468244845613,250,0.01829215425723775,,,0.135,,True,averted,False,exposed,0.51,0.0099
E05,C2024,2024-02-08,intraday,pre,ACN,0.002175854862608073,0.002175854862608073,0.00044168078158146606,0.9265519898096716,250,0.001766614655573075,,,0.135,,True,averted,False,control,0.08,0.0656
E05,C2024,2024-02-08,intraday,pre,EPAM,0.0037750956481104048,0.0037750956481104048,0.00044168078158146606,1.3971555514290792,250,0.0031579988921643246,,,0.135,,True,averted,False,control,0.0,0.0
E05,C2024,2024-02-08,intraday,pre,CTSH,0.0021759350567491786,0.0021759350567491786,0.00044168078158146606,0.9630342225951789,250,0.0017505813486236406,,,0.135,,True,averted,False,control,0.0,0.0
E05,C2024,2024-02-09,overnight,pre,CACI,0.0019136175369731667,0.0019136175369731667,0.0010434840913120524,0.3885500296941389,250,0.001508171762308507,,,,,True,averted,False,exposed,0.956,0.0926
E05,C2024,2024-02-09,overnight,pre,SAIC,0.0043007262974052995,0.00430057178824228,0.0010434840913120524,0.24275277695773514,250,0.00404741763652808,,,,,True,averted,False,exposed,0.98,0.0479
E05,C2024,2024-02-09,overnight,pre,LDOS,0.0031782529425801176,0.0031781886751223176,0.0010434840913120524,0.34836261931461654,250,0.0028147420913175185,,,,,True,averted,False,exposed,0.87,0.0736
E05,C2024,2024-02-09,overnight,pre,BAH,0.0019361001900628505,0.005481733059044869,0.0010434840913120524,0.20387488670634168,250,0.001723359989166736,,,,,True,averted,False,exposed,0.98,0.0144
E05,C2024,2024-02-09,overnight,pre,PSN,0.006116718893963924,0.006116718893963924,0.0010434840913120524,0.434022118404665,250,0.0056638237181311,,,,,True,averted,False,exposed,0.51,0.0099
E05,C2024,2024-02-09,overnight,pre,ACN,0.002089635738748319,0.0020895362515860327,0.0010434840913120524,1.235487208131355,250,0.0008004244920437073,,,,,True,averted,False,control,0.08,0.0656
E05,C2024,2024-02-09,overnight,pre,EPAM,0.002228589929786695,0.002228589929786695,0.0010434840913120524,1.8592681117391938,250,0.00028847323370304696,,,,,True,averted,False,control,0.0,0.0
E05,C2024,2024-02-09,overnight,pre,CTSH,0.0034482328158733644,0.0034483906235411865,0.0010434840913120524,0.9298605620122458,250,0.002477938112275102,,,,,True,averted,False,control,0.0,0.0
E05,C2024,2024-02-09,intraday,pre,CACI,0.013481596689715936,0.013481596689715936,0.004731007773042917,0.598559874074054,250,0.010649805272839997,,,,0.13,True,averted,False,exposed,0.956,0.0926
E05,C2024,2024-02-09,intraday,pre,SAIC,0.005888116346876915,0.005888116346876693,0.004731007773042917,0.6821978867729741,250,0.002660632841800523,,,,0.13,True,averted,False,exposed,0.98,0.0479
E05,C2024,2024-02-09,intraday,pre,LDOS,-0.0008800361029314141,-0.0008800361029314141,0.004731007773042917,0.7790276152593449,250,-0.004565621806138462,,,,0.13,True,averted,False,exposed,0.87,0.0736
E05,C2024,2024-02-09,intraday,pre,BAH,0.012353406317155091,0.012353406317155091,0.004731007773042917,0.6865336931971672,250,0.009105410078183433,,,,0.13,True,averted,False,exposed,0.98,0.0144
E05,C2024,2024-02-09,intraday,pre,PSN,0.006376042325659137,0.006376042325659137,0.004731007773042917,0.5571468244845613,250,0.0037401763682964996,,,,0.13,True,averted,False,exposed,0.51,0.0099
E05,C2024,2024-02-09,intraday,pre,ACN,0.006553861611374501,0.006553861611374501,0.004731007773042917,0.9265519898096716,250,0.002170336945456563,,,,0.13,True,averted,False,control,0.08,0.0656
E05,C2024,2024-02-09,intraday,pre,EPAM,-0.005350782157818812,-0.005350782157818812,0.004731007773042917,1.3971555514290792,250,-0.011960735931779848,,,,0.13,True,averted,False,control,0.0,0.0
E05,C2024,2024-02-09,intraday,pre,CTSH,-0.018709446681938746,-0.018709446681938857,0.004731007773042917,0.9630342225951789,250,-0.02326556907474288,,,,0.13,True,averted,False,control,0.0,0.0
E05,C2024,2024-02-12,overnight,pre,CACI,0.00038802433609275155,0.00038802433609275155,-5.985394906182773e-05,0.3885500296941389,250,0.0004112805897780362,,,0.13,,True,averted,False,exposed,0.956,0.0926
E05,C2024,2024-02-12,overnight,pre,SAIC,0.0012163874726305313,0.0012163028031713097,-5.985394906182773e-05,0.24275277695773514,250,0.0012309171849771768,,,0.13,,True,averted,False,exposed,0.98,0.0479
E05,C2024,2024-02-12,overnight,pre,LDOS,0.0023782639201437306,0.002378294956701499,-5.985394906182773e-05,0.34836261931461654,250,0.0023991147986152325,,,0.13,,True,averted,False,exposed,0.87,0.0736
E05,C2024,2024-02-12,overnight,pre,BAH,-0.0016361408144608403,-0.0016363777001336954,-5.985394906182773e-05,0.20387488670634168,250,-0.001623938097376933,,,0.13,,True,averted,False,exposed,0.98,0.0144
E05,C2024,2024-02-12,overnight,pre,PSN,0.0033887683907600774,0.0033887683907600774,-5.985394906182773e-05,0.434022118404665,250,0.0034147463285267767,,,0.13,,True,averted,False,exposed,0.51,0.0099
E05,C2024,2024-02-12,overnight,pre,ACN,-0.0058654804568637475,-0.005865523377567183,-5.985394906182773e-05,1.235487208131355,250,-0.005791531668441713,,,0.13,,True,averted,False,control,0.08,0.0656
E05,C2024,2024-02-12,overnight,pre,EPAM,0.0033535544656759786,0.0033535544656759786,-5.985394906182773e-05,1.8592681117391938,250,0.003464839004528297,,,0.13,,True,averted,False,control,0.0,0.0
E05,C2024,2024-02-12,overnight,pre,CTSH,-0.0046692687048506265,-0.004669321458223741,-5.985394906182773e-05,0.9298605620122458,250,-0.004613612878137343,,,0.13,,True,averted,False,control,0.0,0.0
E05,C2024,2024-02-12,intraday,pre,CACI,0.0025485702032406188,0.0025485702032406188,-0.0003791176545281383,0.598559874074054,250,0.002775494818794232,,,,0.13,True,averted,False,exposed,0.956,0.0926
E05,C2024,2024-02-12,intraday,pre,SAIC,-0.0033409446496349693,-0.0033409446496348583,-0.0003791176545281383,0.6821978867729741,250,-0.003082311386877547,,,,0.13,True,averted,False,exposed,0.98,0.0479
E05,C2024,2024-02-12,intraday,pre,LDOS,0.006678334615968007,0.006678334615968007,-0.0003791176545281383,0.7790276152593449,250,0.0069736777382777785,,,,0.13,True,averted,False,exposed,0.87,0.0736
E05,C2024,2024-02-12,intraday,pre,BAH,-0.0038238136691964852,-0.0038238136691965963,-0.0003791176545281383,0.6865336931971672,250,-0.003563536625677035,,,,0.13,True,averted,False,exposed,0.98,0.0144
E05,C2024,2024-02-12,intraday,pre,PSN,0.002202665688253669,0.002202665688253669,-0.0003791176545281383,0.5571468244845613,250,0.002413889885580056,,,,0.13,True,averted,False,exposed,0.51,0.0099
E05,C2024,2024-02-12,intraday,pre,ACN,-0.005575245756684666,-0.005575245756684777,-0.0003791176545281383,0.9265519898096716,250,-0.005223973539509643,,,,0.13,True,averted,False,control,0.08,0.0656
E05,C2024,2024-02-12,intraday,pre,EPAM,0.012289797948724646,0.012289797948724646,-0.0003791176545281383,1.3971555514290792,250,0.012819484284393405,,,,0.13,True,averted,False,control,0.0,0.0
E05,C2024,2024-02-12,intraday,pre,CTSH,-0.0027365009884821045,-0.0027365009884821045,-0.0003791176545281383,0.9630342225951789,250,-0.0023713977127814913,,,,0.13,True,averted,False,control,0.0,0.0
E05,C2024,2024-02-13,overnight,pre,CACI,-0.0052500523128635734,-0.0052500523128635734,-0.01287478952927723,0.3885500296941389,250,-0.00024755245895711694,,,0.13,,True,averted,False,exposed,0.956,0.0926
E05,C2024,2024-02-13,overnight,pre,SAIC,-0.007770753030162614,-0.007770552350052196,-0.01287478952927723,0.24275277695773514,250,-0.004645362119184194,,,0.13,,True,averted,False,exposed,0.98,0.0479
E05,C2024,2024-02-13,overnight,pre,LDOS,0.04443090089589874,0.044430877621349785,-0.01287478952927723,0.34836261931461654,250,0.048915996299442155,,,0.13,,True,averted,False,exposed,0.87,0.0736
E05,C2024,2024-02-13,overnight,pre,BAH,-0.0037699849356500614,-0.0037697825122189332,-0.01287478952927723,0.20387488670634168,250,-0.0011451386790006716,,,0.13,,True,averted,False,exposed,0.98,0.0144
E05,C2024,2024-02-13,overnight,pre,PSN,-0.009670383296703333,-0.009670383296703333,-0.01287478952927723,0.434022118404665,250,-0.00408243987119223,,,0.13,,True,averted,False,exposed,0.51,0.0099
E05,C2024,2024-02-13,overnight,pre,ACN,-0.0163840435446303,-0.01638410267999224,-0.01287478952927723,1.235487208131355,250,-0.0004774057738247718,,,0.13,,True,averted,False,control,0.08,0.0656
E05,C2024,2024-02-13,overnight,pre,EPAM,-0.03105653630363847,-0.03105653630363847,-0.01287478952927723,1.8592681117391938,250,-0.007118850686499652,,,0.13,,True,averted,False,control,0.0,0.0
E05,C2024,2024-02-13,overnight,pre,CTSH,-0.012936075732157493,-0.012935978607455878,-0.01287478952927723,0.9298605620122458,250,-0.0009643167046743898,,,0.13,,True,averted,False,control,0.0,0.0
E05,C2024,2024-02-13,intraday,pre,CACI,-0.007777743888888855,-0.007777743888888855,-0.0009099795787758103,0.598559874074054,250,-0.007233066626806846,,,,0.14,True,averted,False,exposed,0.956,0.0926
E05,C2024,2024-02-13,intraday,pre,SAIC,-0.0016124592378031766,-0.0016124592378031766,-0.0009099795787758103,0.6821978867729741,250,-0.0009916730921557576,,,,0.14,True,averted,False,exposed,0.98,0.0479
E05,C2024,2024-02-13,intraday,pre,LDOS,0.013623044542962148,0.013623044542962148,-0.0009099795787758103,0.7790276152593449,250,0.01433194376415057,,,,0.14,True,averted,False,exposed,0.87,0.0736
E05,C2024,2024-02-13,intraday,pre,BAH,-0.00646760990732187,-0.0064676099073217586,-0.0009099795787758103,0.6865336931971672,250,-0.00584287826637091,,,,0.14,True,averted,False,exposed,0.98,0.0144
E05,C2024,2024-02-13,intraday,pre,PSN,-0.0020713034114657747,-0.0020713034114657747,-0.0009099795787758103,0.5571468244845613,250,-0.0015643111788050334,,,,0.14,True,averted,False,exposed,0.51,0.0099
E05,C2024,2024-02-13,intraday,pre,ACN,0.0038736999133042183,0.0038736999133042183,-0.0009099795787758103,0.9265519898096716,250,0.004716843302705112,,,,0.14,True,averted,False,control,0.08,0.0656
E05,C2024,2024-02-13,intraday,pre,EPAM,-0.032158439804980454,-0.032158439804980454,-0.0009099795787758103,1.3971555514290792,250,-0.030887056784806736,,,,0.14,True,averted,False,control,0.0,0.0
E05,C2024,2024-02-13,intraday,pre,CTSH,-0.0005295329562196027,-0.0005295329562197137,-0.0009099795787758103,0.9630342225951789,250,0.0003468085200042481,,,,0.14,True,averted,False,control,0.0,0.0
E05,C2024,2024-02-14,overnight,pre,CACI,0.00783871137840908,0.00783871137840908,0.005484986183409202,0.3885500296941389,250,0.005707519833973494,-0.015000000000000013,,0.14,0.125,True,averted,False,exposed,0.956,0.0926
E05,C2024,2024-02-14,overnight,pre,SAIC,0.011151249045462608,0.011151133164333915,0.005484986183409202,0.24275277695773514,250,0.009819753417865215,-0.015000000000000013,,0.14,0.125,True,averted,False,exposed,0.98,0.0479
E05,C2024,2024-02-14,overnight,pre,LDOS,0.005359511101842074,0.005359555814634209,0.005484986183409202,0.34836261931461654,250,0.0034487469480851624,-0.015000000000000013,,0.14,0.125,True,averted,False,exposed,0.87,0.0736
E05,C2024,2024-02-14,overnight,pre,BAH,0.010526346012539545,0.010526345896223477,0.005484986183409202,0.20387488670634168,250,0.009408095075811144,-0.015000000000000013,,0.14,0.125,True,averted,False,exposed,0.98,0.0144
E05,C2024,2024-02-14,overnight,pre,PSN,0.09458866076346051,0.09458866076346051,0.005484986183409202,0.434022118404665,250,0.09220805544071693,-0.015000000000000013,,0.14,0.125,True,averted,False,exposed,0.51,0.0099
E05,C2024,2024-02-14,overnight,pre,ACN,0.00945396384523467,0.00945411990258771,0.005484986183409202,1.235487208131355,250,0.002677333578855378,-0.015000000000000013,,0.14,0.125,True,averted,False,control,0.08,0.0656
E05,C2024,2024-02-14,overnight,pre,EPAM,0.014779765291198732,0.014779765291198732,0.005484986183409202,1.8592681117391938,250,0.004581705387055938,-0.015000000000000013,,0.14,0.125,True,averted,False,control,0.0,0.0
E05,C2024,2024-02-14,overnight,pre,CTSH,0.005430512052980063,0.005430305032282368,0.005484986183409202,0.9298605620122458,250,0.00033023971784577975,-0.015000000000000013,,0.14,0.125,True,averted,False,control,0.0,0.0
E05,C2024,2024-02-14,intraday,pre,CACI,-0.0005833097222222028,-0.0005833097222222028,0.003583000401667702,0.598559874074054,250,-0.002727949991451707,0.0,,0.125,0.125,True,averted,False,exposed,0.956,0.0926
E05,C2024,2024-02-14,intraday,pre,SAIC,0.01102827082006086,0.011028270820060637,0.003583000401667702,0.6821978867729741,250,0.008583955517736436,0.0,,0.125,0.125,True,averted,False,exposed,0.98,0.0479
E05,C2024,2024-02-14,intraday,pre,LDOS,-0.0035266160825229154,-0.0035266160825229154,0.003583000401667702,0.7790276152593449,250,-0.006317872340907381,0.0,,0.125,0.125,True,averted,False,exposed,0.87,0.0736
E05,C2024,2024-02-14,intraday,pre,BAH,-0.005413879589809545,-0.005413879589809434,0.003583000401667702,0.6865336931971672,250,-0.007873730088293406,0.0,,0.125,0.125,True,averted,False,exposed,0.98,0.0144
E05,C2024,2024-02-14,intraday,pre,PSN,-0.01923334870381921,-0.01923334870381921,0.003583000401667702,0.5571468244845613,250,-0.021229605999735276,0.0,,0.125,0.125,True,averted,False,exposed,0.51,0.0099
E05,C2024,2024-02-14,intraday,pre,ACN,0.012942390036138507,0.012942390036138729,0.003583000401667702,0.9265519898096716,250,0.009622553884484445,0.0,,0.125,0.125,True,averted,False,control,0.08,0.0656
E05,C2024,2024-02-14,intraday,pre,EPAM,0.0052042007101869014,0.0052042007101869014,0.003583000401667702,1.3971555514290792,250,0.00019819180822425089,0.0,,0.125,0.125,True,averted,False,control,0.0,0.0
E05,C2024,2024-02-14,intraday,pre,CTSH,0.010933923856960126,0.010933923856960126,0.003583000401667702,0.9630342225951789,250,0.0074833718505818575,0.0,,0.125,0.125,True,averted,False,control,0.0,0.0
E05,C2024,2024-02-15,overnight,pre,CACI,0.0028905141205441964,0.0028905141205441964,0.0014441325981464637,0.3885500296941389,250,0.002329396356652114,-0.0050000000000000044,,0.125,0.12,True,averted,False,exposed,0.956,0.0926
E05,C2024,2024-02-15,overnight,pre,SAIC,0.005341207695710448,0.005341073290995313,0.0014441325981464637,0.24275277695773514,250,0.004990640497215205,-0.0050000000000000044,,0.125,0.12,True,averted,False,exposed,0.98,0.0479
E05,C2024,2024-02-15,overnight,pre,LDOS,0.007160516049382615,0.00716062012671137,0.0014441325981464637,0.34836261931461654,250,0.00665743423485469,-0.0050000000000000044,,0.125,0.12,True,averted,False,exposed,0.87,0.0736
E05,C2024,2024-02-15,overnight,pre,BAH,0.0014469192648667306,0.0014468869285868546,0.0014441325981464637,0.20387488670634168,250,0.0011524968950306854,-0.0050000000000000044,,0.125,0.12,True,averted,False,exposed,0.98,0.0144
E05,C2024,2024-02-15,overnight,pre,PSN,0.011186265972355613,0.011186265972355613,0.0014441325981464637,0.434022118404665,250,0.010559480482850853,-0.0050000000000000044,,0.125,0.12,True,averted,False,exposed,0.51,0.0099
E05,C2024,2024-02-15,overnight,pre,ACN,0.004339816842584554,0.004339670348644908,0.0014441325981464637,1.235487208131355,250,0.0025556094907290996,-0.0050000000000000044,,0.125,0.12,True,averted,False,control,0.08,0.0656
E05,C2024,2024-02-15,overnight,pre,EPAM,0.04983096524220865,0.04983096524220865,0.0014441325981464637,1.8592681117391938,250,0.04714593555335186,-0.0050000000000000044,,0.125,0.12,True,averted,False,control,0.0,0.0
E05,C2024,2024-02-15,overnight,pre,CTSH,0.00521242560795665,0.0052128061693546,0.0014441325981464637,0.9298605620122458,250,0.0038695836586239746,-0.0050000000000000044,,0.125,0.12,True,averted,False,control,0.0,0.0
E05,C2024,2024-02-15,intraday,pre,CACI,0.004794532229156934,0.004794532229156934,0.0054477382957685005,0.598559874074054,250,0.0015337346808533387,0.015000000000000013,,0.12,0.135,True,averted,False,exposed,0.956,0.0926
E05,C2024,2024-02-15,intraday,pre,SAIC,0.004788980865559678,0.004788980865559456,0.0054477382957685005,0.6821978867729741,250,0.001072545312494203,0.015000000000000013,,0.12,0.135,True,averted,False,exposed,0.98,0.0479
E05,C2024,2024-02-15,intraday,pre,LDOS,-0.001470951181077318,-0.001470951181077318,0.0054477382957685005,0.7790276152593449,250,-0.0057148897541868604,0.015000000000000013,,0.12,0.135,True,averted,False,exposed,0.87,0.0736
E05,C2024,2024-02-15,intraday,pre,BAH,0.0002064042986356096,0.00020640429863583165,0.0054477382957685005,0.6865336931971672,250,-0.0035336515931299805,0.015000000000000013,,0.12,0.135,True,averted,False,exposed,0.98,0.0144
E05,C2024,2024-02-15,intraday,pre,PSN,0.015706111866136796,0.015706111866136796,0.0054477382957685005,0.5571468244845613,250,0.01267092177402644,0.015000000000000013,,0.12,0.135,True,averted,False,exposed,0.51,0.0099
E05,C2024,2024-02-15,intraday,pre,ACN,-0.0028985923152119453,-0.0028985923152119453,0.0054477382957685005,0.9265519898096716,250,-0.0079462050731186,0.015000000000000013,,0.12,0.135,True,averted,False,control,0.08,0.0656
E05,C2024,2024-02-15,intraday,pre,EPAM,0.031506891095890444,0.031506891095890444,0.0054477382957685005,1.3971555514290792,250,0.02389555329322469,0.015000000000000013,,0.12,0.135,True,averted,False,control,0.0,0.0
E05,C2024,2024-02-15,intraday,pre,CTSH,0.011407794360367651,0.011407794360367651,0.0054477382957685005,0.9630342225951789,250,0.006161435945800249,0.015000000000000013,,0.12,0.135,True,averted,False,control,0.0,0.0
E05,C2024,2024-02-16,overnight,pre,CACI,0.0015169566517010402,0.0015169566517010402,-0.0006175127864950225,0.3885500296941389,250,0.0017568912632301916,0.06999999999999998,,0.135,0.205,True,averted,False,exposed,0.956,0.0926
E05,C2024,2024-02-16,overnight,pre,SAIC,7.443029557130387e-05,7.460948292559166e-05,-0.0006175127864950225,0.24275277695773514,250,0.0002243332392998796,0.06999999999999998,,0.135,0.205,True,averted,False,exposed,0.98,0.0479
E05,C2024,2024-02-16,overnight,pre,LDOS,8.17947442810496e-05,8.161880185841852e-05,-0.0006175127864950225,0.34836261931461654,250,0.0002969131160447232,0.06999999999999998,,0.135,0.205,True,averted,False,exposed,0.87,0.0736
E05,C2024,2024-02-16,overnight,pre,BAH,0.0013070269409398705,0.0013070566338799772,-0.0006175127864950225,0.20387488670634168,250,0.0014329222903262605,0.06999999999999998,,0.135,0.205,True,averted,False,exposed,0.98,0.0144
E05,C2024,2024-02-16,overnight,pre,PSN,0.0006722524963198584,0.0006722524963198584,-0.0006175127864950225,0.434022118404665,250,0.0009402667040563956,0.06999999999999998,,0.135,0.205,True,averted,False,exposed,0.51,0.0099
E05,C2024,2024-02-16,overnight,pre,ACN,0.002126397618264164,0.0021263815482781556,-0.0006175127864950225,1.235487208131355,250,0.002889326766836313,0.06999999999999998,,0.135,0.205,True,averted,False,control,0.08,0.0656
E05,C2024,2024-02-16,overnight,pre,EPAM,-0.003984104088293305,-0.003984104088293305,-0.0006175127864950225,1.8592681117391938,250,-0.002835982255771897,0.06999999999999998,,0.135,0.205,True,averted,False,control,0.0,0.0
E05,C2024,2024-02-16,overnight,pre,CTSH,-0.006408613452101308,-0.002573558218941674,-0.0006175127864950225,0.9298605620122458,250,-0.005834412665401299,0.06999999999999998,,0.135,0.205,True,averted,False,control,0.0,0.0
E05,C2024,2024-02-16,intraday,pre,CACI,0.008537374968041744,0.008537374968041744,-0.004365163138818073,0.598559874074054,250,0.011150186466725392,0.03,,0.205,0.235,True,averted,False,exposed,0.956,0.0926
E05,C2024,2024-02-16,intraday,pre,SAIC,0.007670072614412771,0.007670072614412771,-0.004365163138818073,0.6821978867729741,250,0.010647977683133743,0.03,,0.205,0.235,True,averted,False,exposed,0.98,0.0479
E05,C2024,2024-02-16,intraday,pre,LDOS,0.013338829307286248,0.013338829307286248,-0.004365163138818073,0.7790276152593449,250,0.01673941193753769,0.03,,0.205,0.235,True,averted,False,exposed,0.87,0.0736
E05,C2024,2024-02-16,intraday,pre,BAH,0.00020609164945462055,0.00020609164945462055,-0.004365163138818073,0.6865336931971672,250,0.003202923220555531,0.03,,0.205,0.235,True,averted,False,exposed,0.98,0.0144
E05,C2024,2024-02-16,intraday,pre,PSN,0.006449924372525562,0.006449924372525562,-0.004365163138818073,0.5571468244845613,250,0.008881961153675112,0.03,,0.205,0.235,True,averted,False,exposed,0.51,0.0099
E05,C2024,2024-02-16,intraday,pre,ACN,-0.007574474596853564,-0.007574474596853675,-0.004365163138818073,0.9265519898096716,250,-0.0035299240047378467,0.03,,0.205,0.235,True,averted,False,control,0.08,0.0656
E05,C2024,2024-02-16,intraday,pre,EPAM,0.03993336999999997,0.03993336999999997,-0.004365163138818073,1.3971555514290792,250,0.046032181912293225,0.03,,0.205,0.235,True,averted,False,control,0.0,0.0
E05,C2024,2024-02-16,intraday,pre,CTSH,-0.0067079032835211105,-0.0067079032835211105,-0.004365163138818073,0.9630342225951789,250,-0.0025041017936283166,0.03,,0.205,0.235,True,averted,False,control,0.0,0.0
E05,C2024,2024-02-20,overnight,pre,CACI,0.00038233418871636005,0.00038233418871636005,-0.0035835289881711585,0.3885500296941389,250,0.001774714483480071,,,0.235,,True,averted,False,exposed,0.956,0.0926
E05,C2024,2024-02-20,overnight,pre,SAIC,-0.0019953013998986746,-0.001995404233961273,-0.0035835289881711585,0.24275277695773514,250,-0.001125389786711583,,,0.235,,True,averted,False,exposed,0.98,0.0479
E05,C2024,2024-02-20,overnight,pre,LDOS,8.071145808541402e-05,8.064532909735078e-05,-0.0035835289881711585,0.34836261931461654,250,0.0013290790027945764,,,0.235,,True,averted,False,exposed,0.87,0.0736
E05,C2024,2024-02-20,overnight,pre,BAH,-0.002678751355940423,-0.0026788827891776057,-0.0035835289881711585,0.20387488670634168,250,-0.0019481597894681368,,,0.235,,True,averted,False,exposed,0.98,0.0144
E05,C2024,2024-02-20,overnight,pre,PSN,0.0,0.0,-0.0035835289881711585,0.434022118404665,250,0.001555330842810572,,,0.235,,True,averted,False,exposed,0.51,0.0099
E05,C2024,2024-02-20,overnight,pre,ACN,0.001082586034674593,0.001082690629701899,-0.0035835289881711585,1.235487208131355,250,0.0055099902595279575,,,0.235,,True,averted,False,control,0.08,0.0656
E05,C2024,2024-02-20,overnight,pre,EPAM,-0.011058439894727767,-0.011058439894727767,-0.0035835289881711585,1.8592681117391938,250,-0.004395698719528113,,,0.235,,True,averted,False,control,0.0,0.0
E05,C2024,2024-02-20,overnight,pre,CTSH,-0.001168783636363635,-0.0011689267651041613,-0.0035835289881711585,0.9298605620122458,250,0.0021633986425643728,,,0.235,,True,averted,False,control,0.0,0.0
E05,C2024,2024-02-20,intraday,pre,CACI,-0.006360084785596909,-0.006360084785596909,-0.0019287780231566076,0.598559874074054,250,-0.005205595654939487,,,,0.2,True,averted,False,exposed,0.956,0.0926
E05,C2024,2024-02-20,intraday,pre,SAIC,-0.0011847737602903585,-0.0011847737602902475,-0.0019287780231566076,0.6821978867729741,250,0.00013103453116123363,,,,0.2,True,averted,False,exposed,0.98,0.0479
E05,C2024,2024-02-20,intraday,pre,LDOS,-0.0027454482409411396,-0.0027454482409411396,-0.0019287780231566076,0.7790276152593449,250,-0.001242876897196814,,,,0.2,True,averted,False,exposed,0.87,0.0736
E05,C2024,2024-02-20,intraday,pre,BAH,-0.0006886418879806788,-0.0006886418879806788,-0.0019287780231566076,0.6865336931971672,250,0.0006355292116145583,,,,0.2,True,averted,False,exposed,0.98,0.0144
E05,C2024,2024-02-20,intraday,pre,PSN,0.0006674955804903959,0.0006674955804903959,-0.0019287780231566076,0.5571468244845613,250,0.0017421081312277095,,,,0.2,True,averted,False,exposed,0.51,0.0099
E05,C2024,2024-02-20,intraday,pre,ACN,-0.018735786223084916,-0.018735786223084916,-0.0019287780231566076,0.9265519898096716,250,-0.016948673107827997,,,,0.2,True,averted,False,control,0.08,0.0656
E05,C2024,2024-02-20,intraday,pre,EPAM,-0.034745409657714,-0.034745409657714,-0.0019287780231566076,1.3971555514290792,250,-0.03205060673518634,,,,0.2,True,averted,False,control,0.0,0.0
E05,C2024,2024-02-20,intraday,pre,CTSH,-0.0022104510715088566,-0.0022104510715088566,-0.0019287780231566076,0.9630342225951789,250,-0.000352971827419567,,,,0.2,True,averted,False,control,0.0,0.0
E05,C2024,2024-02-21,overnight,pre,CACI,0.0023625513048406432,0.0023625513048406432,-0.002697472368074605,0.3885500296941389,250,0.00341065427355515,0.08499999999999996,,0.2,0.285,True,averted,False,exposed,0.956,0.0926
E05,C2024,2024-02-21,overnight,pre,SAIC,-0.003261935665780702,-0.003261667019100245,-0.002697472368074605,0.24275277695773514,250,-0.0026071167576638336,0.08499999999999996,,0.2,0.285,True,averted,False,exposed,0.98,0.0479
E05,C2024,2024-02-21,overnight,pre,LDOS,-8.098866396755167e-05,-8.097485594427134e-05,-0.002697472368074605,0.34836261931461654,250,0.0008587098757037191,0.08499999999999996,,0.2,0.285,True,averted,False,exposed,0.87,0.0736
E05,C2024,2024-02-21,overnight,pre,BAH,-0.00447973240988031,-0.004479682506411176,-0.002697472368074605,0.20387488670634168,250,-0.0039297855364456135,0.08499999999999996,,0.2,0.285,True,averted,False,exposed,0.98,0.0144
E05,C2024,2024-02-21,overnight,pre,PSN,-0.005203461052308955,-0.005203461052308955,-0.002697472368074605,0.434022118404665,250,-0.004032698380779167,0.08499999999999996,,0.2,0.285,True,averted,False,exposed,0.51,0.0099
E05,C2024,2024-02-21,overnight,pre,ACN,-0.007191116716540491,-0.0071911342085153596,-0.002697472368074605,1.235487208131355,250,-0.0038584241114965226,0.08499999999999996,,0.2,0.285,True,averted,False,control,0.08,0.0656
E05,C2024,2024-02-21,overnight,pre,EPAM,-0.007655884014553305,-0.007655884014553305,-0.002697472368074605,1.8592681117391938,250,-0.0026405596582945827,0.08499999999999996,,0.2,0.285,True,averted,False,control,0.0,0.0
E05,C2024,2024-02-21,overnight,pre,CTSH,-0.006385169059998197,-0.006384895530602064,-0.002697472368074605,0.9298605620122458,250,-0.0038768958878078416,0.08499999999999996,,0.2,0.285,True,averted,False,control,0.0,0.0
E05,C2024,2024-02-21,intraday,pre,CACI,0.004275371297551844,0.004275371297551844,0.003613051656342181,0.598559874074054,250,0.0021127435531086165,0.015000000000000013,,0.285,0.3,True,averted,False,exposed,0.956,0.0926
E05,C2024,2024-02-21,intraday,pre,SAIC,0.012420961238415629,0.012420961238415629,0.003613051656342181,0.6821978867729741,250,0.0099561450336574,0.015000000000000013,,0.285,0.3,True,averted,False,exposed,0.98,0.0479
E05,C2024,2024-02-21,intraday,pre,LDOS,0.0037249899410678466,0.0037249899410678466,0.003613051656342181,0.7790276152593449,250,0.000910322925418771,0.015000000000000013,,0.285,0.3,True,averted,False,exposed,0.87,0.0736
E05,C2024,2024-02-21,intraday,pre,BAH,0.003046054063293502,0.003046054063293502,0.003613051656342181,0.6865336931971672,250,0.0005655723659527623,0.015000000000000013,,0.285,0.3,True,averted,False,exposed,0.98,0.0144
E05,C2024,2024-02-21,intraday,pre,PSN,0.009790817916974115,0.009790817916974115,0.003613051656342181,0.5571468244845613,250,0.007777817659944384,0.015000000000000013,,0.285,0.3,True,averted,False,exposed,0.51,0.0099
E05,C2024,2024-02-21,intraday,pre,ACN,0.0015818599263275335,0.0015818599263277555,0.003613051656342181,0.9265519898096716,250,-0.001765820275141444,0.015000000000000013,,0.285,0.3,True,averted,False,control,0.08,0.0656
E05,C2024,2024-02-21,intraday,pre,EPAM,0.011166337811388427,0.011166337811388427,0.003613051656342181,1.3971555514290792,250,0.006118342632129919,0.015000000000000013,,0.285,0.3,True,averted,False,control,0.0,0.0
E05,C2024,2024-02-21,intraday,pre,CTSH,0.016000016000000006,0.016000015999999784,0.003613051656342181,0.9630342225951789,250,0.01252052360693829,0.015000000000000013,,0.285,0.3,True,averted,False,control,0.0,0.0
E05,C2024,2024-02-22,overnight,pre,CACI,0.004339036103008009,0.004339036103008009,0.01367635087035457,0.3885500296941389,250,-0.0009749104337757209,,,0.3,,True,averted,False,exposed,0.956,0.0926
E05,C2024,2024-02-22,overnight,pre,SAIC,0.0017631906306172507,0.0017629106196188626,0.01367635087035457,0.24275277695773514,250,-0.001556781521809659,,,0.3,,True,averted,False,exposed,0.98,0.0479
E05,C2024,2024-02-22,overnight,pre,LDOS,0.0004034134832640035,0.0004035359544798389,0.01367635087035457,0.34836261931461654,250,-0.00436091592859845,,,0.3,,True,averted,False,exposed,0.87,0.0736
E05,C2024,2024-02-22,overnight,pre,BAH,0.007315877592584341,0.007316084393656164,0.01367635087035457,0.20387488670634168,250,0.004527613108334626,,,0.3,,True,averted,False,exposed,0.98,0.0144
E05,C2024,2024-02-22,overnight,pre,PSN,0.014875849731893043,0.014875849731893043,0.01367635087035457,0.434022118404665,250,0.008940010955096268,,,0.3,,True,averted,False,exposed,0.51,0.0099
E05,C2024,2024-02-22,overnight,pre,ACN,0.02441051068044975,0.02441042598940646,0.01367635087035457,1.235487208131355,250,0.007513554126210555,,,0.3,,True,averted,False,control,0.08,0.0656
E05,C2024,2024-02-22,overnight,pre,EPAM,0.01315136825696328,0.01315136825696328,0.01367635087035457,1.8592681117391938,250,-0.012276634801243542,,,0.3,,True,averted,False,control,0.0,0.0
E05,C2024,2024-02-22,overnight,pre,CTSH,0.012004650772612813,0.012004451867108523,0.01367635087035457,0.9298605620122458,250,-0.0007124485339717549,,,0.3,,True,averted,False,control,0.0,0.0
E05,C2024,2024-02-22,intraday,pre,CACI,-0.0012498750142647674,-0.0012498750142647674,0.006924446205711199,0.598559874074054,250,-0.005394570663187824,,,,0.28,True,averted,False,exposed,0.956,0.0926
E05,C2024,2024-02-22,intraday,pre,SAIC,0.011073588246962807,0.011073588246962807,0.006924446205711199,0.6821978867729741,250,0.006349745678353488,,,,0.28,True,averted,False,exposed,0.98,0.0479
E05,C2024,2024-02-22,intraday,pre,LDOS,0.006048387096774244,0.006048387096774244,0.006924446205711199,0.7790276152593449,250,0.0006540522821474291,,,,0.28,True,averted,False,exposed,0.87,0.0736
E05,C2024,2024-02-22,intraday,pre,BAH,0.010894117394804725,0.010894117394804947,0.006924446205711199,0.6865336931971672,250,0.006140251767852705,,,,0.28,True,averted,False,exposed,0.98,0.0144
E05,C2024,2024-02-22,intraday,pre,PSN,0.03965447761895846,0.03965447761895846,0.006924446205711199,0.5571468244845613,250,0.0357965444041323,,,,0.28,True,averted,False,exposed,0.51,0.0099
E05,C2024,2024-02-22,intraday,pre,ACN,0.0043005420178494624,0.0043005420178494624,0.006924446205711199,0.9265519898096716,250,-0.0021153173923822797,,,,0.28,True,averted,False,control,0.08,0.0656
E05,C2024,2024-02-22,intraday,pre,EPAM,0.005846178301980087,0.005846178301980087,0.006924446205711199,1.3971555514290792,250,-0.0038283501549013377,,,,0.28,True,averted,False,control,0.0,0.0
E05,C2024,2024-02-22,intraday,pre,CTSH,0.013520376649411192,0.013520376649411192,0.006924446205711199,0.9630342225951789,250,0.006851897980791971,,,,0.28,True,averted,False,control,0.0,0.0
E05,C2024,2024-02-23,overnight,pre,CACI,0.0038903954936477803,0.0038903954936477803,0.003487663054187129,0.3885500296941389,250,0.0025352639103802203,-0.0050000000000000044,,0.28,0.275,True,averted,False,exposed,0.956,0.0926
E05,C2024,2024-02-23,overnight,pre,SAIC,0.00355411269612782,0.0035541162942192006,0.003487663054187129,0.24275277695773514,250,0.002707472804630999,-0.0050000000000000044,,0.28,0.275,True,averted,False,exposed,0.98,0.0479
E05,C2024,2024-02-23,overnight,pre,LDOS,0.0036071895791582875,0.0036071413952840636,0.003487663054187129,0.34836261931461654,250,0.0023922181423148437,-0.0050000000000000044,,0.28,0.275,True,averted,False,exposed,0.87,0.0736
E05,C2024,2024-02-23,overnight,pre,BAH,0.003117844116101054,0.0031177672461693007,0.003487663054187129,0.20387488670634168,250,0.0024067972060587595,-0.0050000000000000044,,0.28,0.275,True,averted,False,exposed,0.98,0.0144
E05,C2024,2024-02-23,overnight,pre,PSN,0.0012587925091709362,0.0012587925091709362,0.003487663054187129,0.434022118404665,250,-0.0002549303978890453,-0.0050000000000000044,,0.28,0.275,True,averted,False,exposed,0.51,0.0099
E05,C2024,2024-02-23,overnight,pre,ACN,0.007217668840921121,0.007217714167605971,0.003487663054187129,1.235487208131355,250,0.0029087057512005897,-0.0050000000000000044,,0.28,0.275,True,averted,False,control,0.08,0.0656
E05,C2024,2024-02-23,overnight,pre,EPAM,0.0015433658485273227,0.0015433658485273227,0.003487663054187129,1.8592681117391938,250,-0.00494113485261373,-0.0050000000000000044,,0.28,0.275,True,averted,False,control,0.0,0.0
E05,C2024,2024-02-23,overnight,pre,CTSH,0.00176188511982045,0.0017618128686818224,0.003487663054187129,0.9298605620122458,250,-0.0014811552078553393,-0.0050000000000000044,,0.28,0.275,True,averted,False,control,0.0,0.0
E05,C2024,2024-02-23,intraday,pre,CACI,0.0009755701897020685,0.0009755701897020685,-0.002788271311231827,0.598559874074054,250,0.0026445175146372884,-0.07000000000000003,,0.275,0.205,True,averted,False,exposed,0.956,0.0926
E05,C2024,2024-02-23,intraday,pre,SAIC,0.00650472604869301,0.00650472604869301,-0.002788271311231827,0.6821978867729741,250,0.008406878844965071,-0.07000000000000003,,0.275,0.205,True,averted,False,exposed,0.98,0.0479
E05,C2024,2024-02-23,intraday,pre,LDOS,0.006869015345798202,0.006869015345798202,-0.002788271311231827,0.7790276152593449,250,0.00904115569608318,-0.07000000000000003,,0.275,0.205,True,averted,False,exposed,0.87,0.0736
E05,C2024,2024-02-23,intraday,pre,BAH,0.006148673648648684,0.006148673648648684,-0.002788271311231827,0.6865336931971672,250,0.008062915849584377,-0.07000000000000003,,0.275,0.205,True,averted,False,exposed,0.98,0.0144
E05,C2024,2024-02-23,intraday,pre,PSN,-0.0033945722514079346,-0.0033945722514079346,-0.002788271311231827,0.5571468244845613,250,-0.0018410957445537182,-0.07000000000000003,,0.275,0.205,True,averted,False,exposed,0.51,0.0099
E05,C2024,2024-02-23,intraday,pre,ACN,0.008904027346344545,0.008904027346344545,-0.002788271311231827,0.9265519898096716,250,0.011487505677895617,-0.07000000000000003,,0.275,0.205,True,averted,False,control,0.08,0.0656
E05,C2024,2024-02-23,intraday,pre,EPAM,-0.010491843278688573,-0.010491843278688573,-0.002788271311231827,1.3971555514290792,250,-0.006596194537310588,-0.07000000000000003,,0.275,0.205,True,averted,False,control,0.0,0.0
E05,C2024,2024-02-23,intraday,pre,CTSH,0.002763834475234539,0.002763834475234539,-0.002788271311231827,0.9630342225951789,250,0.005449035169831121,-0.07000000000000003,,0.275,0.205,True,averted,False,control,0.0,0.0
E05,C2024,2024-02-26,overnight,pre,CACI,0.0002707551005876052,0.0002707551005876052,0.0008860523670277676,0.3885500296941389,250,-7.352057293159592e-05,0.07000000000000003,,0.205,0.275,True,averted,False,exposed,0.956,0.0926
E05,C2024,2024-02-26,overnight,pre,SAIC,0.0,-1.2450067754521399e-08,0.0008860523670277676,0.24275277695773514,250,-0.00021509167262596493,0.07000000000000003,,0.205,0.275,True,averted,False,exposed,0.98,0.0479
E05,C2024,2024-02-26,overnight,pre,LDOS,0.0015072378519542795,0.0015072131763622654,0.0008860523670277676,0.34836261931461654,250,0.0011985703285265705,0.07000000000000003,,0.205,0.275,True,averted,False,exposed,0.87,0.0736
E05,C2024,2024-02-26,overnight,pre,BAH,0.0042978939231601565,0.00429775759861184,0.0008860523670277676,0.20387488670634168,250,0.004117250097216484,0.07000000000000003,,0.205,0.275,True,averted,False,exposed,0.98,0.0144
E05,C2024,2024-02-26,overnight,pre,PSN,0.006307556719987284,0.006307556719987284,0.0008860523670277676,0.434022118404665,250,0.005922990394632424,0.07000000000000003,,0.205,0.275,True,averted,False,exposed,0.51,0.0099
E05,C2024,2024-02-26,overnight,pre,ACN,-0.001219182368016325,-0.0012191742295497576,0.0008860523670277676,1.235487208131355,250,-0.00231388873321364,0.07000000000000003,,0.205,0.275,True,averted,False,control,0.08,0.0656
E05,C2024,2024-02-26,overnight,pre,EPAM,-0.005964174528704236,-0.005964174528704236,0.0008860523670277676,1.8592681117391938,250,-0.007611583440049996,0.07000000000000003,,0.205,0.275,True,averted,False,control,0.0,0.0
E05,C2024,2024-02-26,overnight,pre,CTSH,-0.0030067384231031724,-0.0030065190480803583,0.0008860523670277676,0.9298605620122458,250,-0.003830643575079893,0.07000000000000003,,0.205,0.275,True,averted,False,control,0.0,0.0
E05,C2024,2024-02-26,intraday,pre,CACI,-0.00202998976142188,-0.00202998976142188,-0.004544555686491369,0.598559874074054,250,0.00069019891800692,-0.0050000000000000044,,0.275,0.27,True,averted,False,exposed,0.956,0.0926
E05,C2024,2024-02-26,intraday,pre,SAIC,0.0014362502362443852,0.0014362502362443852,-0.004544555686491369,0.6821978867729741,250,0.0045365365218909,-0.0050000000000000044,,0.275,0.27,True,averted,False,exposed,0.98,0.0479
E05,C2024,2024-02-26,intraday,pre,LDOS,-0.004435624554455453,-0.004435624554455564,-0.004544555686491369,0.7790276152593449,250,-0.0008952901755947861,-0.0050000000000000044,,0.275,0.27,True,averted,False,exposed,0.87,0.0736
E05,C2024,2024-02-26,intraday,pre,BAH,-0.012169892091429935,-0.012169892091429935,-0.004544555686491369,0.6865336931971672,250,-0.009049901492042827,-0.0050000000000000044,,0.275,0.27,True,averted,False,exposed,0.98,0.0144
E05,C2024,2024-02-26,intraday,pre,PSN,0.009652805721868107,0.009652805721868107,-0.004544555686491369,0.5571468244845613,250,0.01218479049129003,-0.0050000000000000044,,0.275,0.27,True,averted,False,exposed,0.51,0.0099
E05,C2024,2024-02-26,intraday,pre,ACN,0.0016452412673684247,0.0016452412673684247,-0.004544555686491369,0.9265519898096716,250,0.005856008381487861,-0.0050000000000000044,,0.275,0.27,True,averted,False,control,0.08,0.0656
E05,C2024,2024-02-26,intraday,pre,EPAM,0.00803334566666658,0.00803334566666658,-0.004544555686491369,1.3971555514290792,250,0.014382796872826587,-0.0050000000000000044,,0.275,0.27,True,averted,False,control,0.0,0.0
E05,C2024,2024-02-26,intraday,pre,CTSH,-0.0008796140787925566,-0.0008796140787925566,-0.004544555686491369,0.9630342225951789,250,0.003496948573788159,-0.0050000000000000044,,0.275,0.27,True,averted,False,control,0.0,0.0
E05,C2024,2024-02-27,overnight,pre,CACI,0.0005153166563971467,0.0005153166563971467,0.0014032332926572355,0.3885500296941389,250,-2.9909681132626376e-05,-0.10500000000000001,,0.27,0.165,True,averted,False,exposed,0.956,0.0926
E05,C2024,2024-02-27,overnight,pre,SAIC,0.00021510683033687528,0.0002151667078296171,0.0014032332926572355,0.24275277695773514,250,-0.0001255319481752149,-0.10500000000000001,,0.27,0.165,True,averted,False,exposed,0.98,0.0479
E05,C2024,2024-02-27,overnight,pre,LDOS,-0.0015116747264856123,-0.001511638664268622,0.0014032332926572355,0.34836261931461654,250,-0.002000508751825161,-0.10500000000000001,,0.27,0.165,True,averted,False,exposed,0.87,0.0736
E05,C2024,2024-02-27,overnight,pre,BAH,-0.007039824885068935,-0.007039683280827047,0.0014032332926572355,0.20387488670634168,250,-0.0073259089136319955,-0.10500000000000001,,0.27,0.165,True,averted,False,exposed,0.98,0.0144
E05,C2024,2024-02-27,overnight,pre,PSN,-0.0007449411387466798,-0.0007449411387466798,0.0014032332926572355,0.434022118404665,250,-0.0013539754250417263,-0.10500000000000001,,0.27,0.165,True,averted,False,exposed,0.51,0.0099
E05,C2024,2024-02-27,overnight,pre,ACN,-0.001271619651404543,-0.0012716837646855605,0.0014032332926572355,1.235487208131355,250,-0.0030052964345065993,-0.10500000000000001,,0.27,0.165,True,averted,False,control,0.08,0.0656
E05,C2024,2024-02-27,overnight,pre,EPAM,0.0001983978680133447,0.0001983978680133447,0.0014032332926572355,1.8592681117391938,250,-0.002410589046355045,-0.10500000000000001,,0.27,0.165,True,averted,False,control,0.0,0.0
E05,C2024,2024-02-27,overnight,pre,CTSH,0.001131886901996726,0.0011316469221693826,0.0014032332926572355,0.9298605620122458,250,-0.00017292439614782513,-0.10500000000000001,,0.27,0.165,True,averted,False,control,0.0,0.0
E05,C2024,2024-02-27,intraday,pre,CACI,0.00639744087564198,0.00639744087564198,0.00045387901018889565,0.598559874074054,250,0.006125767112458458,-0.020000000000000018,,0.165,0.145,True,averted,False,exposed,0.956,0.0926
E05,C2024,2024-02-27,intraday,pre,SAIC,0.007312272992920699,0.007312272992920699,0.00045387901018889565,0.6821978867729741,250,0.007002637691319225,-0.020000000000000018,,0.165,0.145,True,averted,False,exposed,0.98,0.0479
E05,C2024,2024-02-27,intraday,pre,LDOS,0.008605592031872611,0.008605592031872611,0.00045387901018889565,0.7790276152593449,250,0.008252007748948884,-0.020000000000000018,,0.165,0.145,True,averted,False,exposed,0.87,0.0736
E05,C2024,2024-02-27,intraday,pre,BAH,-0.0010907600885008417,-0.0010907600885007307,0.00045387901018889565,0.6865336931971672,250,-0.001402363321630499,-0.020000000000000018,,0.165,0.145,True,averted,False,exposed,0.98,0.0144
E05,C2024,2024-02-27,intraday,pre,PSN,0.006212723398673514,0.006212723398673514,0.00045387901018889565,0.5571468244845613,250,0.005959846149446575,-0.020000000000000018,,0.165,0.145,True,averted,False,exposed,0.51,0.0099
E05,C2024,2024-02-27,intraday,pre,ACN,0.0024138029177718234,0.0024138029177720455,0.00045387901018889565,0.9265519898096716,250,0.001993260417748458,-0.020000000000000018,,0.165,0.145,True,averted,False,control,0.08,0.0656
E05,C2024,2024-02-27,intraday,pre,EPAM,0.015108960498129598,0.015108960498129598,0.00045387901018889565,1.3971555514290792,250,0.014474820919367047,-0.020000000000000018,,0.165,0.145,True,averted,False,control,0.0,0.0
E05,C2024,2024-02-27,intraday,pre,CTSH,-0.0057788830256494395,-0.005778883025649328,0.00045387901018889565,0.9630342225951789,250,-0.006215984045378972,-0.020000000000000018,,0.165,0.145,True,averted,False,control,0.0,0.0
E05,C2024,2024-02-28,overnight,pre,CACI,-0.0009157905269223665,-0.0009157905269223665,-0.0031562663938625724,0.3885500296941389,250,0.0003105768741355486,-0.039999999999999994,,0.145,0.105,True,averted,False,exposed,0.956,0.0926
E05,C2024,2024-02-28,overnight,pre,SAIC,0.002775598998404405,0.0027756930023936643,-0.0031562663938625724,0.24275277695773514,250,0.003541791430332921,-0.039999999999999994,,0.145,0.105,True,averted,False,exposed,0.98,0.0479
E05,C2024,2024-02-28,overnight,pre,LDOS,0.0013430099350812963,0.0013431516784758735,-0.0031562663938625724,0.34836261931461654,250,0.0024425351633019614,-0.039999999999999994,,0.145,0.105,True,averted,False,exposed,0.87,0.0736
E05,C2024,2024-02-28,overnight,pre,BAH,-0.0012283675798404614,-0.0012284055957337836,-0.0031562663938625724,0.20387488670634168,250,-0.0005848841263766958,-0.039999999999999994,,0.145,0.105,True,averted,False,exposed,0.98,0.0144
E05,C2024,2024-02-28,overnight,pre,PSN,0.003704561713419041,0.003704561713419041,-0.0031562663938625724,0.434022118404665,250,0.0050744511399327275,-0.039999999999999994,,0.145,0.105,True,averted,False,exposed,0.51,0.0099
E05,C2024,2024-02-28,overnight,pre,ACN,0.0008731880521002378,0.0008732778991180634,-0.0031562663938625724,1.235487208131355,250,0.004772714807172327,-0.039999999999999994,,0.145,0.105,True,averted,False,control,0.08,0.0656
E05,C2024,2024-02-28,overnight,pre,EPAM,-0.0072955336047028085,-0.0072955336047028085,-0.0031562663938625724,1.8592681117391938,250,-0.0014271881464400686,-0.039999999999999994,,0.145,0.105,True,averted,False,control,0.0,0.0
E05,C2024,2024-02-28,overnight,pre,CTSH,-0.0025271285259230725,-0.0025268229057450187,-0.0031562663938625724,0.9298605620122458,250,0.00040775911693434344,-0.039999999999999994,,0.145,0.105,True,averted,False,control,0.0,0.0
E05,C2024,2024-02-28,intraday,pre,CACI,0.0031272866334906,0.0031272866334906,0.0018404274922561026,0.598559874074054,250,0.0020256805854833608,-0.07999999999999999,,0.105,0.025,True,averted,False,exposed,0.956,0.0926
E05,C2024,2024-02-28,intraday,pre,SAIC,-0.0063165325658682825,-0.0063165325658683935,0.0018404274922561026,0.6821978867729741,250,-0.00757206831184428,-0.07999999999999999,,0.105,0.025,True,averted,False,exposed,0.98,0.0479
E05,C2024,2024-02-28,intraday,pre,LDOS,-0.0014990327416173344,-0.0014990327416173344,0.0018404274922561026,0.7790276152593449,250,-0.002932776581967342,-0.07999999999999999,,0.105,0.025,True,averted,False,exposed,0.87,0.0736
E05,C2024,2024-02-28,intraday,pre,BAH,0.006559559002300652,0.006559559002300652,0.0018404274922561026,0.6865336931971672,250,0.005296043518980469,-0.07999999999999999,,0.105,0.025,True,averted,False,exposed,0.98,0.0144
E05,C2024,2024-02-28,intraday,pre,PSN,-0.0013533539819278184,-0.0013533539819278184,0.0018404274922561026,0.5571468244845613,250,-0.0023787423149323906,-0.07999999999999999,,0.105,0.025,True,averted,False,exposed,0.51,0.0099
E05,C2024,2024-02-28,intraday,pre,ACN,-0.0005551803231831354,-0.0005551803231831354,0.0018404274922561026,0.9265519898096716,250,-0.002260432078233451,-0.07999999999999999,,0.105,0.025,True,averted,False,control,0.08,0.0656
E05,C2024,2024-02-28,intraday,pre,EPAM,0.0023294685971768647,0.0023294685971768647,0.0018404274922561026,1.3971555514290792,250,-0.0002418948906314478,-0.07999999999999999,,0.105,0.025,True,averted,False,control,0.0,0.0
E05,C2024,2024-02-28,intraday,pre,CTSH,-0.005827198705113279,-0.005827198705113168,0.0018404274922561026,0.9630342225951789,250,-0.007599593364360929,-0.07999999999999999,,0.105,0.025,True,averted,False,control,0.0,0.0
E05,C2024,2024-02-29,overnight,pre,CACI,0.002257651124093041,0.002257651124093041,0.003575233012607537,0.3885500296941389,250,0.0008684942308809166,-0.010000000000000002,,0.025,0.015,True,averted,False,exposed,0.956,0.0926
E05,C2024,2024-02-29,overnight,pre,SAIC,0.0003571395040657954,0.00035711747321665044,0.003575233012607537,0.24275277695773514,250,-0.0005107582380156536,-0.010000000000000002,,0.025,0.015,True,averted,False,exposed,0.98,0.0479
E05,C2024,2024-02-29,overnight,pre,LDOS,0.000711155986937273,0.0007110564510088846,0.003575233012607537,0.34836261931461654,250,-0.000534321549994776,-0.010000000000000002,,0.025,0.015,True,averted,False,exposed,0.87,0.0736
E05,C2024,2024-02-29,overnight,pre,BAH,6.79499026750019e-05,6.80156870638271e-05,0.003575233012607537,0.20387488670634168,250,-0.0006609503227191324,-0.010000000000000002,,0.025,0.015,True,averted,False,exposed,0.98,0.0144
E05,C2024,2024-02-29,overnight,pre,PSN,0.004065564093137741,0.004065564093137741,0.003575233012607537,0.434022118404665,250,0.002513833887215526,-0.010000000000000002,,0.025,0.015,True,averted,False,exposed,0.51,0.0099
E05,C2024,2024-02-29,overnight,pre,ACN,0.00626933076084768,0.00626916836232283,0.003575233012607537,1.235487208131355,250,0.0018521761076821406,-0.010000000000000002,,0.025,0.015,True,averted,False,control,0.08,0.0656
E05,C2024,2024-02-29,overnight,pre,EPAM,0.005335356445659745,0.005335356445659745,0.003575233012607537,1.8592681117391938,250,-0.0013119602867187,-0.010000000000000002,,0.025,0.015,True,averted,False,control,0.0,0.0
E05,C2024,2024-02-29,overnight,pre,CTSH,0.01146781156304999,0.01146779727429803,0.003575233012607537,0.9298605620122458,250,0.00814334338462201,-0.010000000000000002,,0.025,0.015,True,averted,False,control,0.0,0.0
E05,C2024,2024-02-29,intraday,pre,CACI,0.005175352972890179,0.005175352972890179,1.9641584538820922e-05,0.598559874074054,250,0.005163596308522008,-0.009999999999999998,,0.015,0.005,True,averted,False,exposed,0.956,0.0926
E05,C2024,2024-02-29,intraday,pre,SAIC,-0.0007139147630543796,-0.0007139147630542686,1.9641584538820922e-05,0.6821978867729741,250,-0.000727314210519636,-0.009999999999999998,,0.015,0.005,True,averted,False,exposed,0.98,0.0479
E05,C2024,2024-02-29,intraday,pre,LDOS,0.009553881450210744,0.009553881450210744,1.9641584538820922e-05,0.7790276152593449,250,0.009538580113447551,-0.009999999999999998,,0.015,0.005,True,averted,False,exposed,0.87,0.0736
E05,C2024,2024-02-29,intraday,pre,BAH,0.002647294194099814,0.002647294194099814,1.9641584538820922e-05,0.6865336931971672,250,0.0026338095845261328,-0.009999999999999998,,0.015,0.005,True,averted,False,exposed,0.98,0.0144
E05,C2024,2024-02-29,intraday,pre,PSN,-0.010920237914110453,-0.010920237914110453,1.9641584538820922e-05,0.5571468244845613,250,-0.010931181160564102,-0.009999999999999998,,0.015,0.005,True,averted,False,exposed,0.51,0.0099
E05,C2024,2024-02-29,intraday,pre,ACN,-0.014773909542904584,-0.014773909542904584,1.9641584538820922e-05,0.9265519898096716,250,-0.014792108492142044,-0.009999999999999998,,0.015,0.005,True,averted,False,control,0.08,0.0656
E05,C2024,2024-02-29,intraday,pre,EPAM,-0.008921080190636754,-0.008921080190636754,1.9641584538820922e-05,1.3971555514290792,250,-0.008948522539514031,-0.009999999999999998,,0.015,0.005,True,averted,False,control,0.0,0.0
E05,C2024,2024-02-29,intraday,pre,CTSH,-0.004535155233959198,-0.004535155233959087,1.9641584538820922e-05,0.9630342225951789,250,-0.004554070752056079,-0.009999999999999998,,0.015,0.005,True,averted,False,control,0.0,0.0
E05,C2024,2024-03-01,overnight,pre,CACI,-0.0011471060237497888,-0.0011471060237497888,0.001771422657331767,0.3885500296941389,250,-0.0018353923498569172,0.0,,0.005,0.005,True,averted,False,exposed,0.956,0.0926
E05,C2024,2024-03-01,overnight,pre,SAIC,0.0,-1.496629963293472e-07,0.001771422657331767,0.24275277695773514,250,-0.0004300177692331369,0.0,,0.005,0.005,True,averted,False,exposed,0.98,0.0479
E05,C2024,2024-03-01,overnight,pre,LDOS,0.008915997142580956,0.008915956745465081,0.001771422657331767,0.34836261931461654,250,0.008298899705759604,0.0,,0.005,0.005,True,averted,False,exposed,0.87,0.0736
E05,C2024,2024-03-01,overnight,pre,BAH,-0.0025726415460247676,-0.0025725669595393352,0.001771422657331767,0.20387488670634168,250,-0.0029337901395973284,0.0,,0.005,0.005,True,averted,False,exposed,0.98,0.0144
E05,C2024,2024-03-01,overnight,pre,PSN,0.0004962277595497167,0.0004962277595497167,0.001771422657331767,0.434022118404665,250,-0.00027260885477543785,0.0,,0.005,0.005,True,averted,False,exposed,0.51,0.0099
E05,C2024,2024-03-01,overnight,pre,ACN,0.002721567328208163,0.0027217049478842625,0.001771422657331767,1.235487208131355,250,0.0005329972948807122,0.0,,0.005,0.005,True,averted,False,control,0.08,0.0656
E05,C2024,2024-03-01,overnight,pre,EPAM,-0.007917226505568586,-0.007917226505568586,0.001771422657331767,1.8592681117391938,250,-0.011210776164757845,0.0,,0.005,0.005,True,averted,False,control,0.0,0.0
E05,C2024,2024-03-01,overnight,pre,CTSH,-0.0015185410668476784,-0.001518408851274189,0.001771422657331767,0.9298605620122458,250,-0.0031657171345554212,0.0,,0.005,0.005,True,averted,False,control,0.0,0.0
E05,C2024,2024-03-01,intraday,pre,CACI,-0.012552780385109652,-0.012552780385109652,0.00760337246328513,0.598559874074054,250,-0.017103854049271727,0.0,,0.005,0.005,True,averted,False,exposed,0.956,0.0926
E05,C2024,2024-03-01,intraday,pre,SAIC,0.0060730984517736175,0.0060730984517736175,0.00760337246328513,0.6821978867729741,250,0.0008860938249726797,0.0,,0.005,0.005,True,averted,False,exposed,0.98,0.0479
E05,C2024,2024-03-01,intraday,pre,LDOS,-0.012093004651162809,-0.01209300465116292,0.00760337246328513,0.7790276152593449,250,-0.018016241769164394,0.0,,0.005,0.005,True,averted,False,exposed,0.87,0.0736
E05,C2024,2024-03-01,intraday,pre,BAH,0.005769299461177546,0.005769299461177546,0.00760337246328513,0.6865336931971672,250,0.0005493280832047634,0.0,,0.005,0.005,True,averted,False,exposed,0.98,0.0144
E05,C2024,2024-03-01,intraday,pre,PSN,0.00210785067296948,0.00210785067296948,0.00760337246328513,0.5571468244845613,250,-0.002128344150323187,0.0,,0.005,0.005,True,averted,False,exposed,0.51,0.0099
E05,C2024,2024-03-01,intraday,pre,ACN,0.013810544354679877,0.013810544354679655,0.00760337246328513,0.9265519898096716,250,0.0067656244695589755,0.0,,0.005,0.005,True,averted,False,control,0.08,0.0656
E05,C2024,2024-03-01,intraday,pre,EPAM,0.016027009361451183,0.016027009361451183,0.00760337246328513,1.3971555514290792,250,0.005403915314789372,0.0,,0.005,0.005,True,averted,False,control,0.0,0.0
E05,C2024,2024-03-01,intraday,pre,CTSH,-0.00367555024558186,-0.00367555024558186,0.00760337246328513,0.9630342225951789,250,-0.010997858134863245,0.0,,0.005,0.005,True,averted,False,control,0.0,0.0
E05,C2024,2024-03-04,overnight,resolution,CACI,0.004057124297120573,0.004057124297120573,-0.0015988034298738407,0.3885500296941389,250,0.004678339417273145,,,0.005,,True,averted,False,exposed,0.956,0.0926
E05,C2024,2024-03-04,overnight,resolution,SAIC,0.003835015334166858,0.0038351683902280165,-0.0015988034298738407,0.24275277695773514,250,0.004223129306578284,,,0.005,,True,averted,False,exposed,0.98,0.0479
E05,C2024,2024-03-04,overnight,resolution,LDOS,0.002981774112082114,0.0029817515318915078,-0.0015988034298738407,0.34836261931461654,250,0.003538737462682158,,,0.005,,True,averted,False,exposed,0.87,0.0736
E05,C2024,2024-03-04,overnight,resolution,BAH,0.0027669295464878285,0.0027667492333349752,-0.0015988034298738407,0.20387488670634168,250,0.0030928854146190683,,,0.005,,True,averted,False,exposed,0.98,0.0144
E05,C2024,2024-03-04,overnight,resolution,PSN,0.014105411957098246,0.014105411957098246,-0.0015988034298738407,0.434022118404665,250,0.014799328008644735,,,0.005,,True,averted,False,exposed,0.51,0.0099
E05,C2024,2024-03-04,overnight,resolution,ACN,0.003464677377237768,0.0034647262961540193,-0.0015988034298738407,1.235487208131355,250,0.005439978563163434,,,0.005,,True,averted,False,control,0.08,0.0656
E05,C2024,2024-03-04,overnight,resolution,EPAM,0.0009125535711249633,0.0009125535711249633,-0.0015988034298738407,1.8592681117391938,250,0.0038851578052286457,,,0.005,,True,averted,False,control,0.0,0.0
E05,C2024,2024-03-04,overnight,resolution,CTSH,-0.0012720833128613274,-0.0012724603223081,-0.0015988034298738407,0.9298605620122458,250,0.00021458094298826822,,,0.005,,True,averted,False,control,0.0,0.0
E06,C2024,2024-02-08,intraday,pre,CACI,0.011989154415873005,0.011989154415873005,0.00044168078158146606,0.5857757535296756,250,0.011730428523222544,,0.0,,,True,averted,False,exposed,0.956,0.0926
E06,C2024,2024-02-08,intraday,pre,SAIC,0.01181136274498984,0.01181136274498984,0.00044168078158146606,0.6747701052181568,250,0.011513329757529276,,0.0,,,True,averted,False,exposed,0.98,0.0479
E06,C2024,2024-02-08,intraday,pre,LDOS,0.00327719304769003,0.00327719304769003,0.00044168078158146606,0.7832049924827394,250,0.0029312664544717476,,0.0,,,True,averted,False,exposed,0.87,0.0736
E06,C2024,2024-02-08,intraday,pre,BAH,0.007032898097488083,0.007032898097488083,0.00044168078158146606,0.6852561499318182,250,0.006730233625602691,,0.0,,,True,averted,False,exposed,0.98,0.0144
E06,C2024,2024-02-08,intraday,pre,PSN,0.018538235302131723,0.018538235302131723,0.00044168078158146606,0.5435130116058701,250,0.018298176050365947,,0.0,,,True,averted,False,exposed,0.51,0.0099
E06,C2024,2024-02-08,intraday,pre,ACN,0.002175854862608073,0.002175854862608073,0.00044168078158146606,0.9233519113673747,250,0.0017680280687205905,,0.0,,,True,averted,False,control,0.08,0.0656
E06,C2024,2024-02-08,intraday,pre,EPAM,0.0037750956481104048,0.0037750956481104048,0.00044168078158146606,1.3768751885587283,250,0.003166956338687657,,0.0,,,True,averted,False,control,0.0,0.0
E06,C2024,2024-02-08,intraday,pre,CTSH,0.0021759350567491786,0.0021759350567491786,0.00044168078158146606,0.965188146795206,250,0.0017496300016995052,,0.0,,,True,averted,False,control,0.0,0.0
E06,C2024,2024-02-09,overnight,pre,CACI,0.0019136175369731667,0.0019136175369731667,0.0010434840913120524,0.3905695214895025,250,0.0015060644547475101,,0.0,,,True,averted,False,exposed,0.956,0.0926
E06,C2024,2024-02-09,overnight,pre,SAIC,0.0043007262974052995,0.00430057178824228,0.0010434840913120524,0.24589579225191796,250,0.00404413795006985,,0.0,,,True,averted,False,exposed,0.98,0.0479
E06,C2024,2024-02-09,overnight,pre,LDOS,0.0031782529425801176,0.0031781886751223176,0.0010434840913120524,0.3542419982427736,250,0.0028086070529391915,,0.0,,,True,averted,False,exposed,0.87,0.0736
E06,C2024,2024-02-09,overnight,pre,BAH,0.0019361001900628505,0.005481733059044869,0.0010434840913120524,0.203345644670201,250,0.0017239122448119023,,0.0,,,True,averted,False,exposed,0.98,0.0144
E06,C2024,2024-02-09,overnight,pre,PSN,0.006116718893963924,0.006116718893963924,0.0010434840913120524,0.43870512822046587,250,0.0056589370718888535,,0.0,,,True,averted,False,exposed,0.51,0.0099
E06,C2024,2024-02-09,overnight,pre,ACN,0.002089635738748319,0.0020895362515860327,0.0010434840913120524,1.2093300642565004,250,0.0008277190555512786,,0.0,,,True,averted,False,control,0.08,0.0656
E06,C2024,2024-02-09,overnight,pre,EPAM,0.002228589929786695,0.002228589929786695,0.0010434840913120524,1.8626131345505768,250,0.00028498275561429295,,0.0,,,True,averted,False,control,0.0,0.0
E06,C2024,2024-02-09,overnight,pre,CTSH,0.0034482328158733644,0.0034483906235411865,0.0010434840913120524,0.9229559372188894,250,0.0024851429784034477,,0.0,,,True,averted,False,control,0.0,0.0
E06,C2024,2024-02-09,intraday,pre,CACI,0.013481596689715936,0.013481596689715936,0.004731007773042917,0.5857757535296756,250,0.010710287046506969,,0.0,,,True,averted,False,exposed,0.956,0.0926
E06,C2024,2024-02-09,intraday,pre,SAIC,0.005888116346876915,0.005888116346876693,0.004731007773042917,0.6747701052181568,250,0.002695773734072828,,0.0,,,True,averted,False,exposed,0.98,0.0479
E06,C2024,2024-02-09,intraday,pre,LDOS,-0.0008800361029314141,-0.0008800361029314141,0.004731007773042917,0.7832049924827394,250,-0.004585385010253273,,0.0,,,True,averted,False,exposed,0.87,0.0736
E06,C2024,2024-02-09,intraday,pre,BAH,0.012353406317155091,0.012353406317155091,0.004731007773042917,0.6852561499318182,250,0.009111454145302197,,0.0,,,True,averted,False,exposed,0.98,0.0144
E06,C2024,2024-02-09,intraday,pre,PSN,0.006376042325659137,0.006376042325659137,0.004731007773042917,0.5435130116058701,250,0.0038046780430018006,,0.0,,,True,averted,False,exposed,0.51,0.0099
E06,C2024,2024-02-09,intraday,pre,ACN,0.006553861611374501,0.006553861611374501,0.004731007773042917,0.9233519113673747,250,0.0021854765414414164,,0.0,,,True,averted,False,control,0.08,0.0656
E06,C2024,2024-02-09,intraday,pre,EPAM,-0.005350782157818812,-0.005350782157818812,0.004731007773042917,1.3768751885587283,250,-0.011864789377400087,,0.0,,,True,averted,False,control,0.0,0.0
E06,C2024,2024-02-09,intraday,pre,CTSH,-0.018709446681938746,-0.018709446681938857,0.004731007773042917,0.965188146795206,250,-0.023275759306875754,,0.0,,,True,averted,False,control,0.0,0.0
E06,C2024,2024-02-12,overnight,pre,CACI,0.00038802433609275155,0.00038802433609275155,-5.985394906182773e-05,0.3905695214895025,250,0.00041140146433708667,,0.0,,,True,averted,False,exposed,0.956,0.0926
E06,C2024,2024-02-12,overnight,pre,SAIC,0.0012163874726305313,0.0012163028031713097,-5.985394906182773e-05,0.24589579225191796,250,0.0012311053068544953,,0.0,,,True,averted,False,exposed,0.98,0.0479
E06,C2024,2024-02-12,overnight,pre,LDOS,0.0023782639201437306,0.002378294956701499,-5.985394906182773e-05,0.3542419982427736,250,0.0023994667026621137,,0.0,,,True,averted,False,exposed,0.87,0.0736
E06,C2024,2024-02-12,overnight,pre,BAH,-0.0016361408144608403,-0.0016363777001336954,-5.985394906182773e-05,0.203345644670201,250,-0.0016239697746028056,,0.0,,,True,averted,False,exposed,0.98,0.0144
E06,C2024,2024-02-12,overnight,pre,PSN,0.0033887683907600774,0.0033887683907600774,-5.985394906182773e-05,0.43870512822046587,250,0.003415026625157748,,0.0,,,True,averted,False,exposed,0.51,0.0099
E06,C2024,2024-02-12,overnight,pre,ACN,-0.0058654804568637475,-0.005865523377567183,-5.985394906182773e-05,1.2093300642565004,250,-0.005793097276798802,,0.0,,,True,averted,False,control,0.08,0.0656
E06,C2024,2024-02-12,overnight,pre,EPAM,0.0033535544656759786,0.0033535544656759786,-5.985394906182773e-05,1.8626131345505768,250,0.00346503921735326,,0.0,,,True,averted,False,control,0.0,0.0
E06,C2024,2024-02-12,overnight,pre,CTSH,-0.0046692687048506265,-0.004669321458223741,-5.985394906182773e-05,0.9229559372188894,250,-0.004614026147198015,,0.0,,,True,averted,False,control,0.0,0.0
E06,C2024,2024-02-12,intraday,pre,CACI,0.0025485702032406188,0.0025485702032406188,-0.0003791176545281383,0.5857757535296756,250,0.0027706481329982423,,0.0,,,True,averted,False,exposed,0.956,0.0926
E06,C2024,2024-02-12,intraday,pre,SAIC,-0.0033409446496349693,-0.0033409446496348583,-0.0003791176545281383,0.6747701052181568,250,-0.0030851273899989567,,0.0,,,True,averted,False,exposed,0.98,0.0479
E06,C2024,2024-02-12,intraday,pre,LDOS,0.006678334615968007,0.006678334615968007,-0.0003791176545281383,0.7832049924827394,250,0.006975261455732791,,0.0,,,True,averted,False,exposed,0.87,0.0736
E06,C2024,2024-02-12,intraday,pre,BAH,-0.0038238136691964852,-0.0038238136691965963,-0.0003791176545281383,0.6852561499318182,250,-0.0035640209648833522,,0.0,,,True,averted,False,exposed,0.98,0.0144
E06,C2024,2024-02-12,intraday,pre,PSN,0.002202665688253669,0.002202665688253669,-0.0003791176545281383,0.5435130116058701,250,0.0024087210664192112,,0.0,,,True,averted,False,exposed,0.51,0.0099
E06,C2024,2024-02-12,intraday,pre,ACN,-0.005575245756684666,-0.005575245756684777,-0.0003791176545281383,0.9233519113673747,250,-0.005225186745742993,,0.0,,,True,averted,False,control,0.08,0.0656
E06,C2024,2024-02-12,intraday,pre,EPAM,0.012289797948724646,0.012289797948724646,-0.0003791176545281383,1.3768751885587283,250,0.012811795640789018,,0.0,,,True,averted,False,control,0.0,0.0
E06,C2024,2024-02-12,intraday,pre,CTSH,-0.0027365009884821045,-0.0027365009884821045,-0.0003791176545281383,0.965188146795206,250,-0.0023705811220907456,,0.0,,,True,averted,False,control,0.0,0.0
E06,C2024,2024-02-13,overnight,pre,CACI,-0.0052500523128635734,-0.0052500523128635734,-0.01287478952927723,0.3905695214895025,250,-0.000221551927135708,,0.28500000000000003,,,True,averted,False,exposed,0.956,0.0926
E06,C2024,2024-02-13,overnight,pre,SAIC,-0.007770753030162614,-0.007770552350052196,-0.01287478952927723,0.24589579225191796,250,-0.004604896458784291,,0.28500000000000003,,,True,averted,False,exposed,0.98,0.0479
E06,C2024,2024-02-13,overnight,pre,LDOS,0.04443090089589874,0.044430877621349785,-0.01287478952927723,0.3542419982427736,250,0.04899169206570504,,0.28500000000000003,,,True,averted,False,exposed,0.87,0.0736
E06,C2024,2024-02-13,overnight,pre,BAH,-0.0037699849356500614,-0.0037697825122189332,-0.01287478952927723,0.203345644670201,250,-0.0011519525588260292,,0.28500000000000003,,,True,averted,False,exposed,0.98,0.0144
E06,C2024,2024-02-13,overnight,pre,PSN,-0.009670383296703333,-0.009670383296703333,-0.01287478952927723,0.43870512822046587,250,-0.004022147105450255,,0.28500000000000003,,,True,averted,False,exposed,0.51,0.0099
E06,C2024,2024-02-13,overnight,pre,ACN,-0.0163840435446303,-0.01638410267999224,-0.01287478952927723,1.2093300642565004,250,-0.0008141734959005494,,0.28500000000000003,,,True,averted,False,control,0.08,0.0656
E06,C2024,2024-02-13,overnight,pre,EPAM,-0.03105653630363847,-0.03105653630363847,-0.01287478952927723,1.8626131345505768,250,-0.007075784221832464,,0.28500000000000003,,,True,averted,False,control,0.0,0.0
E06,C2024,2024-02-13,overnight,pre,CTSH,-0.012936075732157493,-0.012935978607455878,-0.01287478952927723,0.9229559372188894,250,-0.001053212295667483,,0.28500000000000003,,,True,averted,False,control,0.0,0.0
E06,C2024,2024-02-13,intraday,pre,CACI,-0.007777743888888855,-0.007777743888888855,-0.0009099795787758103,0.5857757535296756,250,-0.007244699915434838,,0.0050000000000000044,,,True,averted,False,exposed,0.956,0.0926
E06,C2024,2024-02-13,intraday,pre,SAIC,-0.0016124592378031766,-0.0016124592378031766,-0.0009099795787758103,0.6747701052181568,250,-0.000998432221686249,,0.0050000000000000044,,,True,averted,False,exposed,0.98,0.0479
E06,C2024,2024-02-13,intraday,pre,LDOS,0.013623044542962148,0.013623044542962148,-0.0009099795787758103,0.7832049924827394,250,0.014335745092116704,,0.0050000000000000044,,,True,averted,False,exposed,0.87,0.0736
E06,C2024,2024-02-13,intraday,pre,BAH,-0.00646760990732187,-0.0064676099073217586,-0.0009099795787758103,0.6852561499318182,250,-0.00584404080465338,,0.0050000000000000044,,,True,averted,False,exposed,0.98,0.0144
E06,C2024,2024-02-13,intraday,pre,PSN,-0.0020713034114657747,-0.0020713034114657747,-0.0009099795787758103,0.5435130116058701,250,-0.0015767176701054928,,0.0050000000000000044,,,True,averted,False,exposed,0.51,0.0099
E06,C2024,2024-02-13,intraday,pre,ACN,0.0038736999133042183,0.0038736999133042183,-0.0009099795787758103,0.9233519113673747,250,0.004713931296672141,,0.0050000000000000044,,,True,averted,False,control,0.08,0.0656
E06,C2024,2024-02-13,intraday,pre,EPAM,-0.032158439804980454,-0.032158439804980454,-0.0009099795787758103,1.3768751885587283,250,-0.03090551150086892,,0.0050000000000000044,,,True,averted,False,control,0.0,0.0
E06,C2024,2024-02-13,intraday,pre,CTSH,-0.0005295329562196027,-0.0005295329562197137,-0.0009099795787758103,0.965188146795206,250,0.0003487685470405038,,0.0050000000000000044,,,True,averted,False,control,0.0,0.0
E06,C2024,2024-02-14,overnight,pre,CACI,0.00783871137840908,0.00783871137840908,0.005484986183409202,0.3905695214895025,250,0.005696442949378416,,-0.0050000000000000044,,,True,averted,False,exposed,0.956,0.0926
E06,C2024,2024-02-14,overnight,pre,SAIC,0.011151249045462608,0.011151133164333915,0.005484986183409202,0.24589579225191796,250,0.009802514022402379,,-0.0050000000000000044,,,True,averted,False,exposed,0.98,0.0479
E06,C2024,2024-02-14,overnight,pre,LDOS,0.005359511101842074,0.005359555814634209,0.005484986183409202,0.3542419982427736,250,0.003416498635897194,,-0.0050000000000000044,,,True,averted,False,exposed,0.87,0.0736
E06,C2024,2024-02-14,overnight,pre,BAH,0.010526346012539545,0.010526345896223477,0.005484986183409202,0.203345644670201,250,0.009410997961067055,,-0.0050000000000000044,,,True,averted,False,exposed,0.98,0.0144
E06,C2024,2024-02-14,overnight,pre,PSN,0.09458866076346051,0.09458866076346051,0.005484986183409202,0.43870512822046587,250,0.09218236919658049,,-0.0050000000000000044,,,True,averted,False,exposed,0.51,0.0099
E06,C2024,2024-02-14,overnight,pre,ACN,0.00945396384523467,0.00945411990258771,0.005484986183409202,1.2093300642565004,250,0.002820805151606403,,-0.0050000000000000044,,,True,averted,False,control,0.08,0.0656
E06,C2024,2024-02-14,overnight,pre,EPAM,0.014779765291198732,0.014779765291198732,0.005484986183409202,1.8626131345505768,250,0.0045633579831523136,,-0.0050000000000000044,,,True,averted,False,control,0.0,0.0
E06,C2024,2024-02-14,overnight,pre,CTSH,0.005430512052980063,0.005430305032282368,0.005484986183409202,0.9229559372188894,250,0.00036811148943896414,,-0.0050000000000000044,,,True,averted,False,control,0.0,0.0
E06,C2024,2024-02-14,intraday,pre,CACI,-0.0005833097222222028,-0.0005833097222222028,0.003583000401667702,0.5857757535296756,250,-0.0026821444824062313,,-0.04999999999999999,,,True,averted,False,exposed,0.956,0.0926
E06,C2024,2024-02-14,intraday,pre,SAIC,0.01102827082006086,0.011028270820060637,0.003583000401667702,0.6747701052181568,250,0.008610569262030845,,-0.04999999999999999,,,True,averted,False,exposed,0.98,0.0479
E06,C2024,2024-02-14,intraday,pre,LDOS,-0.0035266160825229154,-0.0035266160825229154,0.003583000401667702,0.7832049924827394,250,-0.00633283988517672,,-0.04999999999999999,,,True,averted,False,exposed,0.87,0.0736
E06,C2024,2024-02-14,intraday,pre,BAH,-0.005413879589809545,-0.005413879589809434,0.003583000401667702,0.6852561499318182,250,-0.007869152650260513,,-0.04999999999999999,,,True,averted,False,exposed,0.98,0.0144
E06,C2024,2024-02-14,intraday,pre,PSN,-0.01923334870381921,-0.01923334870381921,0.003583000401667702,0.5435130116058701,250,-0.021180756042714664,,-0.04999999999999999,,,True,averted,False,exposed,0.51,0.0099
E06,C2024,2024-02-14,intraday,pre,ACN,0.012942390036138507,0.012942390036138729,0.003583000401667702,0.9233519113673747,250,0.009634019766828563,,-0.04999999999999999,,,True,averted,False,control,0.08,0.0656
E06,C2024,2024-02-14,intraday,pre,EPAM,0.0052042007101869014,0.0052042007101869014,0.003583000401667702,1.3768751885587283,250,0.00027085635653468533,,-0.04999999999999999,,,True,averted,False,control,0.0,0.0
E06,C2024,2024-02-14,intraday,pre,CTSH,0.010933923856960126,0.010933923856960126,0.003583000401667702,0.965188146795206,250,0.007475654339307998,,-0.04999999999999999,,,True,averted,False,control,0.0,0.0
E06,C2024,2024-02-15,overnight,pre,CACI,0.0028905141205441964,0.0028905141205441964,0.0014441325981464637,0.3905695214895025,250,0.00232647994271874,,-0.19000000000000003,,,True,averted,False,exposed,0.956,0.0926
E06,C2024,2024-02-15,overnight,pre,SAIC,0.005341207695710448,0.005341073290995313,0.0014441325981464637,0.24589579225191796,250,0.004986101566372403,,-0.19000000000000003,,,True,averted,False,exposed,0.98,0.0479
E06,C2024,2024-02-15,overnight,pre,LDOS,0.007160516049382615,0.00716062012671137,0.0014441325981464637,0.3542419982427736,250,0.0066489436320876835,,-0.19000000000000003,,,True,averted,False,exposed,0.87,0.0736
E06,C2024,2024-02-15,overnight,pre,BAH,0.0014469192648667306,0.0014468869285868546,0.0014441325981464637,0.203345644670201,250,0.0011532611907073857,,-0.19000000000000003,,,True,averted,False,exposed,0.98,0.0144
E06,C2024,2024-02-15,overnight,pre,PSN,0.011186265972355613,0.011186265972355613,0.0014441325981464637,0.43870512822046587,250,0.010552717595718415,,-0.19000000000000003,,,True,averted,False,exposed,0.51,0.0099
E06,C2024,2024-02-15,overnight,pre,ACN,0.004339816842584554,0.004339670348644908,0.0014441325981464637,1.2093300642565004,250,0.0025933838748731846,,-0.19000000000000003,,,True,averted,False,control,0.08,0.0656
E06,C2024,2024-02-15,overnight,pre,EPAM,0.04983096524220865,0.04983096524220865,0.0014441325981464637,1.8626131345505768,250,0.047141104896868395,,-0.19000000000000003,,,True,averted,False,control,0.0,0.0
E06,C2024,2024-02-15,overnight,pre,CTSH,0.00521242560795665,0.0052128061693546,0.0014441325981464637,0.9229559372188894,250,0.003879554852366031,,-0.19000000000000003,,,True,averted,False,control,0.0,0.0
E06,C2024,2024-02-15,intraday,pre,CACI,0.004794532229156934,0.004794532229156934,0.0054477382957685005,0.5857757535296756,250,0.0016033792239206696,,0.0,,0.1,True,averted,False,exposed,0.956,0.0926
E06,C2024,2024-02-15,intraday,pre,SAIC,0.004788980865559678,0.004788980865559456,0.0054477382957685005,0.6747701052181568,250,0.001113009922522984,,0.0,,0.1,True,averted,False,exposed,0.98,0.0479
E06,C2024,2024-02-15,intraday,pre,LDOS,-0.001470951181077318,-0.001470951181077318,0.0054477382957685005,0.7832049924827394,250,-0.0057376470120626185,,0.0,,0.1,True,averted,False,exposed,0.87,0.0736
E06,C2024,2024-02-15,intraday,pre,BAH,0.0002064042986356096,0.00020640429863583165,0.0054477382957685005,0.6852561499318182,250,-0.0035266918717588376,,0.0,,0.1,True,averted,False,exposed,0.98,0.0144
E06,C2024,2024-02-15,intraday,pre,PSN,0.015706111866136796,0.015706111866136796,0.0054477382957685005,0.5435130116058701,250,0.012745195218563028,,0.0,,0.1,True,averted,False,exposed,0.51,0.0099
E06,C2024,2024-02-15,intraday,pre,ACN,-0.0028985923152119453,-0.0028985923152119453,0.0054477382957685005,0.9233519113673747,250,-0.007928771883239035,,0.0,,0.1,True,averted,False,control,0.08,0.0656
E06,C2024,2024-02-15,intraday,pre,EPAM,0.031506891095890444,0.031506891095890444,0.0054477382957685005,1.3768751885587283,250,0.024006035402685585,,0.0,,0.1,True,averted,False,control,0.0,0.0
E06,C2024,2024-02-15,intraday,pre,CTSH,0.011407794360367651,0.011407794360367651,0.0054477382957685005,0.965188146795206,250,0.006149701930449578,,0.0,,0.1,True,averted,False,control,0.0,0.0
E06,C2024,2024-02-16,overnight,pre,CACI,0.0015169566517010402,0.0015169566517010402,-0.0006175127864950225,0.3905695214895025,250,0.0017581383252360506,0.13499999999999998,0.010000000000000009,0.1,0.235,True,averted,False,exposed,0.956,0.0926
E06,C2024,2024-02-16,overnight,pre,SAIC,7.443029557130387e-05,7.460948292559166e-05,-0.0006175127864950225,0.24589579225191796,250,0.0002262740914321869,0.13499999999999998,0.010000000000000009,0.1,0.235,True,averted,False,exposed,0.98,0.0479
E06,C2024,2024-02-16,overnight,pre,LDOS,8.17947442810496e-05,8.161880185841852e-05,-0.0006175127864950225,0.3542419982427736,250,0.0003005437077095096,0.13499999999999998,0.010000000000000009,0.1,0.235,True,averted,False,exposed,0.87,0.0736
E06,C2024,2024-02-16,overnight,pre,BAH,0.0013070269409398705,0.0013070566338799772,-0.0006175127864950225,0.203345644670201,250,0.001432595476601793,0.13499999999999998,0.010000000000000009,0.1,0.235,True,averted,False,exposed,0.98,0.0144
E06,C2024,2024-02-16,overnight,pre,PSN,0.0006722524963198584,0.0006722524963198584,-0.0006175127864950225,0.43870512822046587,250,0.0009431585224969344,0.13499999999999998,0.010000000000000009,0.1,0.235,True,averted,False,exposed,0.51,0.0099
E06,C2024,2024-02-16,overnight,pre,ACN,0.002126397618264164,0.0021263815482781556,-0.0006175127864950225,1.2093300642565004,250,0.0028731743960354003,0.13499999999999998,0.010000000000000009,0.1,0.235,True,averted,False,control,0.08,0.0656
E06,C2024,2024-02-16,overnight,pre,EPAM,-0.003984104088293305,-0.003984104088293305,-0.0006175127864950225,1.8626131345505768,250,-0.002833916661414751,0.13499999999999998,0.010000000000000009,0.1,0.235,True,averted,False,control,0.0,0.0
E06,C2024,2024-02-16,overnight,pre,CTSH,-0.006408613452101308,-0.002573558218941674,-0.0006175127864950225,0.9229559372188894,250,-0.005838676359497147,0.13499999999999998,0.010000000000000009,0.1,0.235,True,averted,False,control,0.0,0.0
E06,C2024,2024-02-16,intraday,pre,CACI,0.008537374968041744,0.008537374968041744,-0.004365163138818073,0.5857757535296756,250,0.011094381694962865,-0.004999999999999977,0.0,0.235,0.23,True,averted,False,exposed,0.956,0.0926
E06,C2024,2024-02-16,intraday,pre,SAIC,0.007670072614412771,0.007670072614412771,-0.004365163138818073,0.6747701052181568,250,0.010615554204887462,-0.004999999999999977,0.0,0.235,0.23,True,averted,False,exposed,0.98,0.0479
E06,C2024,2024-02-16,intraday,pre,LDOS,0.013338829307286248,0.013338829307286248,-0.004365163138818073,0.7832049924827394,250,0.01675764687061019,-0.004999999999999977,0.0,0.235,0.23,True,averted,False,exposed,0.87,0.0736
E06,C2024,2024-02-16,intraday,pre,BAH,0.00020609164945462055,0.00020609164945462055,-0.004365163138818073,0.6852561499318182,250,0.003197346535785384,-0.004999999999999977,0.0,0.235,0.23,True,averted,False,exposed,0.98,0.0144
E06,C2024,2024-02-16,intraday,pre,PSN,0.006449924372525562,0.006449924372525562,-0.004365163138818073,0.5435130116058701,250,0.008822447336255505,-0.004999999999999977,0.0,0.235,0.23,True,averted,False,exposed,0.51,0.0099
E06,C2024,2024-02-16,intraday,pre,ACN,-0.007574474596853564,-0.007574474596853675,-0.004365163138818073,0.9233519113673747,250,-0.003543892869195487,-0.004999999999999977,0.0,0.235,0.23,True,averted,False,control,0.08,0.0656
E06,C2024,2024-02-16,intraday,pre,EPAM,0.03993336999999997,0.03993336999999997,-0.004365163138818073,1.3768751885587283,250,0.045943654819849716,-0.004999999999999977,0.0,0.235,0.23,True,averted,False,control,0.0,0.0
E06,C2024,2024-02-16,intraday,pre,CTSH,-0.0067079032835211105,-0.0067079032835211105,-0.004365163138818073,0.965188146795206,250,-0.0024946995631065496,-0.004999999999999977,0.0,0.235,0.23,True,averted,False,control,0.0,0.0
E06,C2024,2024-02-20,overnight,pre,CACI,0.00038233418871636005,0.00038233418871636005,-0.0035835289881711585,0.3905695214895025,250,0.0017819513908701305,,0.035,0.23,,True,averted,False,exposed,0.956,0.0926
E06,C2024,2024-02-20,overnight,pre,SAIC,-0.0019953013998986746,-0.001995404233961273,-0.0035835289881711585,0.24589579225191796,250,-0.0011141267002946135,,0.035,0.23,,True,averted,False,exposed,0.98,0.0479
E06,C2024,2024-02-20,overnight,pre,LDOS,8.071145808541402e-05,8.064532909735078e-05,-0.0035835289881711585,0.3542419982427736,250,0.0013501479276160698,,0.035,0.23,,True,averted,False,exposed,0.87,0.0736
E06,C2024,2024-02-20,overnight,pre,BAH,-0.002678751355940423,-0.0026788827891776057,-0.0035835289881711585,0.203345644670201,250,-0.0019500563436464057,,0.035,0.23,,True,averted,False,exposed,0.98,0.0144
E06,C2024,2024-02-20,overnight,pre,PSN,0.0,0.0,-0.0035835289881711585,0.43870512822046587,250,0.0015721125442373844,,0.035,0.23,,True,averted,False,exposed,0.51,0.0099
E06,C2024,2024-02-20,overnight,pre,ACN,0.001082586034674593,0.001082690629701899,-0.0035835289881711585,1.2093300642565004,250,0.005416255376204652,,0.035,0.23,,True,averted,False,control,0.08,0.0656
E06,C2024,2024-02-20,overnight,pre,EPAM,-0.011058439894727767,-0.011058439894727767,-0.0035835289881711585,1.8626131345505768,250,-0.004383711733317429,,0.035,0.23,,True,averted,False,control,0.0,0.0
E06,C2024,2024-02-20,overnight,pre,CTSH,-0.001168783636363635,-0.0011689267651041613,-0.0035835289881711585,0.9229559372188894,250,0.002138655719464935,,0.035,0.23,,True,averted,False,control,0.0,0.0
E06,C2024,2024-02-20,intraday,pre,CACI,-0.006360084785596909,-0.006360084785596909,-0.0019287780231566076,0.5857757535296756,250,-0.005230253385690869,,-0.0050000000000000044,,,True,averted,False,exposed,0.956,0.0926
E06,C2024,2024-02-20,intraday,pre,SAIC,-0.0011847737602903585,-0.0011847737602902475,-0.0019287780231566076,0.6747701052181568,250,0.00011670798933749406,,-0.0050000000000000044,,,True,averted,False,exposed,0.98,0.0479
E06,C2024,2024-02-20,intraday,pre,LDOS,-0.0027454482409411396,-0.0027454482409411396,-0.0019287780231566076,0.7832049924827394,250,-0.0012348196638138956,,-0.0050000000000000044,,,True,averted,False,exposed,0.87,0.0736
E06,C2024,2024-02-20,intraday,pre,BAH,-0.0006886418879806788,-0.0006886418879806788,-0.0019287780231566076,0.6852561499318182,250,0.0006330651142407214,,-0.0050000000000000044,,,True,averted,False,exposed,0.98,0.0144
E06,C2024,2024-02-20,intraday,pre,PSN,0.0006674955804903959,0.0006674955804903959,-0.0019287780231566076,0.5435130116058701,250,0.0017158115325754603,,-0.0050000000000000044,,,True,averted,False,exposed,0.51,0.0099
E06,C2024,2024-02-20,intraday,pre,ACN,-0.018735786223084916,-0.018735786223084916,-0.0019287780231566076,0.9233519113673747,250,-0.016954845348799874,,-0.0050000000000000044,,,True,averted,False,control,0.08,0.0656
E06,C2024,2024-02-20,intraday,pre,EPAM,-0.034745409657714,-0.034745409657714,-0.0019287780231566076,1.3768751885587283,250,-0.03208972305339231,,-0.0050000000000000044,,,True,averted,False,control,0.0,0.0
E06,C2024,2024-02-20,intraday,pre,CTSH,-0.0022104510715088566,-0.0022104510715088566,-0.0019287780231566076,0.965188146795206,250,-0.00034881738575900955,,-0.0050000000000000044,,,True,averted,False,control,0.0,0.0
E06,C2024,2024-02-21,overnight,pre,CACI,0.0023625513048406432,0.0023625513048406432,-0.002697472368074605,0.3905695214895025,250,0.003416101796870697,,0.13,,,True,averted,False,exposed,0.956,0.0926
E06,C2024,2024-02-21,overnight,pre,SAIC,-0.003261935665780702,-0.003261667019100245,-0.002697472368074605,0.24589579225191796,250,-0.0025986385607553396,,0.13,,,True,averted,False,exposed,0.98,0.0479
E06,C2024,2024-02-21,overnight,pre,LDOS,-8.098866396755167e-05,-8.097485594427134e-05,-0.002697472368074605,0.3542419982427736,250,0.0008745693379038628,,0.13,,,True,averted,False,exposed,0.87,0.0736
E06,C2024,2024-02-21,overnight,pre,BAH,-0.00447973240988031,-0.004479682506411176,-0.002697472368074605,0.203345644670201,250,-0.003931213152214126,,0.13,,,True,averted,False,exposed,0.98,0.0144
E06,C2024,2024-02-21,overnight,pre,PSN,-0.005203461052308955,-0.005203461052308955,-0.002697472368074605,0.43870512822046587,250,-0.004020066091201622,,0.13,,,True,averted,False,exposed,0.51,0.0099
E06,C2024,2024-02-21,overnight,pre,ACN,-0.007191116716540491,-0.0071911342085153596,-0.002697472368074605,1.2093300642565004,250,-0.003928982284326695,,0.13,,,True,averted,False,control,0.08,0.0656
E06,C2024,2024-02-21,overnight,pre,EPAM,-0.007655884014553305,-0.007655884014553305,-0.002697472368074605,1.8626131345505768,250,-0.002631536551690298,,0.13,,,True,averted,False,control,0.0,0.0
E06,C2024,2024-02-21,overnight,pre,CTSH,-0.006385169059998197,-0.006384895530602064,-0.002697472368074605,0.9229559372188894,250,-0.003895520922399843,,0.13,,,True,averted,False,control,0.0,0.0
E06,C2024,2024-02-21,intraday,pre,CACI,0.004275371297551844,0.004275371297551844,0.003613051656342181,0.5857757535296756,250,0.0021589332410163605,,-0.010000000000000009,,0.3,True,averted,False,exposed,0.956,0.0926
E06,C2024,2024-02-21,intraday,pre,SAIC,0.012420961238415629,0.012420961238415629,0.003613051656342181,0.6747701052181568,250,0.009982981992106978,,-0.010000000000000009,,0.3,True,averted,False,exposed,0.98,0.0479
E06,C2024,2024-02-21,intraday,pre,LDOS,0.0037249899410678466,0.0037249899410678466,0.003613051656342181,0.7832049924827394,250,0.0008952298457226195,,-0.010000000000000009,,0.3,True,averted,False,exposed,0.87,0.0736
E06,C2024,2024-02-21,intraday,pre,BAH,0.003046054063293502,0.003046054063293502,0.003613051656342181,0.6852561499318182,250,0.0005701881957636801,,-0.010000000000000009,,0.3,True,averted,False,exposed,0.98,0.0144
E06,C2024,2024-02-21,intraday,pre,PSN,0.009790817916974115,0.009790817916974115,0.003613051656342181,0.5435130116058701,250,0.007827077330148,,-0.010000000000000009,,0.3,True,averted,False,exposed,0.51,0.0099
E06,C2024,2024-02-21,intraday,pre,ACN,0.0015818599263275335,0.0015818599263277555,0.003613051656342181,0.9233519113673747,250,-0.0017542582264250786,,-0.010000000000000009,,0.3,True,averted,False,control,0.08,0.0656
E06,C2024,2024-02-21,intraday,pre,EPAM,0.011166337811388427,0.011166337811388427,0.003613051656342181,1.3768751885587283,250,0.006191616630789861,,-0.010000000000000009,,0.3,True,averted,False,control,0.0,0.0
E06,C2024,2024-02-21,intraday,pre,CTSH,0.016000016000000006,0.016000015999999784,0.003613051656342181,0.965188146795206,250,0.012512741367539746,,-0.010000000000000009,,0.3,True,averted,False,control,0.0,0.0
E06,C2024,2024-02-22,overnight,pre,CACI,0.004339036103008009,0.004339036103008009,0.01367635087035457,0.3905695214895025,250,-0.0010025297121489165,,-0.010000000000000009,0.3,,True,averted,False,exposed,0.956,0.0926
E06,C2024,2024-02-22,overnight,pre,SAIC,0.0017631906306172507,0.0017629106196188626,0.01367635087035457,0.24589579225191796,250,-0.001599766501763794,,-0.010000000000000009,0.3,,True,averted,False,exposed,0.98,0.0479
E06,C2024,2024-02-22,overnight,pre,LDOS,0.0004034134832640035,0.0004035359544798389,0.01367635087035457,0.3542419982427736,250,-0.004441324377719695,,-0.010000000000000009,0.3,,True,averted,False,exposed,0.87,0.0736
E06,C2024,2024-02-22,overnight,pre,BAH,0.007315877592584341,0.007316084393656164,0.01367635087035457,0.203345644670201,250,0.004534851208116227,,-0.010000000000000009,0.3,,True,averted,False,exposed,0.98,0.0144
E06,C2024,2024-02-22,overnight,pre,PSN,0.014875849731893043,0.014875849731893043,0.01367635087035457,0.43870512822046587,250,0.00887596446972606,,-0.010000000000000009,0.3,,True,averted,False,exposed,0.51,0.0099
E06,C2024,2024-02-22,overnight,pre,ACN,0.02441051068044975,0.02441042598940646,0.01367635087035457,1.2093300642565004,250,0.00787128840360941,,-0.010000000000000009,0.3,,True,averted,False,control,0.08,0.0656
E06,C2024,2024-02-22,overnight,pre,EPAM,0.01315136825696328,0.01315136825696328,0.01367635087035457,1.8626131345505768,250,-0.012322382506881353,,-0.010000000000000009,0.3,,True,averted,False,control,0.0,0.0
E06,C2024,2024-02-22,overnight,pre,CTSH,0.012004650772612813,0.012004451867108523,0.01367635087035457,0.9229559372188894,250,-0.0006180184626696627,,-0.010000000000000009,0.3,,True,averted,False,control,0.0,0.0
E06,C2024,2024-02-22,intraday,pre,CACI,-0.0012498750142647674,-0.0012498750142647674,0.006924446205711199,0.5857757535296756,250,-0.005306047708190948,,0.0,,0.26,True,averted,False,exposed,0.956,0.0926
E06,C2024,2024-02-22,intraday,pre,SAIC,0.011073588246962807,0.011073588246962807,0.006924446205711199,0.6747701052181568,250,0.0064011789521575945,,0.0,,0.26,True,averted,False,exposed,0.98,0.0479
E06,C2024,2024-02-22,intraday,pre,LDOS,0.006048387096774244,0.006048387096774244,0.006924446205711199,0.7832049924827394,250,0.0006251262582830704,,0.0,,0.26,True,averted,False,exposed,0.87,0.0736
E06,C2024,2024-02-22,intraday,pre,BAH,0.010894117394804725,0.010894117394804947,0.006924446205711199,0.6852561499318182,250,0.006149098047469083,,0.0,,0.26,True,averted,False,exposed,0.98,0.0144
E06,C2024,2024-02-22,intraday,pre,PSN,0.03965447761895846,0.03965447761895846,0.006924446205711199,0.5435130116058701,250,0.03589095100798953,,0.0,,0.26,True,averted,False,exposed,0.51,0.0099
E06,C2024,2024-02-22,intraday,pre,ACN,0.0043005420178494624,0.0043005420178494624,0.006924446205711199,0.9233519113673747,250,-0.0020931586213545385,,0.0,,0.26,True,averted,False,control,0.08,0.0656
E06,C2024,2024-02-22,intraday,pre,EPAM,0.005846178301980087,0.005846178301980087,0.006924446205711199,1.3768751885587283,250,-0.00368791987317329,,0.0,,0.26,True,averted,False,control,0.0,0.0
E06,C2024,2024-02-22,intraday,pre,CTSH,0.013520376649411192,0.013520376649411192,0.006924446205711199,0.965188146795206,250,0.006836983248537704,,0.0,,0.26,True,averted,False,control,0.0,0.0
E06,C2024,2024-02-23,overnight,pre,CACI,0.0038903954936477803,0.0038903954936477803,0.003487663054187129,0.3905695214895025,250,0.0025282206034572966,,0.04500000000000004,0.26,,True,averted,False,exposed,0.956,0.0926
E06,C2024,2024-02-23,overnight,pre,SAIC,0.00355411269612782,0.0035541162942192006,0.003487663054187129,0.24589579225191796,250,0.002696511026310732,,0.04500000000000004,0.26,,True,averted,False,exposed,0.98,0.0479
E06,C2024,2024-02-23,overnight,pre,LDOS,0.0036071895791582875,0.0036071413952840636,0.003487663054187129,0.3542419982427736,250,0.0023717128496455442,,0.04500000000000004,0.26,,True,averted,False,exposed,0.87,0.0736
E06,C2024,2024-02-23,overnight,pre,BAH,0.003117844116101054,0.0031177672461693007,0.003487663054187129,0.203345644670201,250,0.0024086430239549303,,0.04500000000000004,0.26,,True,averted,False,exposed,0.98,0.0144
E06,C2024,2024-02-23,overnight,pre,PSN,0.0012587925091709362,0.0012587925091709362,0.003487663054187129,0.43870512822046587,250,-0.0002712631582060098,,0.04500000000000004,0.26,,True,averted,False,exposed,0.51,0.0099
E06,C2024,2024-02-23,overnight,pre,ACN,0.007217668840921121,0.007217714167605971,0.003487663054187129,1.2093300642565004,250,0.0029999330554959782,,0.04500000000000004,0.26,,True,averted,False,control,0.08,0.0656
E06,C2024,2024-02-23,overnight,pre,EPAM,0.0015433658485273227,0.0015433658485273227,0.003487663054187129,1.8626131345505768,250,-0.004952801165088404,,0.04500000000000004,0.26,,True,averted,False,control,0.0,0.0
E06,C2024,2024-02-23,overnight,pre,CTSH,0.00176188511982045,0.0017618128686818224,0.003487663054187129,0.9229559372188894,250,-0.001457074203060526,,0.04500000000000004,0.26,,True,averted,False,control,0.0,0.0
E06,C2024,2024-02-23,intraday,pre,CACI,0.0009755701897020685,0.0009755701897020685,-0.002788271311231827,0.5857757535296756,250,0.0026088719180840684,,0.0,,0.18,True,averted,False,exposed,0.956,0.0926
E06,C2024,2024-02-23,intraday,pre,SAIC,0.00650472604869301,0.00650472604869301,-0.002788271311231827,0.6747701052181568,250,0.008386168174749678,,0.0,,0.18,True,averted,False,exposed,0.98,0.0479
E06,C2024,2024-02-23,intraday,pre,LDOS,0.006869015345798202,0.006869015345798202,-0.002788271311231827,0.7832049924827394,250,0.009052803357151362,,0.0,,0.18,True,averted,False,exposed,0.87,0.0736
E06,C2024,2024-02-23,intraday,pre,BAH,0.006148673648648684,0.006148673648648684,-0.002788271311231827,0.6852561499318182,250,0.008059353712348748,,0.0,,0.18,True,averted,False,exposed,0.98,0.0144
E06,C2024,2024-02-23,intraday,pre,PSN,-0.0033945722514079346,-0.0033945722514079346,-0.002788271311231827,0.5435130116058701,250,-0.001879110513866076,,0.0,,0.18,True,averted,False,exposed,0.51,0.0099
E06,C2024,2024-02-23,intraday,pre,ACN,0.008904027346344545,0.008904027346344545,-0.002788271311231827,0.9233519113673747,250,0.011478582990981269,,0.0,,0.18,True,averted,False,control,0.08,0.0656
E06,C2024,2024-02-23,intraday,pre,EPAM,-0.010491843278688573,-0.010491843278688573,-0.002788271311231827,1.3768751885587283,250,-0.006652741691283359,,0.0,,0.18,True,averted,False,control,0.0,0.0
E06,C2024,2024-02-23,intraday,pre,CTSH,0.002763834475234539,0.002763834475234539,-0.002788271311231827,0.965188146795206,250,0.005455040894884625,,0.0,,0.18,True,averted,False,control,0.0,0.0
E06,C2024,2024-02-26,overnight,pre,CACI,0.0002707551005876052,0.0002707551005876052,0.0008860523670277676,0.3905695214895025,250,-7.530994841707103e-05,,0.03999999999999998,0.18,,True,averted,False,exposed,0.956,0.0926
E06,C2024,2024-02-26,overnight,pre,SAIC,0.0,-1.2450067754521399e-08,0.0008860523670277676,0.24589579225191796,250,-0.0002178765487669801,,0.03999999999999998,0.18,,True,averted,False,exposed,0.98,0.0479
E06,C2024,2024-02-26,overnight,pre,LDOS,0.0015072378519542795,0.0015072131763622654,0.0008860523670277676,0.3542419982427736,250,0.0011933608909106236,,0.03999999999999998,0.18,,True,averted,False,exposed,0.87,0.0736
E06,C2024,2024-02-26,overnight,pre,BAH,0.0042978939231601565,0.00429775759861184,0.0008860523670277676,0.203345644670201,250,0.004117719033375338,,0.03999999999999998,0.18,,True,averted,False,exposed,0.98,0.0144
E06,C2024,2024-02-26,overnight,pre,PSN,0.006307556719987284,0.006307556719987284,0.0008860523670277676,0.43870512822046587,250,0.00591884100270032,,0.03999999999999998,0.18,,True,averted,False,exposed,0.51,0.0099
E06,C2024,2024-02-26,overnight,pre,ACN,-0.001219182368016325,-0.0012191742295497576,0.0008860523670277676,1.2093300642565004,250,-0.0022907121339686394,,0.03999999999999998,0.18,,True,averted,False,control,0.08,0.0656
E06,C2024,2024-02-26,overnight,pre,EPAM,-0.005964174528704236,-0.005964174528704236,0.0008860523670277676,1.8626131345505768,250,-0.007614547305429784,,0.03999999999999998,0.18,,True,averted,False,control,0.0,0.0
E06,C2024,2024-02-26,overnight,pre,CTSH,-0.0030067384231031724,-0.0030065190480803583,0.0008860523670277676,0.9229559372188894,250,-0.003824525715938301,,0.03999999999999998,0.18,,True,averted,False,control,0.0,0.0
E06,C2024,2024-02-26,intraday,pre,CACI,-0.00202998976142188,-0.00202998976142188,-0.004544555686491369,0.5857757535296756,250,0.0006321007702901741,,0.0,,,True,averted,False,exposed,0.956,0.0926
E06,C2024,2024-02-26,intraday,pre,SAIC,0.0014362502362443852,0.0014362502362443852,-0.004544555686491369,0.6747701052181568,250,0.004502780554987939,,0.0,,,True,averted,False,exposed,0.98,0.0479
E06,C2024,2024-02-26,intraday,pre,LDOS,-0.004435624554455453,-0.004435624554455564,-0.004544555686491369,0.7832049924827394,250,-0.000876305852179589,,0.0,,,True,averted,False,exposed,0.87,0.0736
E06,C2024,2024-02-26,intraday,pre,BAH,-0.012169892091429935,-0.012169892091429935,-0.004544555686491369,0.6852561499318182,250,-0.009055707358554108,,0.0,,,True,averted,False,exposed,0.98,0.0144
E06,C2024,2024-02-26,intraday,pre,PSN,0.009652805721868107,0.009652805721868107,-0.004544555686491369,0.5435130116058701,250,0.012122830869443614,,0.0,,,True,averted,False,exposed,0.51,0.0099
E06,C2024,2024-02-26,intraday,pre,ACN,0.0016452412673684247,0.0016452412673684247,-0.004544555686491369,0.9233519113673747,250,0.005841465446805702,,0.0,,,True,averted,False,control,0.08,0.0656
E06,C2024,2024-02-26,intraday,pre,EPAM,0.00803334566666658,0.00803334566666658,-0.004544555686491369,1.3768751885587283,250,0.014290631634420025,,0.0,,,True,averted,False,control,0.0,0.0
E06,C2024,2024-02-26,intraday,pre,CTSH,-0.0008796140787925566,-0.0008796140787925566,-0.004544555686491369,0.965188146795206,250,0.0035067372022596632,,0.0,,,True,averted,False,control,0.0,0.0
E06,C2024,2024-02-27,overnight,pre,CACI,0.0005153166563971467,0.0005153166563971467,0.0014032332926572355,0.3905695214895025,250,-3.2743499254128824e-05,,-0.05499999999999999,,0.19,True,averted,False,exposed,0.956,0.0926
E06,C2024,2024-02-27,overnight,pre,SAIC,0.00021510683033687528,0.0002151667078296171,0.0014032332926572355,0.24589579225191796,250,-0.0001299423318753431,,-0.05499999999999999,,0.19,True,averted,False,exposed,0.98,0.0479
E06,C2024,2024-02-27,overnight,pre,LDOS,-0.0015116747264856123,-0.001511638664268622,0.0014032332926572355,0.3542419982427736,250,-0.002008758892077298,,-0.05499999999999999,,0.19,True,averted,False,exposed,0.87,0.0736
E06,C2024,2024-02-27,overnight,pre,BAH,-0.007039824885068935,-0.007039683280827047,0.0014032332926572355,0.203345644670201,250,-0.007325166263587009,,-0.05499999999999999,,0.19,True,averted,False,exposed,0.98,0.0144
E06,C2024,2024-02-27,overnight,pre,PSN,-0.0007449411387466798,-0.0007449411387466798,0.0014032332926572355,0.43870512822046587,250,-0.0013605467803250988,,-0.05499999999999999,,0.19,True,averted,False,exposed,0.51,0.0099
E06,C2024,2024-02-27,overnight,pre,ACN,-0.001271619651404543,-0.0012716837646855605,0.0014032332926572355,1.2093300642565004,250,-0.0029685918593805784,,-0.05499999999999999,,0.19,True,averted,False,control,0.08,0.0656
E06,C2024,2024-02-27,overnight,pre,EPAM,0.0001983978680133447,0.0001983978680133447,0.0014032332926572355,1.8626131345505768,250,-0.0024152828937286756,,-0.05499999999999999,,0.19,True,averted,False,control,0.0,0.0
E06,C2024,2024-02-27,overnight,pre,CTSH,0.001131886901996726,0.0011316469221693826,0.0014032332926572355,0.9229559372188894,250,-0.000163235596764481,,-0.05499999999999999,,0.19,True,averted,False,control,0.0,0.0
E06,C2024,2024-02-27,intraday,pre,CACI,0.00639744087564198,0.00639744087564198,0.00045387901018889565,0.5857757535296756,250,0.006131569556437276,-0.065,-0.04500000000000004,0.19,0.125,True,averted,False,exposed,0.956,0.0926
E06,C2024,2024-02-27,intraday,pre,SAIC,0.007312272992920699,0.007312272992920699,0.00045387901018889565,0.6747701052181568,250,0.007006009005459225,-0.065,-0.04500000000000004,0.19,0.125,True,averted,False,exposed,0.98,0.0479
E06,C2024,2024-02-27,intraday,pre,LDOS,0.008605592031872611,0.008605592031872611,0.00045387901018889565,0.7832049924827394,250,0.008250111725109543,-0.065,-0.04500000000000004,0.19,0.125,True,averted,False,exposed,0.87,0.0736
E06,C2024,2024-02-27,intraday,pre,BAH,-0.0010907600885008417,-0.0010907600885007307,0.00045387901018889565,0.6852561499318182,250,-0.0014017834715577488,-0.065,-0.04500000000000004,0.19,0.125,True,averted,False,exposed,0.98,0.0144
E06,C2024,2024-02-27,intraday,pre,PSN,0.006212723398673514,0.006212723398673514,0.00045387901018889565,0.5435130116058701,250,0.005966034250941056,-0.065,-0.04500000000000004,0.19,0.125,True,averted,False,exposed,0.51,0.0099
E06,C2024,2024-02-27,intraday,pre,ACN,0.0024138029177718234,0.0024138029177720455,0.00045387901018889565,0.9233519113673747,250,0.0019947128661843743,-0.065,-0.04500000000000004,0.19,0.125,True,averted,False,control,0.08,0.0656
E06,C2024,2024-02-27,intraday,pre,EPAM,0.015108960498129598,0.015108960498129598,0.00045387901018889565,1.3768751885587283,250,0.014484025750392914,-0.065,-0.04500000000000004,0.19,0.125,True,averted,False,control,0.0,0.0
E06,C2024,2024-02-27,intraday,pre,CTSH,-0.0057788830256494395,-0.005778883025649328,0.00045387901018889565,0.965188146795206,250,-0.006216961666362902,-0.065,-0.04500000000000004,0.19,0.125,True,averted,False,control,0.0,0.0
E06,C2024,2024-02-28,overnight,pre,CACI,-0.0009157905269223665,-0.0009157905269223665,-0.0031562663938625724,0.3905695214895025,250,0.00031695092822193603,0.0399999999999999,-0.11999999999999997,0.125,0.1649999999999999,True,averted,False,exposed,0.956,0.0926
E06,C2024,2024-02-28,overnight,pre,SAIC,0.002775598998404405,0.0027756930023936643,-0.0031562663938625724,0.24589579225191796,250,0.0035517116238813463,0.0399999999999999,-0.11999999999999997,0.125,0.1649999999999999,True,averted,False,exposed,0.98,0.0479
E06,C2024,2024-02-28,overnight,pre,LDOS,0.0013430099350812963,0.0013431516784758735,-0.0031562663938625724,0.3542419982427736,250,0.0024610920494296867,0.0399999999999999,-0.11999999999999997,0.125,0.1649999999999999,True,averted,False,exposed,0.87,0.0736
E06,C2024,2024-02-28,overnight,pre,BAH,-0.0012283675798404614,-0.0012284055957337836,-0.0031562663938625724,0.203345644670201,250,-0.0005865545552295861,0.0399999999999999,-0.11999999999999997,0.125,0.1649999999999999,True,averted,False,exposed,0.98,0.0144
E06,C2024,2024-02-28,overnight,pre,PSN,0.003704561713419041,0.003704561713419041,-0.0031562663938625724,0.43870512822046587,250,0.005089231966436469,0.0399999999999999,-0.11999999999999997,0.125,0.1649999999999999,True,averted,False,exposed,0.51,0.0099
E06,C2024,2024-02-28,overnight,pre,ACN,0.0008731880521002378,0.0008732778991180634,-0.0031562663938625724,1.2093300642565004,250,0.004690155893000696,0.0399999999999999,-0.11999999999999997,0.125,0.1649999999999999,True,averted,False,control,0.08,0.0656
E06,C2024,2024-02-28,overnight,pre,EPAM,-0.0072955336047028085,-0.0072955336047028085,-0.0031562663938625724,1.8626131345505768,250,-0.001416630363353797,0.0399999999999999,-0.11999999999999997,0.125,0.1649999999999999,True,averted,False,control,0.0,0.0
E06,C2024,2024-02-28,overnight,pre,CTSH,-0.0025271285259230725,-0.0025268229057450187,-0.0031562663938625724,0.9229559372188894,250,0.00038596628173684236,0.0399999999999999,-0.11999999999999997,0.125,0.1649999999999999,True,averted,False,control,0.0,0.0
E06,C2024,2024-02-28,intraday,pre,CACI,0.0031272866334906,0.0031272866334906,0.0018404274922561026,0.5857757535296756,250,0.0020492088323975505,-0.004999999999999893,-0.12000000000000001,0.1649999999999999,0.16,True,averted,False,exposed,0.956,0.0926
E06,C2024,2024-02-28,intraday,pre,SAIC,-0.0063165325658682825,-0.0063165325658683935,0.0018404274922561026,0.6747701052181568,250,-0.007558398018464321,-0.004999999999999893,-0.12000000000000001,0.1649999999999999,0.16,True,averted,False,exposed,0.98,0.0479
E06,C2024,2024-02-28,intraday,pre,LDOS,-0.0014990327416173344,-0.0014990327416173344,0.0018404274922561026,0.7832049924827394,250,-0.0029404647418548023,-0.004999999999999893,-0.12000000000000001,0.1649999999999999,0.16,True,averted,False,exposed,0.87,0.0736
E06,C2024,2024-02-28,intraday,pre,BAH,0.006559559002300652,0.006559559002300652,0.0018404274922561026,0.6852561499318182,250,0.005298394744728564,-0.004999999999999893,-0.12000000000000001,0.1649999999999999,0.16,True,averted,False,exposed,0.98,0.0144
E06,C2024,2024-02-28,intraday,pre,PSN,-0.0013533539819278184,-0.0013533539819278184,0.0018404274922561026,0.5435130116058701,250,-0.0023536502708861717,-0.004999999999999893,-0.12000000000000001,0.1649999999999999,0.16,True,averted,False,exposed,0.51,0.0099
E06,C2024,2024-02-28,intraday,pre,ACN,-0.0005551803231831354,-0.0005551803231831354,0.0018404274922561026,0.9233519113673747,250,-0.002254542565890872,-0.004999999999999893,-0.12000000000000001,0.1649999999999999,0.16,True,averted,False,control,0.08,0.0656
E06,C2024,2024-02-28,intraday,pre,EPAM,0.0023294685971768647,0.0023294685971768647,0.0018404274922561026,1.3768751885587283,250,-0.00020457035325192408,-0.004999999999999893,-0.12000000000000001,0.1649999999999999,0.16,True,averted,False,control,0.0,0.0
E06,C2024,2024-02-28,intraday,pre,CTSH,-0.005827198705113279,-0.005827198705113168,0.0018404274922561026,0.965188146795206,250,-0.007603557505674895,-0.004999999999999893,-0.12000000000000001,0.1649999999999999,0.16,True,averted,False,control,0.0,0.0
E06,C2024,2024-02-29,overnight,pre,CACI,0.002257651124093041,0.002257651124093041,0.003575233012607537,0.3905695214895025,250,0.0008612740771454426,-0.08,-0.01999999999999999,0.16,0.08,True,averted,False,exposed,0.956,0.0926
E06,C2024,2024-02-29,overnight,pre,SAIC,0.0003571395040657954,0.00035711747321665044,0.003575233012607537,0.24589579225191796,250,-0.0005219952500545463,-0.08,-0.01999999999999999,0.16,0.08,True,averted,False,exposed,0.98,0.0479
E06,C2024,2024-02-29,overnight,pre,LDOS,0.000711155986937273,0.0007110564510088846,0.003575233012607537,0.3542419982427736,250,-0.0005553416996323523,-0.08,-0.01999999999999999,0.16,0.08,True,averted,False,exposed,0.87,0.0736
E06,C2024,2024-02-29,overnight,pre,BAH,6.79499026750019e-05,6.80156870638271e-05,0.003575233012607537,0.203345644670201,250,-0.0006590581591198626,-0.08,-0.01999999999999999,0.16,0.08,True,averted,False,exposed,0.98,0.0144
E06,C2024,2024-02-29,overnight,pre,PSN,0.004065564093137741,0.004065564093137741,0.003575233012607537,0.43870512822046587,250,0.002497091035923709,-0.08,-0.01999999999999999,0.16,0.08,True,averted,False,exposed,0.51,0.0099
E06,C2024,2024-02-29,overnight,pre,ACN,0.00626933076084768,0.00626916836232283,0.003575233012607537,1.2093300642565004,250,0.0019456939919790459,-0.08,-0.01999999999999999,0.16,0.08,True,averted,False,control,0.08,0.0656
E06,C2024,2024-02-29,overnight,pre,EPAM,0.005335356445659745,0.005335356445659745,0.003575233012607537,1.8626131345505768,250,-0.0013239195227018816,-0.08,-0.01999999999999999,0.16,0.08,True,averted,False,control,0.0,0.0
E06,C2024,2024-02-29,overnight,pre,CTSH,0.01146781156304999,0.01146779727429803,0.003575233012607537,0.9229559372188894,250,0.008168029027122888,-0.08,-0.01999999999999999,0.16,0.08,True,averted,False,control,0.0,0.0
E06,C2024,2024-02-29,intraday,pre,CACI,0.005175352972890179,0.005175352972890179,1.9641584538820922e-05,0.5857757535296756,250,0.005163847408906435,0.004999999999999893,-0.015,0.08,0.0849999999999999,True,averted,False,exposed,0.956,0.0926
E06,C2024,2024-02-29,intraday,pre,SAIC,-0.0007139147630543796,-0.0007139147630542686,1.9641584538820922e-05,0.6747701052181568,250,-0.0007271683171202911,0.004999999999999893,-0.015,0.08,0.0849999999999999,True,averted,False,exposed,0.98,0.0479
E06,C2024,2024-02-29,intraday,pre,LDOS,0.009553881450210744,0.009553881450210744,1.9641584538820922e-05,0.7832049924827394,250,0.009538498063139668,0.004999999999999893,-0.015,0.08,0.0849999999999999,True,averted,False,exposed,0.87,0.0736
E06,C2024,2024-02-29,intraday,pre,BAH,0.002647294194099814,0.002647294194099814,1.9641584538820922e-05,0.6852561499318182,250,0.0026338346775001812,0.004999999999999893,-0.015,0.08,0.0849999999999999,True,averted,False,exposed,0.98,0.0144
E06,C2024,2024-02-29,intraday,pre,PSN,-0.010920237914110453,-0.010920237914110453,1.9641584538820922e-05,0.5435130116058701,250,-0.01093091337087586,0.004999999999999893,-0.015,0.08,0.0849999999999999,True,averted,False,exposed,0.51,0.0099
E06,C2024,2024-02-29,intraday,pre,ACN,-0.014773909542904584,-0.014773909542904584,1.9641584538820922e-05,0.9233519113673747,250,-0.014792045637530789,0.004999999999999893,-0.015,0.08,0.0849999999999999,True,averted,False,control,0.08,0.0656
E06,C2024,2024-02-29,intraday,pre,EPAM,-0.008921080190636754,-0.008921080190636754,1.9641584538820922e-05,1.3768751885587283,250,-0.008948124201052236,0.004999999999999893,-0.015,0.08,0.0849999999999999,True,averted,False,control,0.0,0.0
E06,C2024,2024-02-29,intraday,pre,CTSH,-0.004535155233959198,-0.004535155233959087,1.9641584538820922e-05,0.965188146795206,250,-0.004554113058540344,0.004999999999999893,-0.015,0.08,0.0849999999999999,True,averted,False,control,0.0,0.0
E06,C2024,2024-03-01,overnight,pre,CACI,-0.0011471060237497888,-0.0011471060237497888,0.001771422657331767,0.3905695214895025,250,-0.00183896972337952,0.010000000000000106,-0.0050000000000000044,0.0849999999999999,0.095,True,averted,False,exposed,0.956,0.0926
E06,C2024,2024-03-01,overnight,pre,SAIC,0.0,-1.496629963293472e-07,0.001771422657331767,0.24589579225191796,250,-0.00043558537773759267,0.010000000000000106,-0.0050000000000000044,0.0849999999999999,0.095,True,averted,False,exposed,0.98,0.0479
E06,C2024,2024-03-01,overnight,pre,LDOS,0.008915997142580956,0.008915956745465081,0.001771422657331767,0.3542419982427736,250,0.008288484840715227,0.010000000000000106,-0.0050000000000000044,0.0849999999999999,0.095,True,averted,False,exposed,0.87,0.0736
E06,C2024,2024-03-01,overnight,pre,BAH,-0.0025726415460247676,-0.0025725669595393352,0.001771422657331767,0.203345644670201,250,-0.002932852628263296,0.010000000000000106,-0.0050000000000000044,0.0849999999999999,0.095,True,averted,False,exposed,0.98,0.0144
E06,C2024,2024-03-01,overnight,pre,PSN,0.0004962277595497167,0.0004962277595497167,0.001771422657331767,0.43870512822046587,250,-0.00028090444446765464,0.010000000000000106,-0.0050000000000000044,0.0849999999999999,0.095,True,averted,False,exposed,0.51,0.0099
E06,C2024,2024-03-01,overnight,pre,ACN,0.002721567328208163,0.0027217049478842625,0.001771422657331767,1.2093300642565004,250,0.0005793326521917165,0.010000000000000106,-0.0050000000000000044,0.0849999999999999,0.095,True,averted,False,control,0.08,0.0656
E06,C2024,2024-03-01,overnight,pre,EPAM,-0.007917226505568586,-0.007917226505568586,0.001771422657331767,1.8626131345505768,250,-0.01121670161395522,0.010000000000000106,-0.0050000000000000044,0.0849999999999999,0.095,True,averted,False,control,0.0,0.0
E06,C2024,2024-03-01,overnight,pre,CTSH,-0.0015185410668476784,-0.001518408851274189,0.001771422657331767,0.9229559372188894,250,-0.0031534861257560953,0.010000000000000106,-0.0050000000000000044,0.0849999999999999,0.095,True,averted,False,control,0.0,0.0
E06,C2024,2024-03-01,intraday,pre,CACI,-0.012552780385109652,-0.012552780385109652,0.00760337246328513,0.5857757535296756,250,-0.017006651619157286,-0.020000000000000004,-0.0050000000000000044,0.095,0.075,True,averted,False,exposed,0.956,0.0926
E06,C2024,2024-03-01,intraday,pre,SAIC,0.0060730984517736175,0.0060730984517736175,0.00760337246328513,0.6747701052181568,250,0.0009425700147098742,-0.020000000000000004,-0.0050000000000000044,0.095,0.075,True,averted,False,exposed,0.98,0.0479
E06,C2024,2024-03-01,intraday,pre,LDOS,-0.012093004651162809,-0.01209300465116292,0.00760337246328513,0.7832049924827394,250,-0.018048003924113508,-0.020000000000000004,-0.0050000000000000044,0.095,0.075,True,averted,False,exposed,0.87,0.0736
E06,C2024,2024-03-01,intraday,pre,BAH,0.005769299461177546,0.005769299461177546,0.00760337246328513,0.6852561499318182,250,0.0005590417204891741,-0.020000000000000004,-0.0050000000000000044,0.095,0.075,True,averted,False,exposed,0.98,0.0144
E06,C2024,2024-03-01,intraday,pre,PSN,0.00210785067296948,0.00210785067296948,0.00760337246328513,0.5435130116058701,250,-0.0020246811929117633,-0.020000000000000004,-0.0050000000000000044,0.095,0.075,True,averted,False,exposed,0.51,0.0099
E06,C2024,2024-03-01,intraday,pre,ACN,0.013810544354679877,0.013810544354679655,0.00760337246328513,0.9233519113673747,250,0.006789955857867488,-0.020000000000000004,-0.0050000000000000044,0.095,0.075,True,averted,False,control,0.08,0.0656
E06,C2024,2024-03-01,intraday,pre,EPAM,0.016027009361451183,0.016027009361451183,0.00760337246328513,1.3768751885587283,250,0.005558114467383229,-0.020000000000000004,-0.0050000000000000044,0.095,0.075,True,averted,False,control,0.0,0.0
E06,C2024,2024-03-01,intraday,pre,CTSH,-0.00367555024558186,-0.00367555024558186,0.00760337246328513,0.965188146795206,250,-0.011014235222813735,-0.020000000000000004,-0.0050000000000000044,0.095,0.075,True,averted,False,control,0.0,0.0
E06,C2024,2024-03-04,overnight,pre,CACI,0.004057124297120573,0.004057124297120573,-0.0015988034298738407,0.3905695214895025,250,0.004681568187682175,-0.045,0.015,0.075,0.03,True,averted,False,exposed,0.956,0.0926
E06,C2024,2024-03-04,overnight,pre,SAIC,0.003835015334166858,0.0038351683902280165,-0.0015988034298738407,0.24589579225191796,250,0.00422815437021077,-0.045,0.015,0.075,0.03,True,averted,False,exposed,0.98,0.0479
E06,C2024,2024-03-04,overnight,pre,LDOS,0.002981774112082114,0.0029817515318915078,-0.0015988034298738407,0.3542419982427736,250,0.0035481374338780236,-0.045,0.015,0.075,0.03,True,averted,False,exposed,0.87,0.0736
E06,C2024,2024-03-04,overnight,pre,BAH,0.0027669295464878285,0.0027667492333349752,-0.0015988034298738407,0.203345644670201,250,0.003092039260636453,-0.045,0.015,0.075,0.03,True,averted,False,exposed,0.98,0.0144
E06,C2024,2024-03-04,overnight,pre,PSN,0.014105411957098246,0.014105411957098246,-0.0015988034298738407,0.43870512822046587,250,0.01480681522080037,-0.045,0.015,0.075,0.03,True,averted,False,exposed,0.51,0.0099
E06,C2024,2024-03-04,overnight,pre,ACN,0.003464677377237768,0.0034647262961540193,-0.0015988034298738407,1.2093300642565004,250,0.005398158431820613,-0.045,0.015,0.075,0.03,True,averted,False,control,0.08,0.0656
E06,C2024,2024-03-04,overnight,pre,EPAM,0.0009125535711249633,0.0009125535711249633,-0.0015988034298738407,1.8626131345505768,250,0.003890505839172491,-0.045,0.015,0.075,0.03,True,averted,False,control,0.0,0.0
E06,C2024,2024-03-04,overnight,pre,CTSH,-0.0012720833128613274,-0.0012724603223081,-0.0015988034298738407,0.9229559372188894,250,0.00020354180518665824,-0.045,0.015,0.075,0.03,True,averted,False,control,0.0,0.0
E06,C2024,2024-03-04,intraday,pre,CACI,0.02023061735823295,0.02023061735823295,0.0005272317726541242,0.5857757535296756,250,0.019921777769321695,0.015,-0.009999999999999995,0.03,0.045,True,averted,False,exposed,0.956,0.0926
E06,C2024,2024-03-04,intraday,pre,SAIC,0.011460877467907027,0.011460877467907027,0.0005272317726541242,0.6747701052181568,250,0.011105117229198849,0.015,-0.009999999999999995,0.03,0.045,True,averted,False,exposed,0.98,0.0479
E06,C2024,2024-03-04,intraday,pre,LDOS,0.013299989078313423,0.013299989078313423,0.0005272317726541242,0.7832049924827394,250,0.012887058521775189,0.015,-0.009999999999999995,0.03,0.045,True,averted,False,exposed,0.87,0.0736
E06,C2024,2024-03-04,intraday,pre,BAH,0.003095812715892876,0.003095812715892654,0.0005272317726541242,0.6852561499318182,250,0.0027345239012421833,0.015,-0.009999999999999995,0.03,0.045,True,averted,False,exposed,0.98,0.0144
E06,C2024,2024-03-04,intraday,pre,PSN,0.010736911540726535,0.010736911540726535,0.0005272317726541242,0.5435130116058701,250,0.01045035421215699,0.015,-0.009999999999999995,0.03,0.045,True,averted,False,exposed,0.51,0.0099
E06,C2024,2024-03-04,intraday,pre,ACN,0.003661933794011807,0.003661933794011807,0.0005272317726541242,0.9233519113673747,250,0.0031751133289980122,0.015,-0.009999999999999995,0.03,0.045,True,averted,False,control,0.08,0.0656
E06,C2024,2024-03-04,intraday,pre,EPAM,0.002637582750508516,0.002637582750508516,0.0005272317726541242,1.3768751885587283,250,0.001911650404121216,0.015,-0.009999999999999995,0.03,0.045,True,averted,False,control,0.0,0.0
E06,C2024,2024-03-04,intraday,pre,CTSH,0.007260217481379838,0.00726021748138006,0.0005272317726541242,0.965188146795206,250,0.006751339623800252,0.015,-0.009999999999999995,0.03,0.045,True,averted,False,control,0.0,0.0
E06,C2024,2024-03-05,overnight,pre,CACI,0.0015841776003326924,0.0015841776003326924,-0.0040210768086221815,0.3905695214895025,250,0.0031546876453487937,,0.0,0.045,,True,averted,False,exposed,0.956,0.0926
E06,C2024,2024-03-05,overnight,pre,SAIC,-0.0026579345094109863,-0.002658173552224974,-0.0040210768086221815,0.24589579225191796,250,-0.0016691686418490212,,0.0,0.045,,True,averted,False,exposed,0.98,0.0479
E06,C2024,2024-03-05,overnight,pre,LDOS,0.0021618189523175957,0.0021617770448654205,-0.0040210768086221815,0.3542419982427736,250,0.003586253236091592,,0.0,0.045,,True,averted,False,exposed,0.87,0.0736
E06,C2024,2024-03-05,overnight,pre,BAH,-0.00026842401320281706,-0.00026849435210418715,-0.0040210768086221815,0.203345644670201,250,0.0005492444427148548,,0.0,0.045,,True,averted,False,exposed,0.98,0.0144
E06,C2024,2024-03-05,overnight,pre,PSN,-0.00024138883249014143,-0.00024138883249014143,-0.0040210768086221815,0.43870512822046587,250,0.0015226781844207944,,0.0,0.045,,True,averted,False,exposed,0.51,0.0099
E06,C2024,2024-03-05,overnight,pre,ACN,-0.005655268426858262,-0.005655348382995307,-0.0040210768086221815,1.2093300642565004,250,-0.0007924593515068763,,0.0,0.045,,True,averted,False,control,0.08,0.0656
E06,C2024,2024-03-05,overnight,pre,EPAM,-0.009807805172042716,-0.009807805172042716,-0.0040210768086221815,1.8626131345505768,250,-0.002318094693266325,,0.0,0.045,,True,averted,False,control,0.0,0.0
E06,C2024,2024-03-05,overnight,pre,CTSH,-0.005690497845047937,-0.005690278625270939,-0.0040210768086221815,0.9229559372188894,250,-0.001979221130516911,,0.0,0.045,,True,averted,False,control,0.0,0.0
E06,C2024,2024-03-05,intraday,pre,CACI,-0.006115985769525767,-0.006115985769525767,-0.0059971730142135415,0.5857757535296756,250,-0.0026029872280769937,,0.0,,0.05,True,averted,False,exposed,0.956,0.0926
E06,C2024,2024-03-05,intraday,pre,SAIC,0.003997527279548718,0.00399752727954894,-0.0059971730142135415,0.6747701052181568,250,0.008044240345361081,,0.0,,0.05,True,averted,False,exposed,0.98,0.0479
E06,C2024,2024-03-05,intraday,pre,LDOS,-0.0038520800312676906,-0.0038520800312678016,-0.0059971730142135415,0.7832049924827394,250,0.000844935814247114,,0.0,,0.05,True,averted,False,exposed,0.87,0.0736
E06,C2024,2024-03-05,intraday,pre,BAH,0.001208025680451863,0.001208025680451863,-0.0059971730142135415,0.6852561499318182,250,0.005317625370646831,,0.0,,0.05,True,averted,False,exposed,0.98,0.0144
E06,C2024,2024-03-05,intraday,pre,PSN,0.0035015807906966234,0.0035015807906966234,-0.0059971730142135415,0.5435130116058701,250,0.006761122356773279,,0.0,,0.05,True,averted,False,exposed,0.51,0.0099
E06,C2024,2024-03-05,intraday,pre,ACN,-0.012213669592136545,-0.012213669592136656,-0.0059971730142135415,0.9233519113673747,250,-0.006676168426661631,,0.0,,0.05,True,averted,False,control,0.08,0.0656
E06,C2024,2024-03-05,intraday,pre,EPAM,0.00524764228275032,0.00524764228275032,-0.0059971730142135415,1.3768751885587283,250,0.013505001007514906,,0.0,,0.05,True,averted,False,control,0.0,0.0
E06,C2024,2024-03-05,intraday,pre,CTSH,-0.010810104282434008,-0.010810104282434119,-0.0059971730142135415,0.965188146795206,250,-0.00502170397483502,,0.0,,0.05,True,averted,False,control,0.0,0.0
E06,C2024,2024-03-06,overnight,pre,CACI,0.003103320520907893,0.003103320520907893,0.006644574211335907,0.3905695214895025,250,0.000508152350684939,-0.015,0.0,0.05,0.035,True,averted,False,exposed,0.956,0.0926
E06,C2024,2024-03-06,overnight,pre,SAIC,0.007893193425504208,0.007893400086067981,0.006644574211335907,0.24589579225191796,250,0.006259320585631102,-0.015,0.0,0.05,0.035,True,averted,False,exposed,0.98,0.0479
E06,C2024,2024-03-06,overnight,pre,LDOS,7.729698190561685e-05,7.741898386348645e-05,0.006644574211335907,0.3542419982427736,250,-0.0022764902641904164,-0.015,0.0,0.05,0.035,True,averted,False,exposed,0.87,0.0736
E06,C2024,2024-03-06,overnight,pre,BAH,0.0005362416965817296,0.0005364074373253036,0.006644574211335907,0.203345644670201,250,-0.0008149035299813629,-0.015,0.0,0.05,0.035,True,averted,False,exposed,0.98,0.0144
E06,C2024,2024-03-06,overnight,pre,PSN,0.004451964231552141,0.004451964231552141,0.006644574211335907,0.43870512822046587,250,0.001536955450197621,-0.015,0.0,0.05,0.035,True,averted,False,exposed,0.51,0.0099
E06,C2024,2024-03-06,overnight,pre,ACN,0.00827848402524789,0.008278592170588128,0.006644574211335907,1.2093300642565004,250,0.0002430006672959513,-0.015,0.0,0.05,0.035,True,averted,False,control,0.08,0.0656
E06,C2024,2024-03-06,overnight,pre,EPAM,0.00649262707993481,0.00649262707993481,0.006644574211335907,1.8626131345505768,250,-0.005883644119595492,-0.015,0.0,0.05,0.035,True,averted,False,control,0.0,0.0
E06,C2024,2024-03-06,overnight,pre,CTSH,0.009899772204650548,0.009899680420524914,0.006644574211335907,0.9229559372188894,250,0.003767122986006553,-0.015,0.0,0.05,0.035,True,averted,False,control,0.0,0.0
E06,C2024,2024-03-06,intraday,pre,CACI,-0.0035961325988994597,-0.0035961325988994597,-0.0015669137579401582,0.5857757535296756,250,-0.0026782725116260477,-0.0050000000000000044,-0.0050000000000000044,0.035,0.03,True,averted,False,exposed,0.956,0.0926
E06,C2024,2024-03-06,intraday,pre,SAIC,-0.006445302815049625,-0.006445302815049736,-0.0015669137579401582,0.6747701052181568,250,-0.005387996253736567,-0.0050000000000000044,-0.0050000000000000044,0.035,0.03,True,averted,False,exposed,0.98,0.0479
E06,C2024,2024-03-06,intraday,pre,LDOS,0.0040213766116410365,0.0040213766116410365,-0.0015669137579401582,0.7832049924827394,250,0.005248591289649659,-0.0050000000000000044,-0.0050000000000000044,0.035,0.03,True,averted,False,exposed,0.87,0.0736
E06,C2024,2024-03-06,intraday,pre,BAH,-0.0024787994194491736,-0.0024787994194491736,-0.0015669137579401582,0.6852561499318182,250,-0.001405062130407904,-0.0050000000000000044,-0.0050000000000000044,0.035,0.03,True,averted,False,exposed,0.98,0.0144
E06,C2024,2024-03-06,intraday,pre,PSN,-0.0010781500524367216,-0.0010781500524367216,-0.0015669137579401582,0.5435130116058701,250,-0.0002265120369319949,-0.0050000000000000044,-0.0050000000000000044,0.035,0.03,True,averted,False,exposed,0.51,0.0099
E06,C2024,2024-03-06,intraday,pre,ACN,0.0021841752631579503,0.0021841752631579503,-0.0015669137579401582,0.9233519113673747,250,0.0036309880764998316,-0.0050000000000000044,-0.0050000000000000044,0.035,0.03,True,averted,False,control,0.08,0.0656
E06,C2024,2024-03-06,intraday,pre,EPAM,0.004927289857977302,0.004927289857977302,-0.0015669137579401582,1.3768751885587283,250,0.007084734533896422,-0.0050000000000000044,-0.0050000000000000044,0.035,0.03,True,averted,False,control,0.0,0.0
E06,C2024,2024-03-06,intraday,pre,CTSH,-0.02367919207865643,-0.02367919207865643,-0.0015669137579401582,0.965188146795206,250,-0.022166825492442258,-0.0050000000000000044,-0.0050000000000000044,0.035,0.03,True,averted,False,control,0.0,0.0
E06,C2024,2024-03-07,overnight,pre,CACI,0.005785236074963729,0.005785236074963729,0.006650347425208425,0.3905695214895025,250,0.003187813063361129,,-0.0245,0.03,,True,averted,False,exposed,0.956,0.0926
E06,C2024,2024-03-07,overnight,pre,SAIC,0.0019531166212898299,0.001953085392043974,0.006650347425208425,0.24589579225191796,250,0.0003178241724177016,,-0.0245,0.03,,True,averted,False,exposed,0.98,0.0479
E06,C2024,2024-03-07,overnight,pre,LDOS,0.003080904986939581,0.0030808179131123214,0.006650347425208425,0.3542419982427736,250,0.0007250726260250645,,-0.0245,0.03,,True,averted,False,exposed,0.87,0.0736
E06,C2024,2024-03-07,overnight,pre,BAH,0.003559427949714644,0.003559136160276255,0.006650347425208425,0.203345644670201,250,0.002207108765254826,,-0.0245,0.03,,True,averted,False,exposed,0.98,0.0144
E06,C2024,2024-03-07,overnight,pre,PSN,-0.0010792222167924637,-0.0010792222167924637,0.006650347425208425,0.43870512822046587,250,-0.003996763736679171,,-0.0245,0.03,,True,averted,False,exposed,0.51,0.0099
E06,C2024,2024-03-07,overnight,pre,ACN,0.010030741891164041,0.010030537473959544,0.006650347425208425,1.2093300642565004,250,0.0019882768121086847,,-0.0245,0.03,,True,averted,False,control,0.08,0.0656
E06,C2024,2024-03-07,overnight,pre,EPAM,0.006419115954622967,0.006419115954622967,0.006650347425208425,1.8626131345505768,250,-0.005967908508894854,,-0.0245,0.03,,True,averted,False,control,0.0,0.0
E06,C2024,2024-03-07,overnight,pre,CTSH,0.0046942313019437965,0.004694332746733254,0.006650347425208425,0.9229559372188894,250,-0.0014437463387206731,,-0.0245,0.03,,True,averted,False,control,0.0,0.0
E06,C2024,2024-03-07,intraday,pre,CACI,0.0013720026385224404,0.0013720026385224404,0.003254439241698437,0.5857757535296756,250,-0.0005343689606000074,,-0.009499999999999998,,,True,averted,False,exposed,0.956,0.0926
E06,C2024,2024-03-07,intraday,pre,SAIC,-0.01524646692528453,-0.01524646692528453,0.003254439241698437,0.6747701052181568,250,-0.01744246523483148,,-0.009499999999999998,,,True,averted,False,exposed,0.98,0.0479
E06,C2024,2024-03-07,intraday,pre,LDOS,-0.0033786563351625443,-0.0033786563351625443,0.003254439241698437,0.7832049924827394,250,-0.0059275493969925,,-0.009499999999999998,,,True,averted,False,exposed,0.87,0.0736
E06,C2024,2024-03-07,intraday,pre,BAH,-0.0069597360021822485,-0.0069597360021822485,0.003254439241698437,0.6852561499318182,250,-0.009189860507135545,,-0.009499999999999998,,,True,averted,False,exposed,0.98,0.0144
E06,C2024,2024-03-07,intraday,pre,PSN,-0.00636262173582236,-0.00636262173582236,0.003254439241698437,0.5435130116058701,250,-0.008131451809166202,,-0.009499999999999998,,,True,averted,False,exposed,0.51,0.0099
E06,C2024,2024-03-07,intraday,pre,ACN,0.00587549677847532,0.005875496778475098,0.003254439241698437,0.9233519113673747,250,0.0028705040842240785,,-0.009499999999999998,,,True,averted,False,control,0.08,0.0656
E06,C2024,2024-03-07,intraday,pre,EPAM,0.008429502884615525,0.008429502884615525,0.003254439241698437,1.3768751885587283,250,0.0039485462400490655,,-0.009499999999999998,,,True,averted,False,control,0.0,0.0
E06,C2024,2024-03-07,intraday,pre,CTSH,0.005321168251400943,0.005321168251400943,0.003254439241698437,0.965188146795206,250,0.002180022070848433,,-0.009499999999999998,,,True,averted,False,control,0.0,0.0
E06,C2024,2024-03-08,overnight,pre,CACI,0.001159365811427726,0.001159365811427726,0.0012626491385760996,0.3905695214895025,250,0.0006662135415649263,,0.034,,,True,averted,False,exposed,0.956,0.0926
E06,C2024,2024-03-08,overnight,pre,SAIC,0.0040297448744588404,0.004029916951227452,0.0012626491385760996,0.24589579225191796,250,0.0037192647641924688,,0.034,,,True,averted,False,exposed,0.98,0.0479
E06,C2024,2024-03-08,overnight,pre,LDOS,-0.0006162770947610863,-0.0006162447395373638,0.0012626491385760996,0.3542419982427736,250,-0.0010635604486898004,,0.034,,,True,averted,False,exposed,0.87,0.0736
E06,C2024,2024-03-08,overnight,pre,BAH,0.001078264712224275,0.0010785476016736961,0.0012626491385760996,0.203345644670201,250,0.0008215105091482441,,0.034,,,True,averted,False,exposed,0.98,0.0144
E06,C2024,2024-03-08,overnight,pre,PSN,0.0037453812079797366,0.0037453812079797366,0.0012626491385760996,0.43870512822046587,250,0.003191450555743248,,0.034,,,True,averted,False,exposed,0.51,0.0099
E06,C2024,2024-03-08,overnight,pre,ACN,-0.0005686110410589862,-0.0005686204293492425,0.0012626491385760996,1.2093300642565004,250,-0.0020955706049466355,,0.034,,,True,averted,False,control,0.08,0.0656
E06,C2024,2024-03-08,overnight,pre,EPAM,0.001175968897555002,0.001175968897555002,0.0012626491385760996,1.8626131345505768,250,-0.0011758579722858124,,0.034,,,True,averted,False,control,0.0,0.0
E06,C2024,2024-03-08,overnight,pre,CTSH,-0.0034856266874100372,-0.0034857591170429636,0.0012626491385760996,0.9229559372188894,250,-0.004650996206483165,,0.034,,,True,averted,False,control,0.0,0.0
E06,C2024,2024-03-08,intraday,pre,CACI,-0.015264732944915815,-0.015264732944915815,-0.007255695185610311,0.5857757535296756,250,-0.011014522630183297,,0.245,,0.02,True,averted,False,exposed,0.956,0.0926
E06,C2024,2024-03-08,intraday,pre,SAIC,-0.0031685465876304386,-0.0031685465876304386,-0.007255695185610311,0.6747701052181568,250,0.0017273796161947049,,0.245,,0.02,True,averted,False,exposed,0.98,0.0479
E06,C2024,2024-03-08,intraday,pre,LDOS,-0.007324124207296001,-0.007324124207296001,-0.007255695185610311,0.7832049924827394,250,-0.0016414275139930287,,0.245,,0.02,True,averted,False,exposed,0.87,0.0736
E06,C2024,2024-03-08,intraday,pre,BAH,-0.009491778327670786,-0.009491778327670786,-0.007255695185610311,0.6852561499318182,250,-0.004519768579700635,,0.245,,0.02,True,averted,False,exposed,0.98,0.0144
E06,C2024,2024-03-08,intraday,pre,PSN,-0.01998078506782819,-0.01998078506782819,-0.007255695185610311,0.5435130116058701,250,-0.016037220326202917,,0.245,,0.02,True,averted,False,exposed,0.51,0.0099
E06,C2024,2024-03-08,intraday,pre,ACN,-0.022033124588483055,-0.022033124588483166,-0.007255695185610311,0.9233519113673747,250,-0.015333564570550715,,0.245,,0.02,True,averted,False,control,0.08,0.0656
E06,C2024,2024-03-08,intraday,pre,EPAM,-0.0177777971428571,-0.0177777971428571,-0.007255695185610311,1.3768751885587283,250,-0.007787610466045244,,0.245,,0.02,True,averted,False,control,0.0,0.0
E06,C2024,2024-03-08,intraday,pre,CTSH,-0.005441194283242412,-0.005441194283242523,-0.007255695185610311,0.965188146795206,250,0.0015619167066677027,,0.245,,0.02,True,averted,False,control,0.0,0.0
E06,C2024,2024-03-11,overnight,resolution,CACI,-0.0016570322692671668,-0.0016570322692671668,-0.0024231810308219526,0.3905695214895025,250,-0.0007106116135765974,,0.6935,0.02,,True,averted,False,exposed,0.956,0.0926
E06,C2024,2024-03-11,overnight,resolution,SAIC,-0.002542915740882168,-0.0025429888519794552,-0.0024231810308219526,0.24589579225191796,250,-0.0019470657215383846,,0.6935,0.02,,True,averted,False,exposed,0.98,0.0479
E06,C2024,2024-03-11,overnight,resolution,LDOS,-0.006290755161534323,-0.0062906448220101385,-0.0024231810308219526,0.3542419982427736,250,-0.00543236267107197,,0.6935,0.02,,True,averted,False,exposed,0.87,0.0736
E06,C2024,2024-03-11,overnight,resolution,BAH,-0.004009761468029449,-0.004009896175980132,-0.0024231810308219526,0.203345644670201,250,-0.003517018159164357,,0.6935,0.02,,True,averted,False,exposed,0.98,0.0144
E06,C2024,2024-03-11,overnight,resolution,PSN,-0.0060181512037977836,-0.0060181512037977836,-0.0024231810308219526,0.43870512822046587,250,-0.0049550892589696385,,0.6935,0.02,,True,averted,False,exposed,0.51,0.0099
E06,C2024,2024-03-11,overnight,resolution,ACN,-0.01002196992280091,-0.010021793813610014,-0.0024231810308219526,1.2093300642565004,250,-0.007091544251091866,,0.6935,0.02,,True,averted,False,control,0.08,0.0656
E06,C2024,2024-03-11,overnight,resolution,EPAM,-0.00639941997102933,-0.00639941997102933,-0.0024231810308219526,1.8626131345505768,250,-0.0018859711556265552,,0.6935,0.02,,True,averted,False,control,0.0,0.0
E06,C2024,2024-03-11,overnight,resolution,CTSH,0.0010420976097622603,0.001042278657122031,-0.0024231810308219526,0.9229559372188894,250,0.00327858692911557,,0.6935,0.02,,True,averted,False,control,0.0,0.0
E07,C2024,2024-03-04,overnight,pre,CACI,0.004057124297120573,0.004057124297120573,-0.0015988034298738407,0.3955948777367422,250,0.004689602744486599,,,,,True,averted,False,exposed,0.956,0.0926
E07,C2024,2024-03-04,overnight,pre,SAIC,0.003835015334166858,0.0038351683902280165,-0.0015988034298738407,0.26422931594364013,250,0.004257466070770768,,,,,True,averted,False,exposed,0.98,0.0479
E07,C2024,2024-03-04,overnight,pre,LDOS,0.002981774112082114,0.0029817515318915078,-0.0015988034298738407,0.36673793307898583,250,0.0035681159773536396,,,,,True,averted,False,exposed,0.87,0.0736
E07,C2024,2024-03-04,overnight,pre,BAH,0.0027669295464878285,0.0027667492333349752,-0.0015988034298738407,0.21447265897467013,250,0.0031098291692706935,,,,,True,averted,False,exposed,0.98,0.0144
E07,C2024,2024-03-04,overnight,pre,PSN,0.014105411957098246,0.014105411957098246,-0.0015988034298738407,0.4780378354892342,250,0.014869700488087901,,,,,True,averted,False,exposed,0.51,0.0099
E07,C2024,2024-03-04,overnight,pre,ACN,0.003464677377237768,0.0034647262961540193,-0.0015988034298738407,1.2101827387627841,250,0.005399521690745826,,,,,True,averted,False,control,0.08,0.0656
E07,C2024,2024-03-04,overnight,pre,EPAM,0.0009125535711249633,0.0009125535711249633,-0.0015988034298738407,1.8076217335230769,250,0.0038025853985961563,,,,,True,averted,False,control,0.0,0.0
E07,C2024,2024-03-04,overnight,pre,CTSH,-0.0012720833128613274,-0.0012724603223081,-0.0015988034298738407,0.9064735561071828,250,0.00017718971773277394,,,,,True,averted,False,control,0.0,0.0
E07,C2024,2024-03-04,intraday,pre,CACI,0.02023061735823295,0.02023061735823295,0.0005272317726541242,0.582728897793394,250,0.019923384168472554,,-0.01999999999999999,,0.175,True,averted,False,exposed,0.956,0.0926
E07,C2024,2024-03-04,intraday,pre,SAIC,0.011460877467907027,0.011460877467907027,0.0005272317726541242,0.6683516135060361,250,0.011108501261961995,,-0.01999999999999999,,0.175,True,averted,False,exposed,0.98,0.0479
E07,C2024,2024-03-04,intraday,pre,LDOS,0.013299989078313423,0.013299989078313423,0.0005272317726541242,0.7714862408568882,250,0.01289323701996818,,-0.01999999999999999,,0.175,True,averted,False,exposed,0.87,0.0736
E07,C2024,2024-03-04,intraday,pre,BAH,0.003095812715892876,0.003095812715892654,0.0005272317726541242,0.703957181444319,250,0.002724664123247387,,-0.01999999999999999,,0.175,True,averted,False,exposed,0.98,0.0144
E07,C2024,2024-03-04,intraday,pre,PSN,0.010736911540726535,0.010736911540726535,0.0005272317726541242,0.5226518810161154,250,0.010461352863017396,,-0.01999999999999999,,0.175,True,averted,False,exposed,0.51,0.0099
E07,C2024,2024-03-04,intraday,pre,ACN,0.003661933794011807,0.003661933794011807,0.0005272317726541242,0.9096806172313726,250,0.0031823212696398123,,-0.01999999999999999,,0.175,True,averted,False,control,0.08,0.0656
E07,C2024,2024-03-04,intraday,pre,EPAM,0.002637582750508516,0.002637582750508516,0.0005272317726541242,1.3662293921147222,250,0.0019172632062517043,,-0.01999999999999999,,0.175,True,averted,False,control,0.0,0.0
E07,C2024,2024-03-04,intraday,pre,CTSH,0.007260217481379838,0.00726021748138006,0.0005272317726541242,0.9581638647745055,250,0.006755043048461649,,-0.01999999999999999,,0.175,True,averted,False,control,0.0,0.0
E07,C2024,2024-03-05,overnight,pre,CACI,0.0015841776003326924,0.0015841776003326924,-0.0040210768086221815,0.3955948777367422,250,0.0031748949888096337,-0.005000000000000088,0.0,0.175,0.1699999999999999,True,averted,False,exposed,0.956,0.0926
E07,C2024,2024-03-05,overnight,pre,SAIC,-0.0026579345094109863,-0.002658173552224974,-0.0040210768086221815,0.26422931594364013,250,-0.0015954481349119117,-0.005000000000000088,0.0,0.175,0.1699999999999999,True,averted,False,exposed,0.98,0.0479
E07,C2024,2024-03-05,overnight,pre,LDOS,0.0021618189523175957,0.0021617770448654205,-0.0040210768086221815,0.36673793307898583,250,0.003636500349863539,-0.005000000000000088,0.0,0.175,0.1699999999999999,True,averted,False,exposed,0.87,0.0736
E07,C2024,2024-03-05,overnight,pre,BAH,-0.00026842401320281706,-0.00026849435210418715,-0.0040210768086221815,0.21447265897467013,250,0.000593987021883763,-0.005000000000000088,0.0,0.175,0.1699999999999999,True,averted,False,exposed,0.98,0.0144
E07,C2024,2024-03-05,overnight,pre,PSN,-0.00024138883249014143,-0.00024138883249014143,-0.0040210768086221815,0.4780378354892342,250,0.0016808380214395637,-0.005000000000000088,0.0,0.175,0.1699999999999999,True,averted,False,exposed,0.51,0.0099
E07,C2024,2024-03-05,overnight,pre,ACN,-0.005655268426858262,-0.005655348382995307,-0.0040210768086221815,1.2101827387627841,250,-0.0007890306818243544,-0.005000000000000088,0.0,0.175,0.1699999999999999,True,averted,False,control,0.08,0.0656
E07,C2024,2024-03-05,overnight,pre,EPAM,-0.009807805172042716,-0.009807805172042716,-0.0040210768086221815,1.8076217335230769,250,-0.002539219340611647,-0.005000000000000088,0.0,0.175,0.1699999999999999,True,averted,False,control,0.0,0.0
E07,C2024,2024-03-05,overnight,pre,CTSH,-0.005690497845047937,-0.005690278625270939,-0.0040210768086221815,0.9064735561071828,250,-0.0020454980509560664,-0.005000000000000088,0.0,0.175,0.1699999999999999,True,averted,False,control,0.0,0.0
E07,C2024,2024-03-05,intraday,pre,CACI,-0.006115985769525767,-0.006115985769525767,-0.0059971730142135415,0.582728897793394,250,-0.0026212597490768235,,0.0,0.1699999999999999,,True,averted,False,exposed,0.956,0.0926
E07,C2024,2024-03-05,intraday,pre,SAIC,0.003997527279548718,0.00399752727954894,-0.0059971730142135415,0.6683516135060361,250,0.008005747540073197,,0.0,0.1699999999999999,,True,averted,False,exposed,0.98,0.0479
E07,C2024,2024-03-05,intraday,pre,LDOS,-0.0038520800312676906,-0.0038520800312678016,-0.0059971730142135415,0.7714862408568882,250,0.0007746564332362883,,0.0,0.1699999999999999,,True,averted,False,exposed,0.87,0.0736
E07,C2024,2024-03-05,intraday,pre,BAH,0.001208025680451863,0.001208025680451863,-0.0059971730142135415,0.703957181444319,250,0.0054297786921715585,,0.0,0.1699999999999999,,True,averted,False,exposed,0.98,0.0144
E07,C2024,2024-03-05,intraday,pre,PSN,0.0035015807906966234,0.0035015807906966234,-0.0059971730142135415,0.5226518810161154,250,0.006636014547354418,,0.0,0.1699999999999999,,True,averted,False,exposed,0.51,0.0099
E07,C2024,2024-03-05,intraday,pre,ACN,-0.012213669592136545,-0.012213669592136656,-0.0059971730142135415,0.9096806172313726,250,-0.006758157542923439,,0.0,0.1699999999999999,,True,averted,False,control,0.08,0.0656
E07,C2024,2024-03-05,intraday,pre,EPAM,0.00524764228275032,0.00524764228275032,-0.0059971730142135415,1.3662293921147222,250,0.013441156324366103,,0.0,0.1699999999999999,,True,averted,False,control,0.0,0.0
E07,C2024,2024-03-05,intraday,pre,CTSH,-0.010810104282434008,-0.010810104282434119,-0.0059971730142135415,0.9581638647745055,250,-0.00506382980941379,,0.0,0.1699999999999999,,True,averted,False,control,0.0,0.0
E07,C2024,2024-03-06,overnight,pre,CACI,0.003103320520907893,0.003103320520907893,0.006644574211335907,0.3955948777367422,250,0.0004747609981617545,,0.0,,,True,averted,False,exposed,0.956,0.0926
E07,C2024,2024-03-06,overnight,pre,SAIC,0.007893193425504208,0.007893400086067981,0.006644574211335907,0.26422931594364013,250,0.006137502126906169,,0.0,,,True,averted,False,exposed,0.98,0.0479
E07,C2024,2024-03-06,overnight,pre,LDOS,7.729698190561685e-05,7.741898386348645e-05,0.006644574211335907,0.36673793307898583,250,-0.002359520430549646,,0.0,,,True,averted,False,exposed,0.87,0.0736
E07,C2024,2024-03-06,overnight,pre,BAH,0.0005362416965817296,0.0005364074373253036,0.006644574211335907,0.21447265897467013,250,-0.0008888378022780042,,0.0,,,True,averted,False,exposed,0.98,0.0144
E07,C2024,2024-03-06,overnight,pre,PSN,0.004451964231552141,0.004451964231552141,0.006644574211335907,0.4780378354892342,250,0.001275606357817539,,0.0,,,True,averted,False,exposed,0.51,0.0099
E07,C2024,2024-03-06,overnight,pre,ACN,0.00827848402524789,0.008278592170588128,0.006644574211335907,1.2101827387627841,250,0.0002373350082608347,,0.0,,,True,averted,False,control,0.08,0.0656
E07,C2024,2024-03-06,overnight,pre,EPAM,0.00649262707993481,0.00649262707993481,0.006644574211335907,1.8076217335230769,250,-0.005518249674482934,,0.0,,,True,averted,False,control,0.0,0.0
E07,C2024,2024-03-06,overnight,pre,CTSH,0.009899772204650548,0.009899680420524914,0.006644574211335907,0.9064735561071828,250,0.0038766413904828077,,0.0,,,True,averted,False,control,0.0,0.0
E07,C2024,2024-03-06,intraday,pre,CACI,-0.0035961325988994597,-0.0035961325988994597,-0.0015669137579401582,0.582728897793394,250,-0.0026830466717976866,,0.0,,0.145,True,averted,False,exposed,0.956,0.0926
E07,C2024,2024-03-06,intraday,pre,SAIC,-0.006445302815049625,-0.006445302815049736,-0.0015669137579401582,0.6683516135060361,250,-0.0053980534767055135,,0.0,,0.145,True,averted,False,exposed,0.98,0.0479
E07,C2024,2024-03-06,intraday,pre,LDOS,0.0040213766116410365,0.0040213766116410365,-0.0015669137579401582,0.7714862408568882,250,0.0052302290165012295,,0.0,,0.145,True,averted,False,exposed,0.87,0.0736
E07,C2024,2024-03-06,intraday,pre,BAH,-0.0024787994194491736,-0.0024787994194491736,-0.0015669137579401582,0.703957181444319,250,-0.001375759226843294,,0.0,,0.145,True,averted,False,exposed,0.98,0.0144
E07,C2024,2024-03-06,intraday,pre,PSN,-0.0010781500524367216,-0.0010781500524367216,-0.0015669137579401582,0.5226518810161154,250,-0.0002591996294592678,,0.0,,0.145,True,averted,False,exposed,0.51,0.0099
E07,C2024,2024-03-06,intraday,pre,ACN,0.0021841752631579503,0.0021841752631579503,-0.0015669137579401582,0.9096806172313726,250,0.003609566337629283,,0.0,,0.145,True,averted,False,control,0.08,0.0656
E07,C2024,2024-03-06,intraday,pre,EPAM,0.004927289857977302,0.004927289857977302,-0.0015669137579401582,1.3662293921147222,250,0.007068053488984078,,0.0,,0.145,True,averted,False,control,0.0,0.0
E07,C2024,2024-03-06,intraday,pre,CTSH,-0.02367919207865643,-0.02367919207865643,-0.0015669137579401582,0.9581638647745055,250,-0.022177831936580145,,0.0,,0.145,True,averted,False,control,0.0,0.0
E07,C2024,2024-03-07,overnight,pre,CACI,0.005785236074963729,0.005785236074963729,0.006650347425208425,0.3955948777367422,250,0.003154392698381544,-0.004999999999999977,0.0,0.145,0.14,True,averted,False,exposed,0.956,0.0926
E07,C2024,2024-03-07,overnight,pre,SAIC,0.0019531166212898299,0.001953085392043974,0.006650347425208425,0.26422931594364013,250,0.00019589987033945939,-0.004999999999999977,0.0,0.145,0.14,True,averted,False,exposed,0.98,0.0479
E07,C2024,2024-03-07,overnight,pre,LDOS,0.003080904986939581,0.0030808179131123214,0.006650347425208425,0.36673793307898583,250,0.0006419703179614878,-0.004999999999999977,0.0,0.145,0.14,True,averted,False,exposed,0.87,0.0736
E07,C2024,2024-03-07,overnight,pre,BAH,0.003559427949714644,0.003559136160276255,0.006650347425208425,0.21447265897467013,250,0.002133110254324842,-0.004999999999999977,0.0,0.145,0.14,True,averted,False,exposed,0.98,0.0144
E07,C2024,2024-03-07,overnight,pre,PSN,-0.0010792222167924637,-0.0010792222167924637,0.006650347425208425,0.4780378354892342,250,-0.0042583399051905006,-0.004999999999999977,0.0,0.145,0.14,True,averted,False,exposed,0.51,0.0099
E07,C2024,2024-03-07,overnight,pre,ACN,0.010030741891164041,0.010030537473959544,0.006650347425208425,1.2101827387627841,250,0.0019826062304012793,-0.004999999999999977,0.0,0.145,0.14,True,averted,False,control,0.08,0.0656
E07,C2024,2024-03-07,overnight,pre,EPAM,0.006419115954622967,0.006419115954622967,0.006650347425208425,1.8076217335230769,250,-0.005602196586663017,-0.004999999999999977,0.0,0.145,0.14,True,averted,False,control,0.0,0.0
E07,C2024,2024-03-07,overnight,pre,CTSH,0.0046942313019437965,0.004694332746733254,0.006650347425208425,0.9064735561071828,250,-0.001334132777933132,-0.004999999999999977,0.0,0.145,0.14,True,averted,False,control,0.0,0.0
E07,C2024,2024-03-07,intraday,pre,CACI,0.0013720026385224404,0.0013720026385224404,0.003254439241698437,0.582728897793394,250,-0.0005244531537280587,0.009999999999999981,0.0,0.14,0.15,True,averted,False,exposed,0.956,0.0926
E07,C2024,2024-03-07,intraday,pre,SAIC,-0.01524646692528453,-0.01524646692528453,0.003254439241698437,0.6683516135060361,250,-0.017421576643531042,0.009999999999999981,0.0,0.14,0.15,True,averted,False,exposed,0.98,0.0479
E07,C2024,2024-03-07,intraday,pre,LDOS,-0.0033786563351625443,-0.0033786563351625443,0.003254439241698437,0.7714862408568882,250,-0.005889411431837613,0.009999999999999981,0.0,0.14,0.15,True,averted,False,exposed,0.87,0.0736
E07,C2024,2024-03-07,intraday,pre,BAH,-0.0069597360021822485,-0.0069597360021822485,0.003254439241698437,0.703957181444319,250,-0.009250721877950067,0.009999999999999981,0.0,0.14,0.15,True,averted,False,exposed,0.98,0.0144
E07,C2024,2024-03-07,intraday,pre,PSN,-0.00636262173582236,-0.00636262173582236,0.003254439241698437,0.5226518810161154,250,-0.008063560527148707,0.009999999999999981,0.0,0.14,0.15,True,averted,False,exposed,0.51,0.0099
E07,C2024,2024-03-07,intraday,pre,ACN,0.00587549677847532,0.005875496778475098,0.003254439241698437,0.9096806172313726,250,0.0029149964803450853,0.009999999999999981,0.0,0.14,0.15,True,averted,False,control,0.08,0.0656
E07,C2024,2024-03-07,intraday,pre,EPAM,0.008429502884615525,0.008429502884615525,0.003254439241698437,1.3662293921147222,250,0.003983192337755573,0.009999999999999981,0.0,0.14,0.15,True,averted,False,control,0.0,0.0
E07,C2024,2024-03-07,intraday,pre,CTSH,0.005321168251400943,0.005321168251400943,0.003254439241698437,0.9581638647745055,250,0.0022028821699013575,0.009999999999999981,0.0,0.14,0.15,True,averted,False,control,0.0,0.0
E07,C2024,2024-03-08,overnight,pre,CACI,0.001159365811427726,0.001159365811427726,0.0012626491385760996,0.3955948777367422,250,0.0006598682798283111,,0.01999999999999999,0.15,,True,averted,False,exposed,0.956,0.0926
E07,C2024,2024-03-08,overnight,pre,SAIC,0.0040297448744588404,0.004029916951227452,0.0012626491385760996,0.26422931594364013,250,0.0036961159562960513,,0.01999999999999999,0.15,,True,averted,False,exposed,0.98,0.0479
E07,C2024,2024-03-08,overnight,pre,LDOS,-0.0006162770947610863,-0.0006162447395373638,0.0012626491385760996,0.36673793307898583,250,-0.001079338430046447,,0.01999999999999999,0.15,,True,averted,False,exposed,0.87,0.0736
E07,C2024,2024-03-08,overnight,pre,BAH,0.001078264712224275,0.0010785476016736961,0.0012626491385760996,0.21447265897467013,250,0.0008074609941217822,,0.01999999999999999,0.15,,True,averted,False,exposed,0.98,0.0144
E07,C2024,2024-03-08,overnight,pre,PSN,0.0037453812079797366,0.0037453812079797366,0.0012626491385760996,0.4780378354892342,250,0.003141787146792472,,0.01999999999999999,0.15,,True,averted,False,exposed,0.51,0.0099
E07,C2024,2024-03-08,overnight,pre,ACN,-0.0005686110410589862,-0.0005686204293492425,0.0012626491385760996,1.2101827387627841,250,-0.0020966472336774807,,0.01999999999999999,0.15,,True,averted,False,control,0.08,0.0656
E07,C2024,2024-03-08,overnight,pre,EPAM,0.001175968897555002,0.001175968897555002,0.0012626491385760996,1.8076217335230769,250,-0.001106423127149347,,0.01999999999999999,0.15,,True,averted,False,control,0.0,0.0
E07,C2024,2024-03-08,overnight,pre,CTSH,-0.0034856266874100372,-0.0034857591170429636,0.0012626491385760996,0.9064735561071828,250,-0.004630184742170786,,0.01999999999999999,0.15,,True,averted,False,control,0.0,0.0
E07,C2024,2024-03-08,intraday,pre,CACI,-0.015264732944915815,-0.015264732944915815,-0.007255695185610311,0.582728897793394,250,-0.011036629686680283,,0.37000000000000005,,,True,averted,False,exposed,0.956,0.0926
E07,C2024,2024-03-08,intraday,pre,SAIC,-0.0031685465876304386,-0.0031685465876304386,-0.007255695185610311,0.6683516135060361,250,0.0016808089967801912,,0.37000000000000005,,,True,averted,False,exposed,0.98,0.0479
E07,C2024,2024-03-08,intraday,pre,LDOS,-0.007324124207296001,-0.007324124207296001,-0.007255695185610311,0.7714862408568882,250,-0.00172645520374608,,0.37000000000000005,,,True,averted,False,exposed,0.87,0.0736
E07,C2024,2024-03-08,intraday,pre,BAH,-0.009491778327670786,-0.009491778327670786,-0.007255695185610311,0.703957181444319,250,-0.0043840795953894365,,0.37000000000000005,,,True,averted,False,exposed,0.98,0.0144
E07,C2024,2024-03-08,intraday,pre,PSN,-0.01998078506782819,-0.01998078506782819,-0.007255695185610311,0.5226518810161154,250,-0.01618858233098939,,0.37000000000000005,,,True,averted,False,exposed,0.51,0.0099
E07,C2024,2024-03-08,intraday,pre,ACN,-0.022033124588483055,-0.022033124588483166,-0.007255695185610311,0.9096806172313726,250,-0.015432759313594368,,0.37000000000000005,,,True,averted,False,control,0.08,0.0656
E07,C2024,2024-03-08,intraday,pre,EPAM,-0.0177777971428571,-0.0177777971428571,-0.007255695185610311,1.3662293921147222,250,-0.007864853120051007,,0.37000000000000005,,,True,averted,False,control,0.0,0.0
E07,C2024,2024-03-08,intraday,pre,CTSH,-0.005441194283242412,-0.005441194283242523,-0.007255695185610311,0.9581638647745055,250,0.0015109506574277369,,0.37000000000000005,,,True,averted,False,control,0.0,0.0
E07,C2024,2024-03-11,overnight,pre,CACI,-0.0016570322692671668,-0.0016570322692671668,-0.0024231810308219526,0.3955948777367422,250,-0.0006984342656451636,,0.4435,,0.155,True,averted,False,exposed,0.956,0.0926
E07,C2024,2024-03-11,overnight,pre,SAIC,-0.002542915740882168,-0.0025429888519794552,-0.0024231810308219526,0.26422931594364013,250,-0.0019026402747004787,,0.4435,,0.155,True,averted,False,exposed,0.98,0.0479
E07,C2024,2024-03-11,overnight,pre,LDOS,-0.006290755161534323,-0.0062906448220101385,-0.0024231810308219526,0.36673793307898583,250,-0.005402082758814474,,0.4435,,0.155,True,averted,False,exposed,0.87,0.0736
E07,C2024,2024-03-11,overnight,pre,BAH,-0.004009761468029449,-0.004009896175980132,-0.0024231810308219526,0.21447265897467013,250,-0.0034900553891720827,,0.4435,,0.155,True,averted,False,exposed,0.98,0.0144
E07,C2024,2024-03-11,overnight,pre,PSN,-0.0060181512037977836,-0.0060181512037977836,-0.0024231810308219526,0.4780378354892342,250,-0.004859778988825086,,0.4435,,0.155,True,averted,False,exposed,0.51,0.0099
E07,C2024,2024-03-11,overnight,pre,ACN,-0.01002196992280091,-0.010021793813610014,-0.0024231810308219526,1.2101827387627841,250,-0.007089478066402774,,0.4435,,0.155,True,averted,False,control,0.08,0.0656
E07,C2024,2024-03-11,overnight,pre,EPAM,-0.00639941997102933,-0.00639941997102933,-0.0024231810308219526,1.8076217335230769,250,-0.002019225275454716,,0.4435,,0.155,True,averted,False,control,0.0,0.0
E07,C2024,2024-03-11,overnight,pre,CTSH,0.0010420976097622603,0.001042278657122031,-0.0024231810308219526,0.9064735561071828,250,0.0032386471358629046,,0.4435,,0.155,True,averted,False,control,0.0,0.0
E07,C2024,2024-03-11,intraday,pre,CACI,-0.003962121503244598,-0.003962121503244598,0.0015671285510923116,0.582728897793394,250,-0.004875332596523179,-0.06,-0.0010000000000000009,0.155,0.095,True,averted,False,exposed,0.956,0.0926
E07,C2024,2024-03-11,intraday,pre,SAIC,-0.003399270428616319,-0.003399270428616208,0.0015671285510923116,0.6683516135060361,250,-0.004446663324310242,-0.06,-0.0010000000000000009,0.155,0.095,True,averted,False,exposed,0.98,0.0479
E07,C2024,2024-03-11,intraday,pre,LDOS,-0.005470862969594981,-0.005470862969594981,0.0015671285510923116,0.7714862408568882,250,-0.00667988108441669,-0.06,-0.0010000000000000009,0.155,0.095,True,averted,False,exposed,0.87,0.0736
E07,C2024,2024-03-11,intraday,pre,BAH,-0.013442519674706221,-0.013442519674706221,0.0015671285510923116,0.703957181444319,250,-0.014545711072494085,-0.06,-0.0010000000000000009,0.155,0.095,True,averted,False,exposed,0.98,0.0144
E07,C2024,2024-03-11,intraday,pre,PSN,-0.007413795597451145,-0.007413795597451145,0.0015671285510923116,0.5226518810161154,250,-0.008232858282473601,-0.06,-0.0010000000000000009,0.155,0.095,True,averted,False,exposed,0.51,0.0099
E07,C2024,2024-03-11,intraday,pre,ACN,-0.0030984659565616024,-0.0030984659565614914,0.0015671285510923116,0.9096806172313726,250,-0.0045240524242001635,-0.06,-0.0010000000000000009,0.155,0.095,True,averted,False,control,0.08,0.0656
E07,C2024,2024-03-11,intraday,pre,EPAM,-0.007611823232065551,-0.007611823232065551,0.0015671285510923116,1.3662293921147222,250,-0.009752880319790026,-0.06,-0.0010000000000000009,0.155,0.095,True,averted,False,control,0.0,0.0
E07,C2024,2024-03-11,intraday,pre,CTSH,0.0014313677578399187,0.0014313677578396966,0.0015671285510923116,0.9581638647745055,250,-7.019819127316185e-05,-0.06,-0.0010000000000000009,0.155,0.095,True,averted,False,control,0.0,0.0
E07,C2024,2024-03-12,overnight,pre,CACI,0.0015589340529522655,0.0015589340529522655,0.00424427594486998,0.3955948777367422,250,-0.00012007977053957002,0.020000000000000004,,0.095,0.115,True,averted,False,exposed,0.956,0.0926
E07,C2024,2024-03-12,overnight,pre,SAIC,-0.003126571544405987,-0.003126632315832767,0.00424427594486998,0.26422931594364013,250,-0.004248033673995029,0.020000000000000004,,0.095,0.115,True,averted,False,exposed,0.98,0.0479
E07,C2024,2024-03-12,overnight,pre,LDOS,-0.001414540667976416,-0.001414655974217749,0.00424427594486998,0.36673793307898583,250,-0.002971077655414892,0.020000000000000004,,0.095,0.115,True,averted,False,exposed,0.87,0.0736
E07,C2024,2024-03-12,overnight,pre,BAH,0.0020057635661201445,0.0020059134143333157,0.00424427594486998,0.21447265897467013,250,0.0010954824188016497,0.020000000000000004,,0.095,0.115,True,averted,False,exposed,0.98,0.0144
E07,C2024,2024-03-12,overnight,pre,PSN,0.0047304524006384074,0.0047304524006384074,0.00424427594486998,0.4780378354892342,250,0.002701527914733738,0.020000000000000004,,0.095,0.115,True,averted,False,exposed,0.51,0.0099
E07,C2024,2024-03-12,overnight,pre,ACN,0.004769301736982978,0.00476923723533651,0.00424427594486998,1.2101827387627841,250,-0.00036704775004477684,0.020000000000000004,,0.095,0.115,True,averted,False,control,0.08,0.0656
E07,C2024,2024-03-12,overnight,pre,EPAM,0.00465456097538719,0.00465456097538719,0.00424427594486998,1.8076217335230769,250,-0.003017484465628978,0.020000000000000004,,0.095,0.115,True,averted,False,control,0.0,0.0
E07,C2024,2024-03-12,overnight,pre,CTSH,-0.0007795939542259989,-0.0007797842896315466,0.00424427594486998,0.9064735561071828,250,-0.004626917863072463,0.020000000000000004,,0.095,0.115,True,averted,False,control,0.0,0.0
E07,C2024,2024-03-12,intraday,pre,CACI,0.0023614597614929345,0.0023614597614929345,0.006485572150893182,0.582728897793394,250,-0.0014178705495565807,-0.010000000000000009,,0.115,0.105,True,averted,False,exposed,0.956,0.0926
E07,C2024,2024-03-12,intraday,pre,SAIC,0.010478304014574391,0.010478304014574613,0.006485572150893182,0.6683516135060361,250,0.00614366140301512,-0.010000000000000009,,0.115,0.105,True,averted,False,exposed,0.98,0.0479
E07,C2024,2024-03-12,intraday,pre,LDOS,0.001337831119865962,0.001337831119865962,0.006485572150893182,0.7714862408568882,250,-0.003665698558632742,-0.010000000000000009,,0.115,0.105,True,averted,False,exposed,0.87,0.0736
E07,C2024,2024-03-12,intraday,pre,BAH,0.005315139960268889,0.005315139960268889,0.006485572150893182,0.703957181444319,250,0.0007495748688723554,-0.010000000000000009,,0.115,0.105,True,averted,False,exposed,0.98,0.0144
E07,C2024,2024-03-12,intraday,pre,PSN,0.005079961277085321,0.005079961277085321,0.006485572150893182,0.5226518810161154,250,0.001690264792955266,-0.010000000000000009,,0.115,0.105,True,averted,False,exposed,0.51,0.0099
E07,C2024,2024-03-12,intraday,pre,ACN,0.014613362666666685,0.014613362666666685,0.006485572150893182,0.9096806172313726,250,0.008713563389343575,-0.010000000000000009,,0.115,0.105,True,averted,False,control,0.08,0.0656
E07,C2024,2024-03-12,intraday,pre,EPAM,0.008189265252854794,0.008189265252854794,0.006485572150893182,1.3662293921147222,250,-0.0006715140443761692,-0.010000000000000009,,0.115,0.105,True,averted,False,control,0.0,0.0
E07,C2024,2024-03-12,intraday,pre,CTSH,0.002470673682963165,0.002470673682963165,0.006485572150893182,0.9581638647745055,250,-0.003743567194410549,-0.010000000000000009,,0.115,0.105,True,averted,False,control,0.0,0.0
E07,C2024,2024-03-13,overnight,pre,CACI,-0.0015259606360719102,-0.0015259606360719102,0.0006384846187785786,0.3955948777367422,250,-0.0017785418807744124,0.015,,0.105,0.12,True,averted,False,exposed,0.956,0.0926
E07,C2024,2024-03-13,overnight,pre,SAIC,-0.0015519272611146384,-0.001551952644594512,0.0006384846187785786,0.26422931594364013,250,-0.0017206336151750381,0.015,,0.105,0.12,True,averted,False,exposed,0.98,0.0479
E07,C2024,2024-03-13,overnight,pre,LDOS,0.002986520011566185,0.002986675988081444,0.0006384846187785786,0.36673793307898583,250,0.0027523634821726047,0.015,,0.105,0.12,True,averted,False,exposed,0.87,0.0736
E07,C2024,2024-03-13,overnight,pre,BAH,0.0,2.9984430494067738e-09,0.0006384846187785786,0.21447265897467013,250,-0.00013693749390387036,0.015,,0.105,0.12,True,averted,False,exposed,0.98,0.0144
E07,C2024,2024-03-13,overnight,pre,PSN,-0.003821562863544181,-0.003821562863544181,0.0006384846187785786,0.4780378354892342,250,-0.0041267826686982615,0.015,,0.105,0.12,True,averted,False,exposed,0.51,0.0099
E07,C2024,2024-03-13,overnight,pre,ACN,-0.0025757226967699776,-0.002575810443879223,0.0006384846187785786,1.2101827387627841,250,-0.00334840576138135,0.015,,0.105,0.12,True,averted,False,control,0.08,0.0656
E07,C2024,2024-03-13,overnight,pre,EPAM,-0.003268534247980126,-0.003268534247980126,0.0006384846187785786,1.8076217335230769,250,-0.004422672921404481,0.015,,0.105,0.12,True,averted,False,control,0.0,0.0
E07,C2024,2024-03-13,overnight,pre,CTSH,0.0006486321490983826,0.0006486700688632663,0.0006384846187785786,0.9064735561071828,250,6.986272619442552e-05,0.015,,0.105,0.12,True,averted,False,control,0.0,0.0
E07,C2024,2024-03-13,intraday,pre,CACI,0.0027885184769542715,0.0027885184769542715,-0.0022045884476940003,0.582728897793394,250,0.0040731958731670456,0.0,,0.12,0.12,True,averted,False,exposed,0.956,0.0926
E07,C2024,2024-03-13,intraday,pre,SAIC,0.014201002509161453,0.014201002509161675,-0.0022045884476940003,0.6683516135060361,250,0.015674442755294504,0.0,,0.12,0.12,True,averted,False,exposed,0.98,0.0479
E07,C2024,2024-03-13,intraday,pre,LDOS,0.003526129058763816,0.003526129058763816,-0.0022045884476940003,0.7714862408568882,250,0.005226938712911783,0.0,,0.12,0.12,True,averted,False,exposed,0.87,0.0736
E07,C2024,2024-03-13,intraday,pre,BAH,0.00315851896385011,0.003158518963849888,-0.0022045884476940003,0.703957181444319,250,0.004710454833733484,0.0,,0.12,0.12,True,averted,False,exposed,0.98,0.0144
E07,C2024,2024-03-13,intraday,pre,PSN,0.02029451106940483,0.02029451106940483,-0.0022045884476940003,0.5226518810161154,250,0.021446743368458497,0.0,,0.12,0.12,True,averted,False,exposed,0.51,0.0099
E07,C2024,2024-03-13,intraday,pre,ACN,-0.002055332806324084,-0.002055332806323973,-0.0022045884476940003,0.9096806172313726,250,-4.986142648465185e-05,0.0,,0.12,0.12,True,averted,False,control,0.08,0.0656
E07,C2024,2024-03-13,intraday,pre,EPAM,-0.016266265584415462,-0.016266265584415462,-0.0022045884476940003,1.3662293921147222,250,-0.01325429204965935,0.0,,0.12,0.12,True,averted,False,control,0.0,0.0
E07,C2024,2024-03-13,intraday,pre,CTSH,-0.0015556488326282647,-0.0015556488326282647,-0.0022045884476940003,0.9581638647745055,250,0.0005567081546514465,0.0,,0.12,0.12,True,averted,False,control,0.0,0.0
E07,C2024,2024-03-14,overnight,pre,CACI,0.0014171470196744362,0.0014171470196744362,0.0019380972862497181,0.3955948777367422,250,0.0006504456606785672,-0.009999999999999995,,0.12,0.11,True,averted,False,exposed,0.956,0.0926
E07,C2024,2024-03-14,overnight,pre,SAIC,0.003413376450146499,0.0034134178954692285,0.0019380972862497181,0.26422931594364013,250,0.002901274329968511,-0.009999999999999995,,0.12,0.11,True,averted,False,exposed,0.98,0.0479
E07,C2024,2024-03-14,overnight,pre,LDOS,-0.004606885815333195,-0.0016448062839894417,0.0019380972862497181,0.36673793307898583,250,-0.005317659608198408,-0.009999999999999995,,0.12,0.11,True,averted,False,exposed,0.87,0.0736
E07,C2024,2024-03-14,overnight,pre,BAH,0.002806217541971856,0.0028060204971656066,0.0019380972862497181,0.21447265897467013,250,0.0023905486636382864,-0.009999999999999995,,0.12,0.11,True,averted,False,exposed,0.98,0.0144
E07,C2024,2024-03-14,overnight,pre,PSN,0.0018193029175122,0.0018193029175122,0.0019380972862497181,0.4780378354892342,250,0.000892819085825826,-0.009999999999999995,,0.12,0.11,True,averted,False,exposed,0.51,0.0099
E07,C2024,2024-03-14,overnight,pre,ACN,0.005967495228239805,0.005967553444988782,0.0019380972862497181,1.2101827387627841,250,0.0036220433463774017,-0.009999999999999995,,0.12,0.11,True,averted,False,control,0.08,0.0656
E07,C2024,2024-03-14,overnight,pre,EPAM,0.0027063844566570516,0.0027063844566570516,0.0019380972862497181,1.8076217335230769,250,-0.0007969623196500348,-0.009999999999999995,,0.12,0.11,True,averted,False,control,0.0,0.0
E07,C2024,2024-03-14,overnight,pre,CTSH,-0.0009088508576180487,-0.0009088589875734243,0.0019380972862497181,0.9064735561071828,250,-0.0026656847967665115,-0.009999999999999995,,0.12,0.11,True,averted,False,control,0.0,0.0
E07,C2024,2024-03-14,intraday,pre,CACI,-0.006595111803231468,-0.006595111803231468,-0.003907303353161695,0.582728897793394,250,-0.004318213226899121,-0.0050000000000000044,,0.11,0.105,True,averted,False,exposed,0.956,0.0926
E07,C2024,2024-03-14,intraday,pre,SAIC,-0.005970568175526103,-0.005970568175526103,-0.003907303353161695,0.6683516135060361,250,-0.0033591156749829387,-0.0050000000000000044,,0.11,0.105,True,averted,False,exposed,0.98,0.0479
E07,C2024,2024-03-14,intraday,pre,LDOS,0.0024317343248516643,0.0024317343248516643,-0.003907303353161695,0.7714862408568882,250,0.005446165100669895,-0.0050000000000000044,,0.11,0.105,True,averted,False,exposed,0.87,0.0736
E07,C2024,2024-03-14,intraday,pre,BAH,-0.009146108458832791,-0.009146108458832791,-0.003907303353161695,0.703957181444319,250,-0.0063955342032931475,-0.0050000000000000044,,0.11,0.105,True,averted,False,exposed,0.98,0.0144
E07,C2024,2024-03-14,intraday,pre,PSN,-0.014527808259413466,-0.014527808259413466,-0.003907303353161695,0.5226518810161154,250,-0.01248564881218293,-0.0050000000000000044,,0.11,0.105,True,averted,False,exposed,0.51,0.0099
E07,C2024,2024-03-14,intraday,pre,ACN,-0.007270773846452472,-0.007270773846452583,-0.003907303353161695,0.9096806172313726,250,-0.003716375720438129,-0.0050000000000000044,,0.11,0.105,True,averted,False,control,0.08,0.0656
E07,C2024,2024-03-14,intraday,pre,EPAM,-0.0051677278970491125,-0.0051677278970491125,-0.003907303353161695,1.3662293921147222,250,0.00017054478794880593,-0.0050000000000000044,,0.11,0.105,True,averted,False,control,0.0,0.0
E07,C2024,2024-03-14,intraday,pre,CTSH,-0.007797251511132086,-0.007797251511132197,-0.003907303353161695,0.9581638647745055,250,-0.004053414629420292,-0.0050000000000000044,,0.11,0.105,True,averted,False,control,0.0,0.0
E07,C2024,2024-03-15,overnight,pre,CACI,-0.010025482118830475,-0.010025482118830475,-0.009204817142831723,0.3955948777367422,250,-0.006384103606622891,-0.009999999999999995,,0.105,0.095,True,averted,False,exposed,0.956,0.0926
E07,C2024,2024-03-15,overnight,pre,SAIC,-0.0034221981071522745,-0.0034223434338305214,-0.009204817142831723,0.26422931594364013,250,-0.0009900155701155562,-0.009999999999999995,,0.105,0.095,True,averted,False,exposed,0.98,0.0479
E07,C2024,2024-03-15,overnight,pre,LDOS,-0.010251173728569873,-0.010251305963589474,-0.009204817142831723,0.36673793307898583,250,-0.006875418115237751,-0.009999999999999995,,0.105,0.095,True,averted,False,exposed,0.87,0.0736
E07,C2024,2024-03-15,overnight,pre,BAH,-0.006612878087092211,-0.006612780063248169,-0.009204817142831723,0.21447265897467013,250,-0.004638696479093466,-0.009999999999999995,,0.105,0.095,True,averted,False,exposed,0.98,0.0144
E07,C2024,2024-03-15,overnight,pre,PSN,-0.003562664797900683,-0.003562664797900683,-0.009204817142831723,0.4780378354892342,250,0.0008375860651327902,-0.009999999999999995,,0.105,0.095,True,averted,False,exposed,0.51,0.0099
E07,C2024,2024-03-15,overnight,pre,ACN,-0.024906753421928052,-0.02490676050460494,-0.009204817142831723,1.2101827387627841,250,-0.013767242602205331,-0.009999999999999995,,0.105,0.095,True,averted,False,control,0.08,0.0656
E07,C2024,2024-03-15,overnight,pre,EPAM,-0.012274985178318154,-0.012274985178318154,-0.009204817142831723,1.8076217335230769,250,0.004363842342170261,-0.009999999999999995,,0.105,0.095,True,averted,False,control,0.0,0.0
E07,C2024,2024-03-15,overnight,pre,CTSH,-0.0013097376817799988,-0.0013098702917329064,-0.009204817142831723,0.9064735561071828,250,0.007034185646999031,-0.009999999999999995,,0.105,0.095,True,averted,False,control,0.0,0.0
E07,C2024,2024-03-15,intraday,pre,CACI,0.011837492706305186,0.011837492706305186,-0.0007448009767171415,0.582728897793394,250,0.01227150975854301,0.0,,0.095,0.095,True,averted,False,exposed,0.956,0.0926
E07,C2024,2024-03-15,intraday,pre,SAIC,-0.00035043099838094616,-0.00035043099838094616,-0.0007448009767171415,0.6683516135060361,250,0.00014735793614882706,0.0,,0.095,0.095,True,averted,False,exposed,0.98,0.0479
E07,C2024,2024-03-15,intraday,pre,LDOS,0.011385157821714564,0.011385157821714564,-0.0007448009767171415,0.7714862408568882,250,0.01195976152742861,0.0,,0.095,0.095,True,averted,False,exposed,0.87,0.0736
E07,C2024,2024-03-15,intraday,pre,BAH,0.00402181938183066,0.004021819381830438,-0.0007448009767171415,0.703957181444319,250,0.004546127378137435,0.0,,0.095,0.095,True,averted,False,exposed,0.98,0.0144
E07,C2024,2024-03-15,intraday,pre,PSN,0.0056712991806251445,0.0056712991806251445,-0.0007448009767171415,0.5226518810161154,250,0.006060570812088999,0.0,,0.095,0.095,True,averted,False,exposed,0.51,0.0099
E07,C2024,2024-03-15,intraday,pre,ACN,0.015754216399818777,0.015754216399818555,-0.0007448009767171415,0.9096806172313726,250,0.016431747412033355,0.0,,0.095,0.095,True,averted,False,control,0.08,0.0656
E07,C2024,2024-03-15,intraday,pre,EPAM,0.0012059618847255482,0.0012059618847255482,-0.0007448009767171415,1.3662293921147222,250,0.0022235308703922596,0.0,,0.095,0.095,True,averted,False,control,0.0,0.0
E07,C2024,2024-03-15,intraday,pre,CTSH,-0.01206554977049179,-0.01206554977049179,-0.0007448009767171415,0.9581638647745055,250,-0.011351908388152667,0.0,,0.095,0.095,True,averted,False,control,0.0,0.0
E07,C2024,2024-03-18,overnight,pre,CACI,-0.004185890390031699,-0.004185890390031699,0.008179223485478726,0.3955948777367422,250,-0.007421549304751146,0.04999999999999999,,0.095,0.145,True,averted,False,exposed,0.956,0.0926
E07,C2024,2024-03-18,overnight,pre,SAIC,-0.16895680455253848,-0.16895673391323118,0.008179223485478726,0.26422931594364013,250,-0.17111799517905668,0.04999999999999999,,0.095,0.145,True,averted,False,exposed,0.98,0.0479
E07,C2024,2024-03-18,overnight,pre,LDOS,-0.005472146731159033,-0.00547196782839332,0.008179223485478726,0.36673793307898583,250,-0.0084717782464146,0.04999999999999999,,0.095,0.145,True,averted,False,exposed,0.87,0.0736
E07,C2024,2024-03-18,overnight,pre,BAH,0.0,9.718721605267433e-08,0.008179223485478726,0.21447265897467013,250,-0.0017542198092786916,0.04999999999999999,,0.095,0.145,True,averted,False,exposed,0.98,0.0144
E07,C2024,2024-03-18,overnight,pre,PSN,0.0017163098017904943,0.0017163098017904943,0.008179223485478726,0.4780378354892342,250,-0.0021936684891904652,0.04999999999999999,,0.095,0.145,True,averted,False,exposed,0.51,0.0099
E07,C2024,2024-03-18,overnight,pre,ACN,0.011105188553812928,0.011105265362145289,0.008179223485478726,1.2101827387627841,250,0.0012068334752033984,0.04999999999999999,,0.095,0.145,True,averted,False,control,0.08,0.0656
E07,C2024,2024-03-18,overnight,pre,EPAM,0.0009701832976525271,0.0009701832976525271,0.008179223485478726,1.8076217335230769,250,-0.01381475883804119,0.04999999999999999,,0.095,0.145,True,averted,False,control,0.0,0.0
E07,C2024,2024-03-18,overnight,pre,CTSH,0.007168470820147377,0.007168340127810646,0.008179223485478726,0.9064735561071828,250,-0.00024577897892991054,0.04999999999999999,,0.095,0.145,True,averted,False,control,0.0,0.0
E07,C2024,2024-03-18,intraday,pre,CACI,-0.007814167757839496,-0.007814167757839496,-0.0022179272373540337,0.582728897793394,250,-0.006521717463430233,0.165,,0.145,0.31,True,averted,False,exposed,0.956,0.0926
E07,C2024,2024-03-18,intraday,pre,SAIC,0.08317861418204187,0.08317861418204187,-0.0022179272373540337,0.6683516135060361,250,0.08466096942976642,0.165,,0.145,0.31,True,averted,False,exposed,0.98,0.0479
E07,C2024,2024-03-18,intraday,pre,LDOS,-0.006838568556781333,-0.006838568556781333,-0.0022179272373540337,0.7714862408568882,250,-0.005127468209940966,0.165,,0.145,0.31,True,averted,False,exposed,0.87,0.0736
E07,C2024,2024-03-18,intraday,pre,BAH,-0.002071882131926328,-0.002071882131926217,-0.0022179272373540337,0.703957181444319,250,-0.0005105563252699975,0.165,,0.145,0.31,True,averted,False,exposed,0.98,0.0144
E07,C2024,2024-03-18,intraday,pre,PSN,-0.007465434057865594,-0.007465434057865594,-0.0022179272373540337,0.5226518810161154,250,-0.006306230215305632,0.165,,0.145,0.31,True,averted,False,exposed,0.51,0.0099
E07,C2024,2024-03-18,intraday,pre,ACN,-0.016078773477737784,-0.016078773477737895,-0.0022179272373540337,0.9096806172313726,250,-0.014061168059487294,0.165,,0.145,0.31,True,averted,False,control,0.08,0.0656
E07,C2024,2024-03-18,intraday,pre,EPAM,-0.021659137168633324,-0.021659137168633324,-0.0022179272373540337,1.3662293921147222,250,-0.018628939787388436,0.165,,0.145,0.31,True,averted,False,control,0.0,0.0
E07,C2024,2024-03-18,intraday,pre,CTSH,-0.010280827490809608,-0.010280827490809497,-0.0022179272373540337,0.9581638647745055,250,-0.008155689757277824,0.165,,0.145,0.31,True,averted,False,control,0.0,0.0
E07,C2024,2024-03-19,overnight,pre,CACI,0.0033404241920360622,0.0033404241920360622,-0.001384317396971979,0.3955948777367422,250,0.0038880530634400373,,,0.31,,True,averted,False,exposed,0.956,0.0926
E07,C2024,2024-03-19,overnight,pre,SAIC,0.0022586332848728574,0.00225859994514388,-0.001384317396971979,0.26422931594364013,250,0.002624410523723644,,,0.31,,True,averted,False,exposed,0.98,0.0479
E07,C2024,2024-03-19,overnight,pre,LDOS,0.0006331761056570517,0.0006331022088641447,-0.001384317396971979,0.36673793307898583,250,0.0011408578065478373,,,0.31,,True,averted,False,exposed,0.87,0.0736
E07,C2024,2024-03-19,overnight,pre,BAH,0.0020761837399196903,0.002075978939758638,-0.001384317396971979,0.21447265897467013,250,0.0023730819729131645,,,0.31,,True,averted,False,exposed,0.98,0.0144
E07,C2024,2024-03-19,overnight,pre,PSN,0.0001233309517718606,0.0001233309517718606,-0.001384317396971979,0.4780378354892342,250,0.0007850870438504364,,,0.31,,True,averted,False,exposed,0.51,0.0099
E07,C2024,2024-03-19,overnight,pre,ACN,0.0022002757681496288,0.0022002000528671406,-0.001384317396971979,1.2101827387627841,250,0.0038755527869341467,,,0.31,,True,averted,False,control,0.08,0.0656
E07,C2024,2024-03-19,overnight,pre,EPAM,0.003313977313185834,0.003313977313185834,-0.001384317396971979,1.8076217335230769,250,0.005816299526046476,,,0.31,,True,averted,False,control,0.0,0.0
E07,C2024,2024-03-19,overnight,pre,CTSH,-0.0034624387091826136,-0.003462116874823895,-0.001384317396971979,0.9064735561071828,250,-0.002207591595568385,,,0.31,,True,averted,False,control,0.0,0.0
E07,C2024,2024-03-19,intraday,pre,CACI,0.0023818496980414494,0.0023818496980414494,0.006951083530984059,0.582728897793394,250,-0.0016687475464387041,,,,0.16,True,averted,False,exposed,0.956,0.0926
E07,C2024,2024-03-19,intraday,pre,SAIC,-0.015308113787089295,-0.015308113787089295,0.006951083530984059,0.6683516135060361,250,-0.019953881680637726,,,,0.16,True,averted,False,exposed,0.98,0.0479
E07,C2024,2024-03-19,intraday,pre,LDOS,0.011468773206986915,0.011468773206986915,0.006951083530984059,0.7714862408568882,250,0.006106107903785798,,,,0.16,True,averted,False,exposed,0.87,0.0736
E07,C2024,2024-03-19,intraday,pre,BAH,0.009531079244825325,0.009531079244825102,0.006951083530984059,0.703957181444319,250,0.004637814074369762,,,,0.16,True,averted,False,exposed,0.98,0.0144
E07,C2024,2024-03-19,intraday,pre,PSN,0.00036985303630121535,0.00036985303630121535,0.006951083530984059,0.5226518810161154,250,-0.0032631438462677443,,,,0.16,True,averted,False,exposed,0.51,0.0099
E07,C2024,2024-03-19,intraday,pre,ACN,0.012289476345917816,0.012289476345917816,0.006951083530984059,0.9096806172313726,250,0.005966210389025408,,,,0.16,True,averted,False,control,0.08,0.0656
E07,C2024,2024-03-19,intraday,pre,EPAM,0.006571977430229303,0.006571977430229303,0.006951083530984059,1.3662293921147222,250,-0.0029247971968457045,,,,0.16,True,averted,False,control,0.0,0.0
E07,C2024,2024-03-19,intraday,pre,CTSH,-0.0024054563089405123,-0.0024054563089405123,0.006951083530984059,0.9581638647745055,250,-0.009065733369358616,,,,0.16,True,averted,False,control,0.0,0.0
E07,C2024,2024-03-20,overnight,pre,CACI,0.0010261251147627437,0.0010261251147627437,0.00011633960450740943,0.3955948777367422,250,0.000980101763141694,0.014999999999999986,,0.16,0.175,True,averted,False,exposed,0.956,0.0926
E07,C2024,2024-03-20,overnight,pre,SAIC,0.005208302507497153,0.005208266985666343,0.00011633960450740943,0.26422931594364013,250,0.005177562173381007,0.014999999999999986,,0.16,0.175,True,averted,False,exposed,0.98,0.0479
E07,C2024,2024-03-20,overnight,pre,LDOS,0.00031280028811830896,0.00031280028811830896,0.00011633960450740943,0.36673793307898583,250,0.000270134142026035,0.014999999999999986,,0.16,0.175,True,averted,False,exposed,0.87,0.0736
E07,C2024,2024-03-20,overnight,pre,BAH,0.0004789443857295961,0.00047903306363905607,0.00011633960450740943,0.21447265897467013,250,0.00045399272140683044,0.014999999999999986,,0.16,0.175,True,averted,False,exposed,0.98,0.0144
E07,C2024,2024-03-20,overnight,pre,PSN,-0.0002464461443225652,-0.0002464461443225652,0.00011633960450740943,0.4780378354892342,250,-0.0003020608770429607,0.014999999999999986,,0.16,0.175,True,averted,False,exposed,0.51,0.0099
E07,C2024,2024-03-20,overnight,pre,ACN,-0.00013221487984471647,-0.00013218085604527197,0.00011633960450740943,1.2101827387627841,250,-0.00027300706105407236,0.014999999999999986,,0.16,0.175,True,averted,False,control,0.08,0.0656
E07,C2024,2024-03-20,overnight,pre,EPAM,-0.001319399837454771,-0.001319399837454771,0.00011633960450740943,1.8076217335230769,250,-0.0015296978350318436,0.014999999999999986,,0.16,0.175,True,averted,False,control,0.0,0.0
E07,C2024,2024-03-20,overnight,pre,CTSH,-0.002411256615013735,-0.002411199342125414,0.00011633960450740943,0.9064735561071828,250,-0.0025167153900276695,0.014999999999999986,,0.16,0.175,True,averted,False,control,0.0,0.0
E07,C2024,2024-03-20,intraday,pre,CACI,-0.005421972285848176,-0.005421972285848176,0.00913190147144638,0.582728897793394,250,-0.010743395165061998,0.12,,0.175,0.295,True,averted,False,exposed,0.956,0.0926
E07,C2024,2024-03-20,intraday,pre,SAIC,-0.002983178741204129,-0.002983178741204129,0.00913190147144638,0.6683516135060361,250,-0.009086499824023462,0.12,,0.175,0.295,True,averted,False,exposed,0.98,0.0479
E07,C2024,2024-03-20,intraday,pre,LDOS,-0.0003127024746940599,-0.0003127024746940599,0.00913190147144638,0.7714862408568882,250,-0.007357838812775713,0.12,,0.175,0.295,True,averted,False,exposed,0.87,0.0736
E07,C2024,2024-03-20,intraday,pre,BAH,0.004034438442358956,0.004034438442358956,0.00913190147144638,0.703957181444319,250,-0.0023940291787076665,0.12,,0.175,0.295,True,averted,False,exposed,0.98,0.0144
E07,C2024,2024-03-20,intraday,pre,PSN,0.007149829639274685,0.007149829639274685,0.00913190147144638,0.5226518810161154,250,0.0023770241579694033,0.12,,0.175,0.295,True,averted,False,exposed,0.51,0.0099
E07,C2024,2024-03-20,intraday,pre,ACN,0.006375164954236956,0.006375164954237178,0.00913190147144638,0.9096806172313726,250,-0.0019319488128044671,0.12,,0.175,0.295,True,averted,False,control,0.08,0.0656
E07,C2024,2024-03-20,intraday,pre,EPAM,-0.009010547666371882,-0.009010547666371882,0.00913190147144638,1.3662293921147222,250,-0.021486819862557606,0.12,,0.175,0.295,True,averted,False,control,0.0,0.0
E07,C2024,2024-03-20,intraday,pre,CTSH,0.009131197782461964,0.009131197782461742,0.00913190147144638,0.9581638647745055,250,0.0003813397758409068,0.12,,0.175,0.295,True,averted,False,control,0.0,0.0
E07,C2024,2024-03-21,overnight,pre,CACI,0.0028478105919629293,0.0028478105919629293,0.0055910586555210084,0.3955948777367422,250,0.0006360164267131419,-0.07999999999999999,,0.295,0.215,True,averted,False,exposed,0.956,0.0926
E07,C2024,2024-03-21,overnight,pre,SAIC,0.0,5.302857775113523e-08,0.0055910586555210084,0.26422931594364013,250,-0.0014773216039490843,-0.07999999999999999,,0.295,0.215,True,averted,False,exposed,0.98,0.0479
E07,C2024,2024-03-21,overnight,pre,LDOS,0.0017985869944963095,0.0017984744201218206,0.0055910586555210084,0.36673793307898583,250,-0.0002518663005528386,-0.07999999999999999,,0.295,0.215,True,averted,False,exposed,0.87,0.0736
E07,C2024,2024-03-21,overnight,pre,BAH,0.0028604385673991484,0.0028603253150811803,0.0055910586555210084,0.21447265897467013,250,0.0016613093510662133,-0.07999999999999999,,0.295,0.215,True,averted,False,exposed,0.98,0.0144
E07,C2024,2024-03-21,overnight,pre,PSN,0.006242376365229507,0.006242376365229507,0.0055910586555210084,0.4780378354892342,250,0.0035696387874508966,-0.07999999999999999,,0.295,0.215,True,averted,False,exposed,0.51,0.0099
E07,C2024,2024-03-21,overnight,pre,ACN,-0.04323943879777459,-0.043239498073355476,0.0055910586555210084,1.2101827387627841,250,-0.05000564147409637,-0.07999999999999999,,0.295,0.215,True,averted,False,control,0.08,0.0656
E07,C2024,2024-03-21,overnight,pre,EPAM,-0.01914194439764727,-0.01914194439764727,0.0055910586555210084,1.8076217335230769,250,-0.02924846353676936,-0.07999999999999999,,0.295,0.215,True,averted,False,control,0.0,0.0
E07,C2024,2024-03-21,overnight,pre,CTSH,-0.022222197418496847,-0.02222233942332774,0.0055910586555210084,0.9064735561071828,250,-0.02729034424037082,-0.07999999999999999,,0.295,0.215,True,averted,False,control,0.0,0.0
E07,C2024,2024-03-21,intraday,pre,CACI,0.007653783908045941,0.007653783908045941,-0.0022736436821583217,0.582728897793394,250,0.008978701784924974,-0.03,,0.215,0.185,True,averted,False,exposed,0.956,0.0926
E07,C2024,2024-03-21,intraday,pre,SAIC,0.0062204795275591085,0.0062204795275588864,-0.0022736436821583217,0.6683516135060361,250,0.007740072951067428,-0.03,,0.215,0.185,True,averted,False,exposed,0.98,0.0479
E07,C2024,2024-03-21,intraday,pre,LDOS,0.008117971236665467,0.008117971236665467,-0.0022736436821583217,0.7714862408568882,250,0.009872056054061804,-0.03,,0.215,0.185,True,averted,False,exposed,0.87,0.0736
E07,C2024,2024-03-21,intraday,pre,BAH,0.00679117147707986,0.00679117147707986,-0.0022736436821583217,0.703957181444319,250,0.008391719275180716,-0.03,,0.215,0.185,True,averted,False,exposed,0.98,0.0144
E07,C2024,2024-03-21,intraday,pre,PSN,0.0128937790033119,0.0128937790033119,-0.0022736436821583217,0.5226518810161154,250,0.014082103150552354,-0.03,,0.215,0.185,True,averted,False,exposed,0.51,0.0099
E07,C2024,2024-03-21,intraday,pre,ACN,-0.05208932088924245,-0.05208932088924245,-0.0022736436821583217,0.9096806172313726,250,-0.05002103130109246,-0.03,,0.215,0.185,True,averted,False,control,0.08,0.0656
E07,C2024,2024-03-21,intraday,pre,EPAM,-0.011291237366255147,-0.011291237366255147,-0.0022736436821583217,1.3662293921147222,250,-0.008184918540494504,-0.03,,0.215,0.185,True,averted,False,control,0.0,0.0
E07,C2024,2024-03-21,intraday,pre,CTSH,-0.012248251073024963,-0.012248251073024963,-0.0022736436821583217,0.9581638647745055,250,-0.010069727855408007,-0.03,,0.215,0.185,True,averted,False,control,0.0,0.0
E07,C2024,2024-03-22,overnight,pre,CACI,0.004562811372434528,0.004562811372434528,-0.00017239907678412436,0.3955948777367422,250,0.004631011564136871,0.07,,0.185,0.255,True,averted,False,exposed,0.956,0.0926
E07,C2024,2024-03-22,overnight,pre,SAIC,0.0027388566987638363,0.002738850488517519,-0.00017239907678412436,0.26422931594364013,250,0.0027844095888918206,0.07,,0.185,0.255,True,averted,False,exposed,0.98,0.0479
E07,C2024,2024-03-22,overnight,pre,LDOS,0.0027100744601737947,0.0027103148150071643,-0.00017239907678412436,0.36673793307898583,250,0.00277329974125833,0.07,,0.185,0.255,True,averted,False,exposed,0.87,0.0736
E07,C2024,2024-03-22,overnight,pre,BAH,0.0036424505902190596,0.0036427452668379434,-0.00017239907678412436,0.21447265897467013,250,0.003679425478621729,0.07,,0.185,0.255,True,averted,False,exposed,0.98,0.0144
E07,C2024,2024-03-22,overnight,pre,PSN,0.001080869144130192,0.001080869144130192,-0.00017239907678412436,0.4780378354892342,250,0.0011632824256364172,0.07,,0.185,0.255,True,averted,False,exposed,0.51,0.0099
E07,C2024,2024-03-22,overnight,pre,ACN,0.01536094779709929,0.015360908616443236,-0.00017239907678412436,1.2101827387627841,250,0.015569582184002076,0.07,,0.185,0.255,True,averted,False,control,0.08,0.0656
E07,C2024,2024-03-22,overnight,pre,EPAM,-0.008600340393722039,-0.008600340393722039,-0.00017239907678412436,1.8076217335230769,250,-0.008288708075687741,0.07,,0.185,0.255,True,averted,False,control,0.0,0.0
E07,C2024,2024-03-22,overnight,pre,CTSH,0.00041332018798057035,0.00041341067168043644,-0.00017239907678412436,0.9064735561071828,250,0.0005695953921826709,0.07,,0.185,0.255,True,averted,False,control,0.0,0.0
E07,C2024,2024-03-22,intraday,pre,CACI,-0.010900894018064156,-0.010900894018064156,-0.0017237046315261573,0.582728897793394,250,-0.00989644151801355,-0.11000000000000001,,0.255,0.145,True,averted,False,exposed,0.956,0.0926
E07,C2024,2024-03-22,intraday,pre,SAIC,-0.012720440983551295,-0.012720440983551295,-0.0017237046315261573,0.6683516135060361,250,-0.01156840021186296,-0.11000000000000001,,0.255,0.145,True,averted,False,exposed,0.98,0.0479
E07,C2024,2024-03-22,intraday,pre,LDOS,-0.002779927413127492,-0.002779927413127492,-0.0017237046315261573,0.7714862408568882,250,-0.0014501130066037692,-0.11000000000000001,,0.255,0.145,True,averted,False,exposed,0.87,0.0736
E07,C2024,2024-03-22,intraday,pre,BAH,-0.00793059179471034,-0.007930591794710229,-0.0017237046315261573,0.703957181444319,250,-0.006717177540658668,-0.11000000000000001,,0.255,0.145,True,averted,False,exposed,0.98,0.0144
E07,C2024,2024-03-22,intraday,pre,PSN,-0.012596005785945774,-0.012596005785945774,-0.0017237046315261573,0.5226518810161154,250,-0.011695108317962439,-0.11000000000000001,,0.255,0.145,True,averted,False,exposed,0.51,0.0099
E07,C2024,2024-03-22,intraday,pre,ACN,-0.03662257611606912,-0.03662257611606923,-0.0017237046315261573,0.9096806172313726,250,-0.035054555422937825,-0.11000000000000001,,0.255,0.145,True,averted,False,control,0.08,0.0656
E07,C2024,2024-03-22,intraday,pre,EPAM,-0.03715284996153645,-0.03715284996153645,-0.0017237046315261573,1.3662293921147222,250,-0.03479787403062114,-0.11000000000000001,,0.255,0.145,True,averted,False,control,0.0,0.0
E07,C2024,2024-03-22,intraday,pre,CTSH,-0.009778254703694644,-0.009778254703694644,-0.0017237046315261573,0.9581638647745055,250,-0.008126663212221826,-0.11000000000000001,,0.255,0.145,True,averted,False,control,0.0,0.0
E07,C2024,2024-03-25,overnight,resolution,CACI,0.0036466114411435324,0.0036466114411435324,-0.0027053090702080507,0.3955948777367422,250,0.004716817852012585,,,0.145,,True,averted,False,exposed,0.956,0.0926
E07,C2024,2024-03-25,overnight,resolution,SAIC,0.0020551299951325763,0.0020552174250867417,-0.0027053090702080507,0.26422931594364013,250,0.0027699519601697745,,,0.145,,True,averted,False,exposed,0.98,0.0479
E07,C2024,2024-03-25,overnight,resolution,LDOS,0.0005421039207471612,0.000542050586064935,-0.0027053090702080507,0.36673793307898583,250,0.0015342433774950947,,,0.145,,True,averted,False,exposed,0.87,0.0736
E07,C2024,2024-03-25,overnight,resolution,BAH,0.001558130879107944,0.001557979392706299,-0.0027053090702080507,0.21447265897467013,250,0.002138345708743757,,,0.145,,True,averted,False,exposed,0.98,0.0144
E07,C2024,2024-03-25,overnight,resolution,PSN,0.0013364185792839045,0.0013364185792839045,-0.0027053090702080507,0.4780378354892342,250,0.0026296586715355537,,,0.145,,True,averted,False,exposed,0.51,0.0099
E07,C2024,2024-03-25,overnight,resolution,ACN,-0.004414785777777874,-0.004414704458605034,-0.0027053090702080507,1.2101827387627841,250,-0.0011408674379936945,,,0.145,,True,averted,False,control,0.08,0.0656
E07,C2024,2024-03-25,overnight,resolution,EPAM,-0.0028063277435707024,-0.0028063277435707024,-0.0027053090702080507,1.8076217335230769,250,0.0020838477276344776,,,0.145,,True,averted,False,control,0.0,0.0
E07,C2024,2024-03-25,overnight,resolution,CTSH,0.0013907992749941922,0.0013907995140338691,-0.0027053090702080507,0.9064735561071828,250,0.0038430904082347003,,,0.145,,True,averted,False,control,0.0,0.0
E09,E09,2025-03-05,overnight,pre,CACI,-0.005948602530832847,-0.005948602530832847,-0.000294669424647509,0.6731105666315421,250,-0.005750257427439372,-0.125,-0.030000000000000027,0.495,0.37,True,averted,False,exposed,0.956,0.0926
E09,E09,2025-03-05,overnight,pre,SAIC,-0.001187717523757903,-0.0011876775275335705,-0.000294669424647509,0.38904426302751294,250,-0.0010730780746091716,-0.125,-0.030000000000000027,0.495,0.37,True,averted,False,exposed,0.98,0.0479
E09,E09,2025-03-05,overnight,pre,LDOS,-0.0027983292742551624,-0.002798281474109654,-0.000294669424647509,0.35181110732753457,250,-0.002694661297674355,-0.125,-0.030000000000000027,0.495,0.37,True,averted,False,exposed,0.87,0.0736
E09,E09,2025-03-05,overnight,pre,BAH,0.001985056226613713,0.0019850264320695477,-0.000294669424647509,0.6161601488354981,250,0.0021666197831617926,-0.125,-0.030000000000000027,0.495,0.37,True,averted,False,exposed,0.98,0.0144
E09,E09,2025-03-05,overnight,pre,PSN,0.00556431089111542,0.00556431089111542,-0.000294669424647509,1.001210294692122,250,0.005859336952603511,-0.125,-0.030000000000000027,0.495,0.37,True,averted,False,exposed,0.51,0.0099
E09,E09,2025-03-05,overnight,pre,ACN,-0.001619519931584823,-0.0016194332719837723,-0.000294669424647509,0.9643799577288462,250,-0.0013353466442992748,-0.125,-0.030000000000000027,0.495,0.37,True,averted,False,control,0.08,0.0656
E09,E09,2025-03-05,overnight,pre,EPAM,0.0009595596448541688,0.0009595596448541688,-0.000294669424647509,1.2566474030801684,250,0.0013298552121045882,-0.125,-0.030000000000000027,0.495,0.37,True,averted,False,control,0.0,0.0
E09,E09,2025-03-05,overnight,pre,CTSH,-0.0028659883703513467,-0.002865972231682612,-0.000294669424647509,0.6127639206609995,250,-0.002685425578405418,-0.125,-0.030000000000000027,0.495,0.37,True,averted,False,control,0.0,0.0
E09,E09,2025-03-05,intraday,pre,CACI,0.03405329204287555,0.03405329204287555,0.011045787465518764,0.7651558254285202,250,0.025601543417188538,-0.05499999999999999,-0.1349999999999999,0.37,0.315,True,averted,False,exposed,0.956,0.0926
E09,E09,2025-03-05,intraday,pre,SAIC,0.017044827439640642,0.017044827439640642,0.011045787465518764,0.7599467278564024,250,0.008650617398622393,-0.05499999999999999,-0.1349999999999999,0.37,0.315,True,averted,False,exposed,0.98,0.0479
E09,E09,2025-03-05,intraday,pre,LDOS,0.014106943602181676,0.014106943602181676,0.011045787465518764,0.7109831803025412,250,0.0062535745010012,-0.05499999999999999,-0.1349999999999999,0.37,0.315,True,averted,False,exposed,0.87,0.0736
E09,E09,2025-03-05,intraday,pre,BAH,0.03716983396226414,0.03716983396226414,0.011045787465518764,0.8387936941684481,250,0.027904697089062118,-0.05499999999999999,-0.1349999999999999,0.37,0.315,True,averted,False,exposed,0.98,0.0144
E09,E09,2025-03-05,intraday,pre,PSN,0.009510621175783607,0.009510621175783607,0.011045787465518764,0.9433590872173696,250,-0.0009095228052852372,-0.05499999999999999,-0.1349999999999999,0.37,0.315,True,averted,False,exposed,0.51,0.0099
E09,E09,2025-03-05,intraday,pre,ACN,0.008806003677170438,0.008806003677170438,0.011045787465518764,0.6439744070162482,250,0.0016927992440354846,-0.05499999999999999,-0.1349999999999999,0.37,0.315,True,averted,False,control,0.08,0.0656
E09,E09,2025-03-05,intraday,pre,EPAM,0.009838531939956763,0.009838531939956763,0.011045787465518764,0.6359112147772107,250,0.0028143918145878384,-0.05499999999999999,-0.1349999999999999,0.37,0.315,True,averted,False,control,0.0,0.0
E09,E09,2025-03-05,intraday,pre,CTSH,0.00946108886227548,0.00946108886227548,0.011045787465518764,0.7271421421875343,250,0.0014292313024499518,-0.05499999999999999,-0.1349999999999999,0.37,0.315,True,averted,False,control,0.0,0.0
E09,E09,2025-03-06,overnight,pre,CACI,-0.007716228505551648,-0.007716228505551648,-0.01300040670119873,0.6731105666315421,250,0.001034482615532727,-0.1450000000000001,-0.09000000000000008,0.315,0.1699999999999999,True,averted,False,exposed,0.956,0.0926
E09,E09,2025-03-06,overnight,pre,SAIC,-0.011692458653119298,-0.011692461268572929,-0.01300040670119873,0.38904426302751294,250,-0.006634725008993497,-0.1450000000000001,-0.09000000000000008,0.315,0.1699999999999999,True,averted,False,exposed,0.98,0.0479
E09,E09,2025-03-06,overnight,pre,LDOS,-0.011517526159842695,-0.011517426937534436,-0.01300040670119873,0.35181110732753457,250,-0.0069438386825856685,-0.1450000000000001,-0.09000000000000008,0.315,0.1699999999999999,True,averted,False,exposed,0.87,0.0736
E09,E09,2025-03-06,overnight,pre,BAH,-0.008550139889754949,-0.008550200087827475,-0.01300040670119873,0.6161601488354981,250,-0.0005398073618223323,-0.1450000000000001,-0.09000000000000008,0.315,0.1699999999999999,True,averted,False,exposed,0.98,0.0144
E09,E09,2025-03-06,overnight,pre,PSN,-0.01181915771417441,-0.01181915771417441,-0.01300040670119873,1.001210294692122,250,0.0011969833102502062,-0.1450000000000001,-0.09000000000000008,0.315,0.1699999999999999,True,averted,False,exposed,0.51,0.0099
E09,E09,2025-03-06,overnight,pre,ACN,-0.010739162392339519,-0.010739185412097174,-0.01300040670119873,0.9643799577288462,250,0.0017981692726203227,-0.1450000000000001,-0.09000000000000008,0.315,0.1699999999999999,True,averted,False,control,0.08,0.0656
E09,E09,2025-03-06,overnight,pre,EPAM,-0.011941041583014456,-0.011941041583014456,-0.01300040670119873,1.2566474030801684,250,0.004395885737032947,-0.1450000000000001,-0.09000000000000008,0.315,0.1699999999999999,True,averted,False,control,0.0,0.0
E09,E09,2025-03-06,overnight,pre,CTSH,-0.0029659508514808808,-0.0029659891384065107,-0.01300040670119873,0.6127639206609995,250,0.005000229328933185,-0.1450000000000001,-0.09000000000000008,0.315,0.1699999999999999,True,averted,False,control,0.0,0.0
E09,E09,2025-03-06,intraday,pre,CACI,-0.003082777730707087,-0.003082777730707087,-0.004813301233508427,0.7651558254285202,250,0.0006001477476541678,0.055000000000000104,-0.014999999999999958,0.1699999999999999,0.225,True,averted,False,exposed,0.956,0.0926
E09,E09,2025-03-06,intraday,pre,SAIC,0.007197115230610951,0.007197115230610951,-0.004813301233508427,0.7599467278564024,250,0.010854967753202865,0.055000000000000104,-0.014999999999999958,0.1699999999999999,0.225,True,averted,False,exposed,0.98,0.0479
E09,E09,2025-03-06,intraday,pre,LDOS,0.006733747538176127,0.006733747538176127,-0.004813301233508427,0.7109831803025412,250,0.010155923756930092,0.055000000000000104,-0.014999999999999958,0.1699999999999999,0.225,True,averted,False,exposed,0.87,0.0736
E09,E09,2025-03-06,intraday,pre,BAH,-0.0061467724770641885,-0.0061467724770641885,-0.004813301233508427,0.8387936941684481,250,-0.002109405754264107,0.055000000000000104,-0.014999999999999958,0.1699999999999999,0.225,True,averted,False,exposed,0.98,0.0144
E09,E09,2025-03-06,intraday,pre,PSN,-0.004680195292284028,-0.004680195292284028,-0.004813301233508427,0.9433590872173696,250,-0.00013952383413927925,0.055000000000000104,-0.014999999999999958,0.1699999999999999,0.225,True,averted,False,exposed,0.51,0.0099
E09,E09,2025-03-06,intraday,pre,ACN,-0.00777891787289009,-0.00777891787289009,-0.004813301233508427,0.6439744070162482,250,-0.0046792750652509246,0.055000000000000104,-0.014999999999999958,0.1699999999999999,0.225,True,averted,False,control,0.08,0.0656
E09,E09,2025-03-06,intraday,pre,EPAM,-0.0024777013229538847,-0.0024777013229538847,-0.004813301233508427,0.6359112147772107,250,0.0005831309115351055,0.055000000000000104,-0.014999999999999958,0.1699999999999999,0.225,True,averted,False,control,0.0,0.0
E09,E09,2025-03-06,intraday,pre,CTSH,-0.005711605839425538,-0.005711605839425538,-0.004813301233508427,0.7271421421875343,250,-0.002211651669498319,0.055000000000000104,-0.014999999999999958,0.1699999999999999,0.225,True,averted,False,control,0.0,0.0
E09,E09,2025-03-07,overnight,pre,CACI,-0.008663877517391838,-0.008663877517391838,-0.0031604084623474415,0.6731105666315421,250,-0.006536573186514031,0.01999999999999999,-0.065,0.225,0.245,True,averted,False,exposed,0.956,0.0926
E09,E09,2025-03-07,overnight,pre,SAIC,0.0007830285542560489,0.0007830176454060034,-0.0031604084623474415,0.38904426302751294,250,0.0020125673353559247,0.01999999999999999,-0.065,0.225,0.245,True,averted,False,exposed,0.98,0.0479
E09,E09,2025-03-07,overnight,pre,LDOS,-0.008191766268301759,-0.008191713888131336,-0.0031604084623474415,0.35181110732753457,250,-0.0070798994675559945,0.01999999999999999,-0.065,0.225,0.245,True,averted,False,exposed,0.87,0.0736
E09,E09,2025-03-07,overnight,pre,BAH,-0.005261697503267326,-0.005261666042749913,-0.0031604084623474415,0.6161601488354981,250,-0.003314379754726359,0.01999999999999999,-0.065,0.225,0.245,True,averted,False,exposed,0.98,0.0144
E09,E09,2025-03-07,overnight,pre,PSN,-0.008011130349361961,-0.008011130349361961,-0.0031604084623474415,1.001210294692122,250,-0.004846896861427603,0.01999999999999999,-0.065,0.225,0.245,True,averted,False,exposed,0.51,0.0099
E09,E09,2025-03-07,overnight,pre,ACN,-0.00830796960782676,-0.008307982800215719,-0.0031604084623474415,0.9643799577288462,250,-0.0052601350285022466,0.01999999999999999,-0.065,0.225,0.245,True,averted,False,control,0.08,0.0656
E09,E09,2025-03-07,overnight,pre,EPAM,-0.006336492993121556,-0.006336492993121556,-0.0031604084623474415,1.2566474030801684,250,-0.0023649739062400555,0.01999999999999999,-0.065,0.225,0.245,True,averted,False,control,0.0,0.0
E09,E09,2025-03-07,overnight,pre,CTSH,-0.010770630999046626,-0.010770731548058965,-0.0031604084623474415,0.6127639206609995,250,-0.008834046718768408,0.01999999999999999,-0.065,0.225,0.245,True,averted,False,control,0.0,0.0
E09,E09,2025-03-07,intraday,pre,CACI,0.08801463190420344,0.08801463190420344,0.008793060580573497,0.7651558254285202,250,0.08128657037763175,0.020000000000000018,0.0050000000000000044,0.245,0.265,True,averted,False,exposed,0.956,0.0926
E09,E09,2025-03-07,intraday,pre,SAIC,0.08812600044077268,0.08812600044077268,0.008793060580573497,0.7599467278564024,250,0.08144374282472273,0.020000000000000018,0.0050000000000000044,0.245,0.265,True,averted,False,exposed,0.98,0.0479
E09,E09,2025-03-07,intraday,pre,LDOS,0.05508830972110346,0.055088309721103235,0.008793060580573497,0.7109831803025412,250,0.0488365915449344,0.020000000000000018,0.0050000000000000044,0.245,0.265,True,averted,False,exposed,0.87,0.0736
E09,E09,2025-03-07,intraday,pre,BAH,0.08082775547755872,0.08082775547755872,0.008793060580573497,0.8387936941684481,250,0.07345219171013251,0.020000000000000018,0.0050000000000000044,0.245,0.265,True,averted,False,exposed,0.98,0.0144
E09,E09,2025-03-07,intraday,pre,PSN,0.0563553220127615,0.0563553220127615,0.008793060580573497,0.9433590872173696,250,0.04806030840962465,0.020000000000000018,0.0050000000000000044,0.245,0.265,True,averted,False,exposed,0.51,0.0099
E09,E09,2025-03-07,intraday,pre,ACN,0.009380509439528062,0.009380509439528062,0.008793060580573497,0.6439744070162482,250,0.0037180034662952968,0.020000000000000018,0.0050000000000000044,0.245,0.265,True,averted,False,control,0.08,0.0656
E09,E09,2025-03-07,intraday,pre,EPAM,0.014182219870505275,0.014182219870505275,0.008793060580573497,0.6359112147772107,250,0.008590614035103177,0.020000000000000018,0.0050000000000000044,0.245,0.265,True,averted,False,control,0.0,0.0
E09,E09,2025-03-07,intraday,pre,CTSH,0.006895713461912534,0.006895713461912534,0.008793060580573497,0.7271421421875343,250,0.000501908554969557,0.020000000000000018,0.0050000000000000044,0.245,0.265,True,averted,False,control,0.0,0.0
E09,E09,2025-03-10,overnight,pre,CACI,-0.003771009761780353,-0.003771009761780353,-0.014463738448621255,0.6731105666315421,250,0.005964685420981521,-0.010000000000000009,-0.07500000000000001,0.265,0.255,True,averted,False,exposed,0.956,0.0926
E09,E09,2025-03-10,overnight,pre,SAIC,-0.00233709752808986,-0.0023370930059535278,-0.014463738448621255,0.38904426302751294,250,0.003289936937276699,-0.010000000000000009,-0.07500000000000001,0.265,0.255,True,averted,False,exposed,0.98,0.0479
E09,E09,2025-03-10,overnight,pre,LDOS,-0.004237371277610258,-0.004237606331197519,-0.014463738448621255,0.35181110732753457,250,0.0008511325620950225,-0.010000000000000009,-0.07500000000000001,0.265,0.255,True,averted,False,exposed,0.87,0.0736
E09,E09,2025-03-10,overnight,pre,BAH,-0.00034344380173312317,-0.00034344749385040174,-0.014463738448621255,0.6161601488354981,250,0.008568535433487066,-0.010000000000000009,-0.07500000000000001,0.265,0.255,True,averted,False,exposed,0.98,0.0144
E09,E09,2025-03-10,overnight,pre,PSN,-0.0036562641962931686,-0.0036562641962931686,-0.014463738448621255,1.001210294692122,250,0.010824979638200694,-0.010000000000000009,-0.07500000000000001,0.265,0.255,True,averted,False,exposed,0.51,0.0099
E09,E09,2025-03-10,overnight,pre,ACN,-0.009614758811700819,-0.009614721451059571,-0.014463738448621255,0.9643799577288462,250,0.004333780661981635,-0.010000000000000009,-0.07500000000000001,0.265,0.255,True,averted,False,control,0.08,0.0656
E09,E09,2025-03-10,overnight,pre,EPAM,-0.016197189385255162,-0.016197189385255162,-0.014463738448621255,1.2566474030801684,250,0.0019786299750355237,-0.010000000000000009,-0.07500000000000001,0.265,0.255,True,averted,False,control,0.0,0.0
E09,E09,2025-03-10,overnight,pre,CTSH,0.0021626852425011833,0.0021628002652211986,-0.014463738448621255,0.6127639206609995,250,0.011025542321693586,-0.010000000000000009,-0.07500000000000001,0.265,0.255,True,averted,False,control,0.0,0.0
E09,E09,2025-03-10,intraday,pre,CACI,-0.017992799390575298,-0.017992799390575298,-0.01235048092420954,0.7651558254285202,250,-0.008542756964572554,-0.010000000000000009,-0.030000000000000027,0.255,0.245,True,averted,False,exposed,0.956,0.0926
E09,E09,2025-03-10,intraday,pre,SAIC,0.004685144696268129,0.004685144696268129,-0.01235048092420954,0.7599467278564024,250,0.014070852262074085,-0.010000000000000009,-0.030000000000000027,0.255,0.245,True,averted,False,exposed,0.98,0.0479
E09,E09,2025-03-10,intraday,pre,LDOS,-0.009159675844745974,-0.009159675844746085,-0.01235048092420954,0.7109831803025412,250,-0.0003786916389856079,-0.010000000000000009,-0.030000000000000027,0.255,0.245,True,averted,False,exposed,0.87,0.0736
E09,E09,2025-03-10,intraday,pre,BAH,-0.03255175547740685,-0.03255175547740685,-0.01235048092420954,0.8387936941684481,250,-0.022192249958232185,-0.010000000000000009,-0.030000000000000027,0.255,0.245,True,averted,False,exposed,0.98,0.0144
E09,E09,2025-03-10,intraday,pre,PSN,-0.02385321571095178,-0.02385321571095178,-0.01235048092420954,0.9433590872173696,250,-0.012202277299593934,-0.010000000000000009,-0.030000000000000027,0.255,0.245,True,averted,False,exposed,0.51,0.0099
E09,E09,2025-03-10,intraday,pre,ACN,-0.010593486515787065,-0.010593486515786954,-0.01235048092420954,0.6439744070162482,250,-0.0026400928862537424,-0.010000000000000009,-0.030000000000000027,0.255,0.245,True,averted,False,control,0.08,0.0656
E09,E09,2025-03-10,intraday,pre,EPAM,-0.026434185767555185,-0.026434185767555185,-0.01235048092420954,0.6359112147772107,250,-0.01858037643995833,-0.010000000000000009,-0.030000000000000027,0.255,0.245,True,averted,False,control,0.0,0.0
E09,E09,2025-03-10,intraday,pre,CTSH,0.00707344819699296,0.00707344819699296,-0.01235048092420954,0.7271421421875343,250,0.01605400335326896,-0.010000000000000009,-0.030000000000000027,0.255,0.245,True,averted,False,control,0.0,0.0
E09,E09,2025-03-11,overnight,pre,CACI,-0.0058610799811809056,-0.0058610799811809056,-0.002104949630749031,0.6731105666315421,250,-0.00444421614249657,-0.04999999999999999,0.04500000000000004,0.245,0.195,True,averted,False,exposed,0.956,0.0926
E09,E09,2025-03-11,overnight,pre,SAIC,-0.006098110368522591,-0.006098159089080402,-0.002104949630749031,0.38904426302751294,250,-0.005279191790717799,-0.04999999999999999,0.04500000000000004,0.245,0.195,True,averted,False,exposed,0.98,0.0479
E09,E09,2025-03-11,overnight,pre,LDOS,-0.005240946093458598,-0.00524081137742527,-0.002104949630749031,0.35181110732753457,250,-0.004500401432996097,-0.04999999999999999,0.04500000000000004,0.245,0.195,True,averted,False,exposed,0.87,0.0736
E09,E09,2025-03-11,overnight,pre,BAH,-0.014648450894789278,-0.01464854474512911,-0.002104949630749031,0.6161601488354981,250,-0.013351464817015728,-0.04999999999999999,0.04500000000000004,0.245,0.195,True,averted,False,exposed,0.98,0.0144
E09,E09,2025-03-11,overnight,pre,PSN,-0.004101190671795152,-0.004101190671795152,-0.002104949630749031,1.001210294692122,250,-0.001993693431680841,-0.04999999999999999,0.04500000000000004,0.245,0.195,True,averted,False,exposed,0.51,0.0099
E09,E09,2025-03-11,overnight,pre,ACN,-0.006620940294588373,-0.0066210684641625495,-0.002104949630749031,0.9643799577288462,250,-0.004590969058665273,-0.04999999999999999,0.04500000000000004,0.245,0.195,True,averted,False,control,0.08,0.0656
E09,E09,2025-03-11,overnight,pre,EPAM,-0.0013129562267846229,-0.0013129562267846229,-0.002104949630749031,1.2566474030801684,250,0.0013322232603107066,-0.04999999999999999,0.04500000000000004,0.245,0.195,True,averted,False,control,0.0,0.0
E09,E09,2025-03-11,overnight,pre,CTSH,-0.005595252619047586,-0.005595346840814419,-0.002104949630749031,0.6127639206609995,250,-0.004305415430515887,-0.04999999999999999,0.04500000000000004,0.245,0.195,True,averted,False,control,0.0,0.0
E09,E09,2025-03-11,intraday,pre,CACI,-0.025521141180076756,-0.025521141180076756,-0.006221024934227715,0.7651558254285202,250,-0.020761087711516343,-0.010000000000000009,-0.07,0.195,0.185,True,averted,False,exposed,0.956,0.0926
E09,E09,2025-03-11,intraday,pre,SAIC,-0.0418659146859276,-0.0418659146859276,-0.006221024934227715,0.7599467278564024,250,-0.03713826714324815,-0.010000000000000009,-0.07,0.195,0.185,True,averted,False,exposed,0.98,0.0479
E09,E09,2025-03-11,intraday,pre,LDOS,-0.018659468981120808,-0.018659468981120697,-0.006221024934227715,0.7109831803025412,250,-0.014236424888642182,-0.010000000000000009,-0.07,0.195,0.185,True,averted,False,exposed,0.87,0.0736
E09,E09,2025-03-11,intraday,pre,BAH,-0.00855930280182493,-0.00855930280182493,-0.006221024934227715,0.8387936941684481,250,-0.003341146315730039,-0.010000000000000009,-0.07,0.195,0.185,True,averted,False,exposed,0.98,0.0144
E09,E09,2025-03-11,intraday,pre,PSN,-0.012010929386639169,-0.012010929386639169,-0.006221024934227715,0.9433590872173696,250,-0.006142268983129615,-0.010000000000000009,-0.07,0.195,0.185,True,averted,False,exposed,0.51,0.0099
E09,E09,2025-03-11,intraday,pre,ACN,-0.015882005262455978,-0.015882005262455978,-0.006221024934227715,0.6439744070162482,250,-0.01187582441940339,-0.010000000000000009,-0.07,0.195,0.185,True,averted,False,control,0.08,0.0656
E09,E09,2025-03-11,intraday,pre,EPAM,0.0063104589643001585,0.0063104589643001585,-0.006221024934227715,0.6359112147772107,250,0.010266478487384222,-0.010000000000000009,-0.07,0.195,0.185,True,averted,False,control,0.0,0.0
E09,E09,2025-03-11,intraday,pre,CTSH,-0.012690022452793381,-0.01269002245279327,-0.006221024934227715,0.7271421421875343,250,-0.008166453055516977,-0.010000000000000009,-0.07,0.195,0.185,True,averted,False,control,0.0,0.0
E09,E09,2025-03-12,overnight,pre,CACI,0.002234717922920959,0.002234717922920959,0.011242625183927268,0.6731105666315421,250,-0.00533281188505837,-0.05499999999999999,-0.035,0.185,0.13,True,averted,False,exposed,0.956,0.0926
E09,E09,2025-03-12,overnight,pre,SAIC,0.0025425811648724927,0.0025426044657288482,0.011242625183927268,0.38904426302751294,250,-0.0018312976643030483,-0.05499999999999999,-0.035,0.185,0.13,True,averted,False,exposed,0.98,0.0479
E09,E09,2025-03-12,overnight,pre,LDOS,-0.0019386660117575172,-0.0019385389072409387,0.011242625183927268,0.35181110732753457,250,-0.005893946426983396,-0.05499999999999999,-0.035,0.185,0.13,True,averted,False,exposed,0.87,0.0736
E09,E09,2025-03-12,overnight,pre,BAH,0.003725881467163905,0.0037259240874569777,0.011242625183927268,0.6161601488354981,250,-0.00320137613946644,-0.05499999999999999,-0.035,0.185,0.13,True,averted,False,exposed,0.98,0.0144
E09,E09,2025-03-12,overnight,pre,PSN,0.016759227324255166,0.016759227324255166,0.011242625183927268,1.001210294692122,250,0.005502995250742274,-0.05499999999999999,-0.035,0.185,0.13,True,averted,False,exposed,0.51,0.0099
E09,E09,2025-03-12,overnight,pre,ACN,0.002165994940629856,0.0021660521353716877,0.011242625183927268,0.9643799577288462,250,-0.008676167459007185,-0.05499999999999999,-0.035,0.185,0.13,True,averted,False,control,0.08,0.0656
E09,E09,2025-03-12,overnight,pre,EPAM,0.008570230951389313,0.008570230951389313,0.011242625183927268,1.2566474030801684,250,-0.005557784789796591,-0.05499999999999999,-0.035,0.185,0.13,True,averted,False,control,0.0,0.0
E09,E09,2025-03-12,overnight,pre,CTSH,-0.0049715490958495145,-0.004971344036267755,0.011242625183927268,0.6127639206609995,250,-0.011860624182074878,-0.05499999999999999,-0.035,0.185,0.13,True,averted,False,control,0.0,0.0
E09,E09,2025-03-12,intraday,pre,CACI,0.006145255437721708,0.006145255437721708,-0.005870088941741014,0.7651558254285202,250,0.010636788187278381,0.07499999999999998,0.09,0.13,0.205,True,averted,False,exposed,0.956,0.0926
E09,E09,2025-03-12,intraday,pre,SAIC,-0.01700166837592998,-0.01700166837592998,-0.005870088941741014,0.7599467278564024,250,-0.012540713492427844,0.07499999999999998,0.09,0.13,0.205,True,averted,False,exposed,0.98,0.0479
E09,E09,2025-03-12,intraday,pre,LDOS,-0.0018677623354997896,-0.0018677623354996786,-0.005870088941741014,0.7109831803025412,250,0.0023057721689580144,0.07499999999999998,0.09,0.13,0.205,True,averted,False,exposed,0.87,0.0736
E09,E09,2025-03-12,intraday,pre,BAH,0.009959313996141805,0.009959313996142027,-0.005870088941741014,0.8387936941684481,250,0.014883107584682106,0.07499999999999998,0.09,0.13,0.205,True,averted,False,exposed,0.98,0.0144
E09,E09,2025-03-12,intraday,pre,PSN,-0.019386768391455922,-0.019386768391455922,-0.005870088941741014,0.9433590872173696,250,-0.013849166645490345,0.07499999999999998,0.09,0.13,0.205,True,averted,False,exposed,0.51,0.0099
E09,E09,2025-03-12,intraday,pre,ACN,-0.012694104718417143,-0.012694104718417032,-0.005870088941741014,0.6439744070162482,250,-0.008913917673026838,0.07499999999999998,0.09,0.13,0.205,True,averted,False,control,0.08,0.0656
E09,E09,2025-03-12,intraday,pre,EPAM,-0.01963727098445589,-0.01963727098445589,-0.005870088941741014,0.6359112147772107,250,-0.01590441559466309,0.07499999999999998,0.09,0.13,0.205,True,averted,False,control,0.0,0.0
E09,E09,2025-03-12,intraday,pre,CTSH,-0.03119665654545256,-0.031196656545452672,-0.005870088941741014,0.7271421421875343,250,-0.026928267497523646,0.07499999999999998,0.09,0.13,0.205,True,averted,False,control,0.0,0.0
E09,E09,2025-03-13,overnight,pre,CACI,-0.004080804402164406,-0.004080804402164406,-0.0006799522309871575,0.6731105666315421,250,-0.0036231213706822596,0.07000000000000003,0.08999999999999997,0.205,0.275,True,averted,False,exposed,0.956,0.0926
E09,E09,2025-03-13,overnight,pre,SAIC,-0.007166746194456564,-0.0071667877449035355,-0.0006799522309871575,0.38904426302751294,250,-0.0069022146798582516,0.07000000000000003,0.08999999999999997,0.205,0.275,True,averted,False,exposed,0.98,0.0479
E09,E09,2025-03-13,overnight,pre,LDOS,-0.002994080701617552,-0.002994360751395253,-0.0006799522309871575,0.35181110732753457,250,-0.0027548659543041327,0.07000000000000003,0.08999999999999997,0.205,0.275,True,averted,False,exposed,0.87,0.0736
E09,E09,2025-03-13,overnight,pre,BAH,-0.005468405943952814,-0.005468354363616035,-0.0006799522309871575,0.6161601488354981,250,-0.005049446476106738,0.07000000000000003,0.08999999999999997,0.205,0.275,True,averted,False,exposed,0.98,0.0144
E09,E09,2025-03-13,overnight,pre,PSN,-0.010973716628567387,-0.010973716628567387,-0.0006799522309871575,1.001210294692122,250,-0.01029294145500417,0.07000000000000003,0.08999999999999997,0.205,0.275,True,averted,False,exposed,0.51,0.0099
E09,E09,2025-03-13,overnight,pre,ACN,-0.0019732501663167756,-0.0019732111771055827,-0.0006799522309871575,0.9643799577288462,250,-0.001317517862539746,0.07000000000000003,0.08999999999999997,0.205,0.275,True,averted,False,control,0.08,0.0656
E09,E09,2025-03-13,overnight,pre,EPAM,-0.008561969994370311,-0.008561969994370311,-0.0006799522309871575,1.2566474030801684,250,-0.007707509789081733,0.07000000000000003,0.08999999999999997,0.205,0.275,True,averted,False,control,0.0,0.0
E09,E09,2025-03-13,overnight,pre,CTSH,-0.0015094685534591257,-0.0015096760231371187,-0.0006799522309871575,0.6127639206609995,250,-0.0010928183585372415,0.07000000000000003,0.08999999999999997,0.205,0.275,True,averted,False,control,0.0,0.0
E09,E09,2025-03-13,intraday,pre,CACI,-0.002496576688647556,-0.002496576688647556,-0.012659147744918609,0.7651558254285202,250,0.007189643953337233,-0.07000000000000003,0.05500000000000005,0.275,0.205,True,averted,False,exposed,0.956,0.0926
E09,E09,2025-03-13,intraday,pre,SAIC,0.003464875792133615,0.003464875792133615,-0.012659147744918609,0.7599467278564024,250,0.013085153698335267,-0.07000000000000003,0.05500000000000005,0.275,0.205,True,averted,False,exposed,0.98,0.0479
E09,E09,2025-03-13,intraday,pre,LDOS,-0.0025525248341803364,-0.0025525248341804474,-0.012659147744918609,0.7109831803025412,250,0.006447916289421637,-0.07000000000000003,0.05500000000000005,0.275,0.205,True,averted,False,exposed,0.87,0.0736
E09,E09,2025-03-13,intraday,pre,BAH,0.0034252505118028687,0.0034252505118028687,-0.012659147744918609,0.8387936941684481,250,0.014043663813787327,-0.07000000000000003,0.05500000000000005,0.275,0.205,True,averted,False,exposed,0.98,0.0144
E09,E09,2025-03-13,intraday,pre,PSN,-0.002289490186565324,-0.002289490186565324,-0.012659147744918609,0.9433590872173696,250,0.009652631875030918,-0.07000000000000003,0.05500000000000005,0.275,0.205,True,averted,False,exposed,0.51,0.0099
E09,E09,2025-03-13,intraday,pre,ACN,-0.020451651428576967,-0.020451651428576967,-0.012659147744918609,0.6439744070162482,250,-0.01229948426621193,-0.07000000000000003,0.05500000000000005,0.275,0.205,True,averted,False,control,0.08,0.0656
E09,E09,2025-03-13,intraday,pre,EPAM,-0.039607616325753936,-0.039607616325753936,-0.012659147744918609,0.6359112147772107,250,-0.031557522305238554,-0.07000000000000003,0.05500000000000005,0.275,0.205,True,averted,False,control,0.0,0.0
E09,E09,2025-03-13,intraday,pre,CTSH,-0.01310154882878889,-0.01310154882878889,-0.012659147744918609,0.7271421421875343,250,-0.0038965490192802796,-0.07000000000000003,0.05500000000000005,0.275,0.205,True,averted,False,control,0.0,0.0
E09,E09,2025-03-14,overnight,pre,CACI,0.002339606378455761,0.002339606378455761,0.008505318351603064,0.6731105666315421,250,-0.003385413276573431,-0.11499999999999999,-0.2,0.205,0.09,True,averted,False,exposed,0.956,0.0926
E09,E09,2025-03-14,overnight,pre,SAIC,-0.005371237183199651,-0.005371181161442529,0.008505318351603064,0.38904426302751294,250,-0.008680182493113446,-0.11499999999999999,-0.2,0.205,0.09,True,averted,False,exposed,0.98,0.0479
E09,E09,2025-03-14,overnight,pre,LDOS,0.0027848494530262613,0.005813099257277354,0.008505318351603064,0.35181110732753457,250,-0.00020741601442441368,-0.11499999999999999,-0.2,0.205,0.09,True,averted,False,exposed,0.87,0.0736
E09,E09,2025-03-14,overnight,pre,BAH,-0.002605110499295127,-0.002605182952116536,0.008505318351603064,0.6161601488354981,250,-0.007845748720712163,-0.11499999999999999,-0.2,0.205,0.09,True,averted,False,exposed,0.98,0.0144
E09,E09,2025-03-14,overnight,pre,PSN,0.008826125092604276,0.008826125092604276,0.008505318351603064,1.001210294692122,250,0.0003105127993454585,-0.11499999999999999,-0.2,0.205,0.09,True,averted,False,exposed,0.51,0.0099
E09,E09,2025-03-14,overnight,pre,ACN,-0.00208157058316627,-0.002081544049256978,0.008505318351603064,0.9643799577288462,250,-0.010283929135555613,-0.11499999999999999,-0.2,0.205,0.09,True,averted,False,control,0.08,0.0656
E09,E09,2025-03-14,overnight,pre,EPAM,0.00910301602086383,0.00910301602086383,0.008505318351603064,1.2566474030801684,250,-0.0015851701980482587,-0.11499999999999999,-0.2,0.205,0.09,True,averted,False,control,0.0,0.0
E09,E09,2025-03-14,overnight,pre,CTSH,0.007786579505985269,0.0077866517235301025,0.008505318351603064,0.6127639206609995,250,0.002574827286387026,-0.11499999999999999,-0.2,0.205,0.09,True,averted,False,control,0.0,0.0
E09,E09,2025-03-14,intraday,pre,CACI,0.01324460371397973,0.01324460371397973,0.012047998374243862,0.7651558254285202,250,0.004026007573173698,-0.015,0.10499999999999998,0.09,0.075,True,averted,False,exposed,0.956,0.0926
E09,E09,2025-03-14,intraday,pre,SAIC,0.0070395701236516395,0.0070395701236516395,0.012047998374243862,0.7599467278564024,250,-0.002116266818074239,-0.015,0.10499999999999998,0.09,0.075,True,averted,False,exposed,0.98,0.0479
E09,E09,2025-03-14,intraday,pre,LDOS,0.009907734313617578,0.009907734313617578,0.012047998374243862,0.7109831803025412,250,0.0013418101132178315,-0.015,0.10499999999999998,0.09,0.075,True,averted,False,exposed,0.87,0.0736
E09,E09,2025-03-14,intraday,pre,BAH,0.01098803218216382,0.010988032182163598,0.012047998374243862,0.8387936941684481,250,0.0008822471184963543,-0.015,0.10499999999999998,0.09,0.075,True,averted,False,exposed,0.98,0.0144
E09,E09,2025-03-14,intraday,pre,PSN,0.01872265374198334,0.01872265374198334,0.012047998374243862,0.9433590872173696,250,0.007357064992860299,-0.015,0.10499999999999998,0.09,0.075,True,averted,False,exposed,0.51,0.0099
E09,E09,2025-03-14,intraday,pre,ACN,0.007616711140034038,0.007616711140034038,0.012047998374243862,0.6439744070162482,250,-0.00014189146875237535,-0.015,0.10499999999999998,0.09,0.075,True,averted,False,control,0.08,0.0656
E09,E09,2025-03-14,intraday,pre,EPAM,0.005115470759857077,0.005115470759857077,0.012047998374243862,0.6359112147772107,250,-0.002545986521942197,-0.015,0.10499999999999998,0.09,0.075,True,averted,False,control,0.0,0.0
E09,E09,2025-03-14,intraday,pre,CTSH,0.0021533351053535377,0.0021533351053535377,0.012047998374243862,0.7271421421875343,250,-0.006607272241566075,-0.015,0.10499999999999998,0.09,0.075,True,averted,False,control,0.0,0.0
E09,E09,2025-03-17,overnight,resolution,CACI,0.017866267482945286,0.017866267482945286,-3.5570796690365114e-05,0.6731105666315421,250,0.01789021056206107,-0.06999999999999999,0.6265000000000001,0.075,0.005,True,averted,False,exposed,0.956,0.0926
E09,E09,2025-03-17,overnight,resolution,SAIC,0.12534708668386352,0.12534698713007497,-3.5570796690365114e-05,0.38904426302751294,250,0.12536092529824722,-0.06999999999999999,0.6265000000000001,0.075,0.005,True,averted,False,exposed,0.98,0.0479
E09,E09,2025-03-17,overnight,resolution,LDOS,0.017242600866205438,0.01724278714063887,-3.5570796690365114e-05,0.35181110732753457,250,0.017255115067577598,-0.06999999999999999,0.6265000000000001,0.075,0.005,True,averted,False,exposed,0.87,0.0736
E09,E09,2025-03-17,overnight,resolution,BAH,0.009977752338530044,0.009977796860189958,-3.5570796690365114e-05,0.6161601488354981,250,0.009999669645912977,-0.06999999999999999,0.6265000000000001,0.075,0.005,True,averted,False,exposed,0.98,0.0144
E09,E09,2025-03-17,overnight,resolution,PSN,0.0068704517625910455,0.0068704517625910455,-3.5570796690365114e-05,1.001210294692122,250,0.00690606561042784,-0.06999999999999999,0.6265000000000001,0.075,0.005,True,averted,False,exposed,0.51,0.0099
E09,E09,2025-03-17,overnight,resolution,ACN,0.0037011250015110964,0.0037010629686906604,-3.5570796690365114e-05,0.9643799577288462,250,0.003735428764919732,-0.06999999999999999,0.6265000000000001,0.075,0.005,True,averted,False,control,0.08,0.0656
E09,E09,2025-03-17,overnight,resolution,EPAM,-0.0019153439951621332,-0.0019153439951621332,-3.5570796690365114e-05,1.2566474030801684,250,-0.0018706440458756933,-0.06999999999999999,0.6265000000000001,0.075,0.005,True,averted,False,control,0.0,0.0
E09,E09,2025-03-17,overnight,resolution,CTSH,-0.0016431355596735475,-0.0016432186222239409,-3.5570796690365114e-05,0.6127639206609995,250,-0.001621339058832524,-0.06999999999999999,0.6265000000000001,0.075,0.005,True,averted,False,control,0.0,0.0
E10,E10,2025-09-16,intraday,pre,CACI,-0.007513787852311715,-0.007513787852311715,-0.0022222788110008995,0.6332763927356705,250,-0.00610647114322815,0.07,0.08000000000000002,0.385,0.455,True,shutdown_43d,False,exposed,0.956,0.0926
E10,E10,2025-09-16,intraday,pre,SAIC,-0.002804380520489258,-0.002804380520489258,-0.0022222788110008995,0.45951355131576493,250,-0.001783213292032459,0.07,0.08000000000000002,0.385,0.455,True,shutdown_43d,False,exposed,0.98,0.0479
E10,E10,2025-09-16,intraday,pre,LDOS,0.00010957603123884496,0.00010957603123884496,-0.0022222788110008995,0.6339928035761456,250,0.0015184848049531686,0.07,0.08000000000000002,0.385,0.455,True,shutdown_43d,False,exposed,0.87,0.0736
E10,E10,2025-09-16,intraday,pre,BAH,-0.002937388699999488,-0.002937388699999377,-0.0022222788110008995,0.49204674643288315,250,-0.0018439236413797593,0.07,0.08000000000000002,0.385,0.455,True,shutdown_43d,False,exposed,0.98,0.0144
E10,E10,2025-09-16,intraday,pre,PSN,-0.009196066141760606,-0.009196066141760606,-0.0022222788110008995,0.7606708365178285,250,-0.007505643459620706,0.07,0.08000000000000002,0.385,0.455,True,shutdown_43d,False,exposed,0.51,0.0099
E10,E10,2025-09-16,intraday,pre,ACN,-0.002947231342721457,-0.002947231342721568,-0.0022222788110008995,0.7335702837748898,250,-0.0013170336447086025,0.07,0.08000000000000002,0.385,0.455,True,shutdown_43d,False,control,0.08,0.0656
E10,E10,2025-09-16,intraday,pre,EPAM,0.0025296057754968793,0.0025296057754968793,-0.0022222788110008995,1.1282023898701632,250,0.0050367860410259185,0.07,0.08000000000000002,0.385,0.455,True,shutdown_43d,False,control,0.0,0.0
E10,E10,2025-09-16,intraday,pre,CTSH,0.004939653217498563,0.004939653217498563,-0.0022222788110008995,0.8762511767522062,250,0.006886927640709595,0.07,0.08000000000000002,0.385,0.455,True,shutdown_43d,False,control,0.0,0.0
E10,E10,2025-09-17,overnight,pre,CACI,-0.0026456393613033535,-0.0026456393613033535,1.5166363636520686e-05,0.5973893467364103,250,-0.0026546995853685413,-0.010000000000000009,-0.05499999999999999,0.455,0.445,True,shutdown_43d,False,exposed,0.956,0.0926
E10,E10,2025-09-17,overnight,pre,SAIC,9.692203004574296e-05,9.693298696400454e-05,1.5166363636520686e-05,0.5072238656419131,250,8.9229288454296e-05,-0.010000000000000009,-0.05499999999999999,0.455,0.445,True,shutdown_43d,False,exposed,0.98,0.0479
E10,E10,2025-09-17,overnight,pre,LDOS,5.4740387235518995e-05,5.476623935396496e-05,1.5166363636520686e-05,0.5105114057420796,250,4.699778561544326e-05,-0.010000000000000009,-0.05499999999999999,0.455,0.445,True,shutdown_43d,False,exposed,0.87,0.0736
E10,E10,2025-09-17,overnight,pre,BAH,0.003044265879606378,0.003044245659439504,1.5166363636520686e-05,0.7427406639593416,250,0.00303300120460914,-0.010000000000000009,-0.05499999999999999,0.455,0.445,True,shutdown_43d,False,exposed,0.98,0.0144
E10,E10,2025-09-17,overnight,pre,PSN,0.017236848071379374,0.017236848071379374,1.5166363636520686e-05,0.8230284694314509,250,0.017224365722328768,-0.010000000000000009,-0.05499999999999999,0.455,0.445,True,shutdown_43d,False,exposed,0.51,0.0099
E10,E10,2025-09-17,overnight,pre,ACN,0.003884963089919813,0.003885015553850346,1.5166363636520686e-05,0.8651448685402132,250,0.003871841988245262,-0.010000000000000009,-0.05499999999999999,0.455,0.445,True,shutdown_43d,False,control,0.08,0.0656
E10,E10,2025-09-17,overnight,pre,EPAM,-0.001552730081290421,-0.001552730081290421,1.5166363636520686e-05,1.3202508209786081,250,-0.0015727534853327975,-0.010000000000000009,-0.05499999999999999,0.455,0.445,True,shutdown_43d,False,control,0.0,0.0
E10,E10,2025-09-17,overnight,pre,CTSH,0.004481786875837335,0.004481722551780143,1.5166363636520686e-05,0.709084711026143,250,0.004471032639260815,-0.010000000000000009,-0.05499999999999999,0.455,0.445,True,shutdown_43d,False,control,0.0,0.0
E10,E10,2025-09-17,intraday,pre,CACI,0.011345312949536224,0.011345312949536224,-0.0012575825937118923,0.6332763927356705,250,0.012141710318049259,-0.030000000000000027,0.015000000000000013,0.445,0.415,True,shutdown_43d,False,exposed,0.956,0.0926
E10,E10,2025-09-17,intraday,pre,SAIC,-0.003296775030556587,-0.003296775030556587,-0.0012575825937118923,0.45951355131576493,250,-0.0027188987868471447,-0.030000000000000027,0.015000000000000013,0.445,0.415,True,shutdown_43d,False,exposed,0.98,0.0479
E10,E10,2025-09-17,intraday,pre,LDOS,0.006626906317539705,0.006626906317539705,-0.0012575825937118923,0.6339928035761456,250,0.007424204631855668,-0.030000000000000027,0.015000000000000013,0.445,0.415,True,shutdown_43d,False,exposed,0.87,0.0736
E10,E10,2025-09-17,intraday,pre,BAH,-0.005482647378985517,-0.005482647378985517,-0.0012575825937118923,0.49204674643288315,250,-0.004863857955378954,-0.030000000000000027,0.015000000000000013,0.445,0.415,True,shutdown_43d,False,exposed,0.98,0.0144
E10,E10,2025-09-17,intraday,pre,PSN,0.08029191777950806,0.08029191777950806,-0.0012575825937118923,0.7606708365178285,250,0.08124852418305714,-0.030000000000000027,0.015000000000000013,0.445,0.415,True,shutdown_43d,False,exposed,0.51,0.0099
E10,E10,2025-09-17,intraday,pre,ACN,0.01476469046181883,0.01476469046181883,-0.0012575825937118923,0.7335702837748898,250,0.015687215681958425,-0.030000000000000027,0.015000000000000013,0.445,0.415,True,shutdown_43d,False,control,0.08,0.0656
E10,E10,2025-09-17,intraday,pre,EPAM,-0.005637238967491465,-0.005637238967491465,-0.0012575825937118923,1.1282023898701632,250,-0.004218431279806589,-0.030000000000000027,0.015000000000000013,0.445,0.415,True,shutdown_43d,False,control,0.0,0.0
E10,E10,2025-09-17,intraday,pre,CTSH,0.007915880734062242,0.007915880734062242,-0.0012575825937118923,0.8762511767522062,250,0.00901783896166538,-0.030000000000000027,0.015000000000000013,0.445,0.415,True,shutdown_43d,False,control,0.0,0.0
E10,E10,2025-09-18,overnight,pre,CACI,-0.0007869069591108779,-0.0007869069591108779,0.004111201689996236,0.5973893467364103,250,-0.0032428950509993553,0.0,-0.07,0.415,0.415,True,shutdown_43d,False,exposed,0.956,0.0926
E10,E10,2025-09-18,overnight,pre,SAIC,0.0,-6.769955684937656e-08,0.004111201689996236,0.5072238656419131,250,-0.0020852996136334566,0.0,-0.07,0.415,0.415,True,shutdown_43d,False,exposed,0.98,0.0479
E10,E10,2025-09-18,overnight,pre,LDOS,-0.0026659711193443014,-0.0026660261315604172,0.004111201689996236,0.5105114057420796,250,-0.004764786473393493,0.0,-0.07,0.415,0.415,True,shutdown_43d,False,exposed,0.87,0.0736
E10,E10,2025-09-18,overnight,pre,BAH,0.001279752881437668,0.0012797494387917219,0.004111201689996236,0.7427406639593416,250,-0.0017738037914609033,0.0,-0.07,0.415,0.415,True,shutdown_43d,False,exposed,0.98,0.0144
E10,E10,2025-09-18,overnight,pre,PSN,0.00024136439024791123,0.00024136439024791123,0.004111201689996236,0.8230284694314509,250,-0.003142271644193685,0.0,-0.07,0.415,0.415,True,shutdown_43d,False,exposed,0.51,0.0099
E10,E10,2025-09-18,overnight,pre,ACN,0.0030674439691968924,0.0030673644862295735,0.004111201689996236,0.8651448685402132,250,-0.0004893410764372033,0.0,-0.07,0.415,0.415,True,shutdown_43d,False,control,0.08,0.0656
E10,E10,2025-09-18,overnight,pre,EPAM,0.005473715387241507,0.005473715387241507,0.004111201689996236,1.3202508209786081,250,4.589798081533567e-05,0.0,-0.07,0.415,0.415,True,shutdown_43d,False,control,0.0,0.0
E10,E10,2025-09-18,overnight,pre,CTSH,0.002570331331369413,0.0025703594160855214,0.004111201689996236,0.709084711026143,250,-0.00034485893095175836,0.0,-0.07,0.415,0.415,True,shutdown_43d,False,control,0.0,0.0
E10,E10,2025-09-18,intraday,pre,CACI,0.002544240822497157,0.002544240822497157,0.000558998008488798,0.6332763927356705,250,0.002190240580134947,0.0050000000000000044,0.08999999999999997,0.415,0.42,True,shutdown_43d,False,exposed,0.956,0.0926
E10,E10,2025-09-18,intraday,pre,SAIC,-0.0030158332258560794,-0.0030158332258560794,0.000558998008488798,0.45951355131576493,250,-0.003272700385915207,0.0050000000000000044,0.08999999999999997,0.415,0.42,True,shutdown_43d,False,exposed,0.98,0.0479
E10,E10,2025-09-18,intraday,pre,LDOS,0.02094810075978093,0.02094810075978093,0.000558998008488798,0.6339928035761456,250,0.020593700045185636,0.0050000000000000044,0.08999999999999997,0.415,0.42,True,shutdown_43d,False,exposed,0.87,0.0736
E10,E10,2025-09-18,intraday,pre,BAH,-0.0049159375127749705,-0.0049159375127749705,0.000558998008488798,0.49204674643288315,250,-0.005190990664114345,0.0050000000000000044,0.08999999999999997,0.415,0.42,True,shutdown_43d,False,exposed,0.98,0.0144
E10,E10,2025-09-18,intraday,pre,PSN,-0.01773222186815082,-0.01773222186815082,0.000558998008488798,0.7606708365178285,250,-0.018157435350879797,0.0050000000000000044,0.08999999999999997,0.415,0.42,True,shutdown_43d,False,exposed,0.51,0.0099
E10,E10,2025-09-18,intraday,pre,ACN,-0.010042121841396412,-0.010042121841396523,0.000558998008488798,0.7335702837748898,250,-0.010452186169113137,0.0050000000000000044,0.08999999999999997,0.415,0.42,True,shutdown_43d,False,control,0.08,0.0656
E10,E10,2025-09-18,intraday,pre,EPAM,0.010174931746323557,0.010174931746323557,0.000558998008488798,1.1282023898701632,250,0.009544268857213833,0.0050000000000000044,0.08999999999999997,0.415,0.42,True,shutdown_43d,False,control,0.0,0.0
E10,E10,2025-09-18,intraday,pre,CTSH,0.0007121928593536442,0.0007121928593536442,0.000558998008488798,0.8762511767522062,250,0.00022237019661319518,0.0050000000000000044,0.08999999999999997,0.415,0.42,True,shutdown_43d,False,control,0.0,0.0
E10,E10,2025-09-19,overnight,pre,CACI,0.0025176233635448853,0.0025176233635448853,0.00010570968949341619,0.5973893467364103,250,0.0024544735211947046,0.025000000000000022,-0.015000000000000013,0.42,0.445,True,shutdown_43d,False,exposed,0.956,0.0926
E10,E10,2025-09-19,overnight,pre,SAIC,0.007611228279877258,0.007611286089370672,0.00010570968949341619,0.5072238656419131,250,0.007557609802536601,0.025000000000000022,-0.015000000000000013,0.42,0.445,True,shutdown_43d,False,exposed,0.98,0.0479
E10,E10,2025-09-19,overnight,pre,LDOS,0.003259420891704279,0.0032594275179225196,0.00010570968949341619,0.5105114057420796,250,0.003205454889520436,0.025000000000000022,-0.015000000000000013,0.42,0.445,True,shutdown_43d,False,exposed,0.87,0.0736
E10,E10,2025-09-19,overnight,pre,BAH,0.006125903621315265,0.006125898576764266,0.00010570968949341619,0.7427406639593416,250,0.006047388736353989,0.025000000000000022,-0.015000000000000013,0.42,0.445,True,shutdown_43d,False,exposed,0.98,0.0144
E10,E10,2025-09-19,overnight,pre,PSN,0.0035613521907893464,0.0035613521907893464,0.00010570968949341619,0.8230284694314509,250,0.0034743501068415063,0.025000000000000022,-0.015000000000000013,0.42,0.445,True,shutdown_43d,False,exposed,0.51,0.0099
E10,E10,2025-09-19,overnight,pre,ACN,-0.0001252298042654365,-0.0001251333630546414,0.00010570968949341619,0.8651448685402132,250,-0.00021668399968564482,0.025000000000000022,-0.015000000000000013,0.42,0.445,True,shutdown_43d,False,control,0.08,0.0656
E10,E10,2025-09-19,overnight,pre,EPAM,0.002053039777121235,0.002053039777121235,0.00010570968949341619,1.3202508209786081,250,0.0019134764727821586,0.025000000000000022,-0.015000000000000013,0.42,0.445,True,shutdown_43d,False,control,0.0,0.0
E10,E10,2025-09-19,overnight,pre,CTSH,0.004554507262359175,0.00455443426887614,0.00010570968949341619,0.709084711026143,250,0.004479550137732073,0.025000000000000022,-0.015000000000000013,0.42,0.445,True,shutdown_43d,False,control,0.0,0.0
E10,E10,2025-09-19,intraday,pre,CACI,0.002129578302360491,0.002129578302360491,0.0020684478502099868,0.6332763927356705,250,0.0008196791092176579,0.09000000000000002,0.08500000000000002,0.445,0.535,True,shutdown_43d,False,exposed,0.956,0.0926
E10,E10,2025-09-19,intraday,pre,SAIC,0.005907423858167782,0.005907423858167782,0.0020684478502099868,0.45951355131576493,250,0.004956944040806332,0.09000000000000002,0.08500000000000002,0.445,0.535,True,shutdown_43d,False,exposed,0.98,0.0479
E10,E10,2025-09-19,intraday,pre,LDOS,-0.0016510311518995735,-0.0016510311518995735,0.0020684478502099868,0.6339928035761456,250,-0.0029624122035052545,0.09000000000000002,0.08500000000000002,0.445,0.535,True,shutdown_43d,False,exposed,0.87,0.0736
E10,E10,2025-09-19,intraday,pre,BAH,0.003044265879606378,0.003044265879606378,0.0020684478502099868,0.49204674643288315,250,0.0020264928447444623,0.09000000000000002,0.08500000000000002,0.445,0.535,True,shutdown_43d,False,exposed,0.98,0.0144
E10,E10,2025-09-19,intraday,pre,PSN,0.0022026469323637166,0.0022026469323637166,0.0020684478502099868,0.7606708365178285,250,0.0006292389758509819,0.09000000000000002,0.08500000000000002,0.445,0.535,True,shutdown_43d,False,exposed,0.51,0.0099
E10,E10,2025-09-19,intraday,pre,ACN,0.0007514720973975653,0.0007514720973975653,0.0020684478502099868,0.7335702837748898,250,-0.0007658797790545354,0.09000000000000002,0.08500000000000002,0.445,0.535,True,shutdown_43d,False,control,0.08,0.0656
E10,E10,2025-09-19,intraday,pre,EPAM,6.398937093554657e-05,6.398937093554657e-05,0.0020684478502099868,1.1282023898701632,250,-0.0022696384369931617,0.09000000000000002,0.08500000000000002,0.445,0.535,True,shutdown_43d,False,control,0.0,0.0
E10,E10,2025-09-19,intraday,pre,CTSH,-0.05157267349988681,-0.05157267349988681,0.0020684478502099868,0.8762511767522062,250,-0.05338515336268389,0.09000000000000002,0.08500000000000002,0.445,0.535,True,shutdown_43d,False,control,0.0,0.0
E10,E10,2025-09-22,overnight,pre,CACI,-0.005713610620702525,-0.005713610620702525,-0.002260057213239852,0.5973893467364103,250,-0.004363476518498258,0.12,0.15000000000000002,0.535,0.655,True,shutdown_43d,False,exposed,0.956,0.0926
E10,E10,2025-09-22,overnight,pre,SAIC,-0.0023106324613583196,-0.0023106489414600473,-0.002260057213239852,0.5072238656419131,250,-0.0011642775050869122,0.12,0.15000000000000002,0.535,0.655,True,shutdown_43d,False,exposed,0.98,0.0479
E10,E10,2025-09-22,overnight,pre,LDOS,-0.002987450036068817,-0.0029873591922744414,-0.002260057213239852,0.5105114057420796,250,-0.0018336650510802131,0.12,0.15000000000000002,0.535,0.655,True,shutdown_43d,False,exposed,0.87,0.0736
E10,E10,2025-09-22,overnight,pre,BAH,-9.792539708974868e-05,-9.789809942895022e-05,-0.002260057213239852,0.7427406639593416,250,0.0015807109980581183,0.12,0.15000000000000002,0.535,0.655,True,shutdown_43d,False,exposed,0.98,0.0144
E10,E10,2025-09-22,overnight,pre,PSN,-0.006349258489446008,-0.006349258489446008,-0.002260057213239852,0.8230284694314509,250,-0.004489167060405702,0.12,0.15000000000000002,0.535,0.655,True,shutdown_43d,False,exposed,0.51,0.0099
E10,E10,2025-09-22,overnight,pre,ACN,0.000667516487564912,0.0006674990291180016,-0.002260057213239852,0.8651448685402132,250,0.0026227933882066647,0.12,0.15000000000000002,0.535,0.655,True,shutdown_43d,False,control,0.08,0.0656
E10,E10,2025-09-22,overnight,pre,EPAM,-0.007106277989945342,-0.007106277989945342,-0.002260057213239852,1.3202508209786081,250,-0.004122435598706802,0.12,0.15000000000000002,0.535,0.655,True,shutdown_43d,False,control,0.0,0.0
E10,E10,2025-09-22,overnight,pre,CTSH,0.0010457080586863121,0.0010457872088349696,-0.002260057213239852,0.709084711026143,250,0.0026482800746390426,0.12,0.15000000000000002,0.535,0.655,True,shutdown_43d,False,control,0.0,0.0
E10,E10,2025-09-22,intraday,pre,CACI,0.011714649567655666,0.011714649567655666,0.007006968611469322,0.6332763927356705,250,0.007277301761372304,-0.020000000000000018,-0.020000000000000018,0.655,0.635,True,shutdown_43d,False,exposed,0.956,0.0926
E10,E10,2025-09-22,intraday,pre,SAIC,-0.021036383834779793,-0.021036383834779793,0.007006968611469322,0.45951355131576493,250,-0.024256180865394154,-0.020000000000000018,-0.020000000000000018,0.655,0.635,True,shutdown_43d,False,exposed,0.98,0.0479
E10,E10,2025-09-22,intraday,pre,LDOS,0.005243703264734556,0.005243703264734556,0.007006968611469322,0.6339928035761456,250,0.0008013355901790682,-0.020000000000000018,-0.020000000000000018,0.655,0.635,True,shutdown_43d,False,exposed,0.87,0.0736
E10,E10,2025-09-22,intraday,pre,BAH,-0.022911940094607286,-0.022911940094607286,0.007006968611469322,0.49204674643288315,250,-0.026359696202238103,-0.020000000000000018,-0.020000000000000018,0.655,0.635,True,shutdown_43d,False,exposed,0.98,0.0144
E10,E10,2025-09-22,intraday,pre,PSN,-0.0006143453144439315,-0.0006143453144439315,0.007006968611469322,0.7606708365178285,250,-0.005944341989584468,-0.020000000000000018,-0.020000000000000018,0.655,0.635,True,shutdown_43d,False,exposed,0.51,0.0099
E10,E10,2025-09-22,intraday,pre,ACN,0.00054200325054099,0.00054200325054099,0.007006968611469322,0.7335702837748898,250,-0.004598100702176306,-0.020000000000000018,-0.020000000000000018,0.655,0.635,True,shutdown_43d,False,control,0.08,0.0656
E10,E10,2025-09-22,intraday,pre,EPAM,0.008640121426065406,0.008640121426065406,0.007006968611469322,1.1282023898701632,250,0.0007348426928604976,-0.020000000000000018,-0.020000000000000018,0.655,0.635,True,shutdown_43d,False,control,0.0,0.0
E10,E10,2025-09-22,intraday,pre,CTSH,0.01716163980412011,0.017161639804120332,0.007006968611469322,0.8762511767522062,250,0.011021775312854344,-0.020000000000000018,-0.020000000000000018,0.655,0.635,True,shutdown_43d,False,control,0.0,0.0
E10,E10,2025-09-23,overnight,pre,CACI,0.0038264811409436383,0.0038264811409436383,-0.00018003748298989208,0.5973893467364103,250,0.003934033615295037,-0.04500000000000004,-0.025000000000000022,0.635,0.59,True,shutdown_43d,False,exposed,0.956,0.0926
E10,E10,2025-09-23,overnight,pre,SAIC,0.003548553090197304,0.0035485251067697288,-0.00018003748298989208,0.5072238656419131,250,0.003639872398279877,-0.04500000000000004,-0.025000000000000022,0.635,0.59,True,shutdown_43d,False,exposed,0.98,0.0479
E10,E10,2025-09-23,overnight,pre,LDOS,0.0034598883108183376,0.0034598730279165046,-0.00018003748298989208,0.5105114057420796,250,0.003551799499345773,-0.04500000000000004,-0.025000000000000022,0.635,0.59,True,shutdown_43d,False,exposed,0.87,0.0736
E10,E10,2025-09-23,overnight,pre,BAH,0.0024050293394866085,0.0024050582365622297,-0.00018003748298989208,0.7427406639593416,250,0.0025387504991400897,-0.04500000000000004,-0.025000000000000022,0.635,0.59,True,shutdown_43d,False,exposed,0.98,0.0144
E10,E10,2025-09-23,overnight,pre,PSN,0.007131462153564749,0.007131462153564749,-0.00018003748298989208,0.8230284694314509,250,0.007279638127630211,-0.04500000000000004,-0.025000000000000022,0.635,0.59,True,shutdown_43d,False,exposed,0.51,0.0099
E10,E10,2025-09-23,overnight,pre,ACN,0.002166711063307236,0.00216663286342178,-0.00018003748298989208,0.8651448685402132,250,0.002322469567860837,-0.04500000000000004,-0.025000000000000022,0.635,0.59,True,shutdown_43d,False,control,0.08,0.0656
E10,E10,2025-09-23,overnight,pre,EPAM,0.008821868979093761,0.008821868979093761,-0.00018003748298989208,1.3202508209786081,250,0.009059563613818088,-0.04500000000000004,-0.025000000000000022,0.635,0.59,True,shutdown_43d,False,control,0.0,0.0
E10,E10,2025-09-23,overnight,pre,CTSH,-0.0023474714115061524,-0.0023473876609643174,-0.00018003748298989208,0.709084711026143,250,-0.0022198095849063904,-0.04500000000000004,-0.025000000000000022,0.635,0.59,True,shutdown_43d,False,control,0.0,0.0
E10,E10,2025-09-23,intraday,pre,CACI,-0.021322619366725082,-0.021322619366725082,-0.005264502121205217,0.6332763927356705,250,-0.017988734453858957,0.06500000000000006,0.015000000000000013,0.59,0.655,True,shutdown_43d,False,exposed,0.956,0.0926
E10,E10,2025-09-23,intraday,pre,SAIC,-0.03162755462043154,-0.03162755462043143,-0.005264502121205217,0.45951355131576493,250,-0.029208444554807155,0.06500000000000006,0.015000000000000013,0.59,0.655,True,shutdown_43d,False,exposed,0.98,0.0479
E10,E10,2025-09-23,intraday,pre,LDOS,-0.00747933199575046,-0.00747933199575046,-0.005264502121205217,0.6339928035761456,250,-0.004141675536494999,0.06500000000000006,0.015000000000000013,0.59,0.655,True,shutdown_43d,False,exposed,0.87,0.0736
E10,E10,2025-09-23,intraday,pre,BAH,-0.016994871442505666,-0.016994871442505666,-0.005264502121205217,0.49204674643288315,250,-0.014404490302177627,0.06500000000000006,0.015000000000000013,0.59,0.655,True,shutdown_43d,False,exposed,0.98,0.0144
E10,E10,2025-09-23,intraday,pre,PSN,-0.02173124564111395,-0.02173124564111395,-0.005264502121205217,0.7606708365178285,250,-0.017726692408726895,0.06500000000000006,0.015000000000000013,0.59,0.655,True,shutdown_43d,False,exposed,0.51,0.0099
E10,E10,2025-09-23,intraday,pre,ACN,-0.020830712297072562,-0.020830712297072562,-0.005264502121205217,0.7335702837748898,250,-0.016968829982086542,0.06500000000000006,0.015000000000000013,0.59,0.655,True,shutdown_43d,False,control,0.08,0.0656
E10,E10,2025-09-23,intraday,pre,EPAM,-0.023889514969487657,-0.023889514969487657,-0.005264502121205217,1.1282023898701632,250,-0.01795009109486739,0.06500000000000006,0.015000000000000013,0.59,0.655,True,shutdown_43d,False,control,0.0,0.0
E10,E10,2025-09-23,intraday,pre,CTSH,-0.004852968088235321,-0.00485296808823521,-0.005264502121205217,0.8762511767522062,250,-0.0002399419095147643,0.06500000000000006,0.015000000000000013,0.59,0.655,True,shutdown_43d,False,control,0.0,0.0
E10,E10,2025-09-24,overnight,pre,CACI,0.006937788447832327,0.006937788447832327,0.001960144987073198,0.5973893467364103,250,0.00576681871449602,0.010000000000000009,0.030000000000000027,0.655,0.665,True,shutdown_43d,False,exposed,0.956,0.0926
E10,E10,2025-09-24,overnight,pre,SAIC,-0.00030427813280919924,-0.000304184160620391,0.001960144987073198,0.5072238656419131,250,-0.0012985104503710845,0.010000000000000009,0.030000000000000027,0.655,0.665,True,shutdown_43d,False,exposed,0.98,0.0479
E10,E10,2025-09-24,overnight,pre,LDOS,0.006520235134882313,0.006520198784425668,0.001960144987073198,0.5105114057420796,250,0.005519558762073284,0.010000000000000009,0.030000000000000027,0.655,0.665,True,shutdown_43d,False,exposed,0.87,0.0736
E10,E10,2025-09-24,overnight,pre,BAH,0.00915286802857973,0.009152818212521341,0.001960144987073198,0.7427406639593416,250,0.0076969886394244085,0.010000000000000009,0.030000000000000027,0.655,0.665,True,shutdown_43d,False,exposed,0.98,0.0144
E10,E10,2025-09-24,overnight,pre,PSN,0.0063646843567064515,0.0063646843567064515,0.001960144987073198,0.8230284694314509,250,0.004751429228131866,0.010000000000000009,0.030000000000000027,0.655,0.665,True,shutdown_43d,False,exposed,0.51,0.0099
E10,E10,2025-09-24,overnight,pre,ACN,0.004968145222929987,0.004968216438894446,0.001960144987073198,0.8651448685402132,250,0.0032723358457687874,0.010000000000000009,0.030000000000000027,0.655,0.665,True,shutdown_43d,False,control,0.08,0.0656
E10,E10,2025-09-24,overnight,pre,EPAM,0.0,0.0,0.001960144987073198,1.3202508209786081,250,-0.002587883028420493,0.010000000000000009,0.030000000000000027,0.655,0.665,True,shutdown_43d,False,control,0.0,0.0
E10,E10,2025-09-24,overnight,pre,CTSH,0.0,-1.4546023241468475e-07,0.001960144987073198,0.709084711026143,250,-0.0013899088417281414,0.010000000000000009,0.030000000000000027,0.655,0.665,True,shutdown_43d,False,control,0.0,0.0
E10,E10,2025-09-24,intraday,pre,CACI,0.0017326105697157423,0.0017326105697157423,-0.005131652119170327,0.6332763927356705,250,0.004982364712518286,0.0050000000000000044,0.0050000000000000044,0.665,0.67,True,shutdown_43d,False,exposed,0.956,0.0926
E10,E10,2025-09-24,intraday,pre,SAIC,0.014711897076877367,0.014711897076877145,-0.005131652119170327,0.45951355131576493,250,0.017069960766274393,0.0050000000000000044,0.0050000000000000044,0.665,0.67,True,shutdown_43d,False,exposed,0.98,0.0479
E10,E10,2025-09-24,intraday,pre,LDOS,-0.004938182398509294,-0.004938182398509294,-0.005131652119170327,0.6339928035761456,250,-0.00168475188449903,0.0050000000000000044,0.0050000000000000044,0.665,0.67,True,shutdown_43d,False,exposed,0.87,0.0736
E10,E10,2025-09-24,intraday,pre,BAH,0.0005038337025811135,0.0005038337025811135,-0.005131652119170327,0.49204674643288315,250,0.003028846431644283,0.0050000000000000044,0.0050000000000000044,0.665,0.67,True,shutdown_43d,False,exposed,0.98,0.0144
E10,E10,2025-09-24,intraday,pre,PSN,0.0003720086833696179,0.0003720086833696179,-0.005131652119170327,0.7606708365178285,250,0.004275506793577398,0.0050000000000000044,0.0050000000000000044,0.665,0.67,True,shutdown_43d,False,exposed,0.51,0.0099
E10,E10,2025-09-24,intraday,pre,ACN,0.010182970458145535,0.010182970458145535,-0.005131652119170327,0.7335702837748898,250,0.013947397959439327,0.0050000000000000044,0.0050000000000000044,0.665,0.67,True,shutdown_43d,False,control,0.08,0.0656
E10,E10,2025-09-24,intraday,pre,EPAM,0.015515447312084651,0.015515447312084651,-0.005131652119170327,1.1282023898701632,250,0.0213049894969149,0.0050000000000000044,0.0050000000000000044,0.665,0.67,True,shutdown_43d,False,control,0.0,0.0
E10,E10,2025-09-24,intraday,pre,CTSH,0.010196578375347043,0.010196578375347043,-0.005131652119170327,0.8762511767522062,250,0.014693194583452994,0.0050000000000000044,0.0050000000000000044,0.665,0.67,True,shutdown_43d,False,control,0.0,0.0
E10,E10,2025-09-25,overnight,pre,CACI,0.00026139693325966107,0.00026139693325966107,-0.004779871905353006,0.5973893467364103,250,0.003116841488282214,-0.025000000000000022,-0.020000000000000018,0.67,0.645,True,shutdown_43d,False,exposed,0.956,0.0926
E10,E10,2025-09-25,overnight,pre,SAIC,-0.005099510941816043,-0.005099505925655112,-0.004779871905353006,0.5072238656419131,250,-0.002675045836709715,-0.025000000000000022,-0.020000000000000018,0.67,0.645,True,shutdown_43d,False,exposed,0.98,0.0479
E10,E10,2025-09-25,overnight,pre,LDOS,-0.0005869829433330365,-0.0005869199445078799,-0.004779871905353006,0.5105114057420796,250,0.0018531961823357993,-0.025000000000000022,-0.020000000000000018,0.67,0.645,True,shutdown_43d,False,exposed,0.87,0.0736
E10,E10,2025-09-25,overnight,pre,BAH,-0.004029024324288977,-0.004029010745969064,-0.004779871905353006,0.7427406639593416,250,-0.00047881909166648225,-0.025000000000000022,-0.020000000000000018,0.67,0.645,True,shutdown_43d,False,exposed,0.98,0.0144
E10,E10,2025-09-25,overnight,pre,PSN,-0.003346927558260604,-0.003346927558260604,-0.004779871905353006,0.8230284694314509,250,0.0005870431000804732,-0.025000000000000022,-0.020000000000000018,0.67,0.645,True,shutdown_43d,False,exposed,0.51,0.0099
E10,E10,2025-09-25,overnight,pre,ACN,-0.0024677777127237732,-0.0024677966524677686,-0.004779871905353006,0.8651448685402132,250,0.0016675039384719112,-0.025000000000000022,-0.020000000000000018,0.67,0.645,True,shutdown_43d,False,control,0.08,0.0656
E10,E10,2025-09-25,overnight,pre,EPAM,-0.010356038966944259,-0.010356038966944259,-0.004779871905353006,1.3202508209786081,250,-0.004045409159729368,-0.025000000000000022,-0.020000000000000018,0.67,0.645,True,shutdown_43d,False,control,0.0,0.0
E10,E10,2025-09-25,overnight,pre,CTSH,-0.003364589788583894,-0.0033643684386418515,-0.004779871905353006,0.709084711026143,250,2.4744300165322006e-05,-0.025000000000000022,-0.020000000000000018,0.67,0.645,True,shutdown_43d,False,control,0.0,0.0
E10,E10,2025-09-25,intraday,pre,CACI,-0.0424642026298403,-0.0424642026298403,0.00016716630634827645,0.6332763927356705,250,-0.04257006510531148,-0.010000000000000009,0.020000000000000018,0.645,0.635,True,shutdown_43d,False,exposed,0.956,0.0926
E10,E10,2025-09-25,intraday,pre,SAIC,-0.02311560854271355,-0.02311560854271344,0.00016716630634827645,0.45951355131576493,250,-0.023192423725803987,-0.010000000000000009,0.020000000000000018,0.645,0.635,True,shutdown_43d,False,exposed,0.98,0.0479
E10,E10,2025-09-25,intraday,pre,LDOS,-0.02632277685067319,-0.026322776850673302,0.00016716630634827645,0.6339928035761456,250,-0.026428759085898403,-0.010000000000000009,0.020000000000000018,0.645,0.635,True,shutdown_43d,False,exposed,0.87,0.0736
E10,E10,2025-09-25,intraday,pre,BAH,-0.013652897527765662,-0.013652897527765773,0.00016716630634827645,0.49204674643288315,250,-0.013735151164917534,-0.010000000000000009,0.020000000000000018,0.645,0.635,True,shutdown_43d,False,exposed,0.98,0.0144
E10,E10,2025-09-25,intraday,pre,PSN,-0.008706524461181808,-0.008706524461181808,0.00016716630634827645,0.7606708365178285,250,-0.008833682995269347,-0.010000000000000009,0.020000000000000018,0.645,0.635,True,shutdown_43d,False,exposed,0.51,0.0099
E10,E10,2025-09-25,intraday,pre,ACN,-0.02486480675602143,-0.02486480675602154,0.00016716630634827645,0.7335702837748898,250,-0.024987434990806936,-0.010000000000000009,0.020000000000000018,0.645,0.635,True,shutdown_43d,False,control,0.08,0.0656
E10,E10,2025-09-25,intraday,pre,EPAM,-0.031134889055769888,-0.031134889055769888,0.00016716630634827645,1.1282023898701632,250,-0.03132348648209778,-0.010000000000000009,0.020000000000000018,0.645,0.635,True,shutdown_43d,False,control,0.0,0.0
E10,E10,2025-09-25,intraday,pre,CTSH,-0.02142960720580389,-0.021429607205804002,0.00016716630634827645,0.8762511767522062,250,-0.021576086878454886,-0.010000000000000009,0.020000000000000018,0.645,0.635,True,shutdown_43d,False,control,0.0,0.0
E10,E10,2025-09-26,overnight,pre,CACI,0.004430572701620061,0.004430572701620061,0.0022187098656154536,0.5973893467364103,250,0.003105139064402417,0.030000000000000027,0.03500000000000003,0.635,0.665,True,shutdown_43d,False,exposed,0.956,0.0926
E10,E10,2025-09-26,overnight,pre,SAIC,0.0,-1.1344588746187156e-07,0.0022187098656154536,0.5072238656419131,250,-0.00112538259477532,0.030000000000000027,0.03500000000000003,0.635,0.665,True,shutdown_43d,False,exposed,0.98,0.0479
E10,E10,2025-09-26,overnight,pre,LDOS,0.005428852252372662,0.005428820238243981,0.0022187098656154536,0.5105114057420796,250,0.004296175559943496,0.030000000000000027,0.03500000000000003,0.635,0.665,True,shutdown_43d,False,exposed,0.87,0.0736
E10,E10,2025-09-26,overnight,pre,BAH,0.006357046629299701,0.0063570650838815634,0.0022187098656154536,0.7427406639593416,250,0.004709120590579337,0.030000000000000027,0.03500000000000003,0.635,0.665,True,shutdown_43d,False,exposed,0.98,0.0144
E10,E10,2025-09-26,overnight,pre,PSN,-0.0031367629807669273,-0.0031367629807669273,0.0022187098656154536,0.8230284694314509,250,-0.004962824365576874,0.030000000000000027,0.03500000000000003,0.635,0.665,True,shutdown_43d,False,exposed,0.51,0.0099
E10,E10,2025-09-26,overnight,pre,ACN,0.000172035175493912,0.00017201802025845758,0.0022187098656154536,0.8651448685402132,250,-0.0017474702795228438,0.030000000000000027,0.03500000000000003,0.635,0.665,True,shutdown_43d,False,control,0.08,0.0656
E10,E10,2025-09-26,overnight,pre,EPAM,-0.0004667464326481019,-0.0004667464326481019,0.0022187098656154536,1.3202508209786081,250,-0.0033959999542402418,0.030000000000000027,0.03500000000000003,0.635,0.665,True,shutdown_43d,False,control,0.0,0.0
E10,E10,2025-09-26,overnight,pre,CTSH,0.0007500082701741295,0.0007499661442347261,0.0022187098656154536,0.709084711026143,250,-0.000823244973736657,0.030000000000000027,0.03500000000000003,0.635,0.665,True,shutdown_43d,False,control,0.0,0.0
E10,E10,2025-09-26,intraday,pre,CACI,0.015135340457143265,0.015135340457143265,0.003502596572720007,0.6332763927356705,250,0.012917228734362816,0.010000000000000009,0.019999999999999907,0.665,0.675,True,shutdown_43d,False,exposed,0.956,0.0926
E10,E10,2025-09-26,intraday,pre,SAIC,0.0048354036496705,0.0048354036496705,0.003502596572720007,0.45951355131576493,250,0.0032259130597135028,0.010000000000000009,0.019999999999999907,0.665,0.675,True,shutdown_43d,False,exposed,0.98,0.0479
E10,E10,2025-09-26,intraday,pre,LDOS,0.008453710108712098,0.008453710108712098,0.003502596572720007,0.6339928035761456,250,0.006233089087777142,0.010000000000000009,0.019999999999999907,0.665,0.675,True,shutdown_43d,False,exposed,0.87,0.0736
E10,E10,2025-09-26,intraday,pre,BAH,0.009475295827843011,0.009475295827843233,0.003502596572720007,0.49204674643288315,250,0.007751854580169164,0.010000000000000009,0.019999999999999907,0.665,0.675,True,shutdown_43d,False,exposed,0.98,0.0144
E10,E10,2025-09-26,intraday,pre,PSN,0.025298957925258936,0.025298957925258936,0.003502596572720007,0.7606708365178285,250,0.02263463486030353,0.010000000000000009,0.019999999999999907,0.665,0.675,True,shutdown_43d,False,exposed,0.51,0.0099
E10,E10,2025-09-26,intraday,pre,ACN,0.027386048722893852,0.027386048722893852,0.003502596572720007,0.7335702837748898,250,0.02481664796109468,0.010000000000000009,0.019999999999999907,0.665,0.675,True,shutdown_43d,False,control,0.08,0.0656
E10,E10,2025-09-26,intraday,pre,EPAM,0.012806817789836389,0.012806817789836389,0.003502596572720007,1.1282023898701632,250,0.008855179965742633,0.010000000000000009,0.019999999999999907,0.665,0.675,True,shutdown_43d,False,control,0.0,0.0
E10,E10,2025-09-26,intraday,pre,CTSH,0.0038969144970888436,0.0038969144970888436,0.003502596572720007,0.8762511767522062,250,0.0008277601285546932,0.010000000000000009,0.019999999999999907,0.665,0.675,True,shutdown_43d,False,control,0.0,0.0
E10,E10,2025-09-29,overnight,pre,CACI,0.0057456055957880725,0.0057456055957880725,0.0038378684113256067,0.5973893467364103,250,0.0034529038926859636,-0.050000000000000044,-0.05999999999999994,0.675,0.625,True,shutdown_43d,False,exposed,0.956,0.0926
E10,E10,2025-09-29,overnight,pre,SAIC,0.007371774685065446,0.007371886986200282,0.0038378684113256067,0.5072238656419131,250,0.005425116233647885,-0.050000000000000044,-0.05999999999999994,0.675,0.625,True,shutdown_43d,False,exposed,0.98,0.0479
E10,E10,2025-09-29,overnight,pre,LDOS,0.007139033767161296,0.00713900729665351,0.0038378684113256067,0.5105114057420796,250,0.005179758169442338,-0.050000000000000044,-0.05999999999999994,0.675,0.625,True,shutdown_43d,False,exposed,0.87,0.0736
E10,E10,2025-09-29,overnight,pre,BAH,0.0029269369665290146,0.0029269458943346205,0.0038378684113256067,0.7427406639593416,250,7.639603451245003e-05,-0.050000000000000044,-0.05999999999999994,0.675,0.625,True,shutdown_43d,False,exposed,0.98,0.0144
E10,E10,2025-09-29,overnight,pre,PSN,0.006015196115074506,0.006015196115074506,0.0038378684113256067,0.8230284694314509,250,0.0028565211506218777,-0.050000000000000044,-0.05999999999999994,0.675,0.625,True,shutdown_43d,False,exposed,0.51,0.0099
E10,E10,2025-09-29,overnight,pre,ACN,0.006402472244704471,0.006402492550213079,0.0038378684113256067,0.8651448685402132,250,0.0030821600825135425,-0.050000000000000044,-0.05999999999999994,0.675,0.625,True,shutdown_43d,False,control,0.08,0.0656
E10,E10,2025-09-29,overnight,pre,EPAM,0.01099840780225314,0.01099840780225314,0.0038378684113256067,1.3202508209786081,250,0.005931458881392642,-0.050000000000000044,-0.05999999999999994,0.675,0.625,True,shutdown_43d,False,control,0.0,0.0
E10,E10,2025-09-29,overnight,pre,CTSH,0.0040310036795436766,0.004030913793891422,0.0038378684113256067,0.709084711026143,250,0.001309629866142496,-0.050000000000000044,-0.05999999999999994,0.675,0.625,True,shutdown_43d,False,control,0.0,0.0
E10,E10,2025-09-29,intraday,pre,CACI,-0.00065524242759607,-0.00065524242759607,-0.0010235304879036011,0.6332763927356705,250,-7.0647323614966276e-06,-0.010000000000000009,0.08499999999999996,0.625,0.615,True,shutdown_43d,False,exposed,0.956,0.0926
E10,E10,2025-09-29,intraday,pre,SAIC,-0.006809616568288046,-0.006809616568288157,-0.0010235304879036011,0.45951355131576493,250,-0.006339290438911504,-0.010000000000000009,0.08499999999999996,0.625,0.615,True,shutdown_43d,False,exposed,0.98,0.0479
E10,E10,2025-09-29,intraday,pre,LDOS,-0.0032756986149133915,-0.0032756986149132805,-0.0010235304879036011,0.6339928035761456,250,-0.0026267876513417273,-0.010000000000000009,0.08499999999999996,0.625,0.615,True,shutdown_43d,False,exposed,0.87,0.0736
E10,E10,2025-09-29,intraday,pre,BAH,-0.004830465399176975,-0.004830465399176975,-0.0010235304879036011,0.49204674643288315,250,-0.0043268405527291465,-0.010000000000000009,0.08499999999999996,0.625,0.615,True,shutdown_43d,False,exposed,0.98,0.0144
E10,E10,2025-09-29,intraday,pre,PSN,-0.0009761342645174809,-0.0009761342645174809,-0.0010235304879036011,0.7606708365178285,250,-0.0001975644720823474,-0.010000000000000009,0.08499999999999996,0.625,0.615,True,shutdown_43d,False,exposed,0.51,0.0099
E10,E10,2025-09-29,intraday,pre,ACN,0.027027027027026973,0.027027027027026973,-0.0010235304879036011,0.7335702837748898,250,0.02777785857749067,-0.010000000000000009,0.08499999999999996,0.625,0.615,True,shutdown_43d,False,control,0.08,0.0656
E10,E10,2025-09-29,intraday,pre,EPAM,0.0064491273237585744,0.0064491273237585744,-0.0010235304879036011,1.1282023898701632,250,0.007603876866316391,-0.010000000000000009,0.08499999999999996,0.625,0.615,True,shutdown_43d,False,control,0.0,0.0
E10,E10,2025-09-29,intraday,pre,CTSH,-0.0025278538289962293,-0.0025278538289963404,-0.0010235304879036011,0.8762511767522062,250,-0.001630984034528939,-0.010000000000000009,0.08499999999999996,0.625,0.615,True,shutdown_43d,False,control,0.0,0.0
E10,E10,2025-09-30,overnight,pre,CACI,0.004097856841033698,0.004097856841033698,-0.0011300626932398972,0.5973893467364103,250,0.004772944255119468,0.17000000000000004,0.05500000000000005,0.615,0.785,True,shutdown_43d,False,exposed,0.956,0.0926
E10,E10,2025-09-30,overnight,pre,SAIC,-0.003070027079968951,-0.003070009510160787,-0.0011300626932398972,0.5072238656419131,250,-0.002496832312286099,0.17000000000000004,0.05500000000000005,0.615,0.785,True,shutdown_43d,False,exposed,0.98,0.0479
E10,E10,2025-09-30,overnight,pre,LDOS,0.0032326173054277874,0.003232727314322892,-0.0011300626932398972,0.5105114057420796,250,0.003809527199530368,0.17000000000000004,0.05500000000000005,0.615,0.785,True,shutdown_43d,False,exposed,0.87,0.0736
E10,E10,2025-09-30,overnight,pre,BAH,0.008292038578806116,0.008292071374837784,-0.0011300626932398972,0.7427406639593416,250,0.009131382093898799,0.17000000000000004,0.05500000000000005,0.615,0.785,True,shutdown_43d,False,exposed,0.98,0.0144
E10,E10,2025-09-30,overnight,pre,PSN,0.005740730111310599,0.005740730111310599,-0.0011300626932398972,0.8230284694314509,250,0.006670803880089415,0.17000000000000004,0.05500000000000005,0.615,0.785,True,shutdown_43d,False,exposed,0.51,0.0099
E10,E10,2025-09-30,overnight,pre,ACN,-0.0016599340080971636,-0.001659951211266275,-0.0011300626932398972,0.8651448685402132,250,-0.0006822660679119334,0.17000000000000004,0.05500000000000005,0.615,0.785,True,shutdown_43d,False,control,0.08,0.0656
E10,E10,2025-09-30,overnight,pre,EPAM,-0.009773427184466055,-0.009773427184466055,-0.0011300626932398972,1.3202508209786081,250,-0.008281460985958784,0.17000000000000004,0.05500000000000005,0.615,0.785,True,shutdown_43d,False,control,0.0,0.0
E10,E10,2025-09-30,overnight,pre,CTSH,-0.002534260068012828,-0.002534251798038789,-0.0011300626932398972,0.709084711026143,250,-0.0017329498897353905,0.17000000000000004,0.05500000000000005,0.615,0.785,True,shutdown_43d,False,control,0.0,0.0
E10,E10,2025-09-30,intraday,pre,CACI,0.01779374207791906,0.01779374207791906,0.004902478445368397,0.6332763927356705,250,0.014689118212571786,0.06999999999999995,0.06499999999999995,0.785,0.855,True,shutdown_43d,False,exposed,0.956,0.0926
E10,E10,2025-09-30,intraday,pre,SAIC,0.020016471121229173,0.020016471121229173,0.004902478445368397,0.45951355131576493,250,0.017763715840548953,0.06999999999999995,0.06499999999999995,0.785,0.855,True,shutdown_43d,False,exposed,0.98,0.0479
E10,E10,2025-09-30,intraday,pre,LDOS,0.014768271849270098,0.014768271849270098,0.004902478445368397,0.6339928035761456,250,0.011660135795219365,0.06999999999999995,0.06499999999999995,0.785,0.855,True,shutdown_43d,False,exposed,0.87,0.0736
E10,E10,2025-09-30,intraday,pre,BAH,0.002406958902962497,0.002406958902962497,0.004902478445368397,0.49204674643288315,250,-5.289665538361736e-06,0.06999999999999995,0.06499999999999995,0.785,0.855,True,shutdown_43d,False,exposed,0.98,0.0144
E10,E10,2025-09-30,intraday,pre,PSN,0.00704398658951888,0.00704398658951888,0.004902478445368397,0.7606708365178285,250,0.0033148142094698786,0.06999999999999995,0.06499999999999995,0.785,0.855,True,shutdown_43d,False,exposed,0.51,0.0099
E10,E10,2025-09-30,intraday,pre,ACN,4.059288758750945e-05,4.059288758750945e-05,0.004902478445368397,0.7335702837748898,250,-0.003555719616781666,0.06999999999999995,0.06499999999999995,0.785,0.855,True,shutdown_43d,False,control,0.08,0.0656
E10,E10,2025-09-30,intraday,pre,EPAM,-0.014380104065033206,-0.014380104065033206,0.004902478445368397,1.1282023898701632,250,-0.019911091963384794,0.06999999999999995,0.06499999999999995,0.785,0.855,True,shutdown_43d,False,control,0.0,0.0
E10,E10,2025-09-30,intraday,pre,CTSH,0.002391212393486164,0.002391212393486164,0.004902478445368397,0.8762511767522062,250,-0.0019045901132702199,0.06999999999999995,0.06499999999999995,0.785,0.855,True,shutdown_43d,False,control,0.0,0.0
E10,E10,2025-10-01,overnight,resolution,CACI,-0.007458200426941453,-0.007458200426941453,-0.00451831311805162,0.5973893467364103,250,-0.004759008304998042,0.14,0.14850000000000008,0.855,0.995,True,shutdown_43d,False,exposed,0.956,0.0926
E10,E10,2025-10-01,overnight,resolution,SAIC,-0.007044425486845363,-0.007044464493622504,-0.00451831311805162,0.5072238656419131,250,-0.004752629240926654,0.14,0.14850000000000008,0.855,0.995,True,shutdown_43d,False,exposed,0.98,0.0479
E10,E10,2025-10-01,overnight,resolution,LDOS,-0.011378117187587966,-0.011378264766553015,-0.00451831311805162,0.5105114057420796,250,-0.009071466806108555,0.14,0.14850000000000008,0.855,0.995,True,shutdown_43d,False,exposed,0.87,0.0736
E10,E10,2025-10-01,overnight,resolution,BAH,-0.002000970046052597,-0.0020010044483618206,-0.00451831311805162,0.7427406639593416,250,0.0013549648392252663,0.14,0.14850000000000008,0.855,0.995,True,shutdown_43d,False,exposed,0.98,0.0144
E10,E10,2025-10-01,overnight,resolution,PSN,-0.00470332125671824,-0.00470332125671824,-0.00451831311805162,0.8230284694314509,250,-0.000984620926756169,0.14,0.14850000000000008,0.855,0.995,True,shutdown_43d,False,exposed,0.51,0.0099
E10,E10,2025-10-01,overnight,resolution,ACN,-0.005433947959663121,-0.00543395164878735,-0.00451831311805162,0.8651448685402132,250,-0.0015249525511228318,0.14,0.14850000000000008,0.855,0.995,True,shutdown_43d,False,control,0.08,0.0656
E10,E10,2025-10-01,overnight,resolution,EPAM,-0.00835595567335301,-0.00835595567335301,-0.00451831311805162,1.3202508209786081,250,-0.002390649069806944,0.14,0.14850000000000008,0.855,0.995,True,shutdown_43d,False,control,0.0,0.0
E10,E10,2025-10-01,overnight,resolution,CTSH,-0.004025594770358354,-0.004025579923848777,-0.00451831311805162,0.709084711026143,250,-0.0008217280187190895,0.14,0.14850000000000008,0.855,0.995,True,shutdown_43d,False,control,0.0,0.0
E11,E11,2026-01-02,intraday,pre,CACI,0.007328909278350615,0.007328909278350615,-0.003704246720197313,0.5794156997178066,250,0.009475207983661131,0.0,0.0050000000000000044,0.295,0.295,True,brief_lapse,False,exposed,0.956,0.0926
E11,E11,2026-01-02,intraday,pre,SAIC,0.005463425149837775,0.005463425149837775,-0.003704246720197313,0.447415797042955,250,0.0071207636485986076,0.0,0.0050000000000000044,0.295,0.295,True,brief_lapse,False,exposed,0.98,0.0479
E11,E11,2026-01-02,intraday,pre,LDOS,0.021547856172372537,0.021547856172372315,-0.003704246720197313,0.6265406685673371,250,0.023868717388983326,0.0,0.0050000000000000044,0.295,0.295,True,brief_lapse,False,exposed,0.87,0.0736
E11,E11,2026-01-02,intraday,pre,BAH,0.00771606774112521,0.00771606774112521,-0.003704246720197313,0.4800090752203026,250,0.00949413978367496,0.0,0.0050000000000000044,0.295,0.295,True,brief_lapse,False,exposed,0.98,0.0144
E11,E11,2026-01-02,intraday,pre,PSN,0.00663430169970991,0.00663430169970991,-0.003704246720197313,0.7343520867510146,250,0.009354523008527408,0.0,0.0050000000000000044,0.295,0.295,True,brief_lapse,False,exposed,0.51,0.0099
E11,E11,2026-01-02,intraday,pre,ACN,-0.03288811347316134,-0.03288811347316134,-0.003704246720197313,0.7595040117090341,250,-0.03007472322881145,0.0,0.0050000000000000044,0.295,0.295,True,brief_lapse,False,control,0.08,0.0656
E11,E11,2026-01-02,intraday,pre,EPAM,-0.021286985863709473,-0.021286985863709473,-0.003704246720197313,1.176558662006127,250,-0.01692872229885354,0.0,0.0050000000000000044,0.295,0.295,True,brief_lapse,False,control,0.0,0.0
E11,E11,2026-01-02,intraday,pre,CTSH,-0.020604881601330893,-0.020604881601330893,-0.003704246720197313,0.8787156281832954,250,-0.0173499021176468,0.0,0.0050000000000000044,0.295,0.295,True,brief_lapse,False,control,0.0,0.0
E11,E11,2026-01-05,overnight,pre,CACI,-0.0020095570496587722,-0.0020095570496587722,0.0049328793482621425,0.5058246257154955,250,-0.004504728899693168,-0.09,-0.04000000000000001,0.295,0.205,True,brief_lapse,False,exposed,0.956,0.0926
E11,E11,2026-01-05,overnight,pre,SAIC,0.007705975012377353,0.00770599071640099,0.0049328793482621425,0.4059812051615899,250,0.00570331870965317,-0.09,-0.04000000000000001,0.295,0.205,True,brief_lapse,False,exposed,0.98,0.0479
E11,E11,2026-01-05,overnight,pre,LDOS,0.0095928189267378,0.00959290515509914,0.0049328793482621425,0.4854339417957971,250,0.007198231860307826,-0.09,-0.04000000000000001,0.295,0.205,True,brief_lapse,False,exposed,0.87,0.0736
E11,E11,2026-01-05,overnight,pre,BAH,-0.006714568313062608,-0.006714492784117176,0.0049328793482621425,0.6183618978011378,250,-0.009764872948478026,-0.09,-0.04000000000000001,0.295,0.205,True,brief_lapse,False,exposed,0.98,0.0144
E11,E11,2026-01-05,overnight,pre,PSN,0.01928951595798667,0.01928951595798667,0.0049328793482621425,0.781177308882718,250,0.015436062543668113,-0.09,-0.04000000000000001,0.295,0.205,True,brief_lapse,False,exposed,0.51,0.0099
E11,E11,2026-01-05,overnight,pre,ACN,0.00338516775803388,0.0033850786922489107,0.0049328793482621425,0.8185521950722057,250,-0.0006526514605124482,-0.09,-0.04000000000000001,0.295,0.205,True,brief_lapse,False,control,0.08,0.0656
E11,E11,2026-01-05,overnight,pre,EPAM,-0.00034923325182156795,-0.00034923325182156795,0.0049328793482621425,1.3262383949307894,250,-0.00689140724104799,-0.09,-0.04000000000000001,0.295,0.205,True,brief_lapse,False,control,0.0,0.0
E11,E11,2026-01-05,overnight,pre,CTSH,-0.0008612167944227478,-0.0008611164558008921,0.0049328793482621425,0.7585859547561383,250,-0.004603229784521023,-0.09,-0.04000000000000001,0.295,0.205,True,brief_lapse,False,control,0.0,0.0
E11,E11,2026-01-05,intraday,pre,CACI,0.06022409108229643,0.06022409108229643,0.0017187530774791515,0.5794156997178066,250,0.05922821856526671,0.010000000000000009,-0.020000000000000018,0.205,0.215,True,brief_lapse,False,exposed,0.956,0.0926
E11,E11,2026-01-05,intraday,pre,SAIC,0.051176482352941255,0.051176482352941255,0.0017187530774791515,0.447415797042955,250,0.05040748507486089,0.010000000000000009,-0.020000000000000018,0.205,0.215,True,brief_lapse,False,exposed,0.98,0.0479
E11,E11,2026-01-05,intraday,pre,LDOS,0.05539064966895113,0.05539064966895113,0.0017187530774791515,0.6265406685673371,250,0.054313780966685175,0.010000000000000009,-0.020000000000000018,0.205,0.215,True,brief_lapse,False,exposed,0.87,0.0736
E11,E11,2026-01-05,intraday,pre,BAH,0.059535064853603714,0.059535064853603714,0.0017187530774791515,0.4800090752203026,250,0.0587100477783509,0.010000000000000009,-0.020000000000000018,0.205,0.215,True,brief_lapse,False,exposed,0.98,0.0144
E11,E11,2026-01-05,intraday,pre,PSN,0.04920357888945803,0.04920357888945803,0.0017187530774791515,0.7343520867510146,250,0.04794140898040149,0.010000000000000009,-0.020000000000000018,0.205,0.215,True,brief_lapse,False,exposed,0.51,0.0099
E11,E11,2026-01-05,intraday,pre,ACN,0.012076925820767581,0.012076925820767581,0.0017187530774791515,0.7595040117090341,250,0.010771525963284918,0.010000000000000009,-0.020000000000000018,0.205,0.215,True,brief_lapse,False,control,0.08,0.0656
E11,E11,2026-01-05,intraday,pre,EPAM,0.031039479108856183,0.031039479108856183,0.0017187530774791515,1.176558662006127,250,0.0290172652876984,0.010000000000000009,-0.020000000000000018,0.205,0.215,True,brief_lapse,False,control,0.0,0.0
E11,E11,2026-01-05,intraday,pre,CTSH,0.005171754399187378,0.005171754399187378,0.0017187530774791515,0.8787156281832954,250,0.0036614592090183137,0.010000000000000009,-0.020000000000000018,0.205,0.215,True,brief_lapse,False,control,0.0,0.0
E11,E11,2026-01-06,overnight,pre,CACI,-0.0004924631088527587,-0.0004924631088527587,0.0003053888340427413,0.5058246257154955,250,-0.0006469363015301199,0.010000000000000009,0.020000000000000018,0.215,0.225,True,brief_lapse,False,exposed,0.956,0.0926
E11,E11,2026-01-06,overnight,pre,SAIC,-0.004476807448496767,-0.004476777687351552,0.0003053888340427413,0.4059812051615899,250,-0.004600789575384331,0.010000000000000009,0.020000000000000018,0.215,0.225,True,brief_lapse,False,exposed,0.98,0.0479
E11,E11,2026-01-06,overnight,pre,LDOS,-0.0014834957892514433,-0.001483559086126629,0.0003053888340427413,0.4854339417957971,250,-0.0016317418947412337,0.010000000000000009,0.020000000000000018,0.215,0.225,True,brief_lapse,False,exposed,0.87,0.0736
E11,E11,2026-01-06,overnight,pre,BAH,-0.0008953906791708821,-0.0008954501821329952,0.0003053888340427413,0.6183618978011378,250,-0.0010842314981568285,0.010000000000000009,0.020000000000000018,0.215,0.225,True,brief_lapse,False,exposed,0.98,0.0144
E11,E11,2026-01-06,overnight,pre,PSN,-0.0037577033606552845,-0.0037577033606552845,0.0003053888340427413,0.781177308882718,250,-0.003996266188195624,0.010000000000000009,0.020000000000000018,0.215,0.225,True,brief_lapse,False,exposed,0.51,0.0099
E11,E11,2026-01-06,overnight,pre,ACN,-0.003598803547288254,-0.0035987873174119223,0.0003053888340427413,0.8185521950722057,250,-0.0038487802477444816,0.010000000000000009,0.020000000000000018,0.215,0.225,True,brief_lapse,False,control,0.08,0.0656
E11,E11,2026-01-06,overnight,pre,EPAM,-0.00372684912523058,-0.00372684912523058,0.0003053888340427413,1.3262383949307894,250,-0.004131867522321211,0.010000000000000009,0.020000000000000018,0.215,0.225,True,brief_lapse,False,control,0.0,0.0
E11,E11,2026-01-06,overnight,pre,CTSH,-0.00514514497303864,-0.0051451960833844845,0.0003053888340427413,0.7585859547561383,250,-0.005376808653282817,0.010000000000000009,0.020000000000000018,0.215,0.225,True,brief_lapse,False,control,0.0,0.0
E11,E11,2026-01-06,intraday,pre,CACI,-0.01567691313894015,-0.01567691313894015,0.00564011591466107,0.5794156997178066,250,-0.018944884848123032,0.004999999999999893,0.0,0.225,0.2299999999999999,True,brief_lapse,False,exposed,0.956,0.0926
E11,E11,2026-01-06,intraday,pre,SAIC,0.019299280874353508,0.019299280874353508,0.00564011591466107,0.447415797042955,250,0.01677580391698077,0.004999999999999893,0.0,0.225,0.2299999999999999,True,brief_lapse,False,exposed,0.98,0.0479
E11,E11,2026-01-06,intraday,pre,LDOS,0.011782802953517857,0.011782802953517857,0.00564011591466107,0.6265406685673371,250,0.008249040957548831,0.004999999999999893,0.0,0.225,0.2299999999999999,True,brief_lapse,False,exposed,0.87,0.0736
E11,E11,2026-01-06,intraday,pre,BAH,0.008738502815366367,0.008738502815366367,0.00564011591466107,0.4800090752203026,250,0.006031195991034595,0.004999999999999893,0.0,0.225,0.2299999999999999,True,brief_lapse,False,exposed,0.98,0.0144
E11,E11,2026-01-06,intraday,pre,PSN,-0.005884118846991915,-0.005884118846991915,0.00564011591466107,0.7343520867510146,250,-0.010025949738440879,0.004999999999999893,0.0,0.225,0.2299999999999999,True,brief_lapse,False,exposed,0.51,0.0099
E11,E11,2026-01-06,intraday,pre,ACN,0.0490438123364354,0.0490438123364354,0.00564011591466107,0.7595040117090341,250,0.044760121672746345,0.004999999999999893,0.0,0.225,0.2299999999999999,True,brief_lapse,False,control,0.08,0.0656
E11,E11,2026-01-06,intraday,pre,EPAM,0.06092114664500703,0.06092114664500703,0.00564011591466107,1.176558662006127,250,0.05428521941089394,0.004999999999999893,0.0,0.225,0.2299999999999999,True,brief_lapse,False,control,0.0,0.0
E11,E11,2026-01-06,intraday,pre,CTSH,0.041989948388508225,0.041989948388508225,0.00564011591466107,0.8787156281832954,250,0.03703389038953022,0.004999999999999893,0.0,0.225,0.2299999999999999,True,brief_lapse,False,control,0.0,0.0
E11,E11,2026-01-07,overnight,pre,CACI,0.005594889329637365,0.005594889329637365,0.0005492907031097172,0.5058246257154955,250,0.00531704456532789,0.005000000000000088,0.0,0.2299999999999999,0.235,True,brief_lapse,False,exposed,0.956,0.0926
E11,E11,2026-01-07,overnight,pre,SAIC,0.0,-4.424982080752926e-08,0.0005492907031097172,0.4059812051615899,250,-0.00022300170163254006,0.005000000000000088,0.0,0.2299999999999999,0.235,True,brief_lapse,False,exposed,0.98,0.0479
E11,E11,2026-01-07,overnight,pre,LDOS,0.006987366582278387,0.006987307841564316,0.0005492907031097172,0.4854339417957971,250,0.0067207222310760525,0.005000000000000088,0.0,0.2299999999999999,0.235,True,brief_lapse,False,exposed,0.87,0.0736
E11,E11,2026-01-07,overnight,pre,BAH,0.008107460157054103,0.008107456485009878,0.0005492907031097172,0.6183618978011378,250,0.0077677997154346565,0.005000000000000088,0.0,0.2299999999999999,0.235,True,brief_lapse,False,exposed,0.98,0.0144
E11,E11,2026-01-07,overnight,pre,PSN,0.0010623719934443887,0.0010623719934443887,0.0005492907031097172,0.781177308882718,250,0.0006332785601948438,0.005000000000000088,0.0,0.2299999999999999,0.235,True,brief_lapse,False,exposed,0.51,0.0099
E11,E11,2026-01-07,overnight,pre,ACN,0.00028999058499223906,0.00029009147892189446,0.0005492907031097172,0.8185521950722057,250,-0.00015963252577097514,0.005000000000000088,0.0,0.2299999999999999,0.235,True,brief_lapse,False,control,0.08,0.0656
E11,E11,2026-01-07,overnight,pre,EPAM,-0.0017401084873772676,-0.0017401084873772676,0.0005492907031097172,1.3262383949307894,250,-0.0024685989078199037,0.005000000000000088,0.0,0.2299999999999999,0.235,True,brief_lapse,False,control,0.0,0.0
E11,E11,2026-01-07,overnight,pre,CTSH,-0.001418136919169477,-0.001418147402728498,0.0005492907031097172,0.7585859547561383,250,-0.0018348211316266323,0.005000000000000088,0.0,0.2299999999999999,0.235,True,brief_lapse,False,control,0.0,0.0
E11,E11,2026-01-07,intraday,pre,CACI,0.0003910103580808677,0.0003910103580808677,-0.003770619758954319,0.5794156997178066,250,0.0025757666440851716,-0.009999999999999981,-0.020000000000000018,0.235,0.225,True,brief_lapse,False,exposed,0.956,0.0926
E11,E11,2026-01-07,intraday,pre,SAIC,-0.01801476786906453,-0.01801476786906453,-0.003770619758954319,0.447415797042955,250,-0.01632773302426607,-0.009999999999999981,-0.020000000000000018,0.235,0.225,True,brief_lapse,False,exposed,0.98,0.0479
E11,E11,2026-01-07,intraday,pre,LDOS,-0.01141393928032819,-0.0114139392803283,-0.003770619758954319,0.6265406685673371,250,-0.009051492655639738,-0.009999999999999981,-0.020000000000000018,0.235,0.225,True,brief_lapse,False,exposed,0.87,0.0736
E11,E11,2026-01-07,intraday,pre,BAH,-0.005618536067844904,-0.005618536067844904,-0.003770619758954319,0.4800090752203026,250,-0.0038086043643418407,-0.009999999999999981,-0.020000000000000018,0.235,0.225,True,brief_lapse,False,exposed,0.98,0.0144
E11,E11,2026-01-07,intraday,pre,PSN,-0.003183733822453627,-0.003183733822453627,-0.003770619758954319,0.7343520867510146,250,-0.0004147713341209154,-0.009999999999999981,-0.020000000000000018,0.235,0.225,True,brief_lapse,False,exposed,0.51,0.0099
E11,E11,2026-01-07,intraday,pre,ACN,-0.007354801376482478,-0.007354801376482589,-0.003770619758954319,0.7595040117090341,250,-0.004491000542927321,-0.009999999999999981,-0.020000000000000018,0.235,0.225,True,brief_lapse,False,control,0.08,0.0656
E11,E11,2026-01-07,intraday,pre,EPAM,0.0009174169724770476,0.0009174169724770476,-0.003770619758954319,1.176558662006127,250,0.005353772311006207,-0.009999999999999981,-0.020000000000000018,0.235,0.225,True,brief_lapse,False,control,0.0,0.0
E11,E11,2026-01-07,intraday,pre,CTSH,-0.0046153773964496825,-0.0046153773964497935,-0.003770619758954319,0.8787156281832954,250,-0.0013020748863197922,-0.009999999999999981,-0.020000000000000018,0.235,0.225,True,brief_lapse,False,control,0.0,0.0
E11,E11,2026-01-08,overnight,pre,CACI,0.03939310376276817,0.03939310376276817,-0.0011021343153128083,0.5058246257154955,250,0.03995059044029947,0.01999999999999999,0.05000000000000002,0.225,0.245,True,brief_lapse,False,exposed,0.956,0.0926
E11,E11,2026-01-08,overnight,pre,SAIC,0.015443669572646757,0.0154437198606594,-0.0011021343153128083,0.4059812051615899,250,0.015891115390227393,0.01999999999999999,0.05000000000000002,0.225,0.245,True,brief_lapse,False,exposed,0.98,0.0479
E11,E11,2026-01-08,overnight,pre,LDOS,0.007069830607589145,0.0070698868073879595,-0.0011021343153128083,0.4854339417957971,250,0.0076048440126598536,0.01999999999999999,0.05000000000000002,0.225,0.245,True,brief_lapse,False,exposed,0.87,0.0736
E11,E11,2026-01-08,overnight,pre,BAH,0.016286297198618627,0.016286310286693917,-0.0011021343153128083,0.6183618978011378,250,0.016967815065467212,0.01999999999999999,0.05000000000000002,0.225,0.245,True,brief_lapse,False,exposed,0.98,0.0144
E11,E11,2026-01-08,overnight,pre,PSN,0.008973328365019073,0.008973328365019073,-0.0011021343153128083,0.781177308882718,250,0.00983429068348243,0.01999999999999999,0.05000000000000002,0.225,0.245,True,brief_lapse,False,exposed,0.51,0.0099
E11,E11,2026-01-08,overnight,pre,ACN,-0.00631436940850405,-0.006314486215926118,-0.0011021343153128083,0.8185521950722057,250,-0.005412214945440349,0.01999999999999999,0.05000000000000002,0.225,0.245,True,brief_lapse,False,control,0.08,0.0656
E11,E11,2026-01-08,overnight,pre,EPAM,-0.009899191708008681,-0.009899191708008681,-0.0011021343153128083,1.3262383949307894,250,-0.008437498862670078,0.01999999999999999,0.05000000000000002,0.225,0.245,True,brief_lapse,False,control,0.0,0.0
E11,E11,2026-01-08,overnight,pre,CTSH,-0.006657918867419621,-0.006657880273933214,-0.0011021343153128083,0.7585859547561383,250,-0.0058218552555685515,0.01999999999999999,0.05000000000000002,0.225,0.245,True,brief_lapse,False,control,0.0,0.0
E11,E11,2026-01-08,intraday,pre,CACI,-0.0014872727490425897,-0.0014872727490425897,0.0010017166933125043,0.5794156997178066,250,-0.002067683127817262,0.0,-0.015000000000000013,0.245,0.245,True,brief_lapse,False,exposed,0.956,0.0926
E11,E11,2026-01-08,intraday,pre,SAIC,0.032168914808320626,0.03216891480832085,0.0010017166933125043,0.447415797042955,250,0.03172073093557098,0.0,-0.015000000000000013,0.245,0.245,True,brief_lapse,False,exposed,0.98,0.0479
E11,E11,2026-01-08,intraday,pre,LDOS,-0.014040397979797947,-0.014040397979797947,0.0010017166933125043,0.6265406685673371,250,-0.014668014226541026,0.0,-0.015000000000000013,0.245,0.245,True,brief_lapse,False,exposed,0.87,0.0736
E11,E11,2026-01-08,intraday,pre,BAH,0.027144857394454158,0.027144857394454158,0.0010017166933125043,0.4800090752203026,250,0.026664024290864483,0.0,-0.015000000000000013,0.245,0.245,True,brief_lapse,False,exposed,0.98,0.0144
E11,E11,2026-01-08,intraday,pre,PSN,0.027585196426919145,0.027585196426919145,0.0010017166933125043,0.7343520867510146,250,0.026849583682851782,0.0,-0.015000000000000013,0.245,0.245,True,brief_lapse,False,exposed,0.51,0.0099
E11,E11,2026-01-08,intraday,pre,ACN,0.035151541965105615,0.035151541965105615,0.0010017166933125043,0.7595040117090341,250,0.03439073411793886,0.0,-0.015000000000000013,0.245,0.245,True,brief_lapse,False,control,0.08,0.0656
E11,E11,2026-01-08,intraday,pre,EPAM,0.01731163495643373,0.01731163495643373,0.0010017166933125043,1.176558662006127,250,0.016133056504040767,0.0,-0.015000000000000013,0.245,0.245,True,brief_lapse,False,control,0.0,0.0
E11,E11,2026-01-08,intraday,pre,CTSH,0.026570837928892255,0.026570837928892255,0.0010017166933125043,0.8787156281832954,250,0.025690613815466463,0.0,-0.015000000000000013,0.245,0.245,True,brief_lapse,False,control,0.0,0.0
E11,E11,2026-01-09,overnight,pre,CACI,0.002174251299478902,0.002174251299478902,0.0016243347943925013,0.5058246257154955,250,0.0013526227600686588,-0.015000000000000097,-0.014999999999999986,0.245,0.2299999999999999,True,brief_lapse,False,exposed,0.956,0.0926
E11,E11,2026-01-09,overnight,pre,SAIC,-0.005983262901026132,-0.005983296084764667,0.0016243347943925013,0.4059812051615899,250,-0.0066427122984395025,-0.015000000000000097,-0.014999999999999986,0.245,0.2299999999999999,True,brief_lapse,False,exposed,0.98,0.0479
E11,E11,2026-01-09,overnight,pre,LDOS,-0.007888579502785098,-0.007888608706826505,0.0016243347943925013,0.4854339417957971,250,-0.008677086744823115,-0.015000000000000097,-0.014999999999999986,0.245,0.2299999999999999,True,brief_lapse,False,exposed,0.87,0.0736
E11,E11,2026-01-09,overnight,pre,BAH,-0.0061558249043716096,-0.006155837035963785,0.0016243347943925013,0.6183618978011378,250,-0.007160251650496578,-0.015000000000000097,-0.014999999999999986,0.245,0.2299999999999999,True,brief_lapse,False,exposed,0.98,0.0144
E11,E11,2026-01-09,overnight,pre,PSN,0.005427647937987334,0.005427647937987334,0.0016243347943925013,0.781177308882718,250,0.004158754454579238,-0.015000000000000097,-0.014999999999999986,0.245,0.2299999999999999,True,brief_lapse,False,exposed,0.51,0.0099
E11,E11,2026-01-09,overnight,pre,ACN,0.0004967149115535641,0.0004967328075646815,0.0016243347943925013,0.8185521950722057,250,-0.0008328878999285777,-0.015000000000000097,-0.014999999999999986,0.245,0.2299999999999999,True,brief_lapse,False,control,0.08,0.0656
E11,E11,2026-01-09,overnight,pre,EPAM,0.0010010064664720542,0.0010010064664720542,0.0016243347943925013,1.3262383949307894,250,-0.0011532487040732905,-0.015000000000000097,-0.014999999999999986,0.245,0.2299999999999999,True,brief_lapse,False,control,0.0,0.0
E11,E11,2026-01-09,overnight,pre,CTSH,-0.00011652676217244196,-0.0001165354449387257,0.0016243347943925013,0.7585859547561383,250,-0.0013487243230202932,-0.015000000000000097,-0.014999999999999986,0.245,0.2299999999999999,True,brief_lapse,False,control,0.0,0.0
E11,E11,2026-01-09,intraday,pre,CACI,0.023199428281248657,0.023199428281248657,0.0049809628536165995,0.5794156997178066,250,0.020313380204151993,-0.009999999999999898,-0.010000000000000009,0.2299999999999999,0.22,True,brief_lapse,False,exposed,0.956,0.0926
E11,E11,2026-01-09,intraday,pre,SAIC,0.024346411449388095,0.024346411449388095,0.0049809628536165995,0.447415797042955,250,0.022117849984195873,-0.009999999999999898,-0.010000000000000009,0.2299999999999999,0.22,True,brief_lapse,False,exposed,0.98,0.0479
E11,E11,2026-01-09,intraday,pre,LDOS,0.024060325153037798,0.024060325153037798,0.0049809628536165995,0.6265406685673371,250,0.02093954935662378,-0.009999999999999898,-0.010000000000000009,0.2299999999999999,0.22,True,brief_lapse,False,exposed,0.87,0.0736
E11,E11,2026-01-09,intraday,pre,BAH,0.027125170189516767,0.027125170189516767,0.0049809628536165995,0.4800090752203026,250,0.024734262816445585,-0.009999999999999898,-0.010000000000000009,0.2299999999999999,0.22,True,brief_lapse,False,exposed,0.98,0.0144
E11,E11,2026-01-09,intraday,pre,PSN,0.02028011922005102,0.02028011922005102,0.0049809628536165995,0.7343520867510146,250,0.01662233875446838,-0.009999999999999898,-0.010000000000000009,0.2299999999999999,0.22,True,brief_lapse,False,exposed,0.51,0.0099
E11,E11,2026-01-09,intraday,pre,ACN,-0.004575039505205769,-0.004575039505205769,0.0049809628536165995,0.7595040117090341,250,-0.008358100774701255,-0.009999999999999898,-0.010000000000000009,0.2299999999999999,0.22,True,brief_lapse,False,control,0.08,0.0656
E11,E11,2026-01-09,intraday,pre,EPAM,-0.03668185136363633,-0.03668185136363633,0.0049809628536165995,1.176558662006127,250,-0.0425422463541897,-0.009999999999999898,-0.010000000000000009,0.2299999999999999,0.22,True,brief_lapse,False,control,0.0,0.0
E11,E11,2026-01-09,intraday,pre,CTSH,-0.005830223735113327,-0.005830223735113438,0.0049809628536165995,0.8787156281832954,250,-0.010207073637986697,-0.009999999999999898,-0.010000000000000009,0.2299999999999999,0.22,True,brief_lapse,False,control,0.0,0.0
E11,E11,2026-01-12,overnight,pre,CACI,0.005593173918216232,0.005593173918216232,-0.004884254562717016,0.5058246257154955,250,0.008063750154301767,0.060000000000000026,0.05000000000000002,0.22,0.28,True,brief_lapse,False,exposed,0.956,0.0926
E11,E11,2026-01-12,overnight,pre,SAIC,0.000350824427230334,0.00035091187464342255,-0.004884254562717016,0.4059812051615899,250,0.0023337399809181827,0.060000000000000026,0.05000000000000002,0.22,0.28,True,brief_lapse,False,exposed,0.98,0.0479
E11,E11,2026-01-12,overnight,pre,LDOS,0.0023192841009445075,0.0023192485911318617,-0.004884254562717016,0.4854339417957971,250,0.004690267046058336,0.060000000000000026,0.05000000000000002,0.22,0.28,True,brief_lapse,False,exposed,0.87,0.0736
E11,E11,2026-01-12,overnight,pre,BAH,0.005926384780233107,0.005926410722154385,-0.004884254562717016,0.6183618978011378,250,0.008946621700978668,0.060000000000000026,0.05000000000000002,0.22,0.28,True,brief_lapse,False,exposed,0.98,0.0144
E11,E11,2026-01-12,overnight,pre,PSN,0.0012869488002438256,0.0012869488002438256,-0.004884254562717016,0.781177308882718,250,0.005102417635445241,0.060000000000000026,0.05000000000000002,0.22,0.28,True,brief_lapse,False,exposed,0.51,0.0099
E11,E11,2026-01-12,overnight,pre,ACN,-0.004026097716358423,-0.004026114340465958,-0.004884254562717016,0.8185521950722057,250,-2.808042275497316e-05,0.060000000000000026,0.05000000000000002,0.22,0.28,True,brief_lapse,False,control,0.08,0.0656
E11,E11,2026-01-12,overnight,pre,EPAM,-0.004105106072605502,-0.004105106072605502,-0.004884254562717016,1.3262383949307894,250,0.002372579859085698,0.060000000000000026,0.05000000000000002,0.22,0.28,True,brief_lapse,False,control,0.0,0.0
E11,E11,2026-01-12,overnight,pre,CTSH,-0.009852263064932587,-0.009852258048891227,-0.004884254562717016,0.7585859547561383,250,-0.0061471361542018745,0.060000000000000026,0.05000000000000002,0.22,0.28,True,brief_lapse,False,control,0.0,0.0
E11,E11,2026-01-12,intraday,pre,CACI,0.004200683047062226,0.004200683047062226,0.00648633295788259,0.5794156997178066,250,0.0004423998976680146,-0.015000000000000013,-0.015000000000000013,0.28,0.265,True,brief_lapse,False,exposed,0.956,0.0926
E11,E11,2026-01-12,intraday,pre,SAIC,0.0022795204758097043,0.0022795204758094822,0.00648633295788259,0.447415797042955,250,-0.0006225673544273226,-0.015000000000000013,-0.015000000000000013,0.28,0.265,True,brief_lapse,False,exposed,0.98,0.0479
E11,E11,2026-01-12,intraday,pre,LDOS,-0.016096564135315128,-0.016096564135315128,0.00648633295788259,0.6265406685673371,250,-0.02016051552329724,-0.015000000000000013,-0.015000000000000013,0.28,0.265,True,brief_lapse,False,exposed,0.87,0.0736
E11,E11,2026-01-12,intraday,pre,BAH,0.00020668361757114617,0.00020668361757114617,0.00648633295788259,0.4800090752203026,250,-0.002906815067113046,-0.015000000000000013,-0.015000000000000013,0.28,0.265,True,brief_lapse,False,exposed,0.98,0.0144
E11,E11,2026-01-12,intraday,pre,PSN,-0.012710645996969028,-0.012710645996969028,0.00648633295788259,0.7343520867510146,250,-0.01747389813995199,-0.015000000000000013,-0.015000000000000013,0.28,0.265,True,brief_lapse,False,exposed,0.51,0.0099
E11,E11,2026-01-12,intraday,pre,ACN,0.0050797129456336965,0.0050797129456336965,0.00648633295788259,0.7595040117090341,250,0.00015331704284134336,-0.015000000000000013,-0.015000000000000013,0.28,0.265,True,brief_lapse,False,control,0.08,0.0656
E11,E11,2026-01-12,intraday,pre,EPAM,0.003600917789454039,0.003600917789454039,0.00648633295788259,1.176558662006127,250,-0.004030633436798546,-0.015000000000000013,-0.015000000000000013,0.28,0.265,True,brief_lapse,False,control,0.0,0.0
E11,E11,2026-01-12,intraday,pre,CTSH,0.009594944415526552,0.009594944415526552,0.00648633295788259,0.8787156281832954,250,0.0038953022758347394,-0.015000000000000013,-0.015000000000000013,0.28,0.265,True,brief_lapse,False,control,0.0,0.0
E11,E11,2026-01-13,overnight,pre,CACI,0.000694393199515364,0.000694393199515364,0.00047473547495591184,0.5058246257154955,250,0.00045426030558192197,0.019999999999999962,0.044999999999999984,0.265,0.285,True,brief_lapse,False,exposed,0.956,0.0926
E11,E11,2026-01-13,overnight,pre,SAIC,0.0029741427649776497,0.002974045871485531,0.00047473547495591184,0.4059812051615899,250,0.002781409084722089,0.019999999999999962,0.044999999999999984,0.265,0.285,True,brief_lapse,False,exposed,0.98,0.0479
E11,E11,2026-01-13,overnight,pre,LDOS,0.005981585703028314,0.005981594855251959,0.00047473547495591184,0.4854339417957971,250,0.005751132990110166,0.019999999999999962,0.044999999999999984,0.265,0.285,True,brief_lapse,False,exposed,0.87,0.0736
E11,E11,2026-01-13,overnight,pre,BAH,0.013640588465767989,0.013640607269240768,0.00047473547495591184,0.6183618978011378,250,0.013347030136520726,0.019999999999999962,0.044999999999999984,0.265,0.285,True,brief_lapse,False,exposed,0.98,0.0144
E11,E11,2026-01-13,overnight,pre,PSN,0.007666807913839335,0.007666807913839335,0.00047473547495591184,0.781177308882718,250,0.007295955333082117,0.019999999999999962,0.044999999999999984,0.265,0.285,True,brief_lapse,False,exposed,0.51,0.0099
E11,E11,2026-01-13,overnight,pre,ACN,-0.007331996235485305,-0.00733191481689599,0.00047473547495591184,0.8185521950722057,250,-0.007720592000589113,0.019999999999999962,0.044999999999999984,0.265,0.285,True,brief_lapse,False,control,0.08,0.0656
E11,E11,2026-01-13,overnight,pre,EPAM,0.001132991652011972,0.001132991652011972,0.00047473547495591184,1.3262383949307894,250,0.0005033792376897376,0.019999999999999962,0.044999999999999984,0.265,0.285,True,brief_lapse,False,control,0.0,0.0
E11,E11,2026-01-13,overnight,pre,CTSH,0.0001172650428955535,0.00011735616835117924,0.00047473547495591184,0.7585859547561383,250,-0.0002428626206304857,0.019999999999999962,0.044999999999999984,0.265,0.285,True,brief_lapse,False,control,0.0,0.0
E11,E11,2026-01-13,intraday,pre,CACI,-0.001106970641147731,-0.001106970641147731,-0.002473034442243227,0.5794156997178066,250,0.0003259443406308641,0.0,-0.019999999999999962,0.285,0.285,True,brief_lapse,False,exposed,0.956,0.0926
E11,E11,2026-01-13,intraday,pre,SAIC,-0.016745209646282233,-0.016745209646282233,-0.002473034442243227,0.447415797042955,250,-0.0156387349701913,0.0,-0.019999999999999962,0.285,0.285,True,brief_lapse,False,exposed,0.98,0.0479
E11,E11,2026-01-13,intraday,pre,LDOS,-0.004116468883972102,-0.004116468883972102,-0.002473034442243227,0.6265406685673371,250,-0.0025670122311389786,0.0,-0.019999999999999962,0.285,0.285,True,brief_lapse,False,exposed,0.87,0.0736
E11,E11,2026-01-13,intraday,pre,BAH,-0.028341307816588723,-0.028341307816588723,-0.002473034442243227,0.4800090752203026,250,-0.027154228840979594,0.0,-0.019999999999999962,0.285,0.285,True,brief_lapse,False,exposed,0.98,0.0144
E11,E11,2026-01-13,intraday,pre,PSN,-0.006890659270459287,-0.006890659270459287,-0.002473034442243227,0.7343520867510146,250,-0.005074581267190842,0.0,-0.019999999999999962,0.285,0.285,True,brief_lapse,False,exposed,0.51,0.0099
E11,E11,2026-01-13,intraday,pre,ACN,-0.007529602531124446,-0.007529602531124446,-0.002473034442243227,0.7595040117090341,250,-0.005651322951146101,0.0,-0.019999999999999962,0.285,0.285,True,brief_lapse,False,control,0.08,0.0656
E11,E11,2026-01-13,intraday,pre,EPAM,-0.0003300580061875724,-0.0003300580061875724,-0.002473034442243227,1.176558662006127,250,0.0025796120882731876,0.0,-0.019999999999999962,0.285,0.285,True,brief_lapse,False,control,0.0,0.0
E11,E11,2026-01-13,intraday,pre,CTSH,-0.00903327849989699,-0.00903327849989688,-0.002473034442243227,0.8787156281832954,250,-0.006860184486462308,0.0,-0.019999999999999962,0.285,0.285,True,brief_lapse,False,control,0.0,0.0
E11,E11,2026-01-14,overnight,pre,CACI,0.001521714423294851,0.001521714423294851,-0.003992705683644737,0.5058246257154955,250,0.0035413232813165814,0.010000000000000009,0.019999999999999962,0.285,0.295,True,brief_lapse,False,exposed,0.956,0.0926
E11,E11,2026-01-14,overnight,pre,SAIC,-0.015433723012336586,-0.012191770573236838,-0.003992705683644737,0.4059812051615899,250,-0.013812759547034967,0.010000000000000009,0.019999999999999962,0.285,0.295,True,brief_lapse,False,exposed,0.98,0.0479
E11,E11,2026-01-14,overnight,pre,LDOS,0.000408178185676622,0.00040818855901680884,-0.003992705683644737,0.4854339417957971,250,0.0023463730441187695,0.010000000000000009,0.019999999999999962,0.285,0.295,True,brief_lapse,False,exposed,0.87,0.0736
E11,E11,2026-01-14,overnight,pre,BAH,0.004301790688242324,0.004301757651739679,-0.003992705683644737,0.6183618978011378,250,0.006770727752142273,0.010000000000000009,0.019999999999999962,0.285,0.295,True,brief_lapse,False,exposed,0.98,0.0144
E11,E11,2026-01-14,overnight,pre,PSN,0.007372103609636582,0.007372103609636582,-0.003992705683644737,0.781177308882718,250,0.01049111469074691,0.010000000000000009,0.019999999999999962,0.285,0.295,True,brief_lapse,False,exposed,0.51,0.0099
E11,E11,2026-01-14,overnight,pre,ACN,-0.0006864248857454402,-0.0006864028706395908,-0.003992705683644737,0.8185521950722057,250,0.0025818131158792308,0.010000000000000009,0.019999999999999962,0.285,0.295,True,brief_lapse,False,control,0.08,0.0656
E11,E11,2026-01-14,overnight,pre,EPAM,0.012170393570747784,0.012170393570747784,-0.003992705683644737,1.3262383949307894,250,0.01746567314805582,0.010000000000000009,0.019999999999999962,0.285,0.295,True,brief_lapse,False,control,0.0,0.0
E11,E11,2026-01-14,overnight,pre,CTSH,0.0027228095972318123,0.002722755462162496,-0.003992705683644737,0.7585859547561383,250,0.005751620050319715,0.010000000000000009,0.019999999999999962,0.285,0.295,True,brief_lapse,False,control,0.0,0.0
E11,E11,2026-01-14,intraday,pre,CACI,0.009645125426550827,0.009645125426550827,-0.0009262150506511579,0.5794156997178066,250,0.010181788968213031,0.0,-0.010000000000000009,0.295,0.295,True,brief_lapse,False,exposed,0.956,0.0926
E11,E11,2026-01-14,intraday,pre,SAIC,-0.026486508108108042,-0.026486508108108042,-0.0009262150506511579,0.447415797042955,250,-0.026072104862987774,0.0,-0.010000000000000009,0.295,0.295,True,brief_lapse,False,exposed,0.98,0.0479
E11,E11,2026-01-14,intraday,pre,LDOS,-0.02662714843094216,-0.02662714843094216,-0.0009262150506511579,0.6265406685673371,250,-0.026046837033870052,0.0,-0.010000000000000009,0.295,0.295,True,brief_lapse,False,exposed,0.87,0.0736
E11,E11,2026-01-14,intraday,pre,BAH,0.006581667801612623,0.006581667801612623,-0.0009262150506511579,0.4800090752203026,250,0.007026259431530811,0.0,-0.010000000000000009,0.295,0.295,True,brief_lapse,False,exposed,0.98,0.0144
E11,E11,2026-01-14,intraday,pre,PSN,0.009757501595518692,0.009757501595518692,-0.0009262150506511579,0.7343520867510146,250,0.010437669550744566,0.0,-0.010000000000000009,0.295,0.295,True,brief_lapse,False,exposed,0.51,0.0099
E11,E11,2026-01-14,intraday,pre,ACN,0.04312940143049504,0.04312940143049482,-0.0009262150506511579,0.7595040117090341,250,0.04383286547716988,0.0,-0.010000000000000009,0.295,0.295,True,brief_lapse,False,control,0.08,0.0656
E11,E11,2026-01-14,intraday,pre,EPAM,0.03183104053517938,0.03183104053517938,-0.0009262150506511579,1.176558662006127,250,0.03292078687590344,0.0,-0.010000000000000009,0.295,0.295,True,brief_lapse,False,control,0.0,0.0
E11,E11,2026-01-14,intraday,pre,CTSH,0.023612751735760273,0.023612751735760273,-0.0009262150506511579,0.8787156281832954,250,0.024426631375826027,0.0,-0.010000000000000009,0.295,0.295,True,brief_lapse,False,control,0.0,0.0
E11,E11,2026-01-15,overnight,pre,CACI,0.0032224341107036647,0.0032224341107036647,0.006098299422091724,0.5058246257154955,250,0.00013776408802309605,-0.010000000000000009,-0.004999999999999949,0.295,0.285,True,brief_lapse,False,exposed,0.956,0.0926
E11,E11,2026-01-15,overnight,pre,SAIC,0.0017583046846190165,0.0017582264600763953,0.006098299422091724,0.4059812051615899,250,-0.0007174902641980088,-0.010000000000000009,-0.004999999999999949,0.295,0.285,True,brief_lapse,False,exposed,0.98,0.0479
E11,E11,2026-01-15,overnight,pre,LDOS,-0.002253473868303324,-0.002253487079221239,0.006098299422091724,0.4854339417957971,250,-0.005213795395020341,-0.010000000000000009,-0.004999999999999949,0.295,0.285,True,brief_lapse,False,exposed,0.87,0.0736
E11,E11,2026-01-15,overnight,pre,BAH,-0.00518941367866943,-0.005189455274151156,0.006098299422091724,0.6183618978011378,250,-0.00896036968267365,-0.010000000000000009,-0.004999999999999949,0.295,0.285,True,brief_lapse,False,exposed,0.98,0.0144
E11,E11,2026-01-15,overnight,pre,PSN,-0.0019894754089661015,-0.0019894754089661015,0.006098299422091724,0.781177308882718,250,-0.006753328540276749,-0.010000000000000009,-0.004999999999999949,0.295,0.285,True,brief_lapse,False,exposed,0.51,0.0099
E11,E11,2026-01-15,overnight,pre,ACN,-0.0021141463299013674,-0.0021141945283806862,0.006098299422091724,0.8185521950722057,250,-0.007105922708062111,-0.010000000000000009,-0.004999999999999949,0.295,0.285,True,brief_lapse,False,control,0.08,0.0656
E11,E11,2026-01-15,overnight,pre,EPAM,-0.0006323369641249021,-0.0006323369641249021,0.006098299422091724,1.3262383949307894,250,-0.008720135801487191,-0.010000000000000009,-0.004999999999999949,0.295,0.285,True,brief_lapse,False,control,0.0,0.0
E11,E11,2026-01-15,overnight,pre,CTSH,-0.0029987833811567777,-0.002998816494429679,0.006098299422091724,0.7585859547561383,250,-0.007624867670653034,-0.010000000000000009,-0.004999999999999949,0.295,0.285,True,brief_lapse,False,control,0.0,0.0
E11,E11,2026-01-15,intraday,pre,CACI,0.023153452604715685,0.023153452604715685,-0.0033546180737886733,0.5794156997178066,250,0.02509717098322595,-0.019999999999999962,0.004999999999999949,0.285,0.265,True,brief_lapse,False,exposed,0.956,0.0926
E11,E11,2026-01-15,intraday,pre,SAIC,0.022170914549653586,0.022170914549653586,-0.0033546180737886733,0.447415797042955,250,0.023671823668912448,-0.019999999999999962,0.004999999999999949,0.285,0.265,True,brief_lapse,False,exposed,0.98,0.0479
E11,E11,2026-01-15,intraday,pre,LDOS,0.015599565152370154,0.015599565152370154,-0.0033546180737886733,0.6265406685673371,250,0.01770136980310978,-0.019999999999999962,0.004999999999999949,0.285,0.265,True,brief_lapse,False,exposed,0.87,0.0736
E11,E11,2026-01-15,intraday,pre,BAH,0.013145562442490322,0.013145562442490544,-0.0033546180737886733,0.4800090752203026,250,0.014755809561806936,-0.019999999999999962,0.004999999999999949,0.285,0.265,True,brief_lapse,False,exposed,0.98,0.0144
E11,E11,2026-01-15,intraday,pre,PSN,0.028335437345762937,0.028335437345762937,-0.0033546180737886733,0.7343520867510146,250,0.03079890812850232,-0.019999999999999962,0.004999999999999949,0.285,0.265,True,brief_lapse,False,exposed,0.51,0.0099
E11,E11,2026-01-15,intraday,pre,ACN,-0.0005557034836822794,-0.0005557034836822794,-0.0033546180737886733,0.7595040117090341,250,0.0019921424011118505,-0.019999999999999962,0.004999999999999949,0.285,0.265,True,brief_lapse,False,control,0.08,0.0656
E11,E11,2026-01-15,intraday,pre,EPAM,-0.02720776077755893,-0.02720776077755893,-0.0033546180737886733,1.176558662006127,250,-0.02326085582512056,-0.019999999999999962,0.004999999999999949,0.285,0.265,True,brief_lapse,False,control,0.0,0.0
E11,E11,2026-01-15,intraday,pre,CTSH,-0.018741354746310668,-0.018741354746310557,-0.0033546180737886733,0.8787156281832954,250,-0.015793599418286418,-0.019999999999999962,0.004999999999999949,0.285,0.265,True,brief_lapse,False,control,0.0,0.0
E11,E11,2026-01-16,overnight,pre,CACI,-0.0032669128286852978,-0.0032669128286852978,0.0020512870104336667,0.5058246257154955,250,-0.004304504312972965,-0.020000000000000018,-0.034999999999999976,0.265,0.245,True,brief_lapse,False,exposed,0.956,0.0926
E11,E11,2026-01-16,overnight,pre,SAIC,-0.004157244408171112,-0.004157225048159741,0.0020512870104336667,0.4059812051615899,250,-0.004990028380799288,-0.020000000000000018,-0.034999999999999976,0.265,0.245,True,brief_lapse,False,exposed,0.98,0.0479
E11,E11,2026-01-16,overnight,pre,LDOS,-0.0058957353975100935,-0.005895645926483173,0.0020512870104336667,0.4854339417957971,250,-0.006891499736739424,-0.020000000000000018,-0.034999999999999976,0.265,0.245,True,brief_lapse,False,exposed,0.87,0.0736
E11,E11,2026-01-16,overnight,pre,BAH,-0.00185357119626528,-0.001853532253886514,0.0020512870104336667,0.6183618978011378,250,-0.0031220089249718646,-0.020000000000000018,-0.034999999999999976,0.265,0.245,True,brief_lapse,False,exposed,0.98,0.0144
E11,E11,2026-01-16,overnight,pre,PSN,-0.008307926611248018,-0.008307926611248018,0.0020512870104336667,0.781177308882718,250,-0.009910345477804665,-0.020000000000000018,-0.034999999999999976,0.265,0.245,True,brief_lapse,False,exposed,0.51,0.0099
E11,E11,2026-01-16,overnight,pre,ACN,-0.008131481354714865,-0.008131491901940291,0.0020512870104336667,0.8185521950722057,250,-0.009810566839828444,-0.020000000000000018,-0.034999999999999976,0.265,0.245,True,brief_lapse,False,control,0.08,0.0656
E11,E11,2026-01-16,overnight,pre,EPAM,-0.002648240500997323,-0.002648240500997323,0.0020512870104336667,1.3262383949307894,250,-0.005368736093257246,-0.020000000000000018,-0.034999999999999976,0.265,0.245,True,brief_lapse,False,control,0.0,0.0
E11,E11,2026-01-16,overnight,pre,CTSH,0.00330109385785593,0.0033011369056226147,0.0020512870104336667,0.7585859547561383,250,0.0017450163425672424,-0.020000000000000018,-0.034999999999999976,0.265,0.245,True,brief_lapse,False,control,0.0,0.0
E11,E11,2026-01-16,intraday,pre,CACI,0.01590856504263427,0.01590856504263427,-0.0028832570388369616,0.5794156997178066,250,0.01757916943725828,0.0,-0.01999999999999999,0.245,0.245,True,brief_lapse,False,exposed,0.956,0.0926
E11,E11,2026-01-16,intraday,pre,SAIC,0.008530673196536664,0.008530673196536664,-0.0028832570388369616,0.447415797042955,250,0.009820687942647614,0.0,-0.01999999999999999,0.245,0.245,True,brief_lapse,False,exposed,0.98,0.0479
E11,E11,2026-01-16,intraday,pre,LDOS,0.012901860808020693,0.012901860808020915,-0.0028832570388369616,0.6265406685673371,250,0.014708338600785084,0.0,-0.01999999999999999,0.245,0.245,True,brief_lapse,False,exposed,0.87,0.0736
E11,E11,2026-01-16,intraday,pre,BAH,0.004848872572958296,0.004848872572958296,-0.0028832570388369616,0.4800090752203026,250,0.006232862117792854,0.0,-0.01999999999999999,0.245,0.245,True,brief_lapse,False,exposed,0.98,0.0144
E11,E11,2026-01-16,intraday,pre,PSN,0.011868171423659923,0.011868171423659923,-0.0028832570388369616,0.7343520867510146,250,0.013985497246769398,0.0,-0.01999999999999999,0.245,0.245,True,brief_lapse,False,exposed,0.51,0.0099
E11,E11,2026-01-16,intraday,pre,ACN,0.002732714921167334,0.002732714921167556,-0.0028832570388369616,0.7595040117090341,250,0.004922560208952317,0.0,-0.01999999999999999,0.245,0.245,True,brief_lapse,False,control,0.08,0.0656
E11,E11,2026-01-16,intraday,pre,EPAM,-0.009596113184296873,-0.009596113184296873,-0.0028832570388369616,1.176558662006127,250,-0.0062037921404631095,0.0,-0.01999999999999999,0.245,0.245,True,brief_lapse,False,control,0.0,0.0
E11,E11,2026-01-16,intraday,pre,CTSH,-0.004230324517889517,-0.0042303245178894056,-0.0028832570388369616,0.8787156281832954,250,-0.0016967614977939876,0.0,-0.01999999999999999,0.245,0.245,True,brief_lapse,False,control,0.0,0.0
E11,E11,2026-01-20,overnight,pre,CACI,-0.000629563085676188,-0.000629563085676188,-0.014703732029509364,0.5058246257154955,250,0.006807946664771329,-0.12,-0.08500000000000002,0.245,0.125,True,brief_lapse,False,exposed,0.956,0.0926
E11,E11,2026-01-20,overnight,pre,SAIC,-0.0074686783061768125,-0.00746868332605044,-0.014703732029509364,0.4059812051615899,250,-0.0014992394564635305,-0.12,-0.08500000000000002,0.245,0.125,True,brief_lapse,False,exposed,0.98,0.0479
E11,E11,2026-01-20,overnight,pre,LDOS,-0.006214645193967194,-0.006214697555790627,-0.014703732029509364,0.4854339417957971,250,0.0009230454042266521,-0.12,-0.08500000000000002,0.245,0.125,True,brief_lapse,False,exposed,0.87,0.0736
E11,E11,2026-01-20,overnight,pre,BAH,-0.006878831206112768,-0.006878784517902914,-0.014703732029509364,0.6183618978011378,250,0.002213396436414019,-0.12,-0.08500000000000002,0.245,0.125,True,brief_lapse,False,exposed,0.98,0.0144
E11,E11,2026-01-20,overnight,pre,PSN,-0.008555302049986557,-0.008555302049986557,-0.014703732029509364,0.781177308882718,250,0.002930919767358193,-0.12,-0.08500000000000002,0.245,0.125,True,brief_lapse,False,exposed,0.51,0.0099
E11,E11,2026-01-20,overnight,pre,ACN,-0.013172108633391244,-0.013172066086531209,-0.014703732029509364,0.8185521950722057,250,-0.001136336504882856,-0.12,-0.08500000000000002,0.245,0.125,True,brief_lapse,False,control,0.08,0.0656
E11,E11,2026-01-20,overnight,pre,EPAM,-0.01970745679025221,-0.01970745679025221,-0.014703732029509364,1.3262383949307894,250,-0.00020680282394327024,-0.12,-0.08500000000000002,0.245,0.125,True,brief_lapse,False,control,0.0,0.0
E11,E11,2026-01-20,overnight,pre,CTSH,-0.010148697565709353,-0.010148780980468675,-0.014703732029509364,0.7585859547561383,250,0.0010053470343744202,-0.12,-0.08500000000000002,0.245,0.125,True,brief_lapse,False,control,0.0,0.0
E11,E11,2026-01-20,intraday,pre,CACI,-0.009228323464566923,-0.009228323464566923,-0.005737388892318895,0.5794156997178066,250,-0.005903990264970799,-0.010000000000000106,-0.024999999999999994,0.125,0.1149999999999999,True,brief_lapse,False,exposed,0.956,0.0926
E11,E11,2026-01-20,intraday,pre,SAIC,-0.018676383881262026,-0.018676383881262026,-0.005737388892318895,0.447415797042955,250,-0.016109385457059772,-0.010000000000000106,-0.024999999999999994,0.125,0.1149999999999999,True,brief_lapse,False,exposed,0.98,0.0479
E11,E11,2026-01-20,intraday,pre,LDOS,-0.013282377523111788,-0.013282377523111788,-0.005737388892318895,0.6265406685673371,250,-0.009687670050687493,-0.010000000000000106,-0.024999999999999994,0.125,0.1149999999999999,True,brief_lapse,False,exposed,0.87,0.0736
E11,E11,2026-01-20,intraday,pre,BAH,-0.03380548088921309,-0.03380548088921309,-0.005737388892318895,0.4800090752203026,250,-0.03105148215283186,-0.010000000000000106,-0.024999999999999994,0.125,0.1149999999999999,True,brief_lapse,False,exposed,0.98,0.0144
E11,E11,2026-01-20,intraday,pre,PSN,-0.008489918204447777,-0.008489918204447777,-0.005737388892318895,0.7343520867510146,250,-0.004276654698871304,-0.010000000000000106,-0.024999999999999994,0.125,0.1149999999999999,True,brief_lapse,False,exposed,0.51,0.0099
E11,E11,2026-01-20,intraday,pre,ACN,-0.034449832946184755,-0.034449832946184644,-0.005737388892318895,0.7595040117090341,250,-0.030092263065733704,-0.010000000000000106,-0.024999999999999994,0.125,0.1149999999999999,True,brief_lapse,False,control,0.08,0.0656
E11,E11,2026-01-20,intraday,pre,EPAM,-0.009308139894226408,-0.009308139894226408,-0.005737388892318895,1.176558662006127,250,-0.0025577652956708732,-0.010000000000000106,-0.024999999999999994,0.125,0.1149999999999999,True,brief_lapse,False,control,0.0,0.0
E11,E11,2026-01-20,intraday,pre,CTSH,-0.01990937320875985,-0.01990937320875985,-0.005737388892318895,0.8787156281832954,250,-0.014867839924113991,-0.010000000000000106,-0.024999999999999994,0.125,0.1149999999999999,True,brief_lapse,False,control,0.0,0.0
E11,E11,2026-01-21,overnight,pre,CACI,-0.000953740957617244,-0.000953740957617244,0.0030550005132377045,0.5058246257154955,250,-0.0024990354487863524,0.0,-0.015,0.1149999999999999,0.1149999999999999,True,brief_lapse,False,exposed,0.956,0.0926
E11,E11,2026-01-21,overnight,pre,SAIC,0.0046193644650838195,0.00461936237278282,0.0030550005132377045,0.4059812051615899,250,0.0033790916749503004,0.0,-0.015,0.1149999999999999,0.1149999999999999,True,brief_lapse,False,exposed,0.98,0.0479
E11,E11,2026-01-21,overnight,pre,LDOS,0.0023046428040454092,0.0023046190528210886,0.0030550005132377045,0.4854339417957971,250,0.0008216418627162471,0.0,-0.015,0.1149999999999999,0.1149999999999999,True,brief_lapse,False,exposed,0.87,0.0736
E11,E11,2026-01-21,overnight,pre,BAH,0.002781961722227777,0.00278190154188529,0.0030550005132377045,0.6183618978011378,250,0.00089286580707866,0.0,-0.015,0.1149999999999999,0.1149999999999999,True,brief_lapse,False,exposed,0.98,0.0144
E11,E11,2026-01-21,overnight,pre,PSN,0.006597434504751698,0.006597434504751698,0.0030550005132377045,0.781177308882718,250,0.004210937425185346,0.0,-0.015,0.1149999999999999,0.1149999999999999,True,brief_lapse,False,exposed,0.51,0.0099
E11,E11,2026-01-21,overnight,pre,ACN,0.008397229919608673,0.00839716576842342,0.0030550005132377045,0.8185521950722057,250,0.005896552543551235,0.0,-0.015,0.1149999999999999,0.1149999999999999,True,brief_lapse,False,control,0.08,0.0656
E11,E11,2026-01-21,overnight,pre,EPAM,0.013560650708595468,0.013560650708595468,0.0030550005132377045,1.3262383949307894,250,0.009508991731406357,0.0,-0.015,0.1149999999999999,0.1149999999999999,True,brief_lapse,False,control,0.0,0.0
E11,E11,2026-01-21,overnight,pre,CTSH,0.008271503680936432,0.008271549503947595,0.0030550005132377045,0.7585859547561383,250,0.0059540231998215145,0.0,-0.015,0.1149999999999999,0.1149999999999999,True,brief_lapse,False,control,0.0,0.0
E11,E11,2026-01-21,intraday,pre,CACI,0.006395805741412852,0.006395805741412852,0.008460236582903402,0.5794156997178066,250,0.0014938118419516927,0.010000000000000106,0.015,0.1149999999999999,0.125,True,brief_lapse,False,exposed,0.956,0.0926
E11,E11,2026-01-21,intraday,pre,SAIC,0.0,0.0,0.008460236582903402,0.447415797042955,250,-0.0037852434939116917,0.010000000000000106,0.015,0.1149999999999999,0.125,True,brief_lapse,False,exposed,0.98,0.0479
E11,E11,2026-01-21,intraday,pre,LDOS,0.003971543152263113,0.003971543152263113,0.008460236582903402,0.6265406685673371,250,-0.0013291391326270283,0.010000000000000106,0.015,0.1149999999999999,0.125,True,brief_lapse,False,exposed,0.87,0.0736
E11,E11,2026-01-21,intraday,pre,BAH,0.019739633439155524,0.019739633439155524,0.008460236582903402,0.4800090752203026,250,0.01567864310085109,0.010000000000000106,0.015,0.1149999999999999,0.125,True,brief_lapse,False,exposed,0.98,0.0144
E11,E11,2026-01-21,intraday,pre,PSN,0.013805576386851648,0.013805576386851648,0.008460236582903402,0.7343520867510146,250,0.0075927839977892615,0.010000000000000106,0.015,0.1149999999999999,0.125,True,brief_lapse,False,exposed,0.51,0.0099
E11,E11,2026-01-21,intraday,pre,ACN,0.020800004363636493,0.02080000436363627,0.008460236582903402,0.7595040117090341,250,0.014374420738913828,0.010000000000000106,0.015,0.1149999999999999,0.125,True,brief_lapse,False,control,0.08,0.0656
E11,E11,2026-01-21,intraday,pre,EPAM,0.01753630600651568,0.01753630600651568,0.008460236582903402,1.176558662006127,250,0.007582341372279564,0.010000000000000106,0.015,0.1149999999999999,0.125,True,brief_lapse,False,control,0.0,0.0
E11,E11,2026-01-21,intraday,pre,CTSH,0.013753159589690256,0.013753159589690256,0.008460236582903402,0.8787156281832954,250,0.006319017486164996,0.010000000000000106,0.015,0.1149999999999999,0.125,True,brief_lapse,False,control,0.0,0.0
E11,E11,2026-01-22,overnight,pre,CACI,0.013453284640647434,0.013453284640647434,0.006492487659152779,0.5058246257154955,250,0.010169224500494005,-0.040000000000000105,-0.024999999999999994,0.125,0.0849999999999999,True,brief_lapse,False,exposed,0.956,0.0926
E11,E11,2026-01-22,overnight,pre,SAIC,0.004138353031915898,0.004138367674041188,0.006492487659152779,0.4059812051615899,250,0.0015025250675563028,-0.040000000000000105,-0.024999999999999994,0.125,0.0849999999999999,True,brief_lapse,False,exposed,0.98,0.0479
E11,E11,2026-01-22,overnight,pre,LDOS,0.003018955937918344,0.003018964681751113,0.006492487659152779,0.4854339417957971,250,-0.00013271793852475712,-0.040000000000000105,-0.024999999999999994,0.125,0.0849999999999999,True,brief_lapse,False,exposed,0.87,0.0736
E11,E11,2026-01-22,overnight,pre,BAH,0.0032436701999114526,0.0032436599758465245,0.006492487659152779,0.6183618978011378,250,-0.0007710367904527268,-0.040000000000000105,-0.024999999999999994,0.125,0.0849999999999999,True,brief_lapse,False,exposed,0.98,0.0144
E11,E11,2026-01-22,overnight,pre,PSN,0.00398900855799833,0.00398900855799833,0.006492487659152779,0.781177308882718,250,-0.0010827754795328945,-0.040000000000000105,-0.024999999999999994,0.125,0.0849999999999999,True,brief_lapse,False,exposed,0.51,0.0099
E11,E11,2026-01-22,overnight,pre,ACN,0.011078602830954853,0.011078624861006414,0.006492487659152779,0.8185521950722057,250,0.00576416280607614,-0.040000000000000105,-0.024999999999999994,0.125,0.0849999999999999,True,brief_lapse,False,control,0.08,0.0656
E11,E11,2026-01-22,overnight,pre,EPAM,0.007184779630301952,0.007184779630301952,0.006492487659152779,1.3262383949307894,250,-0.0014258067818807875,-0.040000000000000105,-0.024999999999999994,0.125,0.0849999999999999,True,brief_lapse,False,control,0.0,0.0
E11,E11,2026-01-22,overnight,pre,CTSH,0.005236254270953644,0.005236284094837673,0.006492487659152779,0.7585859547561383,250,0.0003111443212927877,-0.040000000000000105,-0.024999999999999994,0.125,0.0849999999999999,True,brief_lapse,False,control,0.0,0.0
E11,E11,2026-01-22,intraday,pre,CACI,0.022446869353015764,0.022446869353015764,-0.0012611366685101322,0.5794156997178066,250,0.023177591738240345,0.0200000000000001,0.0050000000000000044,0.0849999999999999,0.105,True,brief_lapse,False,exposed,0.956,0.0926
E11,E11,2026-01-22,intraday,pre,SAIC,-0.0010990264434685981,-0.001099026443468487,-0.0012611366685101322,0.447415797042955,250,-0.0005347739757470405,0.0200000000000001,0.0050000000000000044,0.0849999999999999,0.105,True,brief_lapse,False,exposed,0.98,0.0479
E11,E11,2026-01-22,intraday,pre,LDOS,0.0038920602598100373,0.0038920602598100373,-0.0012611366685101322,0.6265406685673371,250,0.00468221367125316,0.0200000000000001,0.0050000000000000044,0.0849999999999999,0.105,True,brief_lapse,False,exposed,0.87,0.0736
E11,E11,2026-01-22,intraday,pre,BAH,-0.0012515134902134628,-0.0012515134902135738,-0.0012611366685101322,0.4800090752203026,250,-0.000646156444235501,0.0200000000000001,0.0050000000000000044,0.0849999999999999,0.105,True,brief_lapse,False,exposed,0.98,0.0144
E11,E11,2026-01-22,intraday,pre,PSN,-0.00863128193548357,-0.00863128193548357,-0.0012611366685101322,0.7343520867510146,250,-0.007705163591284932,0.0200000000000001,0.0050000000000000044,0.0849999999999999,0.105,True,brief_lapse,False,exposed,0.51,0.0099
E11,E11,2026-01-22,intraday,pre,ACN,0.004439311416998937,0.004439311416998715,-0.0012611366685101322,0.7595040117090341,250,0.005397149776045749,0.0200000000000001,0.0050000000000000044,0.0849999999999999,0.105,True,brief_lapse,False,control,0.08,0.0656
E11,E11,2026-01-22,intraday,pre,EPAM,0.021307382933708263,0.021307382933708263,-0.0012611366685101322,1.176558662006127,250,0.02279118420501741,0.0200000000000001,0.0050000000000000044,0.0849999999999999,0.105,True,brief_lapse,False,control,0.0,0.0
E11,E11,2026-01-22,intraday,pre,CTSH,0.0016573859118975687,0.0016573859118975687,-0.0012611366685101322,0.8787156281832954,250,0.002765566411792438,0.0200000000000001,0.0050000000000000044,0.0849999999999999,0.105,True,brief_lapse,False,control,0.0,0.0
E11,E11,2026-01-23,overnight,pre,CACI,0.019314638078720137,0.019314638078720137,-0.0012046156978287037,0.5058246257154955,250,0.01992396236320535,-0.03,-0.02500000000000001,0.105,0.075,True,brief_lapse,False,exposed,0.956,0.0926
E11,E11,2026-01-23,overnight,pre,SAIC,0.01971212529488997,0.01971214682941591,-0.0012046156978287037,0.4059812051615899,250,0.020201176627651037,-0.03,-0.02500000000000001,0.105,0.075,True,brief_lapse,False,exposed,0.98,0.0479
E11,E11,2026-01-23,overnight,pre,LDOS,0.007960757946127384,0.007960688484464296,-0.0012046156978287037,0.4854339417957971,250,0.008545519292673467,-0.03,-0.02500000000000001,0.105,0.075,True,brief_lapse,False,exposed,0.87,0.0736
E11,E11,2026-01-23,overnight,pre,BAH,0.10797823860616718,0.10797823084829816,-0.0012046156978287037,0.6183618978011378,250,0.10872312705519757,-0.03,-0.02500000000000001,0.105,0.075,True,brief_lapse,False,exposed,0.98,0.0144
E11,E11,2026-01-23,overnight,pre,PSN,0.02031510789949942,0.02031510789949942,-0.0012046156978287037,0.781177308882718,250,0.021256126348567123,-0.03,-0.02500000000000001,0.105,0.075,True,brief_lapse,False,exposed,0.51,0.0099
E11,E11,2026-01-23,overnight,pre,ACN,-0.002630748218926504,-0.0026307073032704187,-0.0012046156978287037,0.8185521950722057,250,-0.001644707395250382,-0.03,-0.02500000000000001,0.105,0.075,True,brief_lapse,False,control,0.08,0.0656
E11,E11,2026-01-23,overnight,pre,EPAM,-0.0026934325115286484,-0.0026934325115286484,-0.0012046156978287037,1.3262383949307894,250,-0.0010958249219318755,-0.03,-0.02500000000000001,0.105,0.075,True,brief_lapse,False,control,0.0,0.0
E11,E11,2026-01-23,overnight,pre,CTSH,0.00011821463098793394,0.00011825334117876452,-0.0012046156978287037,0.7585859547561383,250,0.001032019180239553,-0.03,-0.02500000000000001,0.105,0.075,True,brief_lapse,False,control,0.0,0.0
E11,E11,2026-01-23,intraday,pre,CACI,-0.008875640219557224,-0.008875640219557224,0.0015693614207767936,0.5794156997178066,250,-0.009784952865286741,0.020000000000000004,0.0,0.075,0.095,True,brief_lapse,False,exposed,0.956,0.0926
E11,E11,2026-01-23,intraday,pre,SAIC,-0.009710499805317463,-0.009710499805317463,0.0015693614207767936,0.447415797042955,250,-0.010412656896242777,0.020000000000000004,0.0,0.075,0.095,True,brief_lapse,False,exposed,0.98,0.0479
E11,E11,2026-01-23,intraday,pre,LDOS,-0.01928308987098315,-0.01928308987098304,0.0015693614207767936,0.6265406685673371,250,-0.020266358624780427,0.020000000000000004,0.0,0.075,0.095,True,brief_lapse,False,exposed,0.87,0.0736
E11,E11,2026-01-23,intraday,pre,BAH,-0.03647497789549914,-0.03647497789549914,0.0015693614207767936,0.4800090752203026,250,-0.03722828561977263,0.020000000000000004,0.0,0.075,0.095,True,brief_lapse,False,exposed,0.98,0.0144
E11,E11,2026-01-23,intraday,pre,PSN,-0.01489907141723823,-0.01489907141723823,0.0015693614207767936,0.7343520867510146,250,-0.016051535251452205,0.020000000000000004,0.0,0.075,0.095,True,brief_lapse,False,exposed,0.51,0.0099
E11,E11,2026-01-23,intraday,pre,ACN,-0.011500277986041474,-0.011500277986041585,0.0015693614207767936,0.7595040117090341,250,-0.012692214280942839,0.020000000000000004,0.0,0.075,0.095,True,brief_lapse,False,control,0.08,0.0656
E11,E11,2026-01-23,intraday,pre,EPAM,-0.0011443742210596186,-0.0011443742210596186,0.0015693614207767936,1.176558662006127,250,-0.0029908199944927976,0.020000000000000004,0.0,0.075,0.095,True,brief_lapse,False,control,0.0,0.0
E11,E11,2026-01-23,intraday,pre,CTSH,-0.0051997450449149385,-0.0051997450449148275,0.0015693614207767936,0.8787156281832954,250,-0.006578767451619448,0.020000000000000004,0.0,0.075,0.095,True,brief_lapse,False,control,0.0,0.0
E11,E11,2026-01-26,overnight,pre,CACI,0.006508702312597814,0.006508702312597814,0.001828141165719277,0.5058246257154955,250,0.0055839834916927705,0.7000000000000001,0.74,0.095,0.795,True,brief_lapse,False,exposed,0.956,0.0926
E11,E11,2026-01-26,overnight,pre,SAIC,0.00027236971276023425,0.00027241082583828735,0.001828141165719277,0.4059812051615899,250,-0.0004698212409039917,0.7000000000000001,0.74,0.095,0.795,True,brief_lapse,False,exposed,0.98,0.0479
E11,E11,2026-01-26,overnight,pre,LDOS,0.009255892589030701,0.009255946522131575,0.001828141165719277,0.4854339417957971,250,0.008368450816796429,0.7000000000000001,0.74,0.095,0.795,True,brief_lapse,False,exposed,0.87,0.0736
E11,E11,2026-01-26,overnight,pre,BAH,0.0075320020971456625,0.007532079088366173,0.001828141165719277,0.6183618978011378,250,0.006401549256463106,0.7000000000000001,0.74,0.095,0.795,True,brief_lapse,False,exposed,0.98,0.0144
E11,E11,2026-01-26,overnight,pre,PSN,0.007287209617970136,0.007287209617970136,0.001828141165719277,0.781177308882718,250,0.005859107221875836,0.7000000000000001,0.74,0.095,0.795,True,brief_lapse,False,exposed,0.51,0.0099
E11,E11,2026-01-26,overnight,pre,ACN,0.007756048825491302,0.007756027659007847,0.001828141165719277,0.8185521950722057,250,0.0062596198613899265,0.7000000000000001,0.74,0.095,0.795,True,brief_lapse,False,control,0.08,0.0656
E11,E11,2026-01-26,overnight,pre,EPAM,0.007149065359521867,0.007149065359521867,0.001828141165719277,1.3262383949307894,250,0.0047245143541914305,0.7000000000000001,0.74,0.095,0.795,True,brief_lapse,False,control,0.0,0.0
E11,E11,2026-01-26,overnight,pre,CTSH,0.014611586427541123,0.014611600670902725,0.001828141165719277,0.7585859547561383,250,0.013224784215914966,0.7000000000000001,0.74,0.095,0.795,True,brief_lapse,False,control,0.0,0.0
E11,E11,2026-01-26,intraday,pre,CACI,-0.035588853263315845,-0.035588853263315845,0.0032440590476210396,0.5794156997178066,250,-0.03746851200631907,-0.020000000000000018,-0.019999999999999907,0.795,0.775,True,brief_lapse,False,exposed,0.956,0.0926
E11,E11,2026-01-26,intraday,pre,SAIC,-0.05255515108104991,-0.05255515108104991,0.0032440590476210396,0.447415797042955,250,-0.054006594345495686,-0.020000000000000018,-0.019999999999999907,0.795,0.775,True,brief_lapse,False,exposed,0.98,0.0479
E11,E11,2026-01-26,intraday,pre,LDOS,-0.01813471502590669,-0.01813471502590669,0.0032440590476210396,0.6265406685673371,250,-0.020167249950475093,-0.020000000000000018,-0.019999999999999907,0.795,0.775,True,brief_lapse,False,exposed,0.87,0.0736
E11,E11,2026-01-26,intraday,pre,BAH,-0.08805824941747575,-0.08805824941747575,0.0032440590476210396,0.4800090752203026,250,-0.08961542720088439,-0.020000000000000018,-0.019999999999999907,0.795,0.775,True,brief_lapse,False,exposed,0.98,0.0144
E11,E11,2026-01-26,intraday,pre,PSN,-0.03740111138358748,-0.03740111138358748,0.0032440590476210396,0.7343520867510146,250,-0.039783392914751504,-0.020000000000000018,-0.019999999999999907,0.795,0.775,True,brief_lapse,False,exposed,0.51,0.0099
E11,E11,2026-01-26,intraday,pre,ACN,-0.008967373345101448,-0.008967373345101448,0.0032440590476210396,0.7595040117090341,250,-0.011431249205990616,-0.020000000000000018,-0.019999999999999907,0.795,0.775,True,brief_lapse,False,control,0.08,0.0656
E11,E11,2026-01-26,intraday,pre,EPAM,0.003048633056790484,0.003048633056790484,0.0032440590476210396,1.176558662006127,250,-0.0007681927157473971,-0.020000000000000018,-0.019999999999999907,0.795,0.775,True,brief_lapse,False,control,0.0,0.0
E11,E11,2026-01-26,intraday,pre,CTSH,0.002341610366815461,0.002341610366815461,0.0032440590476210396,0.8787156281832954,250,-0.0005089950170785638,-0.020000000000000018,-0.019999999999999907,0.795,0.775,True,brief_lapse,False,control,0.0,0.0
E11,E11,2026-01-27,overnight,pre,CACI,0.0011200887818247907,0.0011200887818247907,0.0020931852826022723,0.5058246257154955,250,6.130411969931262e-05,-0.010000000000000009,-0.015000000000000013,0.775,0.765,True,brief_lapse,False,exposed,0.956,0.0926
E11,E11,2026-01-27,overnight,pre,SAIC,0.0013412464420516912,0.0013412416707780928,0.0020931852826022723,0.4059812051615899,250,0.0004914525583943175,-0.010000000000000009,-0.015000000000000013,0.775,0.765,True,brief_lapse,False,exposed,0.98,0.0479
E11,E11,2026-01-27,overnight,pre,LDOS,-0.004274393667546228,-0.004274332694071847,0.0020931852826022723,0.4854339417957971,250,-0.005290496850188798,-0.010000000000000009,-0.015000000000000013,0.775,0.765,True,brief_lapse,False,exposed,0.87,0.0736
E11,E11,2026-01-27,overnight,pre,BAH,-0.009049275813847735,-0.009049358477495884,0.0020931852826022723,0.6183618978011378,250,-0.010343621837647086,-0.010000000000000009,-0.015000000000000013,0.775,0.765,True,brief_lapse,False,exposed,0.98,0.0144
E11,E11,2026-01-27,overnight,pre,PSN,-0.0009926218567103406,-0.0009926218567103406,0.0020931852826022723,0.781177308882718,250,-0.002627770702766495,-0.010000000000000009,-0.015000000000000013,0.775,0.765,True,brief_lapse,False,exposed,0.51,0.0099
E11,E11,2026-01-27,overnight,pre,ACN,-0.002529270498018543,-0.0025293226500110455,0.0020931852826022723,0.8185521950722057,250,-0.004242651905785468,-0.010000000000000009,-0.015000000000000013,0.775,0.765,True,brief_lapse,False,control,0.08,0.0656
E11,E11,2026-01-27,overnight,pre,EPAM,0.00018142487554251296,0.00018142487554251296,0.0020931852826022723,1.3262383949307894,250,-0.0025946378139486757,-0.010000000000000009,-0.015000000000000013,0.775,0.765,True,brief_lapse,False,control,0.0,0.0
E11,E11,2026-01-27,overnight,pre,CTSH,-0.0024529737005453134,-0.002453001981471137,0.0020931852826022723,0.7585859547561383,250,-0.004040834656629655,-0.010000000000000009,-0.015000000000000013,0.775,0.765,True,brief_lapse,False,control,0.0,0.0
E11,E11,2026-01-27,intraday,pre,CACI,-0.0004506262626262636,-0.0004506262626262636,0.001887115033242015,0.5794156997178066,250,-0.0015440503400601777,0.0,0.015000000000000013,0.765,0.765,True,brief_lapse,False,exposed,0.956,0.0926
E11,E11,2026-01-27,intraday,pre,SAIC,-0.007845385827346951,-0.007845385827347062,0.001887115033242015,0.447415797042955,250,-0.00868971090405667,0.0,0.015000000000000013,0.765,0.765,True,brief_lapse,False,exposed,0.98,0.0479
E11,E11,2026-01-27,intraday,pre,LDOS,-0.008161579736139735,-0.008161579736139735,0.001887115033242015,0.6265406685673371,250,-0.00934393405073066,0.0,0.015000000000000013,0.765,0.765,True,brief_lapse,False,exposed,0.87,0.0736
E11,E11,2026-01-27,intraday,pre,BAH,-0.03781697680269591,-0.03781697680269591,0.001887115033242015,0.4800090752203026,250,-0.038722809144636744,0.0,0.015000000000000013,0.765,0.765,True,brief_lapse,False,exposed,0.98,0.0144
E11,E11,2026-01-27,intraday,pre,PSN,0.013626781427419132,0.013626781427419132,0.001887115033242015,0.7343520867510146,250,0.012240974564818648,0.0,0.015000000000000013,0.765,0.765,True,brief_lapse,False,exposed,0.51,0.0099
E11,E11,2026-01-27,intraday,pre,ACN,-0.01500004357142859,-0.015000043571428479,0.001887115033242015,0.7595040117090341,250,-0.016433315009732326,0.0,0.015000000000000013,0.765,0.765,True,brief_lapse,False,control,0.08,0.0656
E11,E11,2026-01-27,intraday,pre,EPAM,-0.011066774526429235,-0.011066774526429235,0.001887115033242015,1.176558662006127,250,-0.013287076064992107,0.0,0.015000000000000013,0.765,0.765,True,brief_lapse,False,control,0.0,0.0
E11,E11,2026-01-27,intraday,pre,CTSH,-0.008782201247813037,-0.008782201247813037,0.001887115033242015,0.8787156281832954,250,-0.010440438719702435,0.0,0.015000000000000013,0.765,0.765,True,brief_lapse,False,control,0.0,0.0
E11,E11,2026-01-28,overnight,pre,CACI,-0.0003109593960897161,-0.0003109593960897161,0.0022430194855163066,0.5058246257154955,250,-0.001445533887823565,-0.030000000000000027,-0.040000000000000036,0.765,0.735,True,brief_lapse,False,exposed,0.956,0.0926
E11,E11,2026-01-28,overnight,pre,SAIC,-0.0009643047539956706,-0.0009643110501657004,0.0022430194855163066,0.4059812051615899,250,-0.0018749285079265102,-0.030000000000000027,-0.040000000000000036,0.765,0.735,True,brief_lapse,False,exposed,0.98,0.0479
E11,E11,2026-01-28,overnight,pre,LDOS,-0.006946234797606365,-0.006946242096110056,0.0022430194855163066,0.4854339417957971,250,-0.008035072587985328,-0.030000000000000027,-0.040000000000000036,0.765,0.735,True,brief_lapse,False,exposed,0.87,0.0736
E11,E11,2026-01-28,overnight,pre,BAH,0.004689658457377899,0.00468971719461897,0.0022430194855163066,0.6183618978011378,250,0.0033026606715091038,-0.030000000000000027,-0.040000000000000036,0.765,0.735,True,brief_lapse,False,exposed,0.98,0.0144
E11,E11,2026-01-28,overnight,pre,PSN,-0.004061068409697444,-0.004061068409697444,0.0022430194855163066,0.781177308882718,250,-0.005813264335164571,-0.030000000000000027,-0.040000000000000036,0.765,0.735,True,brief_lapse,False,exposed,0.51,0.0099
E11,E11,2026-01-28,overnight,pre,ACN,7.2587022790227e-05,7.260988936530488e-05,0.0022430194855163066,0.8185521950722057,250,-0.0017634415006688752,-0.030000000000000027,-0.040000000000000036,0.765,0.735,True,brief_lapse,False,control,0.08,0.0656
E11,E11,2026-01-28,overnight,pre,EPAM,0.007200547368573007,0.007200547368573007,0.0022430194855163066,1.3262383949307894,250,0.004225768806303376,-0.030000000000000027,-0.040000000000000036,0.765,0.735,True,brief_lapse,False,control,0.0,0.0
E11,E11,2026-01-28,overnight,pre,CTSH,0.0,-5.82568663309857e-08,0.0022430194855163066,0.7585859547561383,250,-0.0017015230779570097,-0.030000000000000027,-0.040000000000000036,0.765,0.735,True,brief_lapse,False,control,0.0,0.0
E11,E11,2026-01-28,intraday,pre,CACI,-0.007418266476883817,-0.007418266476883817,-0.002338433295357434,0.5794156997178066,250,-0.0060633415128108735,-0.020000000000000018,-0.09499999999999997,0.735,0.715,True,brief_lapse,False,exposed,0.956,0.0926
E11,E11,2026-01-28,intraday,pre,SAIC,-0.00048258108806831235,-0.00048258108806831235,-0.002338433295357434,0.447415797042955,250,0.0005636709086058176,-0.020000000000000018,-0.09499999999999997,0.735,0.715,True,brief_lapse,False,exposed,0.98,0.0479
E11,E11,2026-01-28,intraday,pre,LDOS,0.010330902001514763,0.010330902001514763,-0.002338433295357434,0.6265406685673371,250,0.011796025561788132,-0.020000000000000018,-0.09499999999999997,0.735,0.715,True,brief_lapse,False,exposed,0.87,0.0736
E11,E11,2026-01-28,intraday,pre,BAH,0.012447155681013067,0.012447155681013067,-0.002338433295357434,0.4800090752203026,250,0.013569624884581953,-0.020000000000000018,-0.09499999999999997,0.735,0.715,True,brief_lapse,False,exposed,0.98,0.0144
E11,E11,2026-01-28,intraday,pre,PSN,0.008295786096549351,0.008295786096549351,-0.002338433295357434,0.7343520867510146,250,0.010013019466723134,-0.020000000000000018,-0.09499999999999997,0.735,0.715,True,brief_lapse,False,exposed,0.51,0.0099
E11,E11,2026-01-28,intraday,pre,ACN,-0.019541782529711282,-0.01954178252971117,-0.002338433295357434,0.7595040117090341,250,-0.017765733060773333,-0.020000000000000018,-0.09499999999999997,0.735,0.715,True,brief_lapse,False,control,0.08,0.0656
E11,E11,2026-01-28,intraday,pre,EPAM,-0.0057374185900348484,-0.0057374185900348484,-0.002338433295357434,1.176558662006127,250,-0.0029861146408585275,-0.020000000000000018,-0.09499999999999997,0.735,0.715,True,brief_lapse,False,control,0.0,0.0
E11,E11,2026-01-28,intraday,pre,CTSH,-0.015948003019486734,-0.015948003019486734,-0.002338433295357434,0.8787156281832954,250,-0.013893185137391992,-0.020000000000000018,-0.09499999999999997,0.735,0.715,True,brief_lapse,False,control,0.0,0.0
E11,E11,2026-01-29,overnight,pre,CACI,0.0028986536857715794,0.0028986536857715794,0.0013948861462893536,0.5058246257154955,250,0.0021930859229090374,-0.1349999999999999,-0.09500000000000008,0.715,0.5800000000000001,True,brief_lapse,False,exposed,0.956,0.0926
E11,E11,2026-01-29,overnight,pre,SAIC,0.007822283686633735,0.00782222554516232,0.0013948861462893536,0.4059812051615899,250,0.007255986127899978,-0.1349999999999999,-0.09500000000000008,0.715,0.5800000000000001,True,brief_lapse,False,exposed,0.98,0.0479
E11,E11,2026-01-29,overnight,pre,LDOS,0.00367472111731737,0.003674656362326001,0.0013948861462893536,0.4854339417957971,250,0.0029975960369677803,-0.1349999999999999,-0.09500000000000008,0.715,0.5800000000000001,True,brief_lapse,False,exposed,0.87,0.0736
E11,E11,2026-01-29,overnight,pre,BAH,-0.00010979286682755163,-0.00010985049514167233,0.0013948861462893536,0.6183618978011378,250,-0.0009723373114635519,-0.1349999999999999,-0.09500000000000008,0.715,0.5800000000000001,True,brief_lapse,False,exposed,0.98,0.0144
E11,E11,2026-01-29,overnight,pre,PSN,0.0020917798343946803,0.0020917798343946803,0.0013948861462893536,0.781177308882718,250,0.001002126428438578,-0.1349999999999999,-0.09500000000000008,0.715,0.5800000000000001,True,brief_lapse,False,exposed,0.51,0.0099
E11,E11,2026-01-29,overnight,pre,ACN,-0.0035498706723147144,-0.003549793283521785,0.0013948861462893536,0.8185521950722057,250,-0.004691657789235674,-0.1349999999999999,-0.09500000000000008,0.715,0.5800000000000001,True,brief_lapse,False,control,0.08,0.0656
E11,E11,2026-01-29,overnight,pre,EPAM,-0.009251221633009177,-0.009251221633009177,0.0013948861462893536,1.3262383949307894,250,-0.011101173196775163,-0.1349999999999999,-0.09500000000000008,0.715,0.5800000000000001,True,brief_lapse,False,control,0.0,0.0
E11,E11,2026-01-29,overnight,pre,CTSH,0.0014405175943148496,0.0014405305773923516,0.0013948861462893536,0.7585859547561383,250,0.00038237655525582984,-0.1349999999999999,-0.09500000000000008,0.715,0.5800000000000001,True,brief_lapse,False,control,0.0,0.0
E11,E11,2026-01-29,intraday,pre,CACI,-0.02649630721812446,-0.02649630721812446,-0.0033745983582917916,0.5794156997178066,250,-0.02454101194908826,-0.06500000000000006,0.040000000000000036,0.5800000000000001,0.515,True,brief_lapse,False,exposed,0.956,0.0926
E11,E11,2026-01-29,intraday,pre,SAIC,-0.025488728293472263,-0.025488728293472263,-0.0033745983582917916,0.447415797042955,250,-0.023978879679297294,-0.06500000000000006,0.040000000000000036,0.5800000000000001,0.515,True,brief_lapse,False,exposed,0.98,0.0479
E11,E11,2026-01-29,intraday,pre,LDOS,-0.006738853098003261,-0.006738853098003261,-0.0033745983582917916,0.6265406685673371,250,-0.004624529986452883,-0.06500000000000006,0.040000000000000036,0.5800000000000001,0.515,True,brief_lapse,False,exposed,0.87,0.0736
E11,E11,2026-01-29,intraday,pre,BAH,-0.025908366174383857,-0.025908366174383857,-0.0033745983582917916,0.4800090752203026,250,-0.024288528337180263,-0.06500000000000006,0.040000000000000036,0.5800000000000001,0.515,True,brief_lapse,False,exposed,0.98,0.0144
E11,E11,2026-01-29,intraday,pre,PSN,-0.013359296852920033,-0.013359296852920033,-0.0033745983582917916,0.7343520867510146,250,-0.010881153506561908,-0.06500000000000006,0.040000000000000036,0.5800000000000001,0.515,True,brief_lapse,False,exposed,0.51,0.0099
E11,E11,2026-01-29,intraday,pre,ACN,-0.030615652812042926,-0.030615652812043037,-0.0033745983582917916,0.7595040117090341,250,-0.02805263182101359,-0.06500000000000006,0.040000000000000036,0.5800000000000001,0.515,True,brief_lapse,False,control,0.08,0.0656
E11,E11,2026-01-29,intraday,pre,EPAM,-0.03425324059697754,-0.03425324059697754,-0.0033745983582917916,1.176558662006127,250,-0.030282827667737676,-0.06500000000000006,0.040000000000000036,0.5800000000000001,0.515,True,brief_lapse,False,control,0.0,0.0
E11,E11,2026-01-29,intraday,pre,CTSH,-0.011627921856618317,-0.011627921856618317,-0.0033745983582917916,0.8787156281832954,250,-0.008662609540345628,-0.06500000000000006,0.040000000000000036,0.5800000000000001,0.515,True,brief_lapse,False,control,0.0,0.0
E11,E11,2026-01-30,overnight,pre,CACI,-0.009147388434480486,-0.009147388434480486,-0.003241888178378116,0.5058246257154955,250,-0.0075075615600408855,0.26,0.09999999999999998,0.515,0.775,True,brief_lapse,False,exposed,0.956,0.0926
E11,E11,2026-01-30,overnight,pre,SAIC,-0.004326399345249254,-0.004326395820070328,-0.003241888178378116,0.4059812051615899,250,-0.003010253675592195,0.26,0.09999999999999998,0.515,0.775,True,brief_lapse,False,exposed,0.98,0.0479
E11,E11,2026-01-30,overnight,pre,LDOS,-0.008120114218236663,-0.008120085129928234,-0.003241888178378116,0.4854339417957971,250,-0.006546391660945378,0.26,0.09999999999999998,0.515,0.775,True,brief_lapse,False,exposed,0.87,0.0736
E11,E11,2026-01-30,overnight,pre,BAH,-0.008452608718575894,-0.008452540711831102,-0.003241888178378116,0.6183618978011378,250,-0.006447948592134928,0.26,0.09999999999999998,0.515,0.775,True,brief_lapse,False,exposed,0.98,0.0144
E11,E11,2026-01-30,overnight,pre,PSN,-0.0067701459751998705,-0.0067701459751998705,-0.003241888178378116,0.781177308882718,250,-0.004237656492315757,0.26,0.09999999999999998,0.515,0.775,True,brief_lapse,False,exposed,0.51,0.0099
E11,E11,2026-01-30,overnight,pre,ACN,0.0,9.550889856768663e-09,-0.003241888178378116,0.8185521950722057,250,0.0026536546845900414,0.26,0.09999999999999998,0.515,0.775,True,brief_lapse,False,control,0.08,0.0656
E11,E11,2026-01-30,overnight,pre,EPAM,-0.00986022217953475,-0.00986022217953475,-0.003241888178378116,1.3262383949307894,250,-0.005560705605297456,0.26,0.09999999999999998,0.515,0.775,True,brief_lapse,False,control,0.0,0.0
E11,E11,2026-01-30,overnight,pre,CTSH,-0.005821658553742393,-0.005821688277053427,-0.003241888178378116,0.7585859547561383,250,-0.0033624077147347913,0.26,0.09999999999999998,0.515,0.775,True,brief_lapse,False,control,0.0,0.0
E11,E11,2026-01-30,intraday,pre,CACI,0.005101832494766034,0.005101832494766034,0.00026018402365468596,0.5794156997178066,250,0.00495107778664476,0.020000000000000018,0.15000000000000002,0.775,0.795,True,brief_lapse,False,exposed,0.956,0.0926
E11,E11,2026-01-30,intraday,pre,SAIC,0.004937783820172292,0.004937783820172292,0.00026018402365468596,0.447415797042955,250,0.004821373377850988,0.020000000000000018,0.15000000000000002,0.775,0.795,True,brief_lapse,False,exposed,0.98,0.0479
E11,E11,2026-01-30,intraday,pre,LDOS,0.01405720162278734,0.014057201622787563,0.00026018402365468596,0.6265406685673371,250,0.013894185750656193,0.020000000000000018,0.15000000000000002,0.775,0.795,True,brief_lapse,False,exposed,0.87,0.0736
E11,E11,2026-01-30,intraday,pre,BAH,0.005001077440286217,0.005001077440286217,0.00026018402365468596,0.4800090752203026,250,0.004876186747704634,0.020000000000000018,0.15000000000000002,0.775,0.795,True,brief_lapse,False,exposed,0.98,0.0144
E11,E11,2026-01-30,intraday,pre,PSN,-0.005112192833787499,-0.005112192833787499,0.00026018402365468596,0.7343520867510146,250,-0.005303259514497593,0.020000000000000018,0.15000000000000002,0.775,0.795,True,brief_lapse,False,exposed,0.51,0.0099
E11,E11,2026-01-30,intraday,pre,ACN,0.009264272984008892,0.009264272984008892,0.00026018402365468596,0.7595040117090341,250,0.00906666217426056,0.020000000000000018,0.15000000000000002,0.775,0.795,True,brief_lapse,False,control,0.08,0.0656
E11,E11,2026-01-30,intraday,pre,EPAM,0.008411512592831238,0.008411512592831238,0.00026018402365468596,1.176558662006127,250,0.00810539082608471,0.020000000000000018,0.15000000000000002,0.775,0.795,True,brief_lapse,False,control,0.0,0.0
E11,E11,2026-01-30,intraday,pre,CTSH,0.0010979180024464075,0.0010979180024464075,0.00026018402365468596,0.8787156281832954,250,0.0008692902346574227,0.020000000000000018,0.15000000000000002,0.775,0.795,True,brief_lapse,False,control,0.0,0.0
E11,E11,2026-02-02,overnight,resolution,CACI,-0.005543205396904782,-0.005543205396904782,-0.0034538400525998547,0.5058246257154955,250,-0.0037961680450172737,,0.14350000000000007,0.795,,True,brief_lapse,False,exposed,0.956,0.0926
E11,E11,2026-02-02,overnight,resolution,SAIC,-0.005896210570144889,-0.0058962019765580465,-0.0034538400525998547,0.4059812051615899,250,-0.00449401642315503,,0.14350000000000007,0.795,,True,brief_lapse,False,exposed,0.98,0.0479
E11,E11,2026-02-02,overnight,resolution,LDOS,-0.0039303457866816105,-0.003930324492176895,-0.0034538400525998547,0.4854339417957971,250,-0.00225373459561586,,0.14350000000000007,0.795,,True,brief_lapse,False,exposed,0.87,0.0736
E11,E11,2026-02-02,overnight,resolution,BAH,-0.0024881387079087602,-0.002488160888082569,-0.0034538400525998547,0.6183618978011378,250,-0.00035241561828153233,,0.14350000000000007,0.795,,True,brief_lapse,False,exposed,0.98,0.0144
E11,E11,2026-02-02,overnight,resolution,PSN,-0.008135879529710843,-0.008135879529710843,-0.0034538400525998547,0.781177308882718,250,-0.005437818052109544,,0.14350000000000007,0.795,,True,brief_lapse,False,exposed,0.51,0.0099
E11,E11,2026-02-02,overnight,resolution,ACN,-0.0003793282296380429,-0.00037932423504882795,-0.0034538400525998547,0.8185521950722057,250,0.0024478201268458705,,0.14350000000000007,0.795,,True,brief_lapse,False,control,0.08,0.0656
E11,E11,2026-02-02,overnight,resolution,EPAM,-0.002876347471017615,-0.002876347471017615,-0.0034538400525998547,1.3262383949307894,250,0.0017042678166900894,,0.14350000000000007,0.795,,True,brief_lapse,False,control,0.0,0.0
E11,E11,2026-02-02,overnight,resolution,CTSH,-0.0012186020347719762,-0.0012185211581383637,-0.0034538400525998547,0.7585859547561383,250,0.0014014325191044757,,0.14350000000000007,0.795,,True,brief_lapse,False,control,0.0,0.0
E12,E12,2026-02-09,overnight,pre,CACI,0.004721071786580433,0.004721071786580433,-0.0017375868183865384,0.5017327334759288,250,0.005592875970621253,-1.1102230246251565e-16,0.06999999999999995,0.67,0.6699999999999999,True,shutdown_dhs_partial_75d,False,exposed,0.956,0.0926
E12,E12,2026-02-09,overnight,pre,SAIC,0.0,-3.063128539704252e-08,-0.0017375868183865384,0.41114653138823515,250,0.0007144027933655445,-1.1102230246251565e-16,0.06999999999999995,0.67,0.6699999999999999,True,shutdown_dhs_partial_75d,False,exposed,0.98,0.0479
E12,E12,2026-02-09,overnight,pre,LDOS,0.006891557915417401,0.006891630908439694,-0.0017375868183865384,0.47457812898982865,250,0.0077161786166446734,-1.1102230246251565e-16,0.06999999999999995,0.67,0.6699999999999999,True,shutdown_dhs_partial_75d,False,exposed,0.87,0.0736
E12,E12,2026-02-09,overnight,pre,BAH,0.0034827271379280766,0.0034826818104047863,-0.0017375868183865384,0.6165388594145218,250,0.00455401693306982,-1.1102230246251565e-16,0.06999999999999995,0.67,0.6699999999999999,True,shutdown_dhs_partial_75d,False,exposed,0.98,0.0144
E12,E12,2026-02-09,overnight,pre,PSN,0.0018720801473519622,0.0018720801473519622,-0.0017375868183865384,0.7653880794496647,250,0.003202008385153888,-1.1102230246251565e-16,0.06999999999999995,0.67,0.6699999999999999,True,shutdown_dhs_partial_75d,False,exposed,0.51,0.0099
E12,E12,2026-02-09,overnight,pre,ACN,-0.020904325918174815,-0.020904297738123412,-0.0017375868183865384,0.7447688119370576,250,-0.01961022544780758,-1.1102230246251565e-16,0.06999999999999995,0.67,0.6699999999999999,True,shutdown_dhs_partial_75d,False,control,0.08,0.0656
E12,E12,2026-02-09,overnight,pre,EPAM,-0.027319429501991954,-0.027319429501991954,-0.0017375868183865384,1.284288702573542,250,-0.025087866381397417,-1.1102230246251565e-16,0.06999999999999995,0.67,0.6699999999999999,True,shutdown_dhs_partial_75d,False,control,0.0,0.0
E12,E12,2026-02-09,overnight,pre,CTSH,-0.01803320390502383,-0.01803323649023081,-0.0017375868183865384,0.7452656454175602,250,-0.016738240143349944,-1.1102230246251565e-16,0.06999999999999995,0.67,0.6699999999999999,True,shutdown_dhs_partial_75d,False,control,0.0,0.0
E12,E12,2026-02-09,intraday,pre,CACI,0.02550615853393068,0.02550615853393068,0.006570783285022586,0.5707427402246943,250,0.02175593167641427,-0.004999999999999893,0.020000000000000018,0.6699999999999999,0.665,True,shutdown_dhs_partial_75d,False,exposed,0.956,0.0926
E12,E12,2026-02-09,intraday,pre,SAIC,-0.001016657883080918,-0.001016657883080918,0.006570783285022586,0.4124932580655088,250,-0.003727061688362271,-0.004999999999999893,0.020000000000000018,0.6699999999999999,0.665,True,shutdown_dhs_partial_75d,False,exposed,0.98,0.0479
E12,E12,2026-02-09,intraday,pre,LDOS,0.0013379708225238485,0.0013379708225236264,0.006570783285022586,0.6278846596760482,250,-0.002787723204197624,-0.004999999999999893,0.020000000000000018,0.6699999999999999,0.665,True,shutdown_dhs_partial_75d,False,exposed,0.87,0.0736
E12,E12,2026-02-09,intraday,pre,BAH,0.009068490403171037,0.009068490403171037,0.006570783285022586,0.47166295954456794,250,0.005969295312431306,-0.004999999999999893,0.020000000000000018,0.6699999999999999,0.665,True,shutdown_dhs_partial_75d,False,exposed,0.98,0.0144
E12,E12,2026-02-09,intraday,pre,PSN,-0.0012936083139430954,-0.0012936083139430954,0.006570783285022586,0.7729367519196791,250,-0.006372408203836572,-0.004999999999999893,0.020000000000000018,0.6699999999999999,0.665,True,shutdown_dhs_partial_75d,False,exposed,0.51,0.0099
E12,E12,2026-02-09,intraday,pre,ACN,0.004966247372024002,0.004966247372024002,0.006570783285022586,0.7623154433869171,250,-4.276220129733471e-05,-0.004999999999999893,0.020000000000000018,0.6699999999999999,0.665,True,shutdown_dhs_partial_75d,False,control,0.08,0.0656
E12,E12,2026-02-09,intraday,pre,EPAM,0.049289552325579855,0.049289552325579855,0.006570783285022586,1.1626680633331563,250,0.04164991244900077,-0.004999999999999893,0.020000000000000018,0.6699999999999999,0.665,True,shutdown_dhs_partial_75d,False,control,0.0,0.0
E12,E12,2026-02-09,intraday,pre,CTSH,-0.01440089754078222,-0.01440089754078222,0.006570783285022586,0.8794574999905612,250,-0.020179622181607952,-0.004999999999999893,0.020000000000000018,0.6699999999999999,0.665,True,shutdown_dhs_partial_75d,False,control,0.0,0.0
E12,E12,2026-02-10,overnight,pre,CACI,0.0,0.0,0.0014410259851855844,0.5017327334759288,250,-0.0007230099065570066,-0.020000000000000018,-0.025000000000000022,0.665,0.645,True,shutdown_dhs_partial_75d,False,exposed,0.956,0.0926
E12,E12,2026-02-10,overnight,pre,SAIC,-0.0015265777196531438,-0.0015265416534494536,0.0014410259851855844,0.41114653138823515,250,-0.002119050555102511,-0.020000000000000018,-0.025000000000000022,0.665,0.645,True,shutdown_dhs_partial_75d,False,exposed,0.98,0.0479
E12,E12,2026-02-10,overnight,pre,LDOS,-5.136447686071577e-05,-5.140998423935894e-05,0.0014410259851855844,0.47457812898982865,250,-0.000735243892735815,-0.020000000000000018,-0.025000000000000022,0.665,0.645,True,shutdown_dhs_partial_75d,False,exposed,0.87,0.0736
E12,E12,2026-02-10,overnight,pre,BAH,0.0019971187783431876,0.0019971614237064284,0.0014410259851855844,0.6165388594145218,250,0.0011086702610501797,-0.020000000000000018,-0.025000000000000022,0.665,0.645,True,shutdown_dhs_partial_75d,False,exposed,0.98,0.0144
E12,E12,2026-02-10,overnight,pre,PSN,0.005613117028496317,0.005613117028496317,0.0014410259851855844,0.7653880794496647,250,0.004510172917258062,-0.020000000000000018,-0.025000000000000022,0.665,0.645,True,shutdown_dhs_partial_75d,False,exposed,0.51,0.0099
E12,E12,2026-02-10,overnight,pre,ACN,0.002998845736161826,0.0029988543691179537,0.0014410259851855844,0.7447688119370576,250,0.0019256145252047304,-0.020000000000000018,-0.025000000000000022,0.665,0.645,True,shutdown_dhs_partial_75d,False,control,0.08,0.0656
E12,E12,2026-02-10,overnight,pre,EPAM,0.0030966058033692345,0.0030966058033692345,0.0014410259851855844,1.284288702573542,250,0.00124591241048048,-0.020000000000000018,-0.025000000000000022,0.665,0.645,True,shutdown_dhs_partial_75d,False,control,0.0,0.0
E12,E12,2026-02-10,overnight,pre,CTSH,-0.0026809241836704967,-0.0026809183969647155,0.0014410259851855844,0.7452656454175602,250,-0.003754871344583307,-0.020000000000000018,-0.025000000000000022,0.665,0.645,True,shutdown_dhs_partial_75d,False,control,0.0,0.0
E12,E12,2026-02-10,intraday,pre,CACI,-0.017998699686200936,-0.017998699686200936,-0.0040722599472169385,0.5707427402246943,250,-0.015674486885019073,0.05499999999999994,-0.015000000000000013,0.645,0.7,True,shutdown_dhs_partial_75d,False,exposed,0.956,0.0926
E12,E12,2026-02-10,intraday,pre,SAIC,-0.0019366266315223868,-0.0019366266315222758,-0.0040722599472169385,0.4124932580655088,250,-0.00025684685820519487,0.05499999999999994,-0.015000000000000013,0.645,0.7,True,shutdown_dhs_partial_75d,False,exposed,0.98,0.0479
E12,E12,2026-02-10,intraday,pre,LDOS,0.0007708993903092765,0.0007708993903092765,-0.0040722599472169385,0.6278846596760482,250,0.003327808941379986,0.05499999999999994,-0.015000000000000013,0.645,0.7,True,shutdown_dhs_partial_75d,False,exposed,0.87,0.0736
E12,E12,2026-02-10,intraday,pre,BAH,-0.003986276378324827,-0.003986276378324827,-0.0040722599472169385,0.47166295954456794,250,-0.0020655421995856797,0.05499999999999994,-0.015000000000000013,0.645,0.7,True,shutdown_dhs_partial_75d,False,exposed,0.98,0.0144
E12,E12,2026-02-10,intraday,pre,PSN,0.0048661273310168784,0.0048661273310168784,-0.0040722599472169385,0.7729367519196791,250,0.008013726707591342,0.05499999999999994,-0.015000000000000013,0.645,0.7,True,shutdown_dhs_partial_75d,False,exposed,0.51,0.0099
E12,E12,2026-02-10,intraday,pre,ACN,0.014275484831218321,0.014275484831218321,-0.0040722599472169385,0.7623154433869171,250,0.017379831478467785,0.05499999999999994,-0.015000000000000013,0.645,0.7,True,shutdown_dhs_partial_75d,False,control,0.08,0.0656
E12,E12,2026-02-10,intraday,pre,EPAM,0.002563863083732354,0.002563863083732354,-0.0040722599472169385,1.1626680633331563,250,0.007298549669952253,0.05499999999999994,-0.015000000000000013,0.645,0.7,True,shutdown_dhs_partial_75d,False,control,0.0,0.0
E12,E12,2026-02-10,intraday,pre,CTSH,0.0022849214583882116,0.0022849214583882116,-0.0040722599472169385,0.8794574999905612,250,0.005866301010879316,0.05499999999999994,-0.015000000000000013,0.645,0.7,True,shutdown_dhs_partial_75d,False,control,0.0,0.0
E12,E12,2026-02-11,overnight,pre,CACI,6.398066599633268e-05,6.398066599633268e-05,0.006169478602309431,0.5017327334759288,250,-0.0030314486972616308,0.05500000000000005,0.040000000000000036,0.7,0.755,True,shutdown_dhs_partial_75d,False,exposed,0.956,0.0926
E12,E12,2026-02-11,overnight,pre,SAIC,-0.039113581511211803,-0.03911363813483726,0.006169478602309431,0.41114653138823515,250,-0.04165014123902526,0.05500000000000005,0.040000000000000036,0.7,0.755,True,shutdown_dhs_partial_75d,False,exposed,0.98,0.0479
E12,E12,2026-02-11,overnight,pre,LDOS,0.0,-3.3637497232064106e-09,0.006169478602309431,0.47457812898982865,250,-0.0029278996119267925,0.05500000000000005,0.040000000000000036,0.7,0.755,True,shutdown_dhs_partial_75d,False,exposed,0.87,0.0736
E12,E12,2026-02-11,overnight,pre,BAH,-0.008560274220220543,-0.008560207219171279,0.006169478602309431,0.6165388594145218,250,-0.012363997520870697,0.05500000000000005,0.040000000000000036,0.7,0.755,True,shutdown_dhs_partial_75d,False,exposed,0.98,0.0144
E12,E12,2026-02-11,overnight,pre,PSN,-0.13438253345153017,-0.13438253345153017,0.006169478602309431,0.7653880794496647,250,-0.1391045788301576,0.05500000000000005,0.040000000000000036,0.7,0.755,True,shutdown_dhs_partial_75d,False,exposed,0.51,0.0099
E12,E12,2026-02-11,overnight,pre,ACN,0.004400886811257498,0.004400819320319105,0.006169478602309431,0.7447688119370576,250,-0.00019394843765559514,0.05500000000000005,0.040000000000000036,0.7,0.755,True,shutdown_dhs_partial_75d,False,control,0.08,0.0656
E12,E12,2026-02-11,overnight,pre,EPAM,0.0005219252632266969,0.0005219252632266969,0.006169478602309431,1.284288702573542,250,-0.007401466406488512,0.05500000000000005,0.040000000000000036,0.7,0.755,True,shutdown_dhs_partial_75d,False,control,0.0,0.0
E12,E12,2026-02-11,overnight,pre,CTSH,-0.001475132230887688,-0.0014751954389659039,0.006169478602309431,0.7452656454175602,250,-0.006073032683327653,0.05500000000000005,0.040000000000000036,0.7,0.755,True,shutdown_dhs_partial_75d,False,control,0.0,0.0
E12,E12,2026-02-11,intraday,pre,CACI,-0.08470217231482746,-0.08470217231482746,-0.006361367203900126,0.5707427402246943,250,-0.081071468165298,0.07999999999999996,0.08999999999999997,0.755,0.835,True,shutdown_dhs_partial_75d,False,exposed,0.956,0.0926
E12,E12,2026-02-11,intraday,pre,SAIC,-0.12615576131076722,-0.1261557613107671,-0.006361367203900126,0.4124932580655088,250,-0.12353174022707938,0.07999999999999996,0.08999999999999997,0.755,0.835,True,shutdown_dhs_partial_75d,False,exposed,0.98,0.0479
E12,E12,2026-02-11,intraday,pre,LDOS,-0.11154478772671661,-0.11154478772671661,-0.006361367203900126,0.6278846596760482,250,-0.1075505828448214,0.07999999999999996,0.08999999999999997,0.755,0.835,True,shutdown_dhs_partial_75d,False,exposed,0.87,0.0736
E12,E12,2026-02-11,intraday,pre,BAH,-0.10529265931104814,-0.10529265931104825,-0.006361367203900126,0.47166295954456794,250,-0.10229223802890686,0.07999999999999996,0.08999999999999997,0.755,0.835,True,shutdown_dhs_partial_75d,False,exposed,0.98,0.0144
E12,E12,2026-02-11,intraday,pre,PSN,-0.008638445360480085,-0.008638445360480085,-0.006361367203900126,0.7729367519196791,250,-0.00372151085612915,0.07999999999999996,0.08999999999999997,0.755,0.835,True,shutdown_dhs_partial_75d,False,exposed,0.51,0.0099
E12,E12,2026-02-11,intraday,pre,ACN,-0.047495062770713914,-0.047495062770713914,-0.006361367203900126,0.7623154433869171,250,-0.0426456943101258,0.07999999999999996,0.08999999999999997,0.755,0.835,True,shutdown_dhs_partial_75d,False,control,0.08,0.0656
E12,E12,2026-02-11,intraday,pre,EPAM,-0.071566432217959,-0.071566432217959,-0.006361367203900126,1.1626680633331563,250,-0.06417027373084938,0.07999999999999996,0.08999999999999997,0.755,0.835,True,shutdown_dhs_partial_75d,False,control,0.0,0.0
E12,E12,2026-02-11,intraday,pre,CTSH,-0.047676543968069085,-0.047676543968069085,-0.006361367203900126,0.8794574999905612,250,-0.042081991870405136,0.07999999999999996,0.08999999999999997,0.755,0.835,True,shutdown_dhs_partial_75d,False,control,0.0,0.0
E12,E12,2026-02-12,overnight,pre,CACI,0.006005276080704336,0.006005276080704336,0.0032949420884318403,0.5017327334759288,250,0.004352095780030543,0.050000000000000044,0.06000000000000005,0.835,0.885,True,shutdown_dhs_partial_75d,False,exposed,0.956,0.0926
E12,E12,2026-02-12,overnight,pre,SAIC,0.00012165093470661859,0.000121626492198601,0.0032949420884318403,0.41114653138823515,250,-0.0012330530760772402,0.050000000000000044,0.06000000000000005,0.835,0.885,True,shutdown_dhs_partial_75d,False,exposed,0.98,0.0479
E12,E12,2026-02-12,overnight,pre,LDOS,0.012832376878612717,0.012832394292382032,0.0032949420884318403,0.47457812898982865,250,0.011268669427154895,0.050000000000000044,0.06000000000000005,0.835,0.885,True,shutdown_dhs_partial_75d,False,exposed,0.87,0.0736
E12,E12,2026-02-12,overnight,pre,BAH,0.0027572530074360113,0.0027572297413405167,0.0032949420884318403,0.6165388594145218,250,0.0007257931703973423,0.050000000000000044,0.06000000000000005,0.835,0.885,True,shutdown_dhs_partial_75d,False,exposed,0.98,0.0144
E12,E12,2026-02-12,overnight,pre,PSN,0.0003319578423235381,0.0003319578423235381,0.0032949420884318403,0.7653880794496647,250,-0.0021899515546391756,0.050000000000000044,0.06000000000000005,0.835,0.885,True,shutdown_dhs_partial_75d,False,exposed,0.51,0.0099
E12,E12,2026-02-12,overnight,pre,ACN,-0.0007811166328263175,-0.000781077441698641,0.0032949420884318403,0.7447688119370576,250,-0.0032350867374291064,0.050000000000000044,0.06000000000000005,0.835,0.885,True,shutdown_dhs_partial_75d,False,control,0.08,0.0656
E12,E12,2026-02-12,overnight,pre,EPAM,-0.007697119825079035,-0.007697119825079035,0.0032949420884318403,1.284288702573542,250,-0.01192877672488612,0.050000000000000044,0.06000000000000005,0.835,0.885,True,shutdown_dhs_partial_75d,False,control,0.0,0.0
E12,E12,2026-02-12,overnight,pre,CTSH,-0.007051191287443803,-0.007051130189222543,0.0032949420884318403,0.7452656454175602,250,-0.009506798429592442,0.050000000000000044,0.06000000000000005,0.835,0.885,True,shutdown_dhs_partial_75d,False,control,0.0,0.0
E12,E12,2026-02-12,intraday,pre,CACI,-0.02582123726115515,-0.02582123726115515,-0.018682258128437046,0.5707427402246943,250,-0.015158474063345922,0.07999999999999996,0.056499999999999995,0.885,0.965,True,shutdown_dhs_partial_75d,False,exposed,0.956,0.0926
E12,E12,2026-02-12,intraday,pre,SAIC,0.014836355833027337,0.014836355833027337,-0.018682258128437046,0.4124932580655088,250,0.02254266135644717,0.07999999999999996,0.056499999999999995,0.885,0.965,True,shutdown_dhs_partial_75d,False,exposed,0.98,0.0479
E12,E12,2026-02-12,intraday,pre,LDOS,-0.021572872811965293,-0.021572872811965405,-0.018682258128437046,0.6278846596760482,250,-0.009842569525011512,0.07999999999999996,0.056499999999999995,0.885,0.965,True,shutdown_dhs_partial_75d,False,exposed,0.87,0.0736
E12,E12,2026-02-12,intraday,pre,BAH,-0.025996772583013472,-0.02599677258301336,-0.018682258128437046,0.47166295954456794,250,-0.017185043423179294,0.07999999999999996,0.056499999999999995,0.885,0.965,True,shutdown_dhs_partial_75d,False,exposed,0.98,0.0144
E12,E12,2026-02-12,intraday,pre,PSN,0.03982076807171797,0.03982076807171797,-0.018682258128437046,0.7729367519196791,250,0.05426097198803713,0.07999999999999996,0.056499999999999995,0.885,0.965,True,shutdown_dhs_partial_75d,False,exposed,0.51,0.0099
E12,E12,2026-02-12,intraday,pre,ACN,-0.035613450162866434,-0.035613450162866434,-0.018682258128437046,0.7623154433869171,250,-0.02137167627421811,0.07999999999999996,0.056499999999999995,0.885,0.965,True,shutdown_dhs_partial_75d,False,control,0.08,0.0656
E12,E12,2026-02-12,intraday,pre,EPAM,-0.07643528691276702,-0.07643528691276702,-0.018682258128437046,1.1626680633331563,250,-0.054714022035887,0.07999999999999996,0.056499999999999995,0.885,0.965,True,shutdown_dhs_partial_75d,False,control,0.0,0.0
E12,E12,2026-02-12,intraday,pre,CTSH,-0.06504760107833807,-0.06504760107833807,-0.018682258128437046,0.8794574999905612,250,-0.048617349050524485,0.07999999999999996,0.056499999999999995,0.885,0.965,True,shutdown_dhs_partial_75d,False,control,0.0,0.0
E12,E12,2026-02-13,overnight,pre,CACI,0.012469049712235503,0.012469049712235503,0.0006164705446869423,0.5017327334759288,250,0.012159746260742328,-0.039999999999999925,-0.667,0.965,0.925,True,shutdown_dhs_partial_75d,False,exposed,0.956,0.0926
E12,E12,2026-02-13,overnight,pre,SAIC,0.004553683569667344,0.004553705249448203,0.0006164705446869423,0.41114653138823515,250,0.004300223843516291,-0.039999999999999925,-0.667,0.965,0.925,True,shutdown_dhs_partial_75d,False,exposed,0.98,0.0479
E12,E12,2026-02-13,overnight,pre,LDOS,0.005249614368880717,0.005249613537974707,0.0006164705446869423,0.47457812898982865,250,0.004957050931205848,-0.039999999999999925,-0.667,0.965,0.925,True,shutdown_dhs_partial_75d,False,exposed,0.87,0.0736
E12,E12,2026-02-13,overnight,pre,BAH,0.004747885776057448,0.012412722395454212,0.0006164705446869423,0.6165388594145218,250,0.0043678077295735114,-0.039999999999999925,-0.667,0.965,0.925,True,shutdown_dhs_partial_75d,False,exposed,0.98,0.0144
E12,E12,2026-02-13,overnight,pre,PSN,0.011329231222793945,0.011329231222793945,0.0006164705446869423,0.7653880794496647,250,0.010857392016558718,-0.039999999999999925,-0.667,0.965,0.925,True,shutdown_dhs_partial_75d,False,exposed,0.51,0.0099
E12,E12,2026-02-13,overnight,pre,ACN,0.005224064777326731,0.005224035281365058,0.0006164705446869423,0.7447688119370576,250,0.0047649367421660465,-0.039999999999999925,-0.667,0.965,0.925,True,shutdown_dhs_partial_75d,False,control,0.08,0.0656
E12,E12,2026-02-13,overnight,pre,EPAM,0.011525287864602163,0.011525287864602163,0.0006164705446869423,1.284288702573542,250,0.010733561708591365,-0.039999999999999925,-0.667,0.965,0.925,True,shutdown_dhs_partial_75d,False,control,0.0,0.0
E12,E12,2026-02-13,overnight,pre,CTSH,0.0009114014633471168,0.0009113713014581304,0.0006164705446869423,0.7452656454175602,250,0.00045196714498008784,-0.039999999999999925,-0.667,0.965,0.925,True,shutdown_dhs_partial_75d,False,control,0.0,0.0
E12,E12,2026-02-13,intraday,pre,CACI,0.008638387504846357,0.008638387504846357,8.80130261391443e-05,0.5707427402246943,250,0.008588154709132234,0.019999999999999907,-0.14549999999999996,0.925,0.945,True,shutdown_dhs_partial_75d,False,exposed,0.956,0.0926
E12,E12,2026-02-13,intraday,pre,SAIC,0.03316233710262351,0.03316233710262351,8.80130261391443e-05,0.4124932580655088,250,0.033126032322719164,0.019999999999999907,-0.14549999999999996,0.925,0.945,True,shutdown_dhs_partial_75d,False,exposed,0.98,0.0479
E12,E12,2026-02-13,intraday,pre,LDOS,0.022977874463375514,0.022977874463375514,8.80130261391443e-05,0.6278846596760482,250,0.02292261243441108,0.019999999999999907,-0.14549999999999996,0.925,0.945,True,shutdown_dhs_partial_75d,False,exposed,0.87,0.0736
E12,E12,2026-02-13,intraday,pre,BAH,0.013026776504065474,0.013026776504065696,8.80130261391443e-05,0.47166295954456794,250,0.012985264019678212,0.019999999999999907,-0.14549999999999996,0.925,0.945,True,shutdown_dhs_partial_75d,False,exposed,0.98,0.0144
E12,E12,2026-02-13,intraday,pre,PSN,0.0,0.0,8.80130261391443e-05,0.7729367519196791,250,-6.802850255061201e-05,0.019999999999999907,-0.14549999999999996,0.925,0.945,True,shutdown_dhs_partial_75d,False,exposed,0.51,0.0099
E12,E12,2026-02-13,intraday,pre,ACN,0.004569638319893432,0.004569638319893432,8.80130261391443e-05,0.7623154433869171,250,0.004502544630848346,0.019999999999999907,-0.14549999999999996,0.925,0.945,True,shutdown_dhs_partial_75d,False,control,0.08,0.0656
E12,E12,2026-02-13,intraday,pre,EPAM,0.008303000606060706,0.008303000606060706,8.80130261391443e-05,1.1626680633331563,250,0.008200670671411416,0.019999999999999907,-0.14549999999999996,0.925,0.945,True,shutdown_dhs_partial_75d,False,control,0.0,0.0
E12,E12,2026-02-13,intraday,pre,CTSH,0.0100167501306756,0.010016750130675822,8.80130261391443e-05,0.8794574999905612,250,0.009939346414740664,0.019999999999999907,-0.14549999999999996,0.925,0.945,True,shutdown_dhs_partial_75d,False,control,0.0,0.0
E12,E12,2026-02-17,overnight,resolution,CACI,-0.0026687045744955284,-0.0026687045744955284,-0.0023615480748074846,0.5017327334759288,250,-0.001483838603687552,,,0.945,,True,shutdown_dhs_partial_75d,False,exposed,0.956,0.0926
E12,E12,2026-02-17,overnight,resolution,SAIC,-0.01073779348169901,-0.010737751265079698,-0.0023615480748074846,0.41114653138823515,250,-0.009766851182035349,,,0.945,,True,shutdown_dhs_partial_75d,False,exposed,0.98,0.0479
E12,E12,2026-02-17,overnight,resolution,LDOS,0.011174141607261268,0.011174182379381836,-0.0023615480748074846,0.47457812898982865,250,0.012294880674122936,,,0.945,,True,shutdown_dhs_partial_75d,False,exposed,0.87,0.0736
E12,E12,2026-02-17,overnight,resolution,BAH,0.001512893979689789,0.001512986852952869,-0.0023615480748074846,0.6165388594145218,250,0.0029688801361841552,,,0.945,,True,shutdown_dhs_partial_75d,False,exposed,0.98,0.0144
E12,E12,2026-02-17,overnight,resolution,PSN,0.010097752590650266,0.010097752590650266,-0.0023615480748074846,0.7653880794496647,250,0.01190525333615522,,,0.945,,True,shutdown_dhs_partial_75d,False,exposed,0.51,0.0099
E12,E12,2026-02-17,overnight,resolution,ACN,0.006198989549371925,0.006199010815834516,-0.0023615480748074846,0.7447688119370576,250,0.007957796903378542,,,0.945,,True,shutdown_dhs_partial_75d,False,control,0.08,0.0656
E12,E12,2026-02-17,overnight,resolution,EPAM,0.013103372388089785,0.013103372388089785,-0.0023615480748074846,1.284288702573542,250,0.016136281901149335,,,0.945,,True,shutdown_dhs_partial_75d,False,control,0.0,0.0
E12,E12,2026-02-17,overnight,resolution,CTSH,0.0030052132356739314,0.0030051799027679404,-0.0023615480748074846,0.7452656454175602,250,0.0047651938858299285,,,0.945,,True,shutdown_dhs_partial_75d,False,control,0.0,0.0
E13,E13,2026-09-01,intraday,pre,CACI,0.00805539349295259,0.00805539349295259,-0.00030180771517740457,0.7200471237986332,250,0.008272709270206317,-0.020000000000000004,-0.006500000000000002,0.035,0.015,True,averted,False,exposed,0.956,0.0926
E13,E13,2026-09-01,intraday,pre,SAIC,-0.0018109069852537685,-0.0018109069852537685,-0.00030180771517740457,0.6225190106727319,250,-0.001623025944988133,-0.020000000000000004,-0.006500000000000002,0.035,0.015,True,averted,False,exposed,0.98,0.0479
E13,E13,2026-09-01,intraday,pre,LDOS,-0.009324597826996128,-0.009324597826996128,-0.00030180771517740457,0.6570109103142585,250,-0.009126306865307555,-0.020000000000000004,-0.006500000000000002,0.035,0.015,True,averted,False,exposed,0.87,0.0736
E13,E13,2026-09-01,intraday,pre,BAH,-0.0013249351556466893,-0.0013249351556466893,-0.00030180771517740457,0.5868467393716361,250,-0.001147820282077626,-0.020000000000000004,-0.006500000000000002,0.035,0.015,True,averted,False,exposed,0.98,0.0144
E13,E13,2026-09-01,intraday,pre,PSN,-0.03796684234741077,-0.03796684234741077,-0.00030180771517740457,0.887782021678144,250,-0.03769890288387251,-0.020000000000000004,-0.006500000000000002,0.035,0.015,True,averted,False,exposed,0.51,0.0099
E13,E13,2026-09-01,intraday,pre,ACN,0.004110553971775399,0.004110553971775399,-0.00030180771517740457,0.7799223765397931,250,0.004345940562254605,-0.020000000000000004,-0.006500000000000002,0.035,0.015,True,averted,False,control,0.08,0.0656
E13,E13,2026-09-01,intraday,pre,EPAM,-0.003767789899994489,-0.003767789899994489,-0.00030180771517740457,1.1847112797292094,250,-0.0034102348955145174,-0.020000000000000004,-0.006500000000000002,0.035,0.015,True,averted,False,control,0.0,0.0
E13,E13,2026-09-01,intraday,pre,CTSH,-0.01507149177760081,-0.01507149177760081,-0.00030180771517740457,0.8064179479742652,250,-0.014828108619244645,-0.020000000000000004,-0.006500000000000002,0.035,0.015,True,averted,False,control,0.0,0.0
E13,E13,2026-09-02,overnight,pre,CACI,-0.0039558529739319725,-0.0039558529739319725,0.000879496539986091,0.13396941967104553,250,-0.004073678614996601,0.005000000000000001,0.0005000000000000004,0.015,0.02,True,averted,False,exposed,0.956,0.0926
E13,E13,2026-09-02,overnight,pre,SAIC,-0.005363624439472692,-0.005363624439472692,0.000879496539986091,-0.04180962450801853,250,-0.0053268530193797715,0.005000000000000001,0.0005000000000000004,0.015,0.02,True,averted,False,exposed,0.98,0.0479
E13,E13,2026-09-02,overnight,pre,LDOS,-0.006753752330093454,-0.0067537126418881765,0.000879496539986091,0.1249123843256596,250,-0.006863612339909285,0.005000000000000001,0.0005000000000000004,0.015,0.02,True,averted,False,exposed,0.87,0.0736
E13,E13,2026-09-02,overnight,pre,BAH,-0.008622896175550121,-0.008622896175550121,0.000879496539986091,-0.10592353841984335,250,-0.008529736790006785,0.005000000000000001,0.0005000000000000004,0.015,0.02,True,averted,False,exposed,0.98,0.0144
E13,E13,2026-09-02,overnight,pre,PSN,-0.007763653618872324,-0.007763653618872324,0.000879496539986091,0.5002838394939151,250,-0.00820365152471818,0.005000000000000001,0.0005000000000000004,0.015,0.02,True,averted,False,exposed,0.51,0.0099
E13,E13,2026-09-02,overnight,pre,ACN,-0.009463547955846252,-0.009463547955846252,0.000879496539986091,0.12527935462186476,250,-0.009573730714767872,0.005000000000000001,0.0005000000000000004,0.015,0.02,True,averted,False,control,0.08,0.0656
E13,E13,2026-09-02,overnight,pre,EPAM,0.001805112658405772,0.001805112658405772,0.000879496539986091,0.667278755225052,250,0.001218243301979113,0.005000000000000001,0.0005000000000000004,0.015,0.02,True,averted,False,control,0.0,0.0
E13,E13,2026-09-02,overnight,pre,CTSH,-0.0012619974880867524,-0.0012619974880867524,0.000879496539986091,0.3210796904977827,250,-0.0015443859649393573,0.005000000000000001,0.0005000000000000004,0.015,0.02,True,averted,False,control,0.0,0.0
E13,E13,2026-09-02,intraday,pre,CACI,-0.020256075718938726,-0.020256075718938726,0.0035542800926458007,0.7200471237986332,250,-0.022815324876823074,-0.005000000000000001,-0.0034999999999999996,0.02,0.015,True,averted,False,exposed,0.956,0.0926
E13,E13,2026-09-02,intraday,pre,SAIC,0.008564645621308209,0.008564645621308209,0.0035542800926458007,0.6225190106727319,250,0.006352038694380559,-0.005000000000000001,-0.0034999999999999996,0.02,0.015,True,averted,False,exposed,0.98,0.0479
E13,E13,2026-09-02,intraday,pre,LDOS,-0.03226277866431371,-0.032262778664313596,0.0035542800926458007,0.6570109103142585,250,-0.03459797946349477,-0.005000000000000001,-0.0034999999999999996,0.02,0.015,True,averted,False,exposed,0.87,0.0736
E13,E13,2026-09-02,intraday,pre,BAH,-0.0208752190533823,-0.0208752190533823,0.0035542800926458007,0.5868467393716361,250,-0.022961036736565004,-0.005000000000000001,-0.0034999999999999996,0.02,0.015,True,averted,False,exposed,0.98,0.0144
E13,E13,2026-09-02,intraday,pre,PSN,-0.013910006810884834,-0.013910006810884834,0.0035542800926458007,0.887782021678144,250,-0.017065432777144306,-0.005000000000000001,-0.0034999999999999996,0.02,0.015,True,averted,False,exposed,0.51,0.0099
E13,E13,2026-09-02,intraday,pre,ACN,0.007353309632590621,0.007353309632590621,0.0035542800926458007,0.7799223765397931,250,0.004581247055846232,-0.005000000000000001,-0.0034999999999999996,0.02,0.015,True,averted,False,control,0.08,0.0656
E13,E13,2026-09-02,intraday,pre,EPAM,0.005576952232616561,0.005576952232616561,0.0035542800926458007,1.1847112797292094,250,0.0013661565155421015,-0.005000000000000001,-0.0034999999999999996,0.02,0.015,True,averted,False,control,0.0,0.0
E13,E13,2026-09-02,intraday,pre,CTSH,0.0014215788667262252,0.0014215788667262252,0.0035542800926458007,0.8064179479742652,250,-0.001444656392110983,-0.005000000000000001,-0.0034999999999999996,0.02,0.015,True,averted,False,control,0.0,0.0
E13,E13,2026-09-03,overnight,pre,CACI,0.0060722164220812225,0.0060722164220812225,0.0035810175601564964,0.13396941967104553,250,0.005592469577715233,0.0,-0.0005000000000000004,0.015,0.015,True,averted,False,exposed,0.956,0.0926
E13,E13,2026-09-03,overnight,pre,SAIC,0.002987869941057042,0.002987869941057042,0.0035810175601564964,-0.04180962450801853,250,0.0031375909406038058,0.0,-0.0005000000000000004,0.015,0.015,True,averted,False,exposed,0.98,0.0479
E13,E13,2026-09-03,overnight,pre,LDOS,0.0052324480959704545,0.005232418810853234,0.0035810175601564964,0.1249123843256596,250,0.004785134654219251,0.0,-0.0005000000000000004,0.015,0.015,True,averted,False,exposed,0.87,0.0736
E13,E13,2026-09-03,overnight,pre,BAH,0.009430127883792938,0.009430127883792938,0.0035810175601564964,-0.10592353841984335,250,0.009809441934908309,0.0,-0.0005000000000000004,0.015,0.015,True,averted,False,exposed,0.98,0.0144
E13,E13,2026-09-03,overnight,pre,PSN,0.01741240772826269,0.01741240772826269,0.0035810175601564964,0.5002838394939151,250,0.015620882513972468,0.0,-0.0005000000000000004,0.015,0.015,True,averted,False,exposed,0.51,0.0099
E13,E13,2026-09-03,overnight,pre,ACN,0.012361505702466857,0.012361505702466857,0.0035810175601564964,0.12527935462186476,250,0.011912878133640887,0.0,-0.0005000000000000004,0.015,0.015,True,averted,False,control,0.08,0.0656
E13,E13,2026-09-03,overnight,pre,EPAM,0.019624600348432164,0.019624600348432164,0.0035810175601564964,0.667278755225052,250,0.017235063408451885,0.0,-0.0005000000000000004,0.015,0.015,True,averted,False,control,0.0,0.0
E13,E13,2026-09-03,overnight,pre,CTSH,0.01750789563427313,0.01750789563427313,0.0035810175601564964,0.3210796904977827,250,0.016358103624390958,0.0,-0.0005000000000000004,0.015,0.015,True,averted,False,control,0.0,0.0
E13,E13,2026-09-03,intraday,pre,CACI,0.01941747572815533,0.01941747572815533,0.006862818508330815,0.7200471237986332,250,0.014475923000079702,0.0,-0.0005000000000000004,0.015,0.015,True,averted,False,exposed,0.956,0.0926
E13,E13,2026-09-03,intraday,pre,SAIC,-0.008309796330695507,-0.008309796330695507,0.006862818508330815,0.6225190106727319,250,-0.012582031318928119,0.0,-0.0005000000000000004,0.015,0.015,True,averted,False,exposed,0.98,0.0479
E13,E13,2026-09-03,intraday,pre,LDOS,-0.015764390004363915,-0.015764390004363915,0.006862818508330815,0.6570109103142585,250,-0.020273336639843886,0.0,-0.0005000000000000004,0.015,0.015,True,averted,False,exposed,0.87,0.0736
E13,E13,2026-09-03,intraday,pre,BAH,0.00027073706789670915,0.00027073706789670915,0.006862818508330815,0.5868467393716361,250,-0.0037566855966165453,0.0,-0.0005000000000000004,0.015,0.015,True,averted,False,exposed,0.98,0.0144
E13,E13,2026-09-03,intraday,pre,PSN,0.004116087968314863,0.004116087968314863,0.006862818508330815,0.887782021678144,250,-0.001976598921421252,0.0,-0.0005000000000000004,0.015,0.015,True,averted,False,exposed,0.51,0.0099
E13,E13,2026-09-03,intraday,pre,ACN,0.016421026842105224,0.016421026842105224,0.006862818508330815,0.7799223765397931,250,0.011068561121326578,0.0,-0.0005000000000000004,0.015,0.015,True,averted,False,control,0.08,0.0656
E13,E13,2026-09-03,intraday,pre,EPAM,0.003179893723849414,0.003179893723849414,0.006862818508330815,1.1847112797292094,250,-0.004950564773704489,0.0,-0.0005000000000000004,0.015,0.015,True,averted,False,control,0.0,0.0
E13,E13,2026-09-03,intraday,pre,CTSH,0.0020151487472885865,0.0020151487472885865,0.006862818508330815,0.8064179479742652,250,-0.0035191512715193572,0.0,-0.0005000000000000004,0.015,0.015,True,averted,False,control,0.0,0.0
E13,E13,2026-09-04,overnight,pre,CACI,-0.010015869206349115,-0.010015869206349115,-0.001500282118621854,0.13396941967104553,250,-0.009814877281574498,0.0,0.0,0.015,0.015,True,averted,False,exposed,0.956,0.0926
E13,E13,2026-09-04,overnight,pre,SAIC,-0.006245066403162025,-0.006245066403162025,-0.001500282118621854,-0.04180962450801853,250,-0.0063077926351976996,0.0,0.0,0.015,0.015,True,averted,False,exposed,0.98,0.0479
E13,E13,2026-09-04,overnight,pre,LDOS,-0.006648571290502225,-0.006648527783800651,-0.001500282118621854,0.1249123843256596,250,-0.006461167473904018,0.0,0.0,0.015,0.015,True,averted,False,exposed,0.87,0.0736
E13,E13,2026-09-04,overnight,pre,BAH,-0.015024372649120488,-0.015024372649120488,-0.001500282118621854,-0.10592353841984335,250,-0.015183287839752934,0.0,0.0,0.015,0.015,True,averted,False,exposed,0.98,0.0144
E13,E13,2026-09-04,overnight,pre,PSN,-0.007551207800503779,-0.007551207800503779,-0.001500282118621854,0.5002838394939151,250,-0.006800640901875572,0.0,0.0,0.015,0.015,True,averted,False,exposed,0.51,0.0099
E13,E13,2026-09-04,overnight,pre,ACN,-0.005799477674075404,-0.005799477674075404,-0.001500282118621854,0.12527935462186476,250,-0.005611523298503734,0.0,0.0,0.015,0.015,True,averted,False,control,0.08,0.0656
E13,E13,2026-09-04,overnight,pre,EPAM,-0.010927574487024194,-0.010927574487024194,-0.001500282118621854,0.667278755225052,250,-0.0099264681024238,0.0,0.0,0.015,0.015,True,averted,False,control,0.0,0.0
E13,E13,2026-09-04,overnight,pre,CTSH,-0.010674483856921935,-0.010674483856921935,-0.001500282118621854,0.3210796904977827,250,-0.010192773738615471,0.0,0.0,0.015,0.015,True,averted,False,control,0.0,0.0
E13,E13,2026-09-04,intraday,pre,CACI,-0.00012829610815001669,-0.00012829610815001669,-0.002357491971472614,0.7200471237986332,250,0.0015692092052872085,0.0,0.0,0.015,0.015,True,averted,False,exposed,0.956,0.0926
E13,E13,2026-09-04,intraday,pre,SAIC,0.008273016525699672,0.008273016525699672,-0.002357491971472614,0.6225190106727319,250,0.009740600095449713,0.0,0.0,0.015,0.015,True,averted,False,exposed,0.98,0.0479
E13,E13,2026-09-04,intraday,pre,LDOS,0.011941036289522922,0.011941036289522922,-0.002357491971472614,0.6570109103142585,250,0.0134899342357587,0.0,0.0,0.015,0.015,True,averted,False,exposed,0.87,0.0736
E13,E13,2026-09-04,intraday,pre,BAH,0.00041234590333205645,0.00041234590333205645,-0.002357491971472614,0.5868467393716361,250,0.00179583237988557,0.0,0.0,0.015,0.015,True,averted,False,exposed,0.98,0.0144
E13,E13,2026-09-04,intraday,pre,PSN,0.034347865869565286,0.034347865869565286,-0.002357491971472614,0.887782021678144,250,0.03644080485808924,0.0,0.0,0.015,0.015,True,averted,False,exposed,0.51,0.0099
E13,E13,2026-09-04,intraday,pre,ACN,-0.027499993749999896,-0.027499993749999896,-0.002357491971472614,0.7799223765397931,250,-0.025661333008935493,0.0,0.0,0.015,0.015,True,averted,False,control,0.08,0.0656
E13,E13,2026-09-04,intraday,pre,EPAM,-0.012903759836983442,-0.012903759836983442,-0.002357491971472614,1.1847112797292094,250,-0.010110812506508785,0.0,0.0,0.015,0.015,True,averted,False,control,0.0,0.0
E13,E13,2026-09-04,intraday,pre,CTSH,-0.025645025340262362,-0.025645025340262362,-0.002357491971472614,0.8064179479742652,250,-0.023743901502261612,0.0,0.0,0.015,0.015,True,averted,False,control,0.0,0.0
E13,E13,2026-09-08,overnight,pre,CACI,-0.00907614267332435,-0.00907614267332435,-0.0014541802626754086,0.13396941967104553,250,-0.008881326987436638,-0.004999999999999999,-0.014499999999999999,0.015,0.01,True,averted,False,exposed,0.956,0.0926
E13,E13,2026-09-08,overnight,pre,SAIC,-0.008757401183432045,-0.008757401183432045,-0.0014541802626754086,-0.04180962450801853,250,-0.008818199914181476,-0.004999999999999999,-0.014499999999999999,0.015,0.01,True,averted,False,exposed,0.98,0.0479
E13,E13,2026-09-08,overnight,pre,LDOS,-0.015031942528380138,-0.015031977214714054,-0.0014541802626754086,0.1249123843256596,250,-0.014850297404530038,-0.004999999999999999,-0.014499999999999999,0.015,0.01,True,averted,False,exposed,0.87,0.0736
E13,E13,2026-09-08,overnight,pre,BAH,-0.005494526143429934,-0.005494526143429934,-0.0014541802626754086,-0.10592353841984335,250,-0.005648558062352811,-0.004999999999999999,-0.014499999999999999,0.015,0.01,True,averted,False,exposed,0.98,0.0144
E13,E13,2026-09-08,overnight,pre,PSN,-0.005884879765251649,-0.005884879765251649,-0.0014541802626754086,0.5002838394939151,250,-0.005157376880124126,-0.004999999999999999,-0.014499999999999999,0.015,0.01,True,averted,False,exposed,0.51,0.0099
E13,E13,2026-09-08,overnight,pre,ACN,-0.012692775732480066,-0.012692775732480066,-0.0014541802626754086,0.12527935462186476,250,-0.012510596967668238,-0.004999999999999999,-0.014499999999999999,0.015,0.01,True,averted,False,control,0.08,0.0656
E13,E13,2026-09-08,overnight,pre,EPAM,-0.015037611811911655,-0.015037611811911655,-0.0014541802626754086,0.667278755225052,250,-0.01406726821636077,-0.004999999999999999,-0.014499999999999999,0.015,0.01,True,averted,False,control,0.0,0.0
E13,E13,2026-09-08,overnight,pre,CTSH,0.0011234103428170439,0.0011234103428170439,-0.0014541802626754086,0.3210796904977827,250,0.0015903180914848484,-0.004999999999999999,-0.014499999999999999,0.015,0.01,True,averted,False,control,0.0,0.0
E13,E13,2026-09-08,intraday,pre,CACI,0.011910324872067335,0.011910324872067335,-0.004043826011260521,0.7200471237986332,250,0.014822070160617573,0.0,0.0,0.01,0.01,True,averted,False,exposed,0.956,0.0926
E13,E13,2026-09-08,intraday,pre,SAIC,0.015202194437450745,0.015202194437450745,-0.004043826011260521,0.6225190106727319,250,0.017719553005313304,0.0,0.0,0.01,0.01,True,averted,False,exposed,0.98,0.0479
E13,E13,2026-09-08,intraday,pre,LDOS,-0.013811503679392101,-0.013811503679392212,-0.004043826011260521,0.6570109103142585,250,-0.01115466587058135,0.0,0.0,0.01,0.01,True,averted,False,exposed,0.87,0.0736
E13,E13,2026-09-08,intraday,pre,BAH,-0.004005537484413346,-0.004005537484413346,-0.004043826011260521,0.5868467393716361,250,-0.0016324313751189005,0.0,0.0,0.01,0.01,True,averted,False,exposed,0.98,0.0144
E13,E13,2026-09-08,intraday,pre,PSN,0.006131097561514531,0.006131097561514531,-0.004043826011260521,0.887782021678144,250,0.00972113359310606,0.0,0.0,0.01,0.01,True,averted,False,exposed,0.51,0.0099
E13,E13,2026-09-08,intraday,pre,ACN,-0.028858188901356496,-0.028858188901356496,-0.004043826011260521,0.7799223765397931,250,-0.02570431850834076,0.0,0.0,0.01,0.01,True,averted,False,control,0.08,0.0656
E13,E13,2026-09-08,intraday,pre,EPAM,0.0002602255405297349,0.0002602255405297349,-0.004043826011260521,1.1847112797292094,250,0.005050991829332451,0.0,0.0,0.01,0.01,True,averted,False,control,0.0,0.0
E13,E13,2026-09-08,intraday,pre,CTSH,-0.03943576238864599,-0.03943576238864599,-0.004043826011260521,0.8064179479742652,250,-0.03617474851468032,0.0,0.0,0.01,0.01,True,averted,False,control,0.0,0.0
E13,E13,2026-09-09,overnight,pre,CACI,0.0027506863901132217,0.0027506863901132217,-0.0024544425896942945,0.13396941967104553,250,0.0030795066394704645,0.0,0.0,0.01,0.01,True,averted,False,exposed,0.956,0.0926
E13,E13,2026-09-09,overnight,pre,SAIC,0.0023519826946989397,0.0023519826946989397,-0.0024544425896942945,-0.04180962450801853,250,0.0022493633716473326,0.0,0.0,0.01,0.01,True,averted,False,exposed,0.98,0.0479
E13,E13,2026-09-09,overnight,pre,LDOS,0.0019343855568003665,0.0019344006031409844,-0.0024544425896942945,0.1249123843256596,250,0.0022409758328695273,0.0,0.0,0.01,0.01,True,averted,False,exposed,0.87,0.0736
E13,E13,2026-09-09,overnight,pre,BAH,0.00679514430529693,0.00679514430529693,-0.0024544425896942945,-0.10592353841984335,250,0.0065351610613481464,0.0,0.0,0.01,0.01,True,averted,False,exposed,0.98,0.0144
E13,E13,2026-09-09,overnight,pre,PSN,-0.0035722206233277376,-0.0035722206233277376,-0.0024544425896942945,0.5002838394939151,250,-0.002344302660738088,0.0,0.0,0.01,0.01,True,averted,False,exposed,0.51,0.0099
E13,E13,2026-09-09,overnight,pre,ACN,-0.002345965496370117,-0.002345965496370117,-0.0024544425896942945,0.12527935462186476,250,-0.0020384745127767973,0.0,0.0,0.01,0.01,True,averted,False,control,0.08,0.0656
E13,E13,2026-09-09,overnight,pre,EPAM,0.005983890506992662,0.005983890506992662,-0.0024544425896942945,0.667278755225052,250,0.007621687903015224,0.0,0.0,0.01,0.01,True,averted,False,control,0.0,0.0
E13,E13,2026-09-09,overnight,pre,CTSH,-0.0010012944231035936,-0.0010012944231035936,-0.0024544425896942945,0.3210796904977827,250,-0.0002132227560599733,0.0,0.0,0.01,0.01,True,averted,False,control,0.0,0.0
E13,E13,2026-09-09,intraday,pre,CACI,-0.03218355223358049,-0.03218355223358049,-0.0021987130436629254,0.7200471237986332,250,-0.030600375230432464,0.0,0.0,0.01,0.01,True,averted,False,exposed,0.956,0.0926
E13,E13,2026-09-09,intraday,pre,SAIC,-0.012905761590603304,-0.012905761590603304,-0.0021987130436629254,0.6225190106727319,250,-0.011537020921909029,0.0,0.0,0.01,0.01,True,averted,False,exposed,0.98,0.0479
E13,E13,2026-09-09,intraday,pre,LDOS,-0.010425562148887235,-0.010425562148887346,-0.0021987130436629254,0.6570109103142585,250,-0.008980983690550422,0.0,0.0,0.01,0.01,True,averted,False,exposed,0.87,0.0736
E13,E13,2026-09-09,intraday,pre,BAH,-0.005509662926030168,-0.005509662926030168,-0.0021987130436629254,0.5868467393716361,250,-0.0042193553455426944,0.0,0.0,0.01,0.01,True,averted,False,exposed,0.98,0.0144
E13,E13,2026-09-09,intraday,pre,PSN,-0.02382955068764403,-0.02382955068764403,-0.0021987130436629254,0.887782021678144,250,-0.021877572776650853,0.0,0.0,0.01,0.01,True,averted,False,exposed,0.51,0.0099
E13,E13,2026-09-09,intraday,pre,ACN,-0.015732587708193635,-0.015732587708193635,-0.0021987130436629254,0.7799223765397931,250,-0.014017762205851004,0.0,0.0,0.01,0.01,True,averted,False,control,0.08,0.0656
E13,E13,2026-09-09,intraday,pre,EPAM,-0.011379307758620616,-0.011379307758620616,-0.0021987130436629254,1.1847112797292094,250,-0.008774467614905405,0.0,0.0,0.01,0.01,True,averted,False,control,0.0,0.0
E13,E13,2026-09-09,intraday,pre,CTSH,-0.027731370415701062,-0.027731370415701062,-0.0021987130436629254,0.8064179479742652,250,-0.025958288754846154,0.0,0.0,0.01,0.01,True,averted,False,control,0.0,0.0
E13,E13,2026-09-10,overnight,pre,CACI,0.004679948775135223,0.004679948775135223,-0.005731892654960435,0.13396941967104553,250,0.005447847107737001,0.0,0.0015000000000000005,0.01,0.01,True,averted,False,exposed,0.956,0.0926
E13,E13,2026-09-10,overnight,pre,SAIC,0.0013471141376866225,0.0013471141376866225,-0.005731892654960435,-0.04180962450801853,250,0.0011074658580624572,0.0,0.0015000000000000005,0.01,0.01,True,averted,False,exposed,0.98,0.0479
E13,E13,2026-09-10,overnight,pre,LDOS,0.0036678726564751685,0.00366782910654484,-0.005731892654960435,0.1249123843256596,250,0.004383857034705012,0.0,0.0015000000000000005,0.01,0.01,True,averted,False,exposed,0.87,0.0736
E13,E13,2026-09-10,overnight,pre,BAH,0.011772938170463432,0.011772938170463432,-0.005731892654960435,-0.10592353841984335,250,0.011165795818607311,0.0,0.0015000000000000005,0.01,0.01,True,averted,False,exposed,0.98,0.0144
E13,E13,2026-09-10,overnight,pre,PSN,-0.008425132474592312,-0.008425132474592312,-0.005731892654960435,0.5002838394939151,250,-0.0055575592096017345,0.0,0.0015000000000000005,0.01,0.01,True,averted,False,exposed,0.51,0.0099
E13,E13,2026-09-10,overnight,pre,ACN,0.010409566369341983,0.010409566369341983,-0.005731892654960435,0.12527935462186476,250,0.011127654181917234,0.0,0.0015000000000000005,0.01,0.01,True,averted,False,control,0.08,0.0656
E13,E13,2026-09-10,overnight,pre,EPAM,-0.0009591960212089745,-0.0009591960212089745,-0.005731892654960435,0.667278755225052,250,0.002865574174676643,0.0,0.0015000000000000005,0.01,0.01,True,averted,False,control,0.0,0.0
E13,E13,2026-09-10,overnight,pre,CTSH,0.007903764329779017,0.007903764329779017,-0.005731892654960435,0.3210796904977827,250,0.009744158649400227,0.0,0.0015000000000000005,0.01,0.01,True,averted,False,control,0.0,0.0
E13,E13,2026-09-10,intraday,pre,CACI,0.02348735807316893,0.02348735807316893,-0.00026385788460747683,0.7200471237986332,250,0.023677348184072133,0.004999999999999999,0.0,0.01,0.015,True,averted,False,exposed,0.956,0.0926
E13,E13,2026-09-10,intraday,pre,SAIC,0.01891265133287834,0.01891265133287834,-0.00026385788460747683,0.6225190106727319,250,0.019076907882162385,0.004999999999999999,0.0,0.01,0.015,True,averted,False,exposed,0.98,0.0479
E13,E13,2026-09-10,intraday,pre,LDOS,0.007308937840095009,0.007308937840095009,-0.00026385788460747683,0.6570109103142585,250,0.007482295349054562,0.004999999999999999,0.0,0.01,0.015,True,averted,False,exposed,0.87,0.0736
E13,E13,2026-09-10,intraday,pre,BAH,0.036002698839038505,0.036002698839038505,-0.00026385788460747683,0.5868467393716361,250,0.0361575429782779,0.004999999999999999,0.0,0.01,0.015,True,averted,False,exposed,0.98,0.0144
E13,E13,2026-09-10,intraday,pre,PSN,-0.00043573985475631183,-0.00043573985475631183,-0.00026385788460747683,0.887782021678144,250,-0.0002014915685237676,0.004999999999999999,0.0,0.01,0.015,True,averted,False,exposed,0.51,0.0099
E13,E13,2026-09-10,intraday,pre,ACN,0.0015763035088449673,0.0015763035088449673,-0.00026385788460747683,0.7799223765397931,250,0.0017820921772767932,0.004999999999999999,0.0,0.01,0.015,True,averted,False,control,0.08,0.0656
E13,E13,2026-09-10,intraday,pre,EPAM,-0.0004364414779691739,-0.0004364414779691739,-0.00026385788460747683,1.1847112797292094,250,-0.0001238460658292079,0.004999999999999999,0.0,0.01,0.015,True,averted,False,control,0.0,0.0
E13,E13,2026-09-10,intraday,pre,CTSH,-0.005796115937085067,-0.005796115937085067,-0.00026385788460747683,0.8064179479742652,250,-0.005583336203223075,0.004999999999999999,0.0,0.01,0.015,True,averted,False,control,0.0,0.0
E13,E13,2026-09-11,overnight,pre,CACI,0.00107367332170627,0.00107367332170627,0.009091687376498792,0.13396941967104553,250,-0.00014433475995384365,-0.004999999999999999,0.0,0.015,0.01,True,averted,False,exposed,0.956,0.0926
E13,E13,2026-09-11,overnight,pre,SAIC,-0.002873525285837175,-0.002873525285837175,0.009091687376498792,-0.04180962450801853,250,-0.0024934052504814687,-0.004999999999999999,0.0,0.015,0.01,True,averted,False,exposed,0.98,0.0479
E13,E13,2026-09-11,overnight,pre,LDOS,0.0015437815145833422,0.001543854639870501,0.009091687376498792,0.1249123843256596,250,0.00040811716684137724,-0.004999999999999999,0.0,0.015,0.01,True,averted,False,exposed,0.87,0.0736
E13,E13,2026-09-11,overnight,pre,BAH,-0.0017177227730906797,-0.0017177227730906797,0.009091687376498792,-0.10592353841984335,250,-0.0007546990759649051,-0.004999999999999999,0.0,0.015,0.01,True,averted,False,exposed,0.98,0.0144
E13,E13,2026-09-11,overnight,pre,PSN,0.002397572088809863,0.002397572088809863,0.009091687376498792,0.5002838394939151,250,-0.002150852179383313,-0.004999999999999999,0.0,0.015,0.01,True,averted,False,exposed,0.51,0.0099
E13,E13,2026-09-11,overnight,pre,ACN,0.006407730741899709,0.006407730741899709,0.009091687376498792,0.12527935462186476,250,0.005268730014948185,-0.004999999999999999,0.0,0.015,0.01,True,averted,False,control,0.08,0.0656
E13,E13,2026-09-11,overnight,pre,EPAM,0.0,0.0,0.009091687376498792,0.667278755225052,250,-0.006066689835485432,-0.004999999999999999,0.0,0.015,0.01,True,averted,False,control,0.0,0.0
E13,E13,2026-09-11,overnight,pre,CTSH,0.001543212628230206,0.001543212628230206,0.009091687376498792,0.3210796904977827,250,-0.0013759435407186237,-0.004999999999999999,0.0,0.015,0.01,True,averted,False,control,0.0,0.0
E13,E13,2026-09-11,intraday,pre,CACI,-0.00561889261864934,-0.00561889261864934,-0.0005622877870004039,0.7200471237986332,250,-0.005214018914872601,0.0,0.0,0.01,0.01,True,averted,False,exposed,0.956,0.0926
E13,E13,2026-09-11,intraday,pre,SAIC,0.011760997796219419,0.011760997796219419,-0.0005622877870004039,0.6225190106727319,250,0.01211103263309627,0.0,0.0,0.01,0.01,True,averted,False,exposed,0.98,0.0479
E13,E13,2026-09-11,intraday,pre,LDOS,-0.0068593402697494366,-0.0068593402697494366,-0.0005622877870004039,0.6570109103142585,250,-0.006489911058953711,0.0,0.0,0.01,0.01,True,averted,False,exposed,0.87,0.0736
E13,E13,2026-09-11,intraday,pre,BAH,0.004632673274260091,0.004632673274260091,-0.0005622877870004039,0.5868467393716361,250,0.004962650028649771,0.0,0.0,0.01,0.01,True,averted,False,exposed,0.98,0.0144
E13,E13,2026-09-11,intraday,pre,PSN,-0.005218562105518854,-0.005218562105518854,-0.0005622877870004039,0.887782021678144,250,-0.004719373117210705,0.0,0.0,0.01,0.01,True,averted,False,exposed,0.51,0.0099
E13,E13,2026-09-11,intraday,pre,ACN,0.02708735390130812,0.02708735390130812,-0.0005622877870004039,0.7799223765397931,250,0.027525894728444775,0.0,0.0,0.01,0.01,True,averted,False,control,0.08,0.0656
E13,E13,2026-09-11,intraday,pre,EPAM,0.02960187915339141,0.02960187915339141,-0.0005622877870004039,1.1847112797292094,250,0.030268027837104763,0.0,0.0,0.01,0.01,True,averted,False,control,0.0,0.0
E13,E13,2026-09-11,intraday,pre,CTSH,0.02722136884237636,0.02722136884237636,-0.0005622877870004039,0.8064179479742652,250,0.027674807805740217,0.0,0.0,0.01,0.01,True,averted,False,control,0.0,0.0
E13,E13,2026-09-14,overnight,pre,CACI,0.009997298921315956,0.009997298921315956,-0.00692142792954431,0.13396941967104553,250,0.010924558604331972,0.0,0.0,0.01,0.01,True,averted,False,exposed,0.956,0.0926
E13,E13,2026-09-14,overnight,pre,SAIC,0.002309492025311055,0.002309492025311055,-0.00692142792954431,-0.04180962450801853,250,0.0020201097225174955,0.0,0.0,0.01,0.01,True,averted,False,exposed,0.98,0.0479
E13,E13,2026-09-14,overnight,pre,LDOS,0.012183703963136727,0.012183616531754371,-0.00692142792954431,0.1249123843256596,250,0.013048276028754321,0.0,0.0,0.01,0.01,True,averted,False,exposed,0.87,0.0736
E13,E13,2026-09-14,overnight,pre,BAH,0.027667963473887003,0.027667963473887003,-0.00692142792954431,-0.10592353841984335,250,0.02693482133667174,0.0,0.0,0.01,0.01,True,averted,False,exposed,0.98,0.0144
E13,E13,2026-09-14,overnight,pre,PSN,0.015081937267759526,0.015081937267759526,-0.00692142792954431,0.5002838394939151,250,0.018544615807132372,0.0,0.0,0.01,0.01,True,averted,False,exposed,0.51,0.0099
E13,E13,2026-09-14,overnight,pre,ACN,0.036161008268527084,0.036161008268527084,-0.00692142792954431,0.12527935462186476,250,0.03702812029260214,0.0,0.0,0.01,0.01,True,averted,False,control,0.08,0.0656
E13,E13,2026-09-14,overnight,pre,EPAM,0.02832665757943653,0.02832665757943653,-0.00692142792954431,0.667278755225052,250,0.03294517939264277,0.0,0.0,0.01,0.01,True,averted,False,control,0.0,0.0
E13,E13,2026-09-14,overnight,pre,CTSH,0.040000025499999925,0.040000025499999925,-0.00692142792954431,0.3210796904977827,250,0.04222235543742072,0.0,0.0,0.01,0.01,True,averted,False,control,0.0,0.0
E13,E13,2026-09-14,intraday,pre,CACI,0.01558858765599136,0.01558858765599136,0.002476949802371564,0.7200471237986332,250,0.013805067075000121,0.0,0.0,0.01,0.01,True,averted,False,exposed,0.956,0.0926
E13,E13,2026-09-14,intraday,pre,SAIC,0.013901671605953902,0.013901671605953902,0.002476949802371564,0.6225190106727319,250,0.012359723265495538,0.0,0.0,0.01,0.01,True,averted,False,exposed,0.98,0.0479
E13,E13,2026-09-14,intraday,pre,LDOS,0.018400745490496195,0.018400745490496195,0.002476949802371564,0.6570109103142585,250,0.016773362446037332,0.0,0.0,0.01,0.01,True,averted,False,exposed,0.87,0.0736
E13,E13,2026-09-14,intraday,pre,BAH,0.014230777051281951,0.014230777051281951,0.002476949802371564,0.5868467393716361,250,0.01277718713617298,0.0,0.0,0.01,0.01,True,averted,False,exposed,0.98,0.0144
E13,E13,2026-09-14,intraday,pre,PSN,0.010766580851641061,0.010766580851641061,0.002476949802371564,0.887782021678144,250,0.008567589348496354,0.0,0.0,0.01,0.01,True,averted,False,exposed,0.51,0.0099
E13,E13,2026-09-14,intraday,pre,ACN,0.023353433889290676,0.023353433889290676,0.002476949802371564,0.7799223765397931,250,0.021421605312855273,0.0,0.0,0.01,0.01,True,averted,False,control,0.08,0.0656
E13,E13,2026-09-14,intraday,pre,EPAM,0.01946392247422679,0.01946392247422679,0.002476949802371564,1.1847112797292094,250,0.016529452104034163,0.0,0.0,0.01,0.01,True,averted,False,control,0.0,0.0
E13,E13,2026-09-14,intraday,pre,CTSH,0.02724354003713758,0.02724354003713758,0.002476949802371564,0.8064179479742652,250,0.025246083260273843,0.0,0.0,0.01,0.01,True,averted,False,control,0.0,0.0
E13,E13,2026-09-15,overnight,pre,CACI,-0.0036097491950251026,-0.0036097491950251026,-0.0009988563178235932,0.13396941967104553,250,-0.0034759329937915184,0.0,0.0,0.01,0.01,True,averted,False,exposed,0.956,0.0926
E13,E13,2026-09-15,overnight,pre,SAIC,-0.0047722871467887895,-0.0047722871467887895,-0.0009988563178235932,-0.04180962450801853,250,-0.004814048954374456,0.0,0.0,0.01,0.01,True,averted,False,exposed,0.98,0.0479
E13,E13,2026-09-15,overnight,pre,LDOS,-0.017616474202291177,-0.014425894924455895,-0.0009988563178235932,0.1249123843256596,250,-0.01749170467803308,0.0,0.0,0.01,0.01,True,averted,False,exposed,0.87,0.0736
E13,E13,2026-09-15,overnight,pre,BAH,-0.013904670225232674,-0.013904670225232674,-0.0009988563178235932,-0.10592353841984335,250,-0.014010472620789565,0.0,0.0,0.01,0.01,True,averted,False,exposed,0.98,0.0144
E13,E13,2026-09-15,overnight,pre,PSN,-0.012356157582614657,-0.012356157582614657,-0.0009988563178235932,0.5002838394939151,250,-0.011856445908831116,0.0,0.0,0.01,0.01,True,averted,False,exposed,0.51,0.0099
E13,E13,2026-09-15,overnight,pre,ACN,-0.022923083076923145,-0.022923083076923145,-0.0009988563178235932,0.12527935462186476,250,-0.022797947002066235,0.0,0.0,0.01,0.01,True,averted,False,control,0.08,0.0656
E13,E13,2026-09-15,overnight,pre,EPAM,-0.010031533807791315,-0.010031533807791315,-0.0009988563178235932,0.667278755225052,250,-0.00936501820738531,0.0,0.0,0.01,0.01,True,averted,False,control,0.0,0.0
E13,E13,2026-09-15,overnight,pre,CTSH,-0.01903272120312116,-0.01903272120312116,-0.0009988563178235932,0.3210796904977827,250,-0.018712008725742607,0.0,0.0,0.01,0.01,True,averted,False,control,0.0,0.0
E13,E13,2026-09-15,intraday,pre,CACI,0.002425793144026356,0.002425793144026356,-0.0035915125474904608,0.7200471237986332,250,0.005011851423933565,0.0,0.0,0.01,0.01,True,averted,False,exposed,0.956,0.0926
E13,E13,2026-09-15,intraday,pre,SAIC,0.017963164195315073,0.017963164195315073,-0.0035915125474904608,0.6225190106727319,250,0.02019894903319754,0.0,0.0,0.01,0.01,True,averted,False,exposed,0.98,0.0479
E13,E13,2026-09-15,intraday,pre,LDOS,-0.009579277701846634,-0.009579277701846634,-0.0035915125474904608,0.6570109103142585,250,-0.007219614773614844,0.0,0.0,0.01,0.01,True,averted,False,exposed,0.87,0.0736
E13,E13,2026-09-15,intraday,pre,BAH,0.026278622788921346,0.026278622788921346,-0.0035915125474904608,0.5868467393716361,250,0.028386290216828442,0.0,0.0,0.01,0.01,True,averted,False,exposed,0.98,0.0144
E13,E13,2026-09-15,intraday,pre,PSN,0.006255412342195843,0.006255412342195843,-0.0035915125474904608,0.887782021678144,250,0.009443892612489346,0.0,0.0,0.01,0.01,True,averted,False,exposed,0.51,0.0099
E13,E13,2026-09-15,intraday,pre,ACN,0.015063219010527762,0.015063219010527762,-0.0035915125474904608,0.7799223765397931,250,0.01786432001193901,0.0,0.0,0.01,0.01,True,averted,False,control,0.08,0.0656
E13,E13,2026-09-15,intraday,pre,EPAM,0.009316003716979493,0.009316003716979493,-0.0035915125474904608,1.1847112797292094,250,0.01357090914328043,0.0,0.0,0.01,0.01,True,averted,False,control,0.0,0.0
E13,E13,2026-09-15,intraday,pre,CTSH,0.006361286628394192,0.006361286628394192,-0.0035915125474904608,0.8064179479742652,250,0.009257546807065274,0.0,0.0,0.01,0.01,True,averted,False,control,0.0,0.0
E13,E13,2026-09-16,overnight,pre,CACI,-0.007856693601974718,-0.007856693601974718,0.0027858637681068554,0.13396941967104553,250,-0.008229914154270586,-0.005,0.0,0.01,0.005,True,averted,False,exposed,0.956,0.0926
E13,E13,2026-09-16,overnight,pre,SAIC,-0.013010359118012738,-0.013010359118012738,0.0027858637681068554,-0.04180962450801853,250,-0.012893883199937697,-0.005,0.0,0.01,0.005,True,averted,False,exposed,0.98,0.0479
E13,E13,2026-09-16,overnight,pre,LDOS,-0.0061900577681420765,-0.0061900577681420765,0.0027858637681068554,0.1249123843256596,250,-0.006538046653822771,-0.005,0.0,0.01,0.005,True,averted,False,exposed,0.87,0.0736
E13,E13,2026-09-16,overnight,pre,BAH,-0.01436415107480049,-0.01436415107480049,0.0027858637681068554,-0.10592353841984335,250,-0.014069062526926975,-0.005,0.0,0.01,0.005,True,averted,False,exposed,0.98,0.0144
E13,E13,2026-09-16,overnight,pre,PSN,-0.003644201166653094,-0.003644201166653094,0.0027858637681068554,0.5002838394939151,250,-0.005037923788868578,-0.005,0.0,0.01,0.005,True,averted,False,exposed,0.51,0.0099
E13,E13,2026-09-16,overnight,pre,ACN,-0.017373323195332357,-0.017373323195332357,0.0027858637681068554,0.12527935462186476,250,-0.01772233441026522,-0.005,0.0,0.01,0.005,True,averted,False,control,0.08,0.0656
E13,E13,2026-09-16,overnight,pre,EPAM,-0.0211318966530889,-0.0211318966530889,0.0027858637681068554,0.667278755225052,250,-0.022990844360497815,-0.005,0.0,0.01,0.005,True,averted,False,control,0.0,0.0
E13,E13,2026-09-16,overnight,pre,CTSH,-0.015486718693011992,-0.015486718693011992,0.0027858637681068554,0.3210796904977827,250,-0.016381202969444727,-0.005,0.0,0.01,0.005,True,averted,False,control,0.0,0.0
E13,E13,2026-09-16,intraday,pre,CACI,-0.0003484822481740757,-0.0003484822481740757,-0.007175789598419913,0.7200471237986332,250,0.004818424413152332,0.0,0.0,0.005,0.005,True,averted,False,exposed,0.956,0.0926
E13,E13,2026-09-16,intraday,pre,SAIC,0.004696932575757762,0.004696932575757762,-0.007175789598419913,0.6225190106727319,250,0.009163998017361806,0.0,0.0,0.005,0.005,True,averted,False,exposed,0.98,0.0479
E13,E13,2026-09-16,intraday,pre,LDOS,0.007085048917750525,0.007085048917750525,-0.007175789598419913,0.6570109103142585,250,0.01179962097403198,0.0,0.0,0.005,0.005,True,averted,False,exposed,0.87,0.0736
E13,E13,2026-09-16,intraday,pre,BAH,-0.006336332236839715,-0.006336332236839715,-0.007175789598419913,0.5868467393716361,250,-0.0021252435085900865,0.0,0.0,0.005,0.005,True,averted,False,exposed,0.98,0.0144
E13,E13,2026-09-16,intraday,pre,PSN,0.00021519234292144418,0.00021519234292144418,-0.007175789598419913,0.887782021678144,250,0.006585729339743672,0.0,0.0,0.005,0.005,True,averted,False,exposed,0.51,0.0099
E13,E13,2026-09-16,intraday,pre,ACN,-0.0021047880135870445,-0.0021047880135870445,-0.007175789598419913,0.7799223765397931,250,0.003491770863562142,0.0,0.0,0.005,0.005,True,averted,False,control,0.08,0.0656
E13,E13,2026-09-16,intraday,pre,EPAM,-0.0308519706676762,-0.0308519706676762,-0.007175789598419913,1.1847112797292094,250,-0.022350731789464593,0.0,0.0,0.005,0.005,True,averted,False,control,0.0,0.0
E13,E13,2026-09-16,intraday,pre,CTSH,-0.007223126412352676,-0.007223126412352676,-0.007175789598419913,0.8064179479742652,250,-0.0014364408892998132,0.0,0.0,0.005,0.005,True,averted,False,control,0.0,0.0
E13,E13,2026-09-17,overnight,pre,CACI,0.013403501374957383,0.013403501374957383,0.01206821397418234,0.13396941967104553,250,0.011786729752370172,0.0,0.0,0.005,0.005,True,averted,False,exposed,0.956,0.0926
E13,E13,2026-09-17,overnight,pre,SAIC,0.007163416039064341,0.007163416039064341,0.01206821397418234,-0.04180962450801853,250,0.007667983533807326,0.0,0.0,0.005,0.005,True,averted,False,exposed,0.98,0.0479
E13,E13,2026-09-17,overnight,pre,LDOS,0.012214816586699984,0.012214816586699984,0.01206821397418234,0.1249123843256596,250,0.010707347204632624,0.0,0.0,0.005,0.005,True,averted,False,exposed,0.87,0.0736
E13,E13,2026-09-17,overnight,pre,BAH,0.010202721370463408,0.010202721370463408,0.01206821397418234,-0.10592353841984335,250,0.0114810292970166,0.0,0.0,0.005,0.005,True,averted,False,exposed,0.98,0.0144
E13,E13,2026-09-17,overnight,pre,PSN,0.016132501030273083,0.016132501030273083,0.01206821397418234,0.5002838394939151,250,0.010094968607435022,0.0,0.0,0.005,0.005,True,averted,False,exposed,0.51,0.0099
E13,E13,2026-09-17,overnight,pre,ACN,0.0015819605618496713,0.0015819605618496713,0.01206821397418234,0.12527935462186476,250,7.006250372553792e-05,0.0,0.0,0.005,0.005,True,averted,False,control,0.08,0.0656
E13,E13,2026-09-17,overnight,pre,EPAM,0.0007681480019003928,0.0007681480019003928,0.01206821397418234,0.667278755225052,250,-0.007284714796581576,0.0,0.0,0.005,0.005,True,averted,False,control,0.0,0.0
E13,E13,2026-09-17,overnight,pre,CTSH,-0.000808395007871443,-0.000808395007871443,0.01206821397418234,0.3210796904977827,250,-0.004683253415562924,0.0,0.0,0.005,0.005,True,averted,False,control,0.0,0.0
E13,E13,2026-09-17,intraday,pre,CACI,-0.0072541030799981865,-0.0072541030799981865,-0.0007207610331041447,0.7200471237986332,250,-0.006735121171165415,0.0,-0.0010000000000000009,0.005,0.005,True,averted,False,exposed,0.956,0.0926
E13,E13,2026-09-17,intraday,pre,SAIC,0.0005988365323688072,0.0005988365323688072,-0.0007207610331041447,0.6225190106727319,250,0.0010475239776282556,0.0,-0.0010000000000000009,0.005,0.005,True,averted,False,exposed,0.98,0.0479
E13,E13,2026-09-17,intraday,pre,LDOS,0.00022923700964971871,0.00022923700964971871,-0.0007207610331041447,0.6570109103142585,250,0.0007027848721285182,0.0,-0.0010000000000000009,0.005,0.005,True,averted,False,exposed,0.87,0.0736
E13,E13,2026-09-17,intraday,pre,BAH,-0.004039890086058651,-0.004039890086058651,-0.0007207610331041447,0.5868467393716361,250,-0.0036169138239153516,0.0,-0.0010000000000000009,0.005,0.005,True,averted,False,exposed,0.98,0.0144
E13,E13,2026-09-17,intraday,pre,PSN,-0.02265036985494029,-0.02265036985494029,-0.0007207610331041447,0.887782021678144,250,-0.022010491167824265,0.0,-0.0010000000000000009,0.005,0.005,True,averted,False,exposed,0.51,0.0099
E13,E13,2026-09-17,intraday,pre,ACN,0.0018426392312185236,0.0018426392312185236,-0.0007207610331041447,0.7799223765397931,250,0.0024047768890743844,0.0,-0.0010000000000000009,0.005,0.005,True,averted,False,control,0.08,0.0656
E13,E13,2026-09-17,intraday,pre,EPAM,-0.0013645198459364405,-0.0013645198459364405,-0.0007207610331041447,1.1847112797292094,250,-0.0005106261200286821,0.0,-0.0010000000000000009,0.005,0.005,True,averted,False,control,0.0,0.0
E13,E13,2026-09-17,intraday,pre,CTSH,0.0012945280094471823,0.0012945280094471823,-0.0007207610331041447,0.8064179479742652,250,0.0018757626427428381,0.0,-0.0010000000000000009,0.005,0.005,True,averted,False,control,0.0,0.0
E13,E13,2026-09-18,overnight,pre,CACI,0.0032125637795274997,0.0032125637795274997,-0.0016915526373904033,0.13396941967104553,250,0.0034391801047017187,0.0,0.0,0.005,0.005,True,averted,False,exposed,0.956,0.0926
E13,E13,2026-09-18,overnight,pre,SAIC,0.0,0.0,-0.0016915526373904033,-0.04180962450801853,250,-7.072318060484118e-05,0.0,0.0,0.005,0.005,True,averted,False,exposed,0.98,0.0479
E13,E13,2026-09-18,overnight,pre,LDOS,-0.0035125738887122893,-0.0035125738887122893,-0.0016915526373904033,0.1249123843256596,250,-0.003301278015563496,0.0,0.0,0.005,0.005,True,averted,False,exposed,0.87,0.0736
E13,E13,2026-09-18,overnight,pre,BAH,-0.0010140934290606696,-0.0010140934290606696,-0.0016915526373904033,-0.10592353841984335,250,-0.0011932686698364792,0.0,0.0,0.005,0.005,True,averted,False,exposed,0.98,0.0144
E13,E13,2026-09-18,overnight,pre,PSN,0.001299574883652177,0.001299574883652177,-0.0016915526373904033,0.5002838394939151,250,0.0021458313317919064,0.0,0.0,0.005,0.005,True,averted,False,exposed,0.51,0.0099
E13,E13,2026-09-18,overnight,pre,ACN,-0.008986239740437219,-0.008986239740437219,-0.0016915526373904033,0.12527935462186476,250,-0.008774323117716035,0.0,0.0,0.005,0.005,True,averted,False,control,0.08,0.0656
E13,E13,2026-09-18,overnight,pre,EPAM,-0.0023911084849416175,-0.0023911084849416175,-0.0016915526373904033,0.667278755225052,250,-0.0012623713466660955,0.0,0.0,0.005,0.005,True,averted,False,control,0.0,0.0
E13,E13,2026-09-18,overnight,pre,CTSH,0.0,0.0,-0.0016915526373904033,0.3210796904977827,250,0.0005431231972740187,0.0,0.0,0.005,0.005,True,averted,False,control,0.0,0.0
E13,E13,2026-09-18,intraday,pre,CACI,-0.015995860153065644,-0.015995860153065644,0.0004991459473775439,0.7200471237986332,250,-0.016355268756830587,0.0,0.0,0.005,0.005,True,averted,False,exposed,0.956,0.0926
E13,E13,2026-09-18,intraday,pre,SAIC,-0.0034417622221829536,-0.0034417622221829536,0.0004991459473775439,0.6225190106727319,250,-0.0037524900635257257,0.0,0.0,0.005,0.005,True,averted,False,exposed,0.98,0.0479
E13,E13,2026-09-18,intraday,pre,LDOS,-0.02153254865900389,-0.02153254865900389,0.0004991459473775439,0.6570109103142585,250,-0.021860492992270084,0.0,0.0,0.005,0.005,True,averted,False,exposed,0.87,0.0736
E13,E13,2026-09-18,intraday,pre,BAH,-0.02207839010114543,-0.02207839010114543,0.0004991459473775439,0.5868467393716361,250,-0.022371312272834506,0.0,0.0,0.005,0.005,True,averted,False,exposed,0.98,0.0144
E13,E13,2026-09-18,intraday,pre,PSN,-0.03049967259419961,-0.03049967259419961,0.0004991459473775439,0.887782021678144,250,-0.0309428053924749,0.0,0.0,0.005,0.005,True,averted,False,exposed,0.51,0.0099
E13,E13,2026-09-18,intraday,pre,ACN,-0.03865737846227979,-0.03865737846227979,0.0004991459473775439,0.7799223765397931,250,-0.03904667355579869,0.0,0.0,0.005,0.005,True,averted,False,control,0.08,0.0656
E13,E13,2026-09-18,intraday,pre,EPAM,-0.02413969959974238,-0.02413969959974238,0.0004991459473775439,1.1847112797292094,250,-0.02473104343383168,0.0,0.0,0.005,0.005,True,averted,False,control,0.0,0.0
E13,E13,2026-09-18,intraday,pre,CTSH,-0.032482257680090165,-0.032482257680090165,0.0004991459473775439,0.8064179479742652,250,-0.03288477793071404,0.0,0.0,0.005,0.005,True,averted,False,control,0.0,0.0
E13,E13,2026-09-21,overnight,pre,CACI,0.0035735046457581188,0.0035735046457581188,0.0059866843277867066,0.13396941967104553,250,0.0027714720206107905,0.005,0.0085,0.005,0.01,True,averted,False,exposed,0.956,0.0926
E13,E13,2026-09-21,overnight,pre,SAIC,-0.0011262789796301353,-0.0011262789796301353,0.0059866843277867066,-0.04180962450801853,250,-0.0008759779558373338,0.005,0.0085,0.005,0.01,True,averted,False,exposed,0.98,0.0479
E13,E13,2026-09-21,overnight,pre,LDOS,0.0007831349214542094,0.0007831349214542094,0.0059866843277867066,0.1249123843256596,250,3.5323907865313173e-05,0.005,0.0085,0.005,0.01,True,averted,False,exposed,0.87,0.0736
E13,E13,2026-09-21,overnight,pre,BAH,-0.0009082611947782704,-0.0009082611947782704,0.0059866843277867066,-0.10592353841984335,250,-0.0002741304073764811,0.005,0.0085,0.005,0.01,True,averted,False,exposed,0.98,0.0144
E13,E13,2026-09-21,overnight,pre,PSN,0.004239148400583037,0.004239148400583037,0.0059866843277867066,0.5002838394939151,250,0.0012441069792398555,0.005,0.0085,0.005,0.01,True,averted,False,exposed,0.51,0.0099
E13,E13,2026-09-21,overnight,pre,ACN,0.0314965354461183,0.0314965354461183,0.0059866843277867066,0.12527935462186476,250,0.03074652749720835,0.005,0.0085,0.005,0.01,True,averted,False,control,0.08,0.0656
E13,E13,2026-09-21,overnight,pre,EPAM,0.01201756754385963,0.01201756754385963,0.0059866843277867066,0.667278755225052,250,0.00802278027768879,0.005,0.0085,0.005,0.01,True,averted,False,control,0.0,0.0
E13,E13,2026-09-21,overnight,pre,CTSH,0.008184427739390987,0.008184427739390987,0.0059866843277867066,0.3210796904977827,250,0.006262224988317305,0.005,0.0085,0.005,0.01,True,averted,False,control,0.0,0.0
E13,E13,2026-09-21,intraday,pre,CACI,0.006008628397157656,0.006008628397157656,0.009461663947797794,0.7200471237986332,250,-0.0008042155148033671,0.0,0.0019999999999999983,0.01,0.01,True,averted,False,exposed,0.956,0.0926
E13,E13,2026-09-21,intraday,pre,SAIC,0.0023302226068286913,0.0023302226068286913,0.009461663947797794,0.6225190106727319,250,-0.003559843073272246,0.0,0.0019999999999999983,0.01,0.01,True,averted,False,exposed,0.98,0.0479
E13,E13,2026-09-21,intraday,pre,LDOS,0.003443108200181566,0.003443108200181566,0.009461663947797794,0.6570109103142585,250,-0.0027733082432486638,0.0,0.0019999999999999983,0.01,0.01,True,averted,False,exposed,0.87,0.0736
E13,E13,2026-09-21,intraday,pre,BAH,0.004935029220779263,0.004935029220779263,0.009461663947797794,0.5868467393716361,250,-0.0006175174160160338,0.0,0.0019999999999999983,0.01,0.01,True,averted,False,exposed,0.98,0.0144
E13,E13,2026-09-21,intraday,pre,PSN,0.007109609463322508,0.007109609463322508,0.009461663947797794,0.887782021678144,250,-0.001290285684692626,0.0,0.0019999999999999983,0.01,0.01,True,averted,False,exposed,0.51,0.0099
E13,E13,2026-09-21,intraday,pre,ACN,-0.004759355080213856,-0.004759355080213856,0.009461663947797794,0.7799223765397931,250,-0.012138718512401192,0.0,0.0019999999999999983,0.01,0.01,True,averted,False,control,0.08,0.0656
E13,E13,2026-09-21,intraday,pre,EPAM,-0.01941583901861177,-0.01941583901861177,0.009461663947797794,1.1847112797292094,250,-0.030625179022575017,0.0,0.0019999999999999983,0.01,0.01,True,averted,False,control,0.0,0.0
E13,E13,2026-09-21,intraday,pre,CTSH,-0.016235910041353496,-0.016235910041353496,0.009461663947797794,0.8064179479742652,250,-0.02386596566655868,0.0,0.0019999999999999983,0.01,0.01,True,averted,False,control,0.0,0.0
E13,E13,2026-09-22,overnight,pre,CACI,0.0034762466494440147,0.0034762466494440147,0.0006852350355526227,0.13396941967104553,250,0.0033844461093927615,-0.005,-0.0009999999999999974,0.01,0.005,True,averted,False,exposed,0.956,0.0926
E13,E13,2026-09-22,overnight,pre,SAIC,0.0034495049040721426,0.0034495049040721426,0.0006852350355526227,-0.04180962450801853,250,0.0034781543236083365,-0.005,-0.0009999999999999974,0.01,0.005,True,averted,False,exposed,0.98,0.0479
E13,E13,2026-09-22,overnight,pre,LDOS,0.007954490635610378,0.007954490635610378,0.0006852350355526227,0.1249123843256596,250,0.007868896293496023,-0.005,-0.0009999999999999974,0.01,0.005,True,averted,False,exposed,0.87,0.0736
E13,E13,2026-09-22,overnight,pre,BAH,0.008012442130191477,0.008012442130191477,0.0006852350355526227,-0.10592353841984335,250,0.008085024649806458,-0.005,-0.0009999999999999974,0.01,0.005,True,averted,False,exposed,0.98,0.0144
E13,E13,2026-09-22,overnight,pre,PSN,0.014780457598759345,0.014780457598759345,0.0006852350355526227,0.5002838394939151,250,0.01443764558421733,-0.005,-0.0009999999999999974,0.01,0.005,True,averted,False,exposed,0.51,0.0099
E13,E13,2026-09-22,overnight,pre,ACN,0.017570277198741602,0.017570277198741602,0.0006852350355526227,0.12527935462186476,250,0.01748443139572328,-0.005,-0.0009999999999999974,0.01,0.005,True,averted,False,control,0.08,0.0656
E13,E13,2026-09-22,overnight,pre,EPAM,0.012993911739446196,0.012993911739446196,0.0006852350355526227,0.667278755225052,250,0.012536668957886047,-0.005,-0.0009999999999999974,0.01,0.005,True,averted,False,control,0.0,0.0
E13,E13,2026-09-22,overnight,pre,CTSH,0.027450273166524264,0.027450273166524264,0.0006852350355526227,0.3210796904977827,250,0.02723025811339079,-0.005,-0.0009999999999999974,0.01,0.005,True,averted,False,control,0.0,0.0
E13,E13,2026-09-22,intraday,pre,CACI,-0.03440571330536535,-0.03440571330536535,-0.0008397922243247313,0.7200471237986332,250,-0.03380102332965187,0.0,-0.0020000000000000018,0.005,0.005,True,averted,False,exposed,0.956,0.0926
E13,E13,2026-09-22,intraday,pre,SAIC,-0.0307898906949835,-0.0307898906949835,-0.0008397922243247313,0.6225190106727319,250,-0.030267104070326217,0.0,-0.0020000000000000018,0.005,0.005,True,averted,False,exposed,0.98,0.0479
E13,E13,2026-09-22,intraday,pre,LDOS,-0.04595746537717604,-0.04595746537717604,-0.0008397922243247313,0.6570109103142585,250,-0.045405712723397613,0.0,-0.0020000000000000018,0.005,0.005,True,averted,False,exposed,0.87,0.0736
E13,E13,2026-09-22,intraday,pre,BAH,-0.022051297692307736,-0.022051297692307736,-0.0008397922243247313,0.5868467393716361,250,-0.021558468363713112,0.0,-0.0020000000000000018,0.005,0.005,True,averted,False,exposed,0.98,0.0144
E13,E13,2026-09-22,intraday,pre,PSN,-0.0415217358695652,-0.0415217358695652,-0.0008397922243247313,0.887782021678144,250,-0.04077618343086461,0.0,-0.0020000000000000018,0.005,0.005,True,averted,False,exposed,0.51,0.0099
E13,E13,2026-09-22,intraday,pre,ACN,-0.029887018447320668,-0.029887018447320668,-0.0008397922243247313,0.7799223765397931,250,-0.029232045699925685,0.0,-0.0020000000000000018,0.005,0.005,True,averted,False,control,0.08,0.0656
E13,E13,2026-09-22,intraday,pre,EPAM,-0.026701550087716686,-0.026701550087716686,-0.0008397922243247313,1.1847112797292094,250,-0.025706638766930294,0.0,-0.0020000000000000018,0.005,0.005,True,averted,False,control,0.0,0.0
E13,E13,2026-09-22,intraday,pre,CTSH,-0.03819042901425873,-0.03819042901425873,-0.0008397922243247313,0.8064179479742652,250,-0.03751320549199404,0.0,-0.0020000000000000018,0.005,0.005,True,averted,False,control,0.0,0.0
E13,E13,2026-09-23,overnight,pre,CACI,-0.0005870410573697304,-0.0005870410573697304,-0.0007629197758691753,0.13396941967104553,250,-0.0004848331377409729,0.0,0.0005000000000000004,0.005,0.005,True,averted,False,exposed,0.956,0.0926
E13,E13,2026-09-23,overnight,pre,SAIC,0.015344207442161473,0.015344207442161473,-0.0007629197758691753,-0.04180962450801853,250,0.015312310052802642,0.0,0.0005000000000000004,0.005,0.005,True,averted,False,exposed,0.98,0.0479
E13,E13,2026-09-23,overnight,pre,LDOS,0.004865834982385797,0.004865834982385797,-0.0007629197758691753,0.1249123843256596,250,0.004961133110638814,0.0,0.0005000000000000004,0.005,0.005,True,averted,False,exposed,0.87,0.0736
E13,E13,2026-09-23,overnight,pre,BAH,0.005506006511763584,0.005506006511763584,-0.0007629197758691753,-0.10592353841984335,250,0.005425195349573047,0.0,0.0005000000000000004,0.005,0.005,True,averted,False,exposed,0.98,0.0144
E13,E13,2026-09-23,overnight,pre,PSN,-0.005443449289713853,-0.005443449289713853,-0.0007629197758691753,0.5002838394939151,250,-0.005061772855016185,0.0,0.0005000000000000004,0.005,0.005,True,averted,False,exposed,0.51,0.0099
E13,E13,2026-09-23,overnight,pre,ACN,0.009688650056464132,0.009688650056464132,-0.0007629197758691753,0.12527935462186476,250,0.00978422815361328,0.0,0.0005000000000000004,0.005,0.005,True,averted,False,control,0.08,0.0656
E13,E13,2026-09-23,overnight,pre,EPAM,0.0009861986651642507,0.0009861986651642507,-0.0007629197758691753,0.667278755225052,250,0.0014952788235428095,0.0,0.0005000000000000004,0.005,0.005,True,averted,False,control,0.0,0.0
E13,E13,2026-09-23,overnight,pre,CTSH,0.006305366871938167,0.006305366871938167,-0.0007629197758691753,0.3210796904977827,250,0.00655032491744888,0.0,0.0005000000000000004,0.005,0.005,True,averted,False,control,0.0,0.0
E13,E13,2026-09-23,intraday,pre,CACI,0.00623308323434868,0.00623308323434868,-0.006444157587147226,0.7200471237986332,250,0.010873180370279178,0.0,0.0,0.005,0.005,True,averted,False,exposed,0.956,0.0926
E13,E13,2026-09-23,intraday,pre,SAIC,0.009720641486639314,0.009720641486639314,-0.006444157587147226,0.6225190106727319,250,0.013732252092409384,0.0,0.0,0.005,0.005,True,averted,False,exposed,0.98,0.0479
E13,E13,2026-09-23,intraday,pre,LDOS,0.00629488077402085,0.00629488077402085,-0.006444157587147226,0.6570109103142585,250,0.010528762616560983,0.0,0.0,0.005,0.005,True,averted,False,exposed,0.87,0.0736
E13,E13,2026-09-23,intraday,pre,BAH,-0.013689640961582872,-0.013689640961582872,-0.006444157587147226,0.5868467393716361,250,-0.009907908093568531,0.0,0.0,0.005,0.005,True,averted,False,exposed,0.98,0.0144
E13,E13,2026-09-23,intraday,pre,PSN,-0.0006841227148621787,-0.0006841227148621787,-0.006444157587147226,0.887782021678144,250,0.005036884535867936,0.0,0.0,0.005,0.005,True,averted,False,exposed,0.51,0.0099
E13,E13,2026-09-23,intraday,pre,ACN,-0.01067383126684629,-0.01067383126684629,-0.006444157587147226,0.7799223765397931,250,-0.005647888566681487,0.0,0.0,0.005,0.005,True,averted,False,control,0.08,0.0656
E13,E13,2026-09-23,intraday,pre,EPAM,-0.014240966221572338,-0.014240966221572338,-0.006444157587147226,1.1847112797292094,250,-0.006606500039726453,0.0,0.0,0.005,0.005,True,averted,False,control,0.0,0.0
E13,E13,2026-09-23,intraday,pre,CTSH,0.0015241346512844256,0.0015241346512844256,-0.006444157587147226,0.8064179479742652,250,0.0067208189891344835,0.0,0.0,0.005,0.005,True,averted,False,control,0.0,0.0
E13,E13,2026-09-24,overnight,pre,CACI,0.002610730555650198,0.002610730555650198,-0.0048709841128538045,0.13396941967104553,250,0.0032632934704761047,0.0,-0.0095,0.005,0.005,True,averted,False,exposed,0.956,0.0926
E13,E13,2026-09-24,overnight,pre,SAIC,0.002105887378839766,0.002105887378839766,-0.0048709841128538045,-0.04180962450801853,250,0.0019022333620968244,0.0,-0.0095,0.005,0.005,True,averted,False,exposed,0.98,0.0479
E13,E13,2026-09-24,overnight,pre,LDOS,-0.001202995405508167,-0.001202995405508167,-0.0048709841128538045,0.1249123843256596,250,-0.0005945491659591906,0.0,-0.0095,0.005,0.005,True,averted,False,exposed,0.87,0.0736
E13,E13,2026-09-24,overnight,pre,BAH,-0.0006609789687864742,-0.0006609789687864742,-0.0048709841128538045,-0.10592353841984335,250,-0.0011769308416067908,0.0,-0.0095,0.005,0.005,True,averted,False,exposed,0.98,0.0144
E13,E13,2026-09-24,overnight,pre,PSN,0.013236007396238092,0.013236007396238092,-0.0048709841128538045,0.5002838394939151,250,0.015672882030330456,0.0,-0.0095,0.005,0.005,True,averted,False,exposed,0.51,0.0099
E13,E13,2026-09-24,overnight,pre,ACN,0.012151240451992562,0.012151240451992562,-0.0048709841128538045,0.12527935462186476,250,0.012761474198024243,0.0,-0.0095,0.005,0.005,True,averted,False,control,0.08,0.0656
E13,E13,2026-09-24,overnight,pre,EPAM,0.005815003761184823,0.005815003761184823,-0.0048709841128538045,0.667278755225052,250,0.009065307976730913,0.0,-0.0095,0.005,0.005,True,averted,False,control,0.0,0.0
E13,E13,2026-09-24,overnight,pre,CTSH,0.002029065458872603,0.002029065458872603,-0.0048709841128538045,0.3210796904977827,250,0.0035930395302473193,0.0,-0.0095,0.005,0.005,True,averted,False,control,0.0,0.0
E13,E13,2026-09-24,intraday,pre,CACI,-0.002377477805405981,-0.002377477805405981,0.004070288547236345,0.7200471237986332,250,-0.005308277366874028,0.0,0.0,0.005,0.005,True,averted,False,exposed,0.956,0.0926
E13,E13,2026-09-24,intraday,pre,SAIC,-0.006079351295133262,-0.006079351295133262,0.004070288547236345,0.6225190106727319,250,-0.008613183294711382,0.0,0.0,0.005,0.005,True,averted,False,exposed,0.98,0.0479
E13,E13,2026-09-24,intraday,pre,LDOS,-0.009555182201704926,-0.009555182201704926,0.004070288547236345,0.6570109103142585,250,-0.012229406185366377,0.0,0.0,0.005,0.005,True,averted,False,exposed,0.87,0.0736
E13,E13,2026-09-24,intraday,pre,BAH,-0.023544957883912532,-0.023544957883912532,0.004070288547236345,0.5868467393716361,250,-0.025933593446159895,0.0,0.0,0.005,0.005,True,averted,False,exposed,0.98,0.0144
E13,E13,2026-09-24,intraday,pre,PSN,-0.044144207938273894,-0.044144207938273894,0.004070288547236345,0.887782021678144,250,-0.04775773693355277,0.0,0.0,0.005,0.005,True,averted,False,exposed,0.51,0.0099
E13,E13,2026-09-24,intraday,pre,ACN,-0.04489903795423955,-0.04489903795423955,0.004070288547236345,0.7799223765397931,250,-0.04807354707120282,0.0,0.0,0.005,0.005,True,averted,False,control,0.08,0.0656
E13,E13,2026-09-24,intraday,pre,EPAM,-0.03351399371177399,-0.03351399371177399,0.004070288547236345,1.1847112797292094,250,-0.03833611046543751,0.0,0.0,0.005,0.005,True,averted,False,control,0.0,0.0
E13,E13,2026-09-24,intraday,pre,CTSH,-0.03526831267719821,-0.03526831267719821,0.004070288547236345,0.8064179479742652,250,-0.0385506664151237,0.0,0.0,0.005,0.005,True,averted,False,control,0.0,0.0
E13,E13,2026-09-25,overnight,pre,CACI,-0.006938862633096066,-0.006938862633096066,0.0020856078302680103,0.13396941967104553,250,-0.00721827030377846,0.0,-0.002,0.005,0.005,True,averted,False,exposed,0.956,0.0926
E13,E13,2026-09-25,overnight,pre,SAIC,-0.0022652557316045208,-0.0022652557316045208,0.0020856078302680103,-0.04180962450801853,250,-0.002178057251350032,0.0,-0.002,0.005,0.005,True,averted,False,exposed,0.98,0.0479
E13,E13,2026-09-25,overnight,pre,LDOS,-0.004134594294299965,-0.004134594294299965,0.0020856078302680103,0.1249123843256596,250,-0.004395112541147007,0.0,-0.002,0.005,0.005,True,averted,False,exposed,0.87,0.0736
E13,E13,2026-09-25,overnight,pre,BAH,-0.0040639806456223004,-0.0040639806456223004,0.0020856078302680103,-0.10592353841984335,250,-0.003843065684484181,0.0,-0.002,0.005,0.005,True,averted,False,exposed,0.98,0.0144
E13,E13,2026-09-25,overnight,pre,PSN,-0.0023562319328001013,-0.0023562319328001013,0.0020856078302680103,0.5002838394939151,250,-0.003399627825805155,0.0,-0.002,0.005,0.005,True,averted,False,exposed,0.51,0.0099
E13,E13,2026-09-25,overnight,pre,ACN,-0.0015782582388842448,-0.0015782582388842448,0.0020856078302680103,0.12527935462186476,250,-0.0018395418418545289,0.0,-0.002,0.005,0.005,True,averted,False,control,0.08,0.0656
E13,E13,2026-09-25,overnight,pre,EPAM,9.348630896632848e-05,9.348630896632848e-05,0.0020856078302680103,0.667278755225052,250,-0.001298195487902531,0.0,-0.002,0.005,0.005,True,averted,False,control,0.0,0.0
E13,E13,2026-09-25,overnight,pre,CTSH,-0.001049458840659545,-0.001049458840659545,0.0020856078302680103,0.3210796904977827,250,-0.00171910515730175,0.0,-0.002,0.005,0.005,True,averted,False,control,0.0,0.0
E13,E13,2026-09-25,intraday,pre,CACI,0.009436166630090614,0.009436166630090614,0.003342888995620852,0.7200471237986332,250,0.007029129023615718,0.0,0.0,0.005,0.005,True,averted,False,exposed,0.956,0.0926
E13,E13,2026-09-25,intraday,pre,SAIC,0.0036327532142550467,0.0036327532142550467,0.003342888995620852,0.6225190106727319,250,0.0015517412639123917,0.0,0.0,0.005,0.005,True,averted,False,exposed,0.98,0.0479
E13,E13,2026-09-25,intraday,pre,LDOS,0.006268351702970687,0.006268351702970687,0.003342888995620852,0.6570109103142585,250,0.004072037160878314,0.0,0.0,0.005,0.005,True,averted,False,exposed,0.87,0.0736
E13,E13,2026-09-25,intraday,pre,BAH,-0.007752988520811299,-0.007752988520811299,0.003342888995620852,0.5868467393716361,250,-0.00971475202797272,0.0,0.0,0.005,0.005,True,averted,False,exposed,0.98,0.0144
E13,E13,2026-09-25,intraday,pre,PSN,0.017241368384832256,0.017241368384832256,0.003342888995620852,0.887782021678144,250,0.014273611634054356,0.0,0.0,0.005,0.005,True,averted,False,exposed,0.51,0.0099
E13,E13,2026-09-25,intraday,pre,ACN,-0.005758506587158041,-0.005758506587158041,0.003342888995620852,0.7799223765397931,250,-0.008365700517131378,0.0,0.0,0.005,0.005,True,averted,False,control,0.08,0.0656
E13,E13,2026-09-25,intraday,pre,EPAM,0.011495358878504724,0.011495358878504724,0.003342888995620852,1.1847112797292094,250,0.007535000578510053,0.0,0.0,0.005,0.005,True,averted,False,control,0.0,0.0
E13,E13,2026-09-25,intraday,pre,CTSH,0.003852236344775717,0.003852236344775717,0.003342888995620852,0.8064179479742652,250,0.0011564706606213972,0.0,0.0,0.005,0.005,True,averted,False,control,0.0,0.0
E13,E13,2026-09-28,overnight,pre,CACI,-0.004302034817885825,-0.004302034817885825,-0.0038892851427997366,0.13396941967104553,250,-0.003780989544369725,0.0,-0.0005,0.005,0.005,True,averted,False,exposed,0.956,0.0926
E13,E13,2026-09-28,overnight,pre,SAIC,-0.007917977492264638,-0.007917977492264638,-0.0038892851427997366,-0.04180962450801853,250,-0.00808058704368971,0.0,-0.0005,0.005,0.005,True,averted,False,exposed,0.98,0.0479
E13,E13,2026-09-28,overnight,pre,LDOS,-0.005015797241246789,-0.005015797241246789,-0.0038892851427997366,0.1249123843256596,250,-0.00452997736073731,0.0,-0.0005,0.005,0.005,True,averted,False,exposed,0.87,0.0736
E13,E13,2026-09-28,overnight,pre,BAH,-0.011925910299849574,-0.011925910299849574,-0.0038892851427997366,-0.10592353841984335,250,-0.012337877144098647,0.0,-0.0005,0.005,0.005,True,averted,False,exposed,0.98,0.0144
E13,E13,2026-09-28,overnight,pre,PSN,-0.01323426269102912,-0.01323426269102912,-0.0038892851427997366,0.5002838394939151,250,-0.011288516186902627,0.0,-0.0005,0.005,0.005,True,averted,False,exposed,0.51,0.0099
E13,E13,2026-09-28,overnight,pre,ACN,-0.014763534672317724,-0.014763534672317724,-0.0038892851427997366,0.12527935462186476,250,-0.014276287539687366,0.0,-0.0005,0.005,0.005,True,averted,False,control,0.08,0.0656
E13,E13,2026-09-28,overnight,pre,EPAM,-0.015799748187017126,-0.015799748187017126,-0.0038892851427997366,0.667278755225052,250,-0.01320451083821443,0.0,-0.0005,0.005,0.005,True,averted,False,control,0.0,0.0
E13,E13,2026-09-28,overnight,pre,CTSH,-0.011861159572546298,-0.011861159572546298,-0.0038892851427997366,0.3210796904977827,250,-0.010612389102638535,0.0,-0.0005,0.005,0.005,True,averted,False,control,0.0,0.0
E13,E13,2026-09-28,intraday,pre,CACI,0.0012020454996832797,0.0012020454996832797,-0.0035660705238654833,0.7200471237986332,250,0.003769784323655706,0.0,0.0009999999999999996,0.005,0.005,True,averted,False,exposed,0.956,0.0926
E13,E13,2026-09-28,intraday,pre,SAIC,-0.004788726904020435,-0.004788726904020435,-0.0035660705238654833,0.6225190106727319,250,-0.002568780209514504,0.0,0.0009999999999999996,0.005,0.005,True,averted,False,exposed,0.98,0.0479
E13,E13,2026-09-28,intraday,pre,LDOS,-0.005203670305941266,-0.005203670305941266,-0.0035660705238654833,0.6570109103142585,250,-0.00286072306481156,0.0,0.0009999999999999996,0.005,0.005,True,averted,False,exposed,0.87,0.0736
E13,E13,2026-09-28,intraday,pre,BAH,-0.025388482013583236,-0.025388482013583236,-0.0035660705238654833,0.5868467393716361,250,-0.023295745154283475,0.0,0.0009999999999999996,0.005,0.005,True,averted,False,exposed,0.98,0.0144
E13,E13,2026-09-28,intraday,pre,PSN,-0.021176506588235222,-0.021176506588235222,-0.0035660705238654833,0.887782021678144,250,-0.018010613289111084,0.0,0.0009999999999999996,0.005,0.005,True,averted,False,exposed,0.51,0.0099
E13,E13,2026-09-28,intraday,pre,ACN,0.0055328611055889265,0.0055328611055889265,-0.0035660705238654833,0.7799223765397931,250,0.0083141193034706,0.0,0.0009999999999999996,0.005,0.005,True,averted,False,control,0.08,0.0656
E13,E13,2026-09-28,intraday,pre,EPAM,0.009669606955282184,0.009669606955282184,-0.0035660705238654833,1.1847112797292094,250,0.013894370929215473,0.0,0.0009999999999999996,0.005,0.005,True,averted,False,control,0.0,0.0
E13,E13,2026-09-28,intraday,pre,CTSH,0.0017651980105781728,0.0017651980105781728,-0.0035660705238654833,0.8064179479742652,250,0.004640941284765289,0.0,0.0009999999999999996,0.005,0.005,True,averted,False,control,0.0,0.0
E13,E13,2026-09-29,overnight,pre,CACI,-0.006830015952867585,-0.006830015952867585,0.0015935420426400615,0.13396941967104553,250,-0.007043501855541486,0.0,0.0,0.005,0.005,True,averted,False,exposed,0.956,0.0926
E13,E13,2026-09-29,overnight,pre,SAIC,-0.007026642108718395,-0.007026642108718395,0.0015935420426400615,-0.04180962450801853,250,-0.006960016714277873,0.0,0.0,0.005,0.005,True,averted,False,exposed,0.98,0.0479
E13,E13,2026-09-29,overnight,pre,LDOS,-0.00474051415701493,-0.00474051415701493,0.0015935420426400615,0.1249123843256596,250,-0.004939567293084282,0.0,0.0,0.005,0.005,True,averted,False,exposed,0.87,0.0736
E13,E13,2026-09-29,overnight,pre,BAH,-0.0048398055516014615,-0.0048398055516014615,0.0015935420426400615,-0.10592353841984335,250,-0.004671011939824241,0.0,0.0,0.005,0.005,True,averted,False,exposed,0.98,0.0144
E13,E13,2026-09-29,overnight,pre,PSN,-0.00528839923296287,-0.00528839923296287,0.0015935420426400615,0.5002838394939151,250,-0.0060856225644498165,0.0,0.0,0.005,0.005,True,averted,False,exposed,0.51,0.0099
E13,E13,2026-09-29,overnight,pre,ACN,-0.007909697314772646,-0.007909697314772646,0.0015935420426400615,0.12527935462186476,250,-0.0081093352334374,0.0,0.0,0.005,0.005,True,averted,False,control,0.08,0.0656
E13,E13,2026-09-29,overnight,pre,EPAM,-0.009112072261762694,-0.009112072261762694,0.0015935420426400615,0.667278755225052,250,-0.010175409012374341,0.0,0.0,0.005,0.005,True,averted,False,control,0.0,0.0
E13,E13,2026-09-29,overnight,pre,CTSH,-0.004933899207048453,-0.004933899207048453,0.0015935420426400615,0.3210796904977827,250,-0.005445553192894529,0.0,0.0,0.005,0.005,True,averted,False,control,0.0,0.0
E13,E13,2026-09-29,intraday,pre,CACI,-0.006615573243801243,-0.006615573243801243,-0.0034297104199783046,0.7200471237986332,250,-0.004146020120433662,0.0,0.0,0.005,0.005,True,averted,False,exposed,0.956,0.0926
E13,E13,2026-09-29,intraday,pre,SAIC,-0.013844995586089315,-0.013844995586089315,-0.0034297104199783046,0.6225190106727319,250,-0.011709935648550461,0.0,0.0,0.005,0.005,True,averted,False,exposed,0.98,0.0479
E13,E13,2026-09-29,intraday,pre,LDOS,0.010922246342577324,0.010922246342577324,-0.0034297104199783046,0.6570109103142585,250,0.013175603507721567,0.0,0.0,0.005,0.005,True,averted,False,exposed,0.87,0.0736
E13,E13,2026-09-29,intraday,pre,BAH,-0.0028608864186691063,-0.0028608864186691063,-0.0034297104199783046,0.5868467393716361,250,-0.0008481720417159136,0.0,0.0,0.005,0.005,True,averted,False,exposed,0.98,0.0144
E13,E13,2026-09-29,intraday,pre,PSN,0.004108220531759299,0.004108220531759299,-0.0034297104199783046,0.887782021678144,250,0.007153055782178235,0.0,0.0,0.005,0.005,True,averted,False,exposed,0.51,0.0099
E13,E13,2026-09-29,intraday,pre,ACN,0.023282678873105978,0.023282678873105978,-0.0034297104199783046,0.7799223765397931,250,0.025957586774698747,0.0,0.0,0.005,0.005,True,averted,False,control,0.08,0.0656
E13,E13,2026-09-29,intraday,pre,EPAM,0.005348594366187287,0.005348594366187287,-0.0034297104199783046,1.1847112797292094,250,0.009411810986940388,0.0,0.0,0.005,0.005,True,averted,False,control,0.0,0.0
E13,E13,2026-09-29,intraday,pre,CTSH,0.006552132495243557,0.006552132495243557,-0.0034297104199783046,0.8064179479742652,250,0.009317912534268417,0.0,0.0,0.005,0.005,True,averted,False,control,0.0,0.0
E13,E13,2026-09-30,overnight,pre,CACI,-0.00016449600026036126,-0.00016449600026036126,0.002944255383512173,0.13396941967104553,250,-0.0005589361853528387,0.0,0.0,0.005,0.005,True,averted,False,exposed,0.956,0.0926
E13,E13,2026-09-30,overnight,pre,SAIC,0.0019499258009163523,0.0019499258009163523,0.002944255383512173,-0.04180962450801853,250,0.0020730240129567083,0.0,0.0,0.005,0.005,True,averted,False,exposed,0.98,0.0479
E13,E13,2026-09-30,overnight,pre,LDOS,-0.00016244273146759358,-0.00016244273146759358,0.002944255383512173,0.1249123843256596,250,-0.0005302166914857584,0.0,0.0,0.005,0.005,True,averted,False,exposed,0.87,0.0736
E13,E13,2026-09-30,overnight,pre,BAH,0.0037297682316939085,0.0037297682316939085,0.002944255383512173,-0.10592353841984335,250,0.004041634179927191,0.0,0.0,0.005,0.005,True,averted,False,exposed,0.98,0.0144
E13,E13,2026-09-30,overnight,pre,PSN,0.003369419796889428,0.003369419796889428,0.002944255383512173,0.5002838394939151,250,0.0018964564091753285,0.0,0.0,0.005,0.005,True,averted,False,exposed,0.51,0.0099
E13,E13,2026-09-30,overnight,pre,ACN,0.005533034254245006,0.005533034254245006,0.002944255383512173,0.12527935462186476,250,0.00516417983995665,0.0,0.0,0.005,0.005,True,averted,False,control,0.08,0.0656
E13,E13,2026-09-30,overnight,pre,EPAM,0.0028001026850854593,0.0028001026850854593,0.002944255383512173,0.667278755225052,250,0.0008354636177107986,0.0,0.0,0.005,0.005,True,averted,False,control,0.0,0.0
E13,E13,2026-09-30,overnight,pre,CTSH,0.0007037459516965328,0.0007037459516965328,0.002944255383512173,0.3210796904977827,250,-0.00024159465558798627,0.0,0.0,0.005,0.005,True,averted,False,control,0.0,0.0
E13,E13,2026-09-30,intraday,pre,CACI,0.0017597648817755385,0.0017597648817755385,-0.0049840266673557565,0.7200471237986332,250,0.005348498948540738,0.0,0.0,0.005,0.005,True,averted,False,exposed,0.956,0.0926
E13,E13,2026-09-30,intraday,pre,SAIC,-0.0070061424027623165,-0.0070061424027623165,-0.0049840266673557565,0.6225190106727319,250,-0.003903491052633498,0.0,0.0,0.005,0.005,True,averted,False,exposed,0.98,0.0479
E13,E13,2026-09-30,intraday,pre,LDOS,-0.010155995951569796,-0.010155995951569796,-0.0049840266673557565,0.6570109103142585,250,-0.006881436053819851,0.0,0.0,0.005,0.005,True,averted,False,exposed,0.87,0.0736
E13,E13,2026-09-30,intraday,pre,BAH,-0.007860555100902111,-0.007860555100902111,-0.0049840266673557565,0.5868467393716361,250,-0.004935695302223104,0.0,0.0,0.005,0.005,True,averted,False,exposed,0.98,0.0144
E13,E13,2026-09-30,intraday,pre,PSN,-0.01727026705829371,-0.01727026705829371,-0.0049840266673557565,0.887782021678144,250,-0.012845537787450833,0.0,0.0,0.005,0.005,True,averted,False,exposed,0.51,0.0099
E13,E13,2026-09-30,intraday,pre,ACN,0.02959005513475943,0.02959005513475943,-0.0049840266673557565,0.7799223765397931,250,0.03347720905790123,0.0,0.0,0.005,0.005,True,averted,False,control,0.08,0.0656
E13,E13,2026-09-30,intraday,pre,EPAM,0.0085629018936062,0.0085629018936062,-0.0049840266673557565,1.1847112797292094,250,0.014467534504893746,0.0,0.0,0.005,0.005,True,averted,False,control,0.0,0.0
E13,E13,2026-09-30,intraday,pre,CTSH,0.009845245243769174,0.009845245243769174,-0.0049840266673557565,0.8064179479742652,250,0.013864453801507219,0.0,0.0,0.005,0.005,True,averted,False,control,0.0,0.0
E13,E13,2026-10-01,overnight,resolution,CACI,0.010031004985064484,0.010031004985064484,0.0022684401202217597,0.13396941967104553,250,0.009727103378599859,0.0,-0.0019999999999999996,0.005,0.005,True,averted,False,exposed,0.956,0.0926
E13,E13,2026-10-01,overnight,resolution,SAIC,0.014973374380182758,0.014973374380182758,0.0022684401202217597,-0.04180962450801853,250,0.015068217009828154,0.0,-0.0019999999999999996,0.005,0.005,True,averted,False,exposed,0.98,0.0479
E13,E13,2026-10-01,overnight,resolution,LDOS,0.017893788621777595,0.017893788621777595,0.0022684401202217597,0.1249123843256596,250,0.01761043235766071,0.0,-0.0019999999999999996,0.005,0.005,True,averted,False,exposed,0.87,0.0736
E13,E13,2026-10-01,overnight,resolution,BAH,0.03918181059784942,0.03918181059784942,0.0022684401202217597,-0.10592353841984335,250,0.03942209180207684,0.0,-0.0019999999999999996,0.005,0.005,True,averted,False,exposed,0.98,0.0144
E13,E13,2026-10-01,overnight,resolution,PSN,0.012936264686789212,0.012936264686789212,0.0022684401202217597,0.5002838394939151,250,0.011801400753782632,0.0,-0.0019999999999999996,0.005,0.005,True,averted,False,exposed,0.51,0.0099
E13,E13,2026-10-01,overnight,resolution,ACN,0.17783716786498394,0.17783716786498394,0.0022684401202217597,0.12527935462186476,250,0.1775529791507242,0.0,-0.0019999999999999996,0.005,0.005,True,averted,False,control,0.08,0.0656
E13,E13,2026-10-01,overnight,resolution,EPAM,0.08351793143124064,0.08351793143124064,0.0022684401202217597,0.667278755225052,250,0.0820042495315165,0.0,-0.0019999999999999996,0.005,0.005,True,averted,False,control,0.0,0.0
E13,E13,2026-10-01,overnight,resolution,CTSH,0.07764629189372241,0.07764629189372241,0.0022684401202217597,0.3210796904977827,250,0.07691794184200886,0.0,-0.0019999999999999996,0.005,0.005,True,averted,False,control,0.0,0.0
