day,wtype,start,end,i,p_start,p_end,stale_start,stale_end,dP,phase,event_id,venue,contract_id,lapse_start,first_obs,contract_result,outcome,cluster,primary_sample,early_close_day
2023-09-01,intraday,2023-09-01 13:30:00+00:00,2023-09-01 20:00:00+00:00,418,0.32,0.3299999999999999,0.5,0.0,0.009999999999999898,pre,E01,kalshi,GOVSHUT-23OCT02,2023-10-01,2023-01-13 16:00:00+00:00,no,averted,E01,True,False
2023-09-05,overnight,2023-09-01 20:00:00+00:00,2023-09-05 13:30:00+00:00,419,0.3299999999999999,0.28,0.0,11.5,-0.04999999999999988,pre,E01,kalshi,GOVSHUT-23OCT02,2023-10-01,2023-01-13 16:00:00+00:00,no,averted,E01,True,False
2023-09-05,intraday,2023-09-05 13:30:00+00:00,2023-09-05 20:00:00+00:00,419,0.28,0.29,11.5,0.0,0.009999999999999953,pre,E01,kalshi,GOVSHUT-23OCT02,2023-10-01,2023-01-13 16:00:00+00:00,no,averted,E01,True,False
2023-09-06,overnight,2023-09-05 20:00:00+00:00,2023-09-06 13:30:00+00:00,420,0.29,0.295,0.0,0.5,0.0050000000000000044,pre,E01,kalshi,GOVSHUT-23OCT02,2023-10-01,2023-01-13 16:00:00+00:00,no,averted,E01,True,False
2023-09-06,intraday,2023-09-06 13:30:00+00:00,2023-09-06 20:00:00+00:00,420,0.295,0.295,0.5,4.0,0.0,pre,E01,kalshi,GOVSHUT-23OCT02,2023-10-01,2023-01-13 16:00:00+00:00,no,averted,E01,True,False
2023-09-07,overnight,2023-09-06 20:00:00+00:00,2023-09-07 13:30:00+00:00,421,0.295,0.275,4.0,0.5,-0.019999999999999962,pre,E01,kalshi,GOVSHUT-23OCT02,2023-10-01,2023-01-13 16:00:00+00:00,no,averted,E01,True,False
2023-09-07,intraday,2023-09-07 13:30:00+00:00,2023-09-07 20:00:00+00:00,421,0.275,0.28,0.5,1.0,0.0050000000000000044,pre,E01,kalshi,GOVSHUT-23OCT02,2023-10-01,2023-01-13 16:00:00+00:00,no,averted,E01,True,False
2023-09-08,overnight,2023-09-07 20:00:00+00:00,2023-09-08 13:30:00+00:00,422,0.28,,1.0,,,pre,E01,kalshi,GOVSHUT-23OCT02,2023-10-01,2023-01-13 16:00:00+00:00,no,averted,E01,True,False
2023-09-08,intraday,2023-09-08 13:30:00+00:00,2023-09-08 20:00:00+00:00,422,,0.27,,0.0,,pre,E01,kalshi,GOVSHUT-23OCT02,2023-10-01,2023-01-13 16:00:00+00:00,no,averted,E01,True,False
2023-09-11,overnight,2023-09-08 20:00:00+00:00,2023-09-11 13:30:00+00:00,423,0.27,0.31,0.0,0.5,0.03999999999999998,pre,E01,kalshi,GOVSHUT-23OCT02,2023-10-01,2023-01-13 16:00:00+00:00,no,averted,E01,True,False
2023-09-11,intraday,2023-09-11 13:30:00+00:00,2023-09-11 20:00:00+00:00,423,0.31,0.355,0.5,3.0,0.044999999999999984,pre,E01,kalshi,GOVSHUT-23OCT02,2023-10-01,2023-01-13 16:00:00+00:00,no,averted,E01,True,False
2023-09-12,overnight,2023-09-11 20:00:00+00:00,2023-09-12 13:30:00+00:00,424,0.355,0.415,3.0,0.5,0.06,pre,E01,kalshi,GOVSHUT-23OCT02,2023-10-01,2023-01-13 16:00:00+00:00,no,averted,E01,True,False
2023-09-12,intraday,2023-09-12 13:30:00+00:00,2023-09-12 20:00:00+00:00,424,0.415,0.405,0.5,3.0,-0.009999999999999953,pre,E01,kalshi,GOVSHUT-23OCT02,2023-10-01,2023-01-13 16:00:00+00:00,no,averted,E01,True,False
2023-09-13,overnight,2023-09-12 20:00:00+00:00,2023-09-13 13:30:00+00:00,425,0.405,0.395,3.0,9.5,-0.010000000000000009,pre,E01,kalshi,GOVSHUT-23OCT02,2023-10-01,2023-01-13 16:00:00+00:00,no,averted,E01,True,False
2023-09-13,intraday,2023-09-13 13:30:00+00:00,2023-09-13 20:00:00+00:00,425,0.395,0.41,9.5,0.0,0.014999999999999958,pre,E01,kalshi,GOVSHUT-23OCT02,2023-10-01,2023-01-13 16:00:00+00:00,no,averted,E01,True,False
2023-09-14,overnight,2023-09-13 20:00:00+00:00,2023-09-14 13:30:00+00:00,426,0.41,0.4499999999999999,0.0,0.5,0.039999999999999925,pre,E01,kalshi,GOVSHUT-23OCT02,2023-10-01,2023-01-13 16:00:00+00:00,no,averted,E01,True,False
2023-09-14,intraday,2023-09-14 13:30:00+00:00,2023-09-14 20:00:00+00:00,426,0.4499999999999999,0.435,0.5,0.0,-0.014999999999999902,pre,E01,kalshi,GOVSHUT-23OCT02,2023-10-01,2023-01-13 16:00:00+00:00,no,averted,E01,True,False
2023-09-15,overnight,2023-09-14 20:00:00+00:00,2023-09-15 13:30:00+00:00,427,0.435,0.43,0.0,0.5,-0.0050000000000000044,pre,E01,kalshi,GOVSHUT-23OCT02,2023-10-01,2023-01-13 16:00:00+00:00,no,averted,E01,True,False
2023-09-15,intraday,2023-09-15 13:30:00+00:00,2023-09-15 20:00:00+00:00,427,0.43,0.425,0.5,0.0,-0.0050000000000000044,pre,E01,kalshi,GOVSHUT-23OCT02,2023-10-01,2023-01-13 16:00:00+00:00,no,averted,E01,True,False
2023-09-18,overnight,2023-09-15 20:00:00+00:00,2023-09-18 13:30:00+00:00,428,0.425,0.495,0.0,0.5,0.07,pre,E01,kalshi,GOVSHUT-23OCT02,2023-10-01,2023-01-13 16:00:00+00:00,no,averted,E01,True,False
2023-09-18,intraday,2023-09-18 13:30:00+00:00,2023-09-18 20:00:00+00:00,428,0.495,0.5,0.5,0.0,0.0050000000000000044,pre,E01,kalshi,GOVSHUT-23OCT02,2023-10-01,2023-01-13 16:00:00+00:00,no,averted,E01,True,False
2023-09-19,overnight,2023-09-18 20:00:00+00:00,2023-09-19 13:30:00+00:00,429,0.5,0.505,0.0,0.5,0.0050000000000000044,pre,E01,kalshi,GOVSHUT-23OCT02,2023-10-01,2023-01-13 16:00:00+00:00,no,averted,E01,True,False
2023-09-19,intraday,2023-09-19 13:30:00+00:00,2023-09-19 20:00:00+00:00,429,0.505,0.54,0.5,0.0,0.03500000000000003,pre,E01,kalshi,GOVSHUT-23OCT02,2023-10-01,2023-01-13 16:00:00+00:00,no,averted,E01,True,False
2023-09-20,overnight,2023-09-19 20:00:00+00:00,2023-09-20 13:30:00+00:00,430,0.54,0.5700000000000001,0.0,0.5,0.030000000000000027,pre,E01,kalshi,GOVSHUT-23OCT02,2023-10-01,2023-01-13 16:00:00+00:00,no,averted,E01,True,False
2023-09-20,intraday,2023-09-20 13:30:00+00:00,2023-09-20 20:00:00+00:00,430,0.5700000000000001,0.6599999999999999,0.5,0.0,0.08999999999999986,pre,E01,kalshi,GOVSHUT-23OCT02,2023-10-01,2023-01-13 16:00:00+00:00,no,averted,E01,True,False
2023-09-21,overnight,2023-09-20 20:00:00+00:00,2023-09-21 13:30:00+00:00,431,0.6599999999999999,0.66,0.0,0.5,1.1102230246251565e-16,pre,E01,kalshi,GOVSHUT-23OCT02,2023-10-01,2023-01-13 16:00:00+00:00,no,averted,E01,True,False
2023-09-21,intraday,2023-09-21 13:30:00+00:00,2023-09-21 20:00:00+00:00,431,0.66,0.705,0.5,0.0,0.04499999999999993,pre,E01,kalshi,GOVSHUT-23OCT02,2023-10-01,2023-01-13 16:00:00+00:00,no,averted,E01,True,False
2023-09-22,overnight,2023-09-21 20:00:00+00:00,2023-09-22 13:30:00+00:00,432,0.705,0.71,0.0,0.5,0.0050000000000000044,pre,E01,kalshi,GOVSHUT-23OCT02,2023-10-01,2023-01-13 16:00:00+00:00,no,averted,E01,True,False
2023-09-22,intraday,2023-09-22 13:30:00+00:00,2023-09-22 20:00:00+00:00,432,0.71,0.6950000000000001,0.5,0.0,-0.014999999999999902,pre,E01,kalshi,GOVSHUT-23OCT02,2023-10-01,2023-01-13 16:00:00+00:00,no,averted,E01,True,False
2023-09-25,overnight,2023-09-22 20:00:00+00:00,2023-09-25 13:30:00+00:00,433,0.6950000000000001,0.73,0.0,0.5,0.03499999999999992,pre,E01,kalshi,GOVSHUT-23OCT02,2023-10-01,2023-01-13 16:00:00+00:00,no,averted,E01,True,False
2023-09-25,intraday,2023-09-25 13:30:00+00:00,2023-09-25 20:00:00+00:00,433,0.73,0.72,0.5,0.0,-0.010000000000000009,pre,E01,kalshi,GOVSHUT-23OCT02,2023-10-01,2023-01-13 16:00:00+00:00,no,averted,E01,True,False
2023-09-26,overnight,2023-09-25 20:00:00+00:00,2023-09-26 13:30:00+00:00,434,0.72,0.69,0.0,0.5,-0.030000000000000027,pre,E01,kalshi,GOVSHUT-23OCT02,2023-10-01,2023-01-13 16:00:00+00:00,no,averted,E01,True,False
2023-09-26,intraday,2023-09-26 13:30:00+00:00,2023-09-26 20:00:00+00:00,434,0.69,0.6950000000000001,0.5,0.0,0.0050000000000001155,pre,E01,kalshi,GOVSHUT-23OCT02,2023-10-01,2023-01-13 16:00:00+00:00,no,averted,E01,True,False
2023-09-27,overnight,2023-09-26 20:00:00+00:00,2023-09-27 13:30:00+00:00,435,0.6950000000000001,0.785,0.0,0.5,0.08999999999999997,pre,E01,kalshi,GOVSHUT-23OCT02,2023-10-01,2023-01-13 16:00:00+00:00,no,averted,E01,True,False
2023-09-27,intraday,2023-09-27 13:30:00+00:00,2023-09-27 20:00:00+00:00,435,0.785,0.8049999999999999,0.5,0.0,0.019999999999999907,pre,E01,kalshi,GOVSHUT-23OCT02,2023-10-01,2023-01-13 16:00:00+00:00,no,averted,E01,True,False
2023-09-28,overnight,2023-09-27 20:00:00+00:00,2023-09-28 13:30:00+00:00,436,0.8049999999999999,0.815,0.0,0.5,0.010000000000000009,pre,E01,kalshi,GOVSHUT-23OCT02,2023-10-01,2023-01-13 16:00:00+00:00,no,averted,E01,True,False
2023-09-28,intraday,2023-09-28 13:30:00+00:00,2023-09-28 20:00:00+00:00,436,0.815,0.8,0.5,0.0,-0.014999999999999902,pre,E01,kalshi,GOVSHUT-23OCT02,2023-10-01,2023-01-13 16:00:00+00:00,no,averted,E01,True,False
2023-09-29,overnight,2023-09-28 20:00:00+00:00,2023-09-29 13:30:00+00:00,437,0.8,0.8500000000000001,0.0,0.5,0.050000000000000044,pre,E01,kalshi,GOVSHUT-23OCT02,2023-10-01,2023-01-13 16:00:00+00:00,no,averted,E01,True,False
2023-09-29,intraday,2023-09-29 13:30:00+00:00,2023-09-29 20:00:00+00:00,437,0.8500000000000001,0.875,0.5,0.0,0.02499999999999991,pre,E01,kalshi,GOVSHUT-23OCT02,2023-10-01,2023-01-13 16:00:00+00:00,no,averted,E01,True,False
2023-10-02,overnight,2023-09-29 20:00:00+00:00,2023-10-02 13:30:00+00:00,438,0.875,,0.0,,,resolution,E01,kalshi,GOVSHUT-23OCT02,2023-10-01,2023-01-13 16:00:00+00:00,no,averted,E01,True,False
2023-09-13,overnight,2023-09-12 20:00:00+00:00,2023-09-13 13:30:00+00:00,425,0.225,0.37,0.9994444444444445,0.49944444444444447,0.145,pre,E01,polymarket,65838664851391815946720427654464509713389454730157116010325278694089523587202,2023-10-01,2023-09-12 19:00:02+00:00,no,averted,E01,True,False
2023-09-13,intraday,2023-09-13 13:30:00+00:00,2023-09-13 20:00:00+00:00,425,0.37,0.375,0.49944444444444447,0.9994444444444445,0.0050000000000000044,pre,E01,polymarket,65838664851391815946720427654464509713389454730157116010325278694089523587202,2023-10-01,2023-09-12 19:00:02+00:00,no,averted,E01,True,False
2023-09-14,overnight,2023-09-13 20:00:00+00:00,2023-09-14 13:30:00+00:00,426,0.375,0.415,0.9994444444444445,0.49944444444444447,0.03999999999999998,pre,E01,polymarket,65838664851391815946720427654464509713389454730157116010325278694089523587202,2023-10-01,2023-09-12 19:00:02+00:00,no,averted,E01,True,False
2023-09-14,intraday,2023-09-14 13:30:00+00:00,2023-09-14 20:00:00+00:00,426,0.415,0.395,0.49944444444444447,0.9994444444444445,-0.019999999999999962,pre,E01,polymarket,65838664851391815946720427654464509713389454730157116010325278694089523587202,2023-10-01,2023-09-12 19:00:02+00:00,no,averted,E01,True,False
2023-09-15,overnight,2023-09-14 20:00:00+00:00,2023-09-15 13:30:00+00:00,427,0.395,0.39,0.9994444444444445,0.49944444444444447,-0.0050000000000000044,pre,E01,polymarket,65838664851391815946720427654464509713389454730157116010325278694089523587202,2023-10-01,2023-09-12 19:00:02+00:00,no,averted,E01,True,False
2023-09-15,intraday,2023-09-15 13:30:00+00:00,2023-09-15 20:00:00+00:00,427,0.39,0.395,0.49944444444444447,0.9991666666666666,0.0050000000000000044,pre,E01,polymarket,65838664851391815946720427654464509713389454730157116010325278694089523587202,2023-10-01,2023-09-12 19:00:02+00:00,no,averted,E01,True,False
2023-09-18,overnight,2023-09-15 20:00:00+00:00,2023-09-18 13:30:00+00:00,428,0.395,0.465,0.9991666666666666,0.49944444444444447,0.07,pre,E01,polymarket,65838664851391815946720427654464509713389454730157116010325278694089523587202,2023-10-01,2023-09-12 19:00:02+00:00,no,averted,E01,True,False
2023-09-18,intraday,2023-09-18 13:30:00+00:00,2023-09-18 20:00:00+00:00,428,0.465,0.495,0.49944444444444447,0.9991666666666666,0.02999999999999997,pre,E01,polymarket,65838664851391815946720427654464509713389454730157116010325278694089523587202,2023-10-01,2023-09-12 19:00:02+00:00,no,averted,E01,True,False
2023-09-19,overnight,2023-09-18 20:00:00+00:00,2023-09-19 13:30:00+00:00,429,0.495,0.465,0.9991666666666666,0.49944444444444447,-0.02999999999999997,pre,E01,polymarket,65838664851391815946720427654464509713389454730157116010325278694089523587202,2023-10-01,2023-09-12 19:00:02+00:00,no,averted,E01,True,False
2023-09-19,intraday,2023-09-19 13:30:00+00:00,2023-09-19 20:00:00+00:00,429,0.465,0.55,0.49944444444444447,0.9994444444444445,0.08500000000000002,pre,E01,polymarket,65838664851391815946720427654464509713389454730157116010325278694089523587202,2023-10-01,2023-09-12 19:00:02+00:00,no,averted,E01,True,False
2023-09-20,overnight,2023-09-19 20:00:00+00:00,2023-09-20 13:30:00+00:00,430,0.55,0.575,0.9994444444444445,0.49944444444444447,0.02499999999999991,pre,E01,polymarket,65838664851391815946720427654464509713389454730157116010325278694089523587202,2023-10-01,2023-09-12 19:00:02+00:00,no,averted,E01,True,False
2023-09-20,intraday,2023-09-20 13:30:00+00:00,2023-09-20 20:00:00+00:00,430,0.575,0.665,0.49944444444444447,0.9991666666666666,0.09000000000000008,pre,E01,polymarket,65838664851391815946720427654464509713389454730157116010325278694089523587202,2023-10-01,2023-09-12 19:00:02+00:00,no,averted,E01,True,False
2023-09-21,overnight,2023-09-20 20:00:00+00:00,2023-09-21 13:30:00+00:00,431,0.665,0.695,0.9991666666666666,0.49944444444444447,0.029999999999999916,pre,E01,polymarket,65838664851391815946720427654464509713389454730157116010325278694089523587202,2023-10-01,2023-09-12 19:00:02+00:00,no,averted,E01,True,False
2023-09-21,intraday,2023-09-21 13:30:00+00:00,2023-09-21 20:00:00+00:00,431,0.695,0.735,0.49944444444444447,0.9991666666666666,0.040000000000000036,pre,E01,polymarket,65838664851391815946720427654464509713389454730157116010325278694089523587202,2023-10-01,2023-09-12 19:00:02+00:00,no,averted,E01,True,False
2023-09-22,overnight,2023-09-21 20:00:00+00:00,2023-09-22 13:30:00+00:00,432,0.735,0.73,0.9991666666666666,0.49944444444444447,-0.0050000000000000044,pre,E01,polymarket,65838664851391815946720427654464509713389454730157116010325278694089523587202,2023-10-01,2023-09-12 19:00:02+00:00,no,averted,E01,True,False
2023-09-22,intraday,2023-09-22 13:30:00+00:00,2023-09-22 20:00:00+00:00,432,0.73,0.715,0.49944444444444447,0.9994444444444445,-0.015000000000000013,pre,E01,polymarket,65838664851391815946720427654464509713389454730157116010325278694089523587202,2023-10-01,2023-09-12 19:00:02+00:00,no,averted,E01,True,False
2023-09-25,overnight,2023-09-22 20:00:00+00:00,2023-09-25 13:30:00+00:00,433,0.715,0.75,0.9994444444444445,0.49944444444444447,0.03500000000000003,pre,E01,polymarket,65838664851391815946720427654464509713389454730157116010325278694089523587202,2023-10-01,2023-09-12 19:00:02+00:00,no,averted,E01,True,False
2023-09-25,intraday,2023-09-25 13:30:00+00:00,2023-09-25 20:00:00+00:00,433,0.75,0.785,0.49944444444444447,0.9991666666666666,0.03500000000000003,pre,E01,polymarket,65838664851391815946720427654464509713389454730157116010325278694089523587202,2023-10-01,2023-09-12 19:00:02+00:00,no,averted,E01,True,False
2023-09-26,overnight,2023-09-25 20:00:00+00:00,2023-09-26 13:30:00+00:00,434,0.785,0.69,0.9991666666666666,0.49916666666666665,-0.09500000000000008,pre,E01,polymarket,65838664851391815946720427654464509713389454730157116010325278694089523587202,2023-10-01,2023-09-12 19:00:02+00:00,no,averted,E01,True,False
2023-09-26,intraday,2023-09-26 13:30:00+00:00,2023-09-26 20:00:00+00:00,434,0.69,0.675,0.49916666666666665,0.9991666666666666,-0.014999999999999902,pre,E01,polymarket,65838664851391815946720427654464509713389454730157116010325278694089523587202,2023-10-01,2023-09-12 19:00:02+00:00,no,averted,E01,True,False
2023-09-27,overnight,2023-09-26 20:00:00+00:00,2023-09-27 13:30:00+00:00,435,0.675,0.785,0.9991666666666666,0.49944444444444447,0.10999999999999999,pre,E01,polymarket,65838664851391815946720427654464509713389454730157116010325278694089523587202,2023-10-01,2023-09-12 19:00:02+00:00,no,averted,E01,True,False
2023-09-27,intraday,2023-09-27 13:30:00+00:00,2023-09-27 20:00:00+00:00,435,0.785,0.815,0.49944444444444447,0.9991666666666666,0.029999999999999916,pre,E01,polymarket,65838664851391815946720427654464509713389454730157116010325278694089523587202,2023-10-01,2023-09-12 19:00:02+00:00,no,averted,E01,True,False
2023-09-28,overnight,2023-09-27 20:00:00+00:00,2023-09-28 13:30:00+00:00,436,0.815,0.805,0.9991666666666666,0.49944444444444447,-0.009999999999999898,pre,E01,polymarket,65838664851391815946720427654464509713389454730157116010325278694089523587202,2023-10-01,2023-09-12 19:00:02+00:00,no,averted,E01,True,False
2023-09-28,intraday,2023-09-28 13:30:00+00:00,2023-09-28 20:00:00+00:00,436,0.805,0.84,0.49944444444444447,0.9991666666666666,0.03499999999999992,pre,E01,polymarket,65838664851391815946720427654464509713389454730157116010325278694089523587202,2023-10-01,2023-09-12 19:00:02+00:00,no,averted,E01,True,False
2023-09-29,overnight,2023-09-28 20:00:00+00:00,2023-09-29 13:30:00+00:00,437,0.84,0.895,0.9991666666666666,0.49944444444444447,0.05500000000000005,pre,E01,polymarket,65838664851391815946720427654464509713389454730157116010325278694089523587202,2023-10-01,2023-09-12 19:00:02+00:00,no,averted,E01,True,False
2023-09-29,intraday,2023-09-29 13:30:00+00:00,2023-09-29 20:00:00+00:00,437,0.895,0.925,0.49944444444444447,0.9994444444444445,0.030000000000000027,pre,E01,polymarket,65838664851391815946720427654464509713389454730157116010325278694089523587202,2023-10-01,2023-09-12 19:00:02+00:00,no,averted,E01,True,False
2023-10-02,overnight,2023-09-29 20:00:00+00:00,2023-10-02 13:30:00+00:00,438,0.925,0.001,0.9994444444444445,0.49944444444444447,-0.924,resolution,E01,polymarket,65838664851391815946720427654464509713389454730157116010325278694089523587202,2023-10-01,2023-09-12 19:00:02+00:00,no,averted,E01,True,False
2023-10-19,intraday,2023-10-19 13:30:00+00:00,2023-10-19 20:00:00+00:00,451,0.035,0.035,9.5,0.0,0.0,pre,E02,kalshi,GOVSHUT-23NOV17,2023-11-18,2023-10-01 15:00:00+00:00,no,averted,E02,True,False
2023-10-20,overnight,2023-10-19 20:00:00+00:00,2023-10-20 13:30:00+00:00,452,0.035,0.035,0.0,11.5,0.0,pre,E02,kalshi,GOVSHUT-23NOV17,2023-11-18,2023-10-01 15:00:00+00:00,no,averted,E02,True,False
2023-10-20,intraday,2023-10-20 13:30:00+00:00,2023-10-20 20:00:00+00:00,452,0.035,0.035,11.5,1.0,0.0,pre,E02,kalshi,GOVSHUT-23NOV17,2023-11-18,2023-10-01 15:00:00+00:00,no,averted,E02,True,False
2023-10-23,overnight,2023-10-20 20:00:00+00:00,2023-10-23 13:30:00+00:00,453,0.035,,1.0,,,pre,E02,kalshi,GOVSHUT-23NOV17,2023-11-18,2023-10-01 15:00:00+00:00,no,averted,E02,True,False
2023-10-23,intraday,2023-10-23 13:30:00+00:00,2023-10-23 20:00:00+00:00,453,,0.025,,2.0,,pre,E02,kalshi,GOVSHUT-23NOV17,2023-11-18,2023-10-01 15:00:00+00:00,no,averted,E02,True,False
2023-10-24,overnight,2023-10-23 20:00:00+00:00,2023-10-24 13:30:00+00:00,454,0.025,0.025,2.0,11.5,0.0,pre,E02,kalshi,GOVSHUT-23NOV17,2023-11-18,2023-10-01 15:00:00+00:00,no,averted,E02,True,False
2023-10-24,intraday,2023-10-24 13:30:00+00:00,2023-10-24 20:00:00+00:00,454,0.025,0.025,11.5,0.0,0.0,pre,E02,kalshi,GOVSHUT-23NOV17,2023-11-18,2023-10-01 15:00:00+00:00,no,averted,E02,True,False
2023-10-25,overnight,2023-10-24 20:00:00+00:00,2023-10-25 13:30:00+00:00,455,0.025,0.025,0.0,0.5,0.0,pre,E02,kalshi,GOVSHUT-23NOV17,2023-11-18,2023-10-01 15:00:00+00:00,no,averted,E02,True,False
2023-10-25,intraday,2023-10-25 13:30:00+00:00,2023-10-25 20:00:00+00:00,455,0.025,0.025,0.5,2.0,0.0,pre,E02,kalshi,GOVSHUT-23NOV17,2023-11-18,2023-10-01 15:00:00+00:00,no,averted,E02,True,False
2023-10-26,overnight,2023-10-25 20:00:00+00:00,2023-10-26 13:30:00+00:00,456,0.025,0.02,2.0,10.5,-0.005000000000000001,pre,E02,kalshi,GOVSHUT-23NOV17,2023-11-18,2023-10-01 15:00:00+00:00,no,averted,E02,True,False
2023-10-26,intraday,2023-10-26 13:30:00+00:00,2023-10-26 20:00:00+00:00,456,0.02,0.02,10.5,0.0,0.0,pre,E02,kalshi,GOVSHUT-23NOV17,2023-11-18,2023-10-01 15:00:00+00:00,no,averted,E02,True,False
2023-10-27,overnight,2023-10-26 20:00:00+00:00,2023-10-27 13:30:00+00:00,457,0.02,0.02,0.0,2.5,0.0,pre,E02,kalshi,GOVSHUT-23NOV17,2023-11-18,2023-10-01 15:00:00+00:00,no,averted,E02,True,False
2023-10-27,intraday,2023-10-27 13:30:00+00:00,2023-10-27 20:00:00+00:00,457,0.02,0.02,2.5,0.0,0.0,pre,E02,kalshi,GOVSHUT-23NOV17,2023-11-18,2023-10-01 15:00:00+00:00,no,averted,E02,True,False
2023-10-30,overnight,2023-10-27 20:00:00+00:00,2023-10-30 13:30:00+00:00,458,0.02,,0.0,,,pre,E02,kalshi,GOVSHUT-23NOV17,2023-11-18,2023-10-01 15:00:00+00:00,no,averted,E02,True,False
2023-10-30,intraday,2023-10-30 13:30:00+00:00,2023-10-30 20:00:00+00:00,458,,0.025,,2.0,,pre,E02,kalshi,GOVSHUT-23NOV17,2023-11-18,2023-10-01 15:00:00+00:00,no,averted,E02,True,False
2023-10-31,overnight,2023-10-30 20:00:00+00:00,2023-10-31 13:30:00+00:00,459,0.025,0.02,2.0,9.5,-0.005000000000000001,pre,E02,kalshi,GOVSHUT-23NOV17,2023-11-18,2023-10-01 15:00:00+00:00,no,averted,E02,True,False
2023-10-31,intraday,2023-10-31 13:30:00+00:00,2023-10-31 20:00:00+00:00,459,0.02,0.025,9.5,1.0,0.005000000000000001,pre,E02,kalshi,GOVSHUT-23NOV17,2023-11-18,2023-10-01 15:00:00+00:00,no,averted,E02,True,False
2023-11-01,overnight,2023-10-31 20:00:00+00:00,2023-11-01 13:30:00+00:00,460,0.025,0.02,1.0,0.5,-0.005000000000000001,pre,E02,kalshi,GOVSHUT-23NOV17,2023-11-18,2023-10-01 15:00:00+00:00,no,averted,E02,True,False
2023-11-01,intraday,2023-11-01 13:30:00+00:00,2023-11-01 20:00:00+00:00,460,0.02,0.015,0.5,0.0,-0.005000000000000001,pre,E02,kalshi,GOVSHUT-23NOV17,2023-11-18,2023-10-01 15:00:00+00:00,no,averted,E02,True,False
2023-11-02,overnight,2023-11-01 20:00:00+00:00,2023-11-02 13:30:00+00:00,461,0.015,,0.0,,,pre,E02,kalshi,GOVSHUT-23NOV17,2023-11-18,2023-10-01 15:00:00+00:00,no,averted,E02,True,False
2023-11-02,intraday,2023-11-02 13:30:00+00:00,2023-11-02 20:00:00+00:00,461,,0.015,,0.0,,pre,E02,kalshi,GOVSHUT-23NOV17,2023-11-18,2023-10-01 15:00:00+00:00,no,averted,E02,True,False
2023-11-03,overnight,2023-11-02 20:00:00+00:00,2023-11-03 13:30:00+00:00,462,0.015,,0.0,,,pre,E02,kalshi,GOVSHUT-23NOV17,2023-11-18,2023-10-01 15:00:00+00:00,no,averted,E02,True,False
2023-11-03,intraday,2023-11-03 13:30:00+00:00,2023-11-03 20:00:00+00:00,462,,0.015,,4.0,,pre,E02,kalshi,GOVSHUT-23NOV17,2023-11-18,2023-10-01 15:00:00+00:00,no,averted,E02,True,False
2023-11-06,overnight,2023-11-03 20:00:00+00:00,2023-11-06 14:30:00+00:00,463,0.015,0.015,4.0,0.5,0.0,pre,E02,kalshi,GOVSHUT-23NOV17,2023-11-18,2023-10-01 15:00:00+00:00,no,averted,E02,True,False
2023-11-06,intraday,2023-11-06 14:30:00+00:00,2023-11-06 21:00:00+00:00,463,0.015,0.01,0.5,1.0,-0.004999999999999999,pre,E02,kalshi,GOVSHUT-23NOV17,2023-11-18,2023-10-01 15:00:00+00:00,no,averted,E02,True,False
2023-11-07,overnight,2023-11-06 21:00:00+00:00,2023-11-07 14:30:00+00:00,464,0.01,,1.0,,,pre,E02,kalshi,GOVSHUT-23NOV17,2023-11-18,2023-10-01 15:00:00+00:00,no,averted,E02,True,False
2023-11-07,intraday,2023-11-07 14:30:00+00:00,2023-11-07 21:00:00+00:00,464,,,,,,pre,E02,kalshi,GOVSHUT-23NOV17,2023-11-18,2023-10-01 15:00:00+00:00,no,averted,E02,True,False
2023-11-08,overnight,2023-11-07 21:00:00+00:00,2023-11-08 14:30:00+00:00,465,,,,,,pre,E02,kalshi,GOVSHUT-23NOV17,2023-11-18,2023-10-01 15:00:00+00:00,no,averted,E02,True,False
2023-11-08,intraday,2023-11-08 14:30:00+00:00,2023-11-08 21:00:00+00:00,465,,0.015,,1.0,,pre,E02,kalshi,GOVSHUT-23NOV17,2023-11-18,2023-10-01 15:00:00+00:00,no,averted,E02,True,False
2023-11-09,overnight,2023-11-08 21:00:00+00:00,2023-11-09 14:30:00+00:00,466,0.015,0.015,1.0,11.5,0.0,pre,E02,kalshi,GOVSHUT-23NOV17,2023-11-18,2023-10-01 15:00:00+00:00,no,averted,E02,True,False
2023-11-09,intraday,2023-11-09 14:30:00+00:00,2023-11-09 21:00:00+00:00,466,0.015,0.015,11.5,1.0,0.0,pre,E02,kalshi,GOVSHUT-23NOV17,2023-11-18,2023-10-01 15:00:00+00:00,no,averted,E02,True,False
2023-11-10,overnight,2023-11-09 21:00:00+00:00,2023-11-10 14:30:00+00:00,467,0.015,0.015,1.0,0.5,0.0,pre,E02,kalshi,GOVSHUT-23NOV17,2023-11-18,2023-10-01 15:00:00+00:00,no,averted,E02,True,False
2023-11-10,intraday,2023-11-10 14:30:00+00:00,2023-11-10 21:00:00+00:00,467,0.015,0.015,0.5,1.0,0.0,pre,E02,kalshi,GOVSHUT-23NOV17,2023-11-18,2023-10-01 15:00:00+00:00,no,averted,E02,True,False
2023-11-13,overnight,2023-11-10 21:00:00+00:00,2023-11-13 14:30:00+00:00,468,0.015,,1.0,,,pre,E02,kalshi,GOVSHUT-23NOV17,2023-11-18,2023-10-01 15:00:00+00:00,no,averted,E02,True,False
2023-11-13,intraday,2023-11-13 14:30:00+00:00,2023-11-13 21:00:00+00:00,468,,0.015,,0.0,,pre,E02,kalshi,GOVSHUT-23NOV17,2023-11-18,2023-10-01 15:00:00+00:00,no,averted,E02,True,False
2023-11-14,overnight,2023-11-13 21:00:00+00:00,2023-11-14 14:30:00+00:00,469,0.015,0.005,0.0,0.5,-0.009999999999999998,pre,E02,kalshi,GOVSHUT-23NOV17,2023-11-18,2023-10-01 15:00:00+00:00,no,averted,E02,True,False
2023-11-14,intraday,2023-11-14 14:30:00+00:00,2023-11-14 21:00:00+00:00,469,0.005,0.005,0.5,1.0,0.0,pre,E02,kalshi,GOVSHUT-23NOV17,2023-11-18,2023-10-01 15:00:00+00:00,no,averted,E02,True,False
2023-11-15,overnight,2023-11-14 21:00:00+00:00,2023-11-15 14:30:00+00:00,470,0.005,,1.0,,,pre,E02,kalshi,GOVSHUT-23NOV17,2023-11-18,2023-10-01 15:00:00+00:00,no,averted,E02,True,False
2023-11-15,intraday,2023-11-15 14:30:00+00:00,2023-11-15 21:00:00+00:00,470,,0.005,,3.0,,pre,E02,kalshi,GOVSHUT-23NOV17,2023-11-18,2023-10-01 15:00:00+00:00,no,averted,E02,True,False
2023-11-16,overnight,2023-11-15 21:00:00+00:00,2023-11-16 14:30:00+00:00,471,0.005,,3.0,,,pre,E02,kalshi,GOVSHUT-23NOV17,2023-11-18,2023-10-01 15:00:00+00:00,no,averted,E02,True,False
2023-11-16,intraday,2023-11-16 14:30:00+00:00,2023-11-16 21:00:00+00:00,471,,,,,,pre,E02,kalshi,GOVSHUT-23NOV17,2023-11-18,2023-10-01 15:00:00+00:00,no,averted,E02,True,False
2023-11-17,overnight,2023-11-16 21:00:00+00:00,2023-11-17 14:30:00+00:00,472,,0.005,,0.5,,pre,E02,kalshi,GOVSHUT-23NOV17,2023-11-18,2023-10-01 15:00:00+00:00,no,averted,E02,True,False
2023-11-17,intraday,2023-11-17 14:30:00+00:00,2023-11-17 21:00:00+00:00,472,0.005,0.005,0.5,4.0,0.0,pre,E02,kalshi,GOVSHUT-23NOV17,2023-11-18,2023-10-01 15:00:00+00:00,no,averted,E02,True,False
2023-11-20,overnight,2023-11-17 21:00:00+00:00,2023-11-20 14:30:00+00:00,473,0.005,,4.0,,,resolution,E02,kalshi,GOVSHUT-23NOV17,2023-11-18,2023-10-01 15:00:00+00:00,no,averted,E02,True,False
2023-10-19,intraday,2023-10-19 13:30:00+00:00,2023-10-19 20:00:00+00:00,451,0.48,0.455,0.49944444444444447,0.9991666666666666,-0.024999999999999967,pre,E02,polymarket,108057506352452332799228383986237100782367073252599180753908943102170921621274,2023-11-18,2023-10-04 20:00:02+00:00,no,averted,E02,True,False
2023-10-20,overnight,2023-10-19 20:00:00+00:00,2023-10-20 13:30:00+00:00,452,0.455,0.335,0.9991666666666666,0.49916666666666665,-0.12,pre,E02,polymarket,108057506352452332799228383986237100782367073252599180753908943102170921621274,2023-11-18,2023-10-04 20:00:02+00:00,no,averted,E02,True,False
2023-10-20,intraday,2023-10-20 13:30:00+00:00,2023-10-20 20:00:00+00:00,452,0.335,0.335,0.49916666666666665,0.9994444444444445,0.0,pre,E02,polymarket,108057506352452332799228383986237100782367073252599180753908943102170921621274,2023-11-18,2023-10-04 20:00:02+00:00,no,averted,E02,True,False
2023-10-23,overnight,2023-10-20 20:00:00+00:00,2023-10-23 13:30:00+00:00,453,0.335,0.415,0.9994444444444445,0.49944444444444447,0.07999999999999996,pre,E02,polymarket,108057506352452332799228383986237100782367073252599180753908943102170921621274,2023-11-18,2023-10-04 20:00:02+00:00,no,averted,E02,True,False
2023-10-23,intraday,2023-10-23 13:30:00+00:00,2023-10-23 20:00:00+00:00,453,0.415,0.42,0.49944444444444447,0.9994444444444445,0.0050000000000000044,pre,E02,polymarket,108057506352452332799228383986237100782367073252599180753908943102170921621274,2023-11-18,2023-10-04 20:00:02+00:00,no,averted,E02,True,False
2023-10-24,overnight,2023-10-23 20:00:00+00:00,2023-10-24 13:30:00+00:00,454,0.42,0.455,0.9994444444444445,0.49944444444444447,0.03500000000000003,pre,E02,polymarket,108057506352452332799228383986237100782367073252599180753908943102170921621274,2023-11-18,2023-10-04 20:00:02+00:00,no,averted,E02,True,False
2023-10-24,intraday,2023-10-24 13:30:00+00:00,2023-10-24 20:00:00+00:00,454,0.455,0.455,0.49944444444444447,0.9991666666666666,0.0,pre,E02,polymarket,108057506352452332799228383986237100782367073252599180753908943102170921621274,2023-11-18,2023-10-04 20:00:02+00:00,no,averted,E02,True,False
2023-10-25,overnight,2023-10-24 20:00:00+00:00,2023-10-25 13:30:00+00:00,455,0.455,0.405,0.9991666666666666,0.49944444444444447,-0.04999999999999999,pre,E02,polymarket,108057506352452332799228383986237100782367073252599180753908943102170921621274,2023-11-18,2023-10-04 20:00:02+00:00,no,averted,E02,True,False
2023-10-25,intraday,2023-10-25 13:30:00+00:00,2023-10-25 20:00:00+00:00,455,0.405,0.315,0.49944444444444447,0.9994444444444445,-0.09000000000000002,pre,E02,polymarket,108057506352452332799228383986237100782367073252599180753908943102170921621274,2023-11-18,2023-10-04 20:00:02+00:00,no,averted,E02,True,False
2023-10-26,overnight,2023-10-25 20:00:00+00:00,2023-10-26 13:30:00+00:00,456,0.315,0.325,0.9994444444444445,0.49944444444444447,0.010000000000000009,pre,E02,polymarket,108057506352452332799228383986237100782367073252599180753908943102170921621274,2023-11-18,2023-10-04 20:00:02+00:00,no,averted,E02,True,False
2023-10-26,intraday,2023-10-26 13:30:00+00:00,2023-10-26 20:00:00+00:00,456,0.325,0.31,0.49944444444444447,0.9991666666666666,-0.015000000000000013,pre,E02,polymarket,108057506352452332799228383986237100782367073252599180753908943102170921621274,2023-11-18,2023-10-04 20:00:02+00:00,no,averted,E02,True,False
2023-10-27,overnight,2023-10-26 20:00:00+00:00,2023-10-27 13:30:00+00:00,457,0.31,0.4,0.9991666666666666,0.49944444444444447,0.09000000000000002,pre,E02,polymarket,108057506352452332799228383986237100782367073252599180753908943102170921621274,2023-11-18,2023-10-04 20:00:02+00:00,no,averted,E02,True,False
2023-10-27,intraday,2023-10-27 13:30:00+00:00,2023-10-27 20:00:00+00:00,457,0.4,0.395,0.49944444444444447,0.9991666666666666,-0.0050000000000000044,pre,E02,polymarket,108057506352452332799228383986237100782367073252599180753908943102170921621274,2023-11-18,2023-10-04 20:00:02+00:00,no,averted,E02,True,False
2023-10-30,overnight,2023-10-27 20:00:00+00:00,2023-10-30 13:30:00+00:00,458,0.395,0.365,0.9991666666666666,0.49916666666666665,-0.030000000000000027,pre,E02,polymarket,108057506352452332799228383986237100782367073252599180753908943102170921621274,2023-11-18,2023-10-04 20:00:02+00:00,no,averted,E02,True,False
2023-10-30,intraday,2023-10-30 13:30:00+00:00,2023-10-30 20:00:00+00:00,458,0.365,0.39,0.49916666666666665,0.9991666666666666,0.025000000000000022,pre,E02,polymarket,108057506352452332799228383986237100782367073252599180753908943102170921621274,2023-11-18,2023-10-04 20:00:02+00:00,no,averted,E02,True,False
2023-10-31,overnight,2023-10-30 20:00:00+00:00,2023-10-31 13:30:00+00:00,459,0.39,0.305,0.9991666666666666,0.49944444444444447,-0.08500000000000002,pre,E02,polymarket,108057506352452332799228383986237100782367073252599180753908943102170921621274,2023-11-18,2023-10-04 20:00:02+00:00,no,averted,E02,True,False
2023-10-31,intraday,2023-10-31 13:30:00+00:00,2023-10-31 20:00:00+00:00,459,0.305,0.355,0.49944444444444447,0.9994444444444445,0.04999999999999999,pre,E02,polymarket,108057506352452332799228383986237100782367073252599180753908943102170921621274,2023-11-18,2023-10-04 20:00:02+00:00,no,averted,E02,True,False
2023-11-01,overnight,2023-10-31 20:00:00+00:00,2023-11-01 13:30:00+00:00,460,0.355,0.38,0.9994444444444445,0.49944444444444447,0.025000000000000022,pre,E02,polymarket,108057506352452332799228383986237100782367073252599180753908943102170921621274,2023-11-18,2023-10-04 20:00:02+00:00,no,averted,E02,True,False
2023-11-01,intraday,2023-11-01 13:30:00+00:00,2023-11-01 20:00:00+00:00,460,0.38,0.37,0.49944444444444447,0.9994444444444445,-0.010000000000000009,pre,E02,polymarket,108057506352452332799228383986237100782367073252599180753908943102170921621274,2023-11-18,2023-10-04 20:00:02+00:00,no,averted,E02,True,False
2023-11-02,overnight,2023-11-01 20:00:00+00:00,2023-11-02 13:30:00+00:00,461,0.37,0.335,0.9994444444444445,0.49916666666666665,-0.034999999999999976,pre,E02,polymarket,108057506352452332799228383986237100782367073252599180753908943102170921621274,2023-11-18,2023-10-04 20:00:02+00:00,no,averted,E02,True,False
2023-11-02,intraday,2023-11-02 13:30:00+00:00,2023-11-02 20:00:00+00:00,461,0.335,0.39,0.49916666666666665,0.9994444444444445,0.05499999999999999,pre,E02,polymarket,108057506352452332799228383986237100782367073252599180753908943102170921621274,2023-11-18,2023-10-04 20:00:02+00:00,no,averted,E02,True,False
2023-11-03,overnight,2023-11-02 20:00:00+00:00,2023-11-03 13:30:00+00:00,462,0.39,0.365,0.9994444444444445,0.49916666666666665,-0.025000000000000022,pre,E02,polymarket,108057506352452332799228383986237100782367073252599180753908943102170921621274,2023-11-18,2023-10-04 20:00:02+00:00,no,averted,E02,True,False
2023-11-03,intraday,2023-11-03 13:30:00+00:00,2023-11-03 20:00:00+00:00,462,0.365,0.375,0.49916666666666665,0.9994444444444445,0.010000000000000009,pre,E02,polymarket,108057506352452332799228383986237100782367073252599180753908943102170921621274,2023-11-18,2023-10-04 20:00:02+00:00,no,averted,E02,True,False
2023-11-06,overnight,2023-11-03 20:00:00+00:00,2023-11-06 14:30:00+00:00,463,0.375,0.45,0.9994444444444445,0.49916666666666665,0.07500000000000001,pre,E02,polymarket,108057506352452332799228383986237100782367073252599180753908943102170921621274,2023-11-18,2023-10-04 20:00:02+00:00,no,averted,E02,True,False
2023-11-06,intraday,2023-11-06 14:30:00+00:00,2023-11-06 21:00:00+00:00,463,0.45,0.465,0.49916666666666665,0.9991666666666666,0.015000000000000013,pre,E02,polymarket,108057506352452332799228383986237100782367073252599180753908943102170921621274,2023-11-18,2023-10-04 20:00:02+00:00,no,averted,E02,True,False
2023-11-07,overnight,2023-11-06 21:00:00+00:00,2023-11-07 14:30:00+00:00,464,0.465,0.475,0.9991666666666666,0.49944444444444447,0.009999999999999953,pre,E02,polymarket,108057506352452332799228383986237100782367073252599180753908943102170921621274,2023-11-18,2023-10-04 20:00:02+00:00,no,averted,E02,True,False
2023-11-07,intraday,2023-11-07 14:30:00+00:00,2023-11-07 21:00:00+00:00,464,0.475,0.475,0.49944444444444447,0.9991666666666666,0.0,pre,E02,polymarket,108057506352452332799228383986237100782367073252599180753908943102170921621274,2023-11-18,2023-10-04 20:00:02+00:00,no,averted,E02,True,False
2023-11-08,overnight,2023-11-07 21:00:00+00:00,2023-11-08 14:30:00+00:00,465,0.475,0.44,0.9991666666666666,0.49944444444444447,-0.034999999999999976,pre,E02,polymarket,108057506352452332799228383986237100782367073252599180753908943102170921621274,2023-11-18,2023-10-04 20:00:02+00:00,no,averted,E02,True,False
2023-11-08,intraday,2023-11-08 14:30:00+00:00,2023-11-08 21:00:00+00:00,465,0.44,0.42,0.49944444444444447,0.9991666666666666,-0.020000000000000018,pre,E02,polymarket,108057506352452332799228383986237100782367073252599180753908943102170921621274,2023-11-18,2023-10-04 20:00:02+00:00,no,averted,E02,True,False
2023-11-09,overnight,2023-11-08 21:00:00+00:00,2023-11-09 14:30:00+00:00,466,0.42,0.43,0.9991666666666666,0.49944444444444447,0.010000000000000009,pre,E02,polymarket,108057506352452332799228383986237100782367073252599180753908943102170921621274,2023-11-18,2023-10-04 20:00:02+00:00,no,averted,E02,True,False
2023-11-09,intraday,2023-11-09 14:30:00+00:00,2023-11-09 21:00:00+00:00,466,0.43,0.425,0.49944444444444447,0.9991666666666666,-0.0050000000000000044,pre,E02,polymarket,108057506352452332799228383986237100782367073252599180753908943102170921621274,2023-11-18,2023-10-04 20:00:02+00:00,no,averted,E02,True,False
2023-11-10,overnight,2023-11-09 21:00:00+00:00,2023-11-10 14:30:00+00:00,467,0.425,0.435,0.9991666666666666,0.49944444444444447,0.010000000000000009,pre,E02,polymarket,108057506352452332799228383986237100782367073252599180753908943102170921621274,2023-11-18,2023-10-04 20:00:02+00:00,no,averted,E02,True,False
2023-11-10,intraday,2023-11-10 14:30:00+00:00,2023-11-10 21:00:00+00:00,467,0.435,0.44,0.49944444444444447,0.9994444444444445,0.0050000000000000044,pre,E02,polymarket,108057506352452332799228383986237100782367073252599180753908943102170921621274,2023-11-18,2023-10-04 20:00:02+00:00,no,averted,E02,True,False
2023-11-13,overnight,2023-11-10 21:00:00+00:00,2023-11-13 14:30:00+00:00,468,0.44,0.34,0.9994444444444445,0.49944444444444447,-0.09999999999999998,pre,E02,polymarket,108057506352452332799228383986237100782367073252599180753908943102170921621274,2023-11-18,2023-10-04 20:00:02+00:00,no,averted,E02,True,False
2023-11-13,intraday,2023-11-13 14:30:00+00:00,2023-11-13 21:00:00+00:00,468,0.34,0.35,0.49944444444444447,0.9991666666666666,0.009999999999999953,pre,E02,polymarket,108057506352452332799228383986237100782367073252599180753908943102170921621274,2023-11-18,2023-10-04 20:00:02+00:00,no,averted,E02,True,False
2023-11-14,overnight,2023-11-13 21:00:00+00:00,2023-11-14 14:30:00+00:00,469,0.35,0.12,0.9991666666666666,0.49944444444444447,-0.22999999999999998,pre,E02,polymarket,108057506352452332799228383986237100782367073252599180753908943102170921621274,2023-11-18,2023-10-04 20:00:02+00:00,no,averted,E02,True,False
2023-11-14,intraday,2023-11-14 14:30:00+00:00,2023-11-14 21:00:00+00:00,469,0.12,0.055,0.49944444444444447,0.9994444444444445,-0.065,pre,E02,polymarket,108057506352452332799228383986237100782367073252599180753908943102170921621274,2023-11-18,2023-10-04 20:00:02+00:00,no,averted,E02,True,False
2023-11-15,overnight,2023-11-14 21:00:00+00:00,2023-11-15 14:30:00+00:00,470,0.055,0.027,0.9994444444444445,0.49944444444444447,-0.028,pre,E02,polymarket,108057506352452332799228383986237100782367073252599180753908943102170921621274,2023-11-18,2023-10-04 20:00:02+00:00,no,averted,E02,True,False
2023-11-15,intraday,2023-11-15 14:30:00+00:00,2023-11-15 21:00:00+00:00,470,0.027,0.0115,0.49944444444444447,0.9994444444444445,-0.0155,pre,E02,polymarket,108057506352452332799228383986237100782367073252599180753908943102170921621274,2023-11-18,2023-10-04 20:00:02+00:00,no,averted,E02,True,False
2023-11-16,overnight,2023-11-15 21:00:00+00:00,2023-11-16 14:30:00+00:00,471,0.0115,0.0075,0.9994444444444445,0.49944444444444447,-0.004,pre,E02,polymarket,108057506352452332799228383986237100782367073252599180753908943102170921621274,2023-11-18,2023-10-04 20:00:02+00:00,no,averted,E02,True,False
2023-11-16,intraday,2023-11-16 14:30:00+00:00,2023-11-16 21:00:00+00:00,471,0.0075,0.018,0.49944444444444447,0.9991666666666666,0.010499999999999999,pre,E02,polymarket,108057506352452332799228383986237100782367073252599180753908943102170921621274,2023-11-18,2023-10-04 20:00:02+00:00,no,averted,E02,True,False
2023-11-17,overnight,2023-11-16 21:00:00+00:00,2023-11-17 14:30:00+00:00,472,0.018,0.0005,0.9991666666666666,0.49944444444444447,-0.017499999999999998,pre,E02,polymarket,108057506352452332799228383986237100782367073252599180753908943102170921621274,2023-11-18,2023-10-04 20:00:02+00:00,no,averted,E02,True,False
2023-11-17,intraday,2023-11-17 14:30:00+00:00,2023-11-17 21:00:00+00:00,472,0.0005,0.0005,0.49944444444444447,0.9994444444444445,0.0,pre,E02,polymarket,108057506352452332799228383986237100782367073252599180753908943102170921621274,2023-11-18,2023-10-04 20:00:02+00:00,no,averted,E02,True,False
2023-11-20,overnight,2023-11-17 21:00:00+00:00,2023-11-20 14:30:00+00:00,473,0.0005,,0.9994444444444445,,,resolution,E02,polymarket,108057506352452332799228383986237100782367073252599180753908943102170921621274,2023-11-18,2023-10-04 20:00:02+00:00,no,averted,E02,True,False
2023-12-21,intraday,2023-12-21 14:30:00+00:00,2023-12-21 21:00:00+00:00,495,,,,,,pre,E03,kalshi,GOVSHUT-24JAN20,2024-01-20,2023-12-01 17:00:00+00:00,no,averted,C2024,True,False
2023-12-22,overnight,2023-12-21 21:00:00+00:00,2023-12-22 14:30:00+00:00,496,,,,,,pre,E03,kalshi,GOVSHUT-24JAN20,2024-01-20,2023-12-01 17:00:00+00:00,no,averted,C2024,True,False
2023-12-22,intraday,2023-12-22 14:30:00+00:00,2023-12-22 21:00:00+00:00,496,,,,,,pre,E03,kalshi,GOVSHUT-24JAN20,2024-01-20,2023-12-01 17:00:00+00:00,no,averted,C2024,True,False
2023-12-26,overnight,2023-12-22 21:00:00+00:00,2023-12-26 14:30:00+00:00,497,,0.3399999999999999,,0.5,,pre,E03,kalshi,GOVSHUT-24JAN20,2024-01-20,2023-12-01 17:00:00+00:00,no,averted,C2024,True,False
2023-12-26,intraday,2023-12-26 14:30:00+00:00,2023-12-26 21:00:00+00:00,497,0.3399999999999999,0.3399999999999999,0.5,7.0,0.0,pre,E03,kalshi,GOVSHUT-24JAN20,2024-01-20,2023-12-01 17:00:00+00:00,no,averted,C2024,True,False
2023-12-27,overnight,2023-12-26 21:00:00+00:00,2023-12-27 14:30:00+00:00,498,0.3399999999999999,,7.0,,,pre,E03,kalshi,GOVSHUT-24JAN20,2024-01-20,2023-12-01 17:00:00+00:00,no,averted,C2024,True,False
2023-12-27,intraday,2023-12-27 14:30:00+00:00,2023-12-27 21:00:00+00:00,498,,0.355,,4.0,,pre,E03,kalshi,GOVSHUT-24JAN20,2024-01-20,2023-12-01 17:00:00+00:00,no,averted,C2024,True,False
2023-12-28,overnight,2023-12-27 21:00:00+00:00,2023-12-28 14:30:00+00:00,499,0.355,,4.0,,,pre,E03,kalshi,GOVSHUT-24JAN20,2024-01-20,2023-12-01 17:00:00+00:00,no,averted,C2024,True,False
2023-12-28,intraday,2023-12-28 14:30:00+00:00,2023-12-28 21:00:00+00:00,499,,,,,,pre,E03,kalshi,GOVSHUT-24JAN20,2024-01-20,2023-12-01 17:00:00+00:00,no,averted,C2024,True,False
2023-12-29,overnight,2023-12-28 21:00:00+00:00,2023-12-29 14:30:00+00:00,500,,,,,,pre,E03,kalshi,GOVSHUT-24JAN20,2024-01-20,2023-12-01 17:00:00+00:00,no,averted,C2024,True,False
2023-12-29,intraday,2023-12-29 14:30:00+00:00,2023-12-29 21:00:00+00:00,500,,,,,,pre,E03,kalshi,GOVSHUT-24JAN20,2024-01-20,2023-12-01 17:00:00+00:00,no,averted,C2024,True,False
2024-01-02,overnight,2023-12-29 21:00:00+00:00,2024-01-02 14:30:00+00:00,501,,0.36,,2.5,,pre,E03,kalshi,GOVSHUT-24JAN20,2024-01-20,2023-12-01 17:00:00+00:00,no,averted,C2024,True,False
2024-01-02,intraday,2024-01-02 14:30:00+00:00,2024-01-02 21:00:00+00:00,501,0.36,,2.5,0.0,,pre,E03,kalshi,GOVSHUT-24JAN20,2024-01-20,2023-12-01 17:00:00+00:00,no,averted,C2024,True,False
2024-01-03,overnight,2024-01-02 21:00:00+00:00,2024-01-03 14:30:00+00:00,502,,0.235,0.0,0.5,,pre,E03,kalshi,GOVSHUT-24JAN20,2024-01-20,2023-12-01 17:00:00+00:00,no,averted,C2024,True,False
2024-01-03,intraday,2024-01-03 14:30:00+00:00,2024-01-03 21:00:00+00:00,502,0.235,0.245,0.5,0.0,0.010000000000000009,pre,E03,kalshi,GOVSHUT-24JAN20,2024-01-20,2023-12-01 17:00:00+00:00,no,averted,C2024,True,False
2024-01-04,overnight,2024-01-03 21:00:00+00:00,2024-01-04 14:30:00+00:00,503,0.245,0.2,0.0,0.5,-0.044999999999999984,pre,E03,kalshi,GOVSHUT-24JAN20,2024-01-20,2023-12-01 17:00:00+00:00,no,averted,C2024,True,False
2024-01-04,intraday,2024-01-04 14:30:00+00:00,2024-01-04 21:00:00+00:00,503,0.2,0.235,0.5,1.0,0.034999999999999976,pre,E03,kalshi,GOVSHUT-24JAN20,2024-01-20,2023-12-01 17:00:00+00:00,no,averted,C2024,True,False
2024-01-05,overnight,2024-01-04 21:00:00+00:00,2024-01-05 14:30:00+00:00,504,0.235,0.255,1.0,0.5,0.020000000000000018,pre,E03,kalshi,GOVSHUT-24JAN20,2024-01-20,2023-12-01 17:00:00+00:00,no,averted,C2024,True,False
2024-01-05,intraday,2024-01-05 14:30:00+00:00,2024-01-05 21:00:00+00:00,504,0.255,0.35,0.5,0.0,0.09499999999999997,pre,E03,kalshi,GOVSHUT-24JAN20,2024-01-20,2023-12-01 17:00:00+00:00,no,averted,C2024,True,False
2024-01-08,overnight,2024-01-05 21:00:00+00:00,2024-01-08 14:30:00+00:00,505,0.35,0.215,0.0,0.5,-0.13499999999999998,pre,E03,kalshi,GOVSHUT-24JAN20,2024-01-20,2023-12-01 17:00:00+00:00,no,averted,C2024,True,False
2024-01-08,intraday,2024-01-08 14:30:00+00:00,2024-01-08 21:00:00+00:00,505,0.215,0.195,0.5,0.0,-0.01999999999999999,pre,E03,kalshi,GOVSHUT-24JAN20,2024-01-20,2023-12-01 17:00:00+00:00,no,averted,C2024,True,False
2024-01-09,overnight,2024-01-08 21:00:00+00:00,2024-01-09 14:30:00+00:00,506,0.195,0.2,0.0,0.5,0.0050000000000000044,pre,E03,kalshi,GOVSHUT-24JAN20,2024-01-20,2023-12-01 17:00:00+00:00,no,averted,C2024,True,False
2024-01-09,intraday,2024-01-09 14:30:00+00:00,2024-01-09 21:00:00+00:00,506,0.2,0.15,0.5,0.0,-0.05000000000000002,pre,E03,kalshi,GOVSHUT-24JAN20,2024-01-20,2023-12-01 17:00:00+00:00,no,averted,C2024,True,False
2024-01-10,overnight,2024-01-09 21:00:00+00:00,2024-01-10 14:30:00+00:00,507,0.15,0.21,0.0,0.5,0.06,pre,E03,kalshi,GOVSHUT-24JAN20,2024-01-20,2023-12-01 17:00:00+00:00,no,averted,C2024,True,False
2024-01-10,intraday,2024-01-10 14:30:00+00:00,2024-01-10 21:00:00+00:00,507,0.21,0.1699999999999999,0.5,0.0,-0.04000000000000009,pre,E03,kalshi,GOVSHUT-24JAN20,2024-01-20,2023-12-01 17:00:00+00:00,no,averted,C2024,True,False
2024-01-11,overnight,2024-01-10 21:00:00+00:00,2024-01-11 14:30:00+00:00,508,0.1699999999999999,0.1649999999999999,0.0,8.5,-0.0050000000000000044,pre,E03,kalshi,GOVSHUT-24JAN20,2024-01-20,2023-12-01 17:00:00+00:00,no,averted,C2024,True,False
2024-01-11,intraday,2024-01-11 14:30:00+00:00,2024-01-11 21:00:00+00:00,508,0.1649999999999999,0.215,8.5,1.0,0.0500000000000001,pre,E03,kalshi,GOVSHUT-24JAN20,2024-01-20,2023-12-01 17:00:00+00:00,no,averted,C2024,True,False
2024-01-12,overnight,2024-01-11 21:00:00+00:00,2024-01-12 14:30:00+00:00,509,0.215,0.2249999999999999,1.0,0.5,0.009999999999999898,pre,E03,kalshi,GOVSHUT-24JAN20,2024-01-20,2023-12-01 17:00:00+00:00,no,averted,C2024,True,False
2024-01-12,intraday,2024-01-12 14:30:00+00:00,2024-01-12 21:00:00+00:00,509,0.2249999999999999,0.145,0.5,2.0,-0.0799999999999999,pre,E03,kalshi,GOVSHUT-24JAN20,2024-01-20,2023-12-01 17:00:00+00:00,no,averted,C2024,True,False
2024-01-16,overnight,2024-01-12 21:00:00+00:00,2024-01-16 14:30:00+00:00,510,0.145,0.06,2.0,0.5,-0.08499999999999999,pre,E03,kalshi,GOVSHUT-24JAN20,2024-01-20,2023-12-01 17:00:00+00:00,no,averted,C2024,True,False
2024-01-16,intraday,2024-01-16 14:30:00+00:00,2024-01-16 21:00:00+00:00,510,0.06,0.04,0.5,0.0,-0.019999999999999997,pre,E03,kalshi,GOVSHUT-24JAN20,2024-01-20,2023-12-01 17:00:00+00:00,no,averted,C2024,True,False
2024-01-17,overnight,2024-01-16 21:00:00+00:00,2024-01-17 14:30:00+00:00,511,0.04,0.04,0.0,9.5,0.0,pre,E03,kalshi,GOVSHUT-24JAN20,2024-01-20,2023-12-01 17:00:00+00:00,no,averted,C2024,True,False
2024-01-17,intraday,2024-01-17 14:30:00+00:00,2024-01-17 21:00:00+00:00,511,0.04,0.04,9.5,0.0,0.0,pre,E03,kalshi,GOVSHUT-24JAN20,2024-01-20,2023-12-01 17:00:00+00:00,no,averted,C2024,True,False
2024-01-18,overnight,2024-01-17 21:00:00+00:00,2024-01-18 14:30:00+00:00,512,0.04,0.025,0.0,0.5,-0.015,pre,E03,kalshi,GOVSHUT-24JAN20,2024-01-20,2023-12-01 17:00:00+00:00,no,averted,C2024,True,False
2024-01-18,intraday,2024-01-18 14:30:00+00:00,2024-01-18 21:00:00+00:00,512,0.025,0.015,0.5,0.0,-0.010000000000000002,pre,E03,kalshi,GOVSHUT-24JAN20,2024-01-20,2023-12-01 17:00:00+00:00,no,averted,C2024,True,False
2024-01-19,overnight,2024-01-18 21:00:00+00:00,2024-01-19 14:30:00+00:00,513,0.015,,0.0,,,pre,E03,kalshi,GOVSHUT-24JAN20,2024-01-20,2023-12-01 17:00:00+00:00,no,averted,C2024,True,False
2024-01-19,intraday,2024-01-19 14:30:00+00:00,2024-01-19 21:00:00+00:00,513,,0.005,,3.0,,pre,E03,kalshi,GOVSHUT-24JAN20,2024-01-20,2023-12-01 17:00:00+00:00,no,averted,C2024,True,False
2024-01-22,overnight,2024-01-19 21:00:00+00:00,2024-01-22 14:30:00+00:00,514,0.005,,3.0,,,resolution,E03,kalshi,GOVSHUT-24JAN20,2024-01-20,2023-12-01 17:00:00+00:00,no,averted,C2024,True,False
2024-01-11,intraday,2024-01-11 14:30:00+00:00,2024-01-11 21:00:00+00:00,508,0.17,0.16,0.49916666666666665,0.9991666666666666,-0.010000000000000009,pre,E03,polymarket,916652542787015485687061399240227024282948971589640746479868246882796456492,2024-01-20,2024-01-11 01:00:03+00:00,no,averted,C2024,True,False
2024-01-12,overnight,2024-01-11 21:00:00+00:00,2024-01-12 14:30:00+00:00,509,0.16,0.24,0.9991666666666666,0.49916666666666665,0.07999999999999999,pre,E03,polymarket,916652542787015485687061399240227024282948971589640746479868246882796456492,2024-01-20,2024-01-11 01:00:03+00:00,no,averted,C2024,True,False
2024-01-12,intraday,2024-01-12 14:30:00+00:00,2024-01-12 21:00:00+00:00,509,0.24,0.2,0.49916666666666665,0.9991666666666666,-0.03999999999999998,pre,E03,polymarket,916652542787015485687061399240227024282948971589640746479868246882796456492,2024-01-20,2024-01-11 01:00:03+00:00,no,averted,C2024,True,False
2024-01-16,overnight,2024-01-12 21:00:00+00:00,2024-01-16 14:30:00+00:00,510,0.2,0.044,0.9991666666666666,0.49916666666666665,-0.15600000000000003,pre,E03,polymarket,916652542787015485687061399240227024282948971589640746479868246882796456492,2024-01-20,2024-01-11 01:00:03+00:00,no,averted,C2024,True,False
2024-01-16,intraday,2024-01-16 14:30:00+00:00,2024-01-16 21:00:00+00:00,510,0.044,0.0445,0.49916666666666665,0.9991666666666666,0.0005000000000000004,pre,E03,polymarket,916652542787015485687061399240227024282948971589640746479868246882796456492,2024-01-20,2024-01-11 01:00:03+00:00,no,averted,C2024,True,False
2024-01-17,overnight,2024-01-16 21:00:00+00:00,2024-01-17 14:30:00+00:00,511,0.0445,0.0305,0.9991666666666666,0.49944444444444447,-0.013999999999999999,pre,E03,polymarket,916652542787015485687061399240227024282948971589640746479868246882796456492,2024-01-20,2024-01-11 01:00:03+00:00,no,averted,C2024,True,False
2024-01-17,intraday,2024-01-17 14:30:00+00:00,2024-01-17 21:00:00+00:00,511,0.0305,0.0185,0.49944444444444447,0.9991666666666666,-0.012,pre,E03,polymarket,916652542787015485687061399240227024282948971589640746479868246882796456492,2024-01-20,2024-01-11 01:00:03+00:00,no,averted,C2024,True,False
2024-01-18,overnight,2024-01-17 21:00:00+00:00,2024-01-18 14:30:00+00:00,512,0.0185,0.0195,0.9991666666666666,0.49944444444444447,0.0010000000000000009,pre,E03,polymarket,916652542787015485687061399240227024282948971589640746479868246882796456492,2024-01-20,2024-01-11 01:00:03+00:00,no,averted,C2024,True,False
2024-01-18,intraday,2024-01-18 14:30:00+00:00,2024-01-18 21:00:00+00:00,512,0.0195,0.0085,0.49944444444444447,0.9994444444444445,-0.011,pre,E03,polymarket,916652542787015485687061399240227024282948971589640746479868246882796456492,2024-01-20,2024-01-11 01:00:03+00:00,no,averted,C2024,True,False
2024-01-19,overnight,2024-01-18 21:00:00+00:00,2024-01-19 14:30:00+00:00,513,0.0085,0.0035,0.9994444444444445,0.49944444444444447,-0.005000000000000001,pre,E03,polymarket,916652542787015485687061399240227024282948971589640746479868246882796456492,2024-01-20,2024-01-11 01:00:03+00:00,no,averted,C2024,True,False
2024-01-19,intraday,2024-01-19 14:30:00+00:00,2024-01-19 21:00:00+00:00,513,0.0035,0.0015,0.49944444444444447,0.9994444444444445,-0.002,pre,E03,polymarket,916652542787015485687061399240227024282948971589640746479868246882796456492,2024-01-20,2024-01-11 01:00:03+00:00,no,averted,C2024,True,False
2024-01-22,overnight,2024-01-19 21:00:00+00:00,2024-01-22 14:30:00+00:00,514,0.0015,,0.9994444444444445,,,resolution,E03,polymarket,916652542787015485687061399240227024282948971589640746479868246882796456492,2024-01-20,2024-01-11 01:00:03+00:00,no,averted,C2024,True,False
2024-01-04,intraday,2024-01-04 14:30:00+00:00,2024-01-04 21:00:00+00:00,503,0.3,0.3,0.5,6.0,0.0,pre,E04,kalshi,GOVSHUT-24FEB03,2024-02-03,2023-12-01 17:00:00+00:00,no,averted,C2024,True,False
2024-01-05,overnight,2024-01-04 21:00:00+00:00,2024-01-05 14:30:00+00:00,504,0.3,,6.0,,,pre,E04,kalshi,GOVSHUT-24FEB03,2024-02-03,2023-12-01 17:00:00+00:00,no,averted,C2024,True,False
2024-01-05,intraday,2024-01-05 14:30:00+00:00,2024-01-05 21:00:00+00:00,504,,,,,,pre,E04,kalshi,GOVSHUT-24FEB03,2024-02-03,2023-12-01 17:00:00+00:00,no,averted,C2024,True,False
2024-01-08,overnight,2024-01-05 21:00:00+00:00,2024-01-08 14:30:00+00:00,505,,,,,,pre,E04,kalshi,GOVSHUT-24FEB03,2024-02-03,2023-12-01 17:00:00+00:00,no,averted,C2024,True,False
2024-01-08,intraday,2024-01-08 14:30:00+00:00,2024-01-08 21:00:00+00:00,505,,,,,,pre,E04,kalshi,GOVSHUT-24FEB03,2024-02-03,2023-12-01 17:00:00+00:00,no,averted,C2024,True,False
2024-01-09,overnight,2024-01-08 21:00:00+00:00,2024-01-09 14:30:00+00:00,506,,,,,,pre,E04,kalshi,GOVSHUT-24FEB03,2024-02-03,2023-12-01 17:00:00+00:00,no,averted,C2024,True,False
2024-01-09,intraday,2024-01-09 14:30:00+00:00,2024-01-09 21:00:00+00:00,506,,0.2,,1.0,,pre,E04,kalshi,GOVSHUT-24FEB03,2024-02-03,2023-12-01 17:00:00+00:00,no,averted,C2024,True,False
2024-01-10,overnight,2024-01-09 21:00:00+00:00,2024-01-10 14:30:00+00:00,507,0.2,,1.0,,,pre,E04,kalshi,GOVSHUT-24FEB03,2024-02-03,2023-12-01 17:00:00+00:00,no,averted,C2024,True,False
2024-01-10,intraday,2024-01-10 14:30:00+00:00,2024-01-10 21:00:00+00:00,507,,,,,,pre,E04,kalshi,GOVSHUT-24FEB03,2024-02-03,2023-12-01 17:00:00+00:00,no,averted,C2024,True,False
2024-01-11,overnight,2024-01-10 21:00:00+00:00,2024-01-11 14:30:00+00:00,508,,,,,,pre,E04,kalshi,GOVSHUT-24FEB03,2024-02-03,2023-12-01 17:00:00+00:00,no,averted,C2024,True,False
2024-01-11,intraday,2024-01-11 14:30:00+00:00,2024-01-11 21:00:00+00:00,508,,,,,,pre,E04,kalshi,GOVSHUT-24FEB03,2024-02-03,2023-12-01 17:00:00+00:00,no,averted,C2024,True,False
2024-01-12,overnight,2024-01-11 21:00:00+00:00,2024-01-12 14:30:00+00:00,509,,,,,,pre,E04,kalshi,GOVSHUT-24FEB03,2024-02-03,2023-12-01 17:00:00+00:00,no,averted,C2024,True,False
2024-01-12,intraday,2024-01-12 14:30:00+00:00,2024-01-12 21:00:00+00:00,509,,0.175,,2.0,,pre,E04,kalshi,GOVSHUT-24FEB03,2024-02-03,2023-12-01 17:00:00+00:00,no,averted,C2024,True,False
2024-01-16,overnight,2024-01-12 21:00:00+00:00,2024-01-16 14:30:00+00:00,510,0.175,,2.0,,,pre,E04,kalshi,GOVSHUT-24FEB03,2024-02-03,2023-12-01 17:00:00+00:00,no,averted,C2024,True,False
2024-01-16,intraday,2024-01-16 14:30:00+00:00,2024-01-16 21:00:00+00:00,510,,,,,,pre,E04,kalshi,GOVSHUT-24FEB03,2024-02-03,2023-12-01 17:00:00+00:00,no,averted,C2024,True,False
2024-01-17,overnight,2024-01-16 21:00:00+00:00,2024-01-17 14:30:00+00:00,511,,0.015,,9.5,,pre,E04,kalshi,GOVSHUT-24FEB03,2024-02-03,2023-12-01 17:00:00+00:00,no,averted,C2024,True,False
2024-01-17,intraday,2024-01-17 14:30:00+00:00,2024-01-17 21:00:00+00:00,511,0.015,,9.5,,,pre,E04,kalshi,GOVSHUT-24FEB03,2024-02-03,2023-12-01 17:00:00+00:00,no,averted,C2024,True,False
2024-01-18,overnight,2024-01-17 21:00:00+00:00,2024-01-18 14:30:00+00:00,512,,,,,,pre,E04,kalshi,GOVSHUT-24FEB03,2024-02-03,2023-12-01 17:00:00+00:00,no,averted,C2024,True,False
2024-01-18,intraday,2024-01-18 14:30:00+00:00,2024-01-18 21:00:00+00:00,512,,0.005,,1.0,,pre,E04,kalshi,GOVSHUT-24FEB03,2024-02-03,2023-12-01 17:00:00+00:00,no,averted,C2024,True,False
2024-01-19,overnight,2024-01-18 21:00:00+00:00,2024-01-19 14:30:00+00:00,513,0.005,,1.0,,,pre,E04,kalshi,GOVSHUT-24FEB03,2024-02-03,2023-12-01 17:00:00+00:00,no,averted,C2024,True,False
2024-01-19,intraday,2024-01-19 14:30:00+00:00,2024-01-19 21:00:00+00:00,513,,0.01,,3.0,,pre,E04,kalshi,GOVSHUT-24FEB03,2024-02-03,2023-12-01 17:00:00+00:00,no,averted,C2024,True,False
2024-01-22,overnight,2024-01-19 21:00:00+00:00,2024-01-22 14:30:00+00:00,514,0.01,,3.0,,,pre,E04,kalshi,GOVSHUT-24FEB03,2024-02-03,2023-12-01 17:00:00+00:00,no,averted,C2024,True,False
2024-01-22,intraday,2024-01-22 14:30:00+00:00,2024-01-22 21:00:00+00:00,514,,,,,,pre,E04,kalshi,GOVSHUT-24FEB03,2024-02-03,2023-12-01 17:00:00+00:00,no,averted,C2024,True,False
2024-01-23,overnight,2024-01-22 21:00:00+00:00,2024-01-23 14:30:00+00:00,515,,,,,,pre,E04,kalshi,GOVSHUT-24FEB03,2024-02-03,2023-12-01 17:00:00+00:00,no,averted,C2024,True,False
2024-01-23,intraday,2024-01-23 14:30:00+00:00,2024-01-23 21:00:00+00:00,515,,,,,,pre,E04,kalshi,GOVSHUT-24FEB03,2024-02-03,2023-12-01 17:00:00+00:00,no,averted,C2024,True,False
2024-01-24,overnight,2024-01-23 21:00:00+00:00,2024-01-24 14:30:00+00:00,516,,,,,,pre,E04,kalshi,GOVSHUT-24FEB03,2024-02-03,2023-12-01 17:00:00+00:00,no,averted,C2024,True,False
2024-01-24,intraday,2024-01-24 14:30:00+00:00,2024-01-24 21:00:00+00:00,516,,,,,,pre,E04,kalshi,GOVSHUT-24FEB03,2024-02-03,2023-12-01 17:00:00+00:00,no,averted,C2024,True,False
2024-01-25,overnight,2024-01-24 21:00:00+00:00,2024-01-25 14:30:00+00:00,517,,,,,,pre,E04,kalshi,GOVSHUT-24FEB03,2024-02-03,2023-12-01 17:00:00+00:00,no,averted,C2024,True,False
2024-01-25,intraday,2024-01-25 14:30:00+00:00,2024-01-25 21:00:00+00:00,517,,,,,,pre,E04,kalshi,GOVSHUT-24FEB03,2024-02-03,2023-12-01 17:00:00+00:00,no,averted,C2024,True,False
2024-01-26,overnight,2024-01-25 21:00:00+00:00,2024-01-26 14:30:00+00:00,518,,,,,,pre,E04,kalshi,GOVSHUT-24FEB03,2024-02-03,2023-12-01 17:00:00+00:00,no,averted,C2024,True,False
2024-01-26,intraday,2024-01-26 14:30:00+00:00,2024-01-26 21:00:00+00:00,518,,,,,,pre,E04,kalshi,GOVSHUT-24FEB03,2024-02-03,2023-12-01 17:00:00+00:00,no,averted,C2024,True,False
2024-01-29,overnight,2024-01-26 21:00:00+00:00,2024-01-29 14:30:00+00:00,519,,,,,,pre,E04,kalshi,GOVSHUT-24FEB03,2024-02-03,2023-12-01 17:00:00+00:00,no,averted,C2024,True,False
2024-01-29,intraday,2024-01-29 14:30:00+00:00,2024-01-29 21:00:00+00:00,519,,,,,,pre,E04,kalshi,GOVSHUT-24FEB03,2024-02-03,2023-12-01 17:00:00+00:00,no,averted,C2024,True,False
2024-01-30,overnight,2024-01-29 21:00:00+00:00,2024-01-30 14:30:00+00:00,520,,,,,,pre,E04,kalshi,GOVSHUT-24FEB03,2024-02-03,2023-12-01 17:00:00+00:00,no,averted,C2024,True,False
2024-01-30,intraday,2024-01-30 14:30:00+00:00,2024-01-30 21:00:00+00:00,520,,,,,,pre,E04,kalshi,GOVSHUT-24FEB03,2024-02-03,2023-12-01 17:00:00+00:00,no,averted,C2024,True,False
2024-01-31,overnight,2024-01-30 21:00:00+00:00,2024-01-31 14:30:00+00:00,521,,,,,,pre,E04,kalshi,GOVSHUT-24FEB03,2024-02-03,2023-12-01 17:00:00+00:00,no,averted,C2024,True,False
2024-01-31,intraday,2024-01-31 14:30:00+00:00,2024-01-31 21:00:00+00:00,521,,,,,,pre,E04,kalshi,GOVSHUT-24FEB03,2024-02-03,2023-12-01 17:00:00+00:00,no,averted,C2024,True,False
2024-02-01,overnight,2024-01-31 21:00:00+00:00,2024-02-01 14:30:00+00:00,522,,,,,,pre,E04,kalshi,GOVSHUT-24FEB03,2024-02-03,2023-12-01 17:00:00+00:00,no,averted,C2024,True,False
2024-02-01,intraday,2024-02-01 14:30:00+00:00,2024-02-01 21:00:00+00:00,522,,,,,,pre,E04,kalshi,GOVSHUT-24FEB03,2024-02-03,2023-12-01 17:00:00+00:00,no,averted,C2024,True,False
2024-02-02,overnight,2024-02-01 21:00:00+00:00,2024-02-02 14:30:00+00:00,523,,,,,,pre,E04,kalshi,GOVSHUT-24FEB03,2024-02-03,2023-12-01 17:00:00+00:00,no,averted,C2024,True,False
2024-02-02,intraday,2024-02-02 14:30:00+00:00,2024-02-02 21:00:00+00:00,523,,,,,,pre,E04,kalshi,GOVSHUT-24FEB03,2024-02-03,2023-12-01 17:00:00+00:00,no,averted,C2024,True,False
2024-02-05,overnight,2024-02-02 21:00:00+00:00,2024-02-05 14:30:00+00:00,524,,,,,,resolution,E04,kalshi,GOVSHUT-24FEB03,2024-02-03,2023-12-01 17:00:00+00:00,no,averted,C2024,True,False
2024-02-01,intraday,2024-02-01 14:30:00+00:00,2024-02-01 21:00:00+00:00,522,,0.13,,1.0,,pre,E05,kalshi,GOVSHUT-24MAR04,2024-03-02,2024-01-16 14:00:00+00:00,no,averted,C2024,True,False
2024-02-02,overnight,2024-02-01 21:00:00+00:00,2024-02-02 14:30:00+00:00,523,0.13,,1.0,,,pre,E05,kalshi,GOVSHUT-24MAR04,2024-03-02,2024-01-16 14:00:00+00:00,no,averted,C2024,True,False
2024-02-02,intraday,2024-02-02 14:30:00+00:00,2024-02-02 21:00:00+00:00,523,,0.135,,0.0,,pre,E05,kalshi,GOVSHUT-24MAR04,2024-03-02,2024-01-16 14:00:00+00:00,no,averted,C2024,True,False
2024-02-05,overnight,2024-02-02 21:00:00+00:00,2024-02-05 14:30:00+00:00,524,0.135,0.13,0.0,0.5,-0.0050000000000000044,pre,E05,kalshi,GOVSHUT-24MAR04,2024-03-02,2024-01-16 14:00:00+00:00,no,averted,C2024,True,False
2024-02-05,intraday,2024-02-05 14:30:00+00:00,2024-02-05 21:00:00+00:00,524,0.13,0.13,0.5,7.0,0.0,pre,E05,kalshi,GOVSHUT-24MAR04,2024-03-02,2024-01-16 14:00:00+00:00,no,averted,C2024,True,False
2024-02-06,overnight,2024-02-05 21:00:00+00:00,2024-02-06 14:30:00+00:00,525,0.13,0.15,7.0,10.5,0.01999999999999999,pre,E05,kalshi,GOVSHUT-24MAR04,2024-03-02,2024-01-16 14:00:00+00:00,no,averted,C2024,True,False
2024-02-06,intraday,2024-02-06 14:30:00+00:00,2024-02-06 21:00:00+00:00,525,0.15,0.14,10.5,3.0,-0.009999999999999981,pre,E05,kalshi,GOVSHUT-24MAR04,2024-03-02,2024-01-16 14:00:00+00:00,no,averted,C2024,True,False
2024-02-07,overnight,2024-02-06 21:00:00+00:00,2024-02-07 14:30:00+00:00,526,0.14,0.135,3.0,9.5,-0.0050000000000000044,pre,E05,kalshi,GOVSHUT-24MAR04,2024-03-02,2024-01-16 14:00:00+00:00,no,averted,C2024,True,False
2024-02-07,intraday,2024-02-07 14:30:00+00:00,2024-02-07 21:00:00+00:00,526,0.135,,9.5,,,pre,E05,kalshi,GOVSHUT-24MAR04,2024-03-02,2024-01-16 14:00:00+00:00,no,averted,C2024,True,False
2024-02-08,overnight,2024-02-07 21:00:00+00:00,2024-02-08 14:30:00+00:00,527,,0.135,,11.5,,pre,E05,kalshi,GOVSHUT-24MAR04,2024-03-02,2024-01-16 14:00:00+00:00,no,averted,C2024,True,False
2024-02-08,intraday,2024-02-08 14:30:00+00:00,2024-02-08 21:00:00+00:00,527,0.135,,11.5,,,pre,E05,kalshi,GOVSHUT-24MAR04,2024-03-02,2024-01-16 14:00:00+00:00,no,averted,C2024,True,False
2024-02-09,overnight,2024-02-08 21:00:00+00:00,2024-02-09 14:30:00+00:00,528,,,,,,pre,E05,kalshi,GOVSHUT-24MAR04,2024-03-02,2024-01-16 14:00:00+00:00,no,averted,C2024,True,False
2024-02-09,intraday,2024-02-09 14:30:00+00:00,2024-02-09 21:00:00+00:00,528,,0.13,,0.0,,pre,E05,kalshi,GOVSHUT-24MAR04,2024-03-02,2024-01-16 14:00:00+00:00,no,averted,C2024,True,False
2024-02-12,overnight,2024-02-09 21:00:00+00:00,2024-02-12 14:30:00+00:00,529,0.13,,0.0,,,pre,E05,kalshi,GOVSHUT-24MAR04,2024-03-02,2024-01-16 14:00:00+00:00,no,averted,C2024,True,False
2024-02-12,intraday,2024-02-12 14:30:00+00:00,2024-02-12 21:00:00+00:00,529,,0.13,,0.0,,pre,E05,kalshi,GOVSHUT-24MAR04,2024-03-02,2024-01-16 14:00:00+00:00,no,averted,C2024,True,False
2024-02-13,overnight,2024-02-12 21:00:00+00:00,2024-02-13 14:30:00+00:00,530,0.13,,0.0,,,pre,E05,kalshi,GOVSHUT-24MAR04,2024-03-02,2024-01-16 14:00:00+00:00,no,averted,C2024,True,False
2024-02-13,intraday,2024-02-13 14:30:00+00:00,2024-02-13 21:00:00+00:00,530,,0.14,,1.0,,pre,E05,kalshi,GOVSHUT-24MAR04,2024-03-02,2024-01-16 14:00:00+00:00,no,averted,C2024,True,False
2024-02-14,overnight,2024-02-13 21:00:00+00:00,2024-02-14 14:30:00+00:00,531,0.14,0.125,1.0,0.5,-0.015000000000000013,pre,E05,kalshi,GOVSHUT-24MAR04,2024-03-02,2024-01-16 14:00:00+00:00,no,averted,C2024,True,False
2024-02-14,intraday,2024-02-14 14:30:00+00:00,2024-02-14 21:00:00+00:00,531,0.125,0.125,0.5,0.0,0.0,pre,E05,kalshi,GOVSHUT-24MAR04,2024-03-02,2024-01-16 14:00:00+00:00,no,averted,C2024,True,False
2024-02-15,overnight,2024-02-14 21:00:00+00:00,2024-02-15 14:30:00+00:00,532,0.125,0.12,0.0,10.5,-0.0050000000000000044,pre,E05,kalshi,GOVSHUT-24MAR04,2024-03-02,2024-01-16 14:00:00+00:00,no,averted,C2024,True,False
2024-02-15,intraday,2024-02-15 14:30:00+00:00,2024-02-15 21:00:00+00:00,532,0.12,0.135,10.5,0.0,0.015000000000000013,pre,E05,kalshi,GOVSHUT-24MAR04,2024-03-02,2024-01-16 14:00:00+00:00,no,averted,C2024,True,False
2024-02-16,overnight,2024-02-15 21:00:00+00:00,2024-02-16 14:30:00+00:00,533,0.135,0.205,0.0,0.5,0.06999999999999998,pre,E05,kalshi,GOVSHUT-24MAR04,2024-03-02,2024-01-16 14:00:00+00:00,no,averted,C2024,True,False
2024-02-16,intraday,2024-02-16 14:30:00+00:00,2024-02-16 21:00:00+00:00,533,0.205,0.235,0.5,1.0,0.03,pre,E05,kalshi,GOVSHUT-24MAR04,2024-03-02,2024-01-16 14:00:00+00:00,no,averted,C2024,True,False
2024-02-20,overnight,2024-02-16 21:00:00+00:00,2024-02-20 14:30:00+00:00,534,0.235,,1.0,,,pre,E05,kalshi,GOVSHUT-24MAR04,2024-03-02,2024-01-16 14:00:00+00:00,no,averted,C2024,True,False
2024-02-20,intraday,2024-02-20 14:30:00+00:00,2024-02-20 21:00:00+00:00,534,,0.2,,0.0,,pre,E05,kalshi,GOVSHUT-24MAR04,2024-03-02,2024-01-16 14:00:00+00:00,no,averted,C2024,True,False
2024-02-21,overnight,2024-02-20 21:00:00+00:00,2024-02-21 14:30:00+00:00,535,0.2,0.285,0.0,0.5,0.08499999999999996,pre,E05,kalshi,GOVSHUT-24MAR04,2024-03-02,2024-01-16 14:00:00+00:00,no,averted,C2024,True,False
2024-02-21,intraday,2024-02-21 14:30:00+00:00,2024-02-21 21:00:00+00:00,535,0.285,0.3,0.5,0.0,0.015000000000000013,pre,E05,kalshi,GOVSHUT-24MAR04,2024-03-02,2024-01-16 14:00:00+00:00,no,averted,C2024,True,False
2024-02-22,overnight,2024-02-21 21:00:00+00:00,2024-02-22 14:30:00+00:00,536,0.3,,0.0,,,pre,E05,kalshi,GOVSHUT-24MAR04,2024-03-02,2024-01-16 14:00:00+00:00,no,averted,C2024,True,False
2024-02-22,intraday,2024-02-22 14:30:00+00:00,2024-02-22 21:00:00+00:00,536,,0.28,,0.0,,pre,E05,kalshi,GOVSHUT-24MAR04,2024-03-02,2024-01-16 14:00:00+00:00,no,averted,C2024,True,False
2024-02-23,overnight,2024-02-22 21:00:00+00:00,2024-02-23 14:30:00+00:00,537,0.28,0.275,0.0,0.5,-0.0050000000000000044,pre,E05,kalshi,GOVSHUT-24MAR04,2024-03-02,2024-01-16 14:00:00+00:00,no,averted,C2024,True,False
2024-02-23,intraday,2024-02-23 14:30:00+00:00,2024-02-23 21:00:00+00:00,537,0.275,0.205,0.5,1.0,-0.07000000000000003,pre,E05,kalshi,GOVSHUT-24MAR04,2024-03-02,2024-01-16 14:00:00+00:00,no,averted,C2024,True,False
2024-02-26,overnight,2024-02-23 21:00:00+00:00,2024-02-26 14:30:00+00:00,538,0.205,0.275,1.0,0.5,0.07000000000000003,pre,E05,kalshi,GOVSHUT-24MAR04,2024-03-02,2024-01-16 14:00:00+00:00,no,averted,C2024,True,False
2024-02-26,intraday,2024-02-26 14:30:00+00:00,2024-02-26 21:00:00+00:00,538,0.275,0.27,0.5,0.0,-0.0050000000000000044,pre,E05,kalshi,GOVSHUT-24MAR04,2024-03-02,2024-01-16 14:00:00+00:00,no,averted,C2024,True,False
2024-02-27,overnight,2024-02-26 21:00:00+00:00,2024-02-27 14:30:00+00:00,539,0.27,0.165,0.0,0.5,-0.10500000000000001,pre,E05,kalshi,GOVSHUT-24MAR04,2024-03-02,2024-01-16 14:00:00+00:00,no,averted,C2024,True,False
2024-02-27,intraday,2024-02-27 14:30:00+00:00,2024-02-27 21:00:00+00:00,539,0.165,0.145,0.5,1.0,-0.020000000000000018,pre,E05,kalshi,GOVSHUT-24MAR04,2024-03-02,2024-01-16 14:00:00+00:00,no,averted,C2024,True,False
2024-02-28,overnight,2024-02-27 21:00:00+00:00,2024-02-28 14:30:00+00:00,540,0.145,0.105,1.0,0.5,-0.039999999999999994,pre,E05,kalshi,GOVSHUT-24MAR04,2024-03-02,2024-01-16 14:00:00+00:00,no,averted,C2024,True,False
2024-02-28,intraday,2024-02-28 14:30:00+00:00,2024-02-28 21:00:00+00:00,540,0.105,0.025,0.5,0.0,-0.07999999999999999,pre,E05,kalshi,GOVSHUT-24MAR04,2024-03-02,2024-01-16 14:00:00+00:00,no,averted,C2024,True,False
2024-02-29,overnight,2024-02-28 21:00:00+00:00,2024-02-29 14:30:00+00:00,541,0.025,0.015,0.0,0.5,-0.010000000000000002,pre,E05,kalshi,GOVSHUT-24MAR04,2024-03-02,2024-01-16 14:00:00+00:00,no,averted,C2024,True,False
2024-02-29,intraday,2024-02-29 14:30:00+00:00,2024-02-29 21:00:00+00:00,541,0.015,0.005,0.5,0.0,-0.009999999999999998,pre,E05,kalshi,GOVSHUT-24MAR04,2024-03-02,2024-01-16 14:00:00+00:00,no,averted,C2024,True,False
2024-03-01,overnight,2024-02-29 21:00:00+00:00,2024-03-01 14:30:00+00:00,542,0.005,0.005,0.0,11.5,0.0,pre,E05,kalshi,GOVSHUT-24MAR04,2024-03-02,2024-01-16 14:00:00+00:00,no,averted,C2024,True,False
2024-03-01,intraday,2024-03-01 14:30:00+00:00,2024-03-01 21:00:00+00:00,542,0.005,0.005,11.5,0.0,0.0,pre,E05,kalshi,GOVSHUT-24MAR04,2024-03-02,2024-01-16 14:00:00+00:00,no,averted,C2024,True,False
2024-03-04,overnight,2024-03-01 21:00:00+00:00,2024-03-04 14:30:00+00:00,543,0.005,,0.0,,,resolution,E05,kalshi,GOVSHUT-24MAR04,2024-03-02,2024-01-16 14:00:00+00:00,no,averted,C2024,True,False
2024-02-08,intraday,2024-02-08 14:30:00+00:00,2024-02-08 21:00:00+00:00,527,,,,,,pre,E06,kalshi,GOVSHUT-24MAR11,2024-03-09,2024-01-16 14:00:00+00:00,no,averted,C2024,True,False
2024-02-09,overnight,2024-02-08 21:00:00+00:00,2024-02-09 14:30:00+00:00,528,,,,,,pre,E06,kalshi,GOVSHUT-24MAR11,2024-03-09,2024-01-16 14:00:00+00:00,no,averted,C2024,True,False
2024-02-09,intraday,2024-02-09 14:30:00+00:00,2024-02-09 21:00:00+00:00,528,,,,,,pre,E06,kalshi,GOVSHUT-24MAR11,2024-03-09,2024-01-16 14:00:00+00:00,no,averted,C2024,True,False
2024-02-12,overnight,2024-02-09 21:00:00+00:00,2024-02-12 14:30:00+00:00,529,,,,,,pre,E06,kalshi,GOVSHUT-24MAR11,2024-03-09,2024-01-16 14:00:00+00:00,no,averted,C2024,True,False
2024-02-12,intraday,2024-02-12 14:30:00+00:00,2024-02-12 21:00:00+00:00,529,,,,,,pre,E06,kalshi,GOVSHUT-24MAR11,2024-03-09,2024-01-16 14:00:00+00:00,no,averted,C2024,True,False
2024-02-13,overnight,2024-02-12 21:00:00+00:00,2024-02-13 14:30:00+00:00,530,,,,,,pre,E06,kalshi,GOVSHUT-24MAR11,2024-03-09,2024-01-16 14:00:00+00:00,no,averted,C2024,True,False
2024-02-13,intraday,2024-02-13 14:30:00+00:00,2024-02-13 21:00:00+00:00,530,,,,,,pre,E06,kalshi,GOVSHUT-24MAR11,2024-03-09,2024-01-16 14:00:00+00:00,no,averted,C2024,True,False
2024-02-14,overnight,2024-02-13 21:00:00+00:00,2024-02-14 14:30:00+00:00,531,,,,,,pre,E06,kalshi,GOVSHUT-24MAR11,2024-03-09,2024-01-16 14:00:00+00:00,no,averted,C2024,True,False
2024-02-14,intraday,2024-02-14 14:30:00+00:00,2024-02-14 21:00:00+00:00,531,,,,,,pre,E06,kalshi,GOVSHUT-24MAR11,2024-03-09,2024-01-16 14:00:00+00:00,no,averted,C2024,True,False
2024-02-15,overnight,2024-02-14 21:00:00+00:00,2024-02-15 14:30:00+00:00,532,,,,,,pre,E06,kalshi,GOVSHUT-24MAR11,2024-03-09,2024-01-16 14:00:00+00:00,no,averted,C2024,True,False
2024-02-15,intraday,2024-02-15 14:30:00+00:00,2024-02-15 21:00:00+00:00,532,,0.1,,3.0,,pre,E06,kalshi,GOVSHUT-24MAR11,2024-03-09,2024-01-16 14:00:00+00:00,no,averted,C2024,True,False
2024-02-16,overnight,2024-02-15 21:00:00+00:00,2024-02-16 14:30:00+00:00,533,0.1,0.235,3.0,0.5,0.13499999999999998,pre,E06,kalshi,GOVSHUT-24MAR11,2024-03-09,2024-01-16 14:00:00+00:00,no,averted,C2024,True,False
2024-02-16,intraday,2024-02-16 14:30:00+00:00,2024-02-16 21:00:00+00:00,533,0.235,0.23,0.5,0.0,-0.004999999999999977,pre,E06,kalshi,GOVSHUT-24MAR11,2024-03-09,2024-01-16 14:00:00+00:00,no,averted,C2024,True,False
2024-02-20,overnight,2024-02-16 21:00:00+00:00,2024-02-20 14:30:00+00:00,534,0.23,,0.0,,,pre,E06,kalshi,GOVSHUT-24MAR11,2024-03-09,2024-01-16 14:00:00+00:00,no,averted,C2024,True,False
2024-02-20,intraday,2024-02-20 14:30:00+00:00,2024-02-20 21:00:00+00:00,534,,,,,,pre,E06,kalshi,GOVSHUT-24MAR11,2024-03-09,2024-01-16 14:00:00+00:00,no,averted,C2024,True,False
2024-02-21,overnight,2024-02-20 21:00:00+00:00,2024-02-21 14:30:00+00:00,535,,,,,,pre,E06,kalshi,GOVSHUT-24MAR11,2024-03-09,2024-01-16 14:00:00+00:00,no,averted,C2024,True,False
2024-02-21,intraday,2024-02-21 14:30:00+00:00,2024-02-21 21:00:00+00:00,535,,0.3,,1.0,,pre,E06,kalshi,GOVSHUT-24MAR11,2024-03-09,2024-01-16 14:00:00+00:00,no,averted,C2024,True,False
2024-02-22,overnight,2024-02-21 21:00:00+00:00,2024-02-22 14:30:00+00:00,536,0.3,,1.0,,,pre,E06,kalshi,GOVSHUT-24MAR11,2024-03-09,2024-01-16 14:00:00+00:00,no,averted,C2024,True,False
2024-02-22,intraday,2024-02-22 14:30:00+00:00,2024-02-22 21:00:00+00:00,536,,0.26,,2.0,,pre,E06,kalshi,GOVSHUT-24MAR11,2024-03-09,2024-01-16 14:00:00+00:00,no,averted,C2024,True,False
2024-02-23,overnight,2024-02-22 21:00:00+00:00,2024-02-23 14:30:00+00:00,537,0.26,,2.0,,,pre,E06,kalshi,GOVSHUT-24MAR11,2024-03-09,2024-01-16 14:00:00+00:00,no,averted,C2024,True,False
2024-02-23,intraday,2024-02-23 14:30:00+00:00,2024-02-23 21:00:00+00:00,537,,0.18,,1.0,,pre,E06,kalshi,GOVSHUT-24MAR11,2024-03-09,2024-01-16 14:00:00+00:00,no,averted,C2024,True,False
2024-02-26,overnight,2024-02-23 21:00:00+00:00,2024-02-26 14:30:00+00:00,538,0.18,,1.0,,,pre,E06,kalshi,GOVSHUT-24MAR11,2024-03-09,2024-01-16 14:00:00+00:00,no,averted,C2024,True,False
2024-02-26,intraday,2024-02-26 14:30:00+00:00,2024-02-26 21:00:00+00:00,538,,,,,,pre,E06,kalshi,GOVSHUT-24MAR11,2024-03-09,2024-01-16 14:00:00+00:00,no,averted,C2024,True,False
2024-02-27,overnight,2024-02-26 21:00:00+00:00,2024-02-27 14:30:00+00:00,539,,0.19,,0.5,,pre,E06,kalshi,GOVSHUT-24MAR11,2024-03-09,2024-01-16 14:00:00+00:00,no,averted,C2024,True,False
2024-02-27,intraday,2024-02-27 14:30:00+00:00,2024-02-27 21:00:00+00:00,539,0.19,0.125,0.5,0.0,-0.065,pre,E06,kalshi,GOVSHUT-24MAR11,2024-03-09,2024-01-16 14:00:00+00:00,no,averted,C2024,True,False
2024-02-28,overnight,2024-02-27 21:00:00+00:00,2024-02-28 14:30:00+00:00,540,0.125,0.1649999999999999,0.0,9.5,0.0399999999999999,pre,E06,kalshi,GOVSHUT-24MAR11,2024-03-09,2024-01-16 14:00:00+00:00,no,averted,C2024,True,False
2024-02-28,intraday,2024-02-28 14:30:00+00:00,2024-02-28 21:00:00+00:00,540,0.1649999999999999,0.16,9.5,3.0,-0.004999999999999893,pre,E06,kalshi,GOVSHUT-24MAR11,2024-03-09,2024-01-16 14:00:00+00:00,no,averted,C2024,True,False
2024-02-29,overnight,2024-02-28 21:00:00+00:00,2024-02-29 14:30:00+00:00,541,0.16,0.08,3.0,9.5,-0.08,pre,E06,kalshi,GOVSHUT-24MAR11,2024-03-09,2024-01-16 14:00:00+00:00,no,averted,C2024,True,False
2024-02-29,intraday,2024-02-29 14:30:00+00:00,2024-02-29 21:00:00+00:00,541,0.08,0.0849999999999999,9.5,1.0,0.004999999999999893,pre,E06,kalshi,GOVSHUT-24MAR11,2024-03-09,2024-01-16 14:00:00+00:00,no,averted,C2024,True,False
2024-03-01,overnight,2024-02-29 21:00:00+00:00,2024-03-01 14:30:00+00:00,542,0.0849999999999999,0.095,1.0,0.5,0.010000000000000106,pre,E06,kalshi,GOVSHUT-24MAR11,2024-03-09,2024-01-16 14:00:00+00:00,no,averted,C2024,True,False
2024-03-01,intraday,2024-03-01 14:30:00+00:00,2024-03-01 21:00:00+00:00,542,0.095,0.075,0.5,0.0,-0.020000000000000004,pre,E06,kalshi,GOVSHUT-24MAR11,2024-03-09,2024-01-16 14:00:00+00:00,no,averted,C2024,True,False
2024-03-04,overnight,2024-03-01 21:00:00+00:00,2024-03-04 14:30:00+00:00,543,0.075,0.03,0.0,10.5,-0.045,pre,E06,kalshi,GOVSHUT-24MAR11,2024-03-09,2024-01-16 14:00:00+00:00,no,averted,C2024,True,False
2024-03-04,intraday,2024-03-04 14:30:00+00:00,2024-03-04 21:00:00+00:00,543,0.03,0.045,10.5,4.0,0.015,pre,E06,kalshi,GOVSHUT-24MAR11,2024-03-09,2024-01-16 14:00:00+00:00,no,averted,C2024,True,False
2024-03-05,overnight,2024-03-04 21:00:00+00:00,2024-03-05 14:30:00+00:00,544,0.045,,4.0,,,pre,E06,kalshi,GOVSHUT-24MAR11,2024-03-09,2024-01-16 14:00:00+00:00,no,averted,C2024,True,False
2024-03-05,intraday,2024-03-05 14:30:00+00:00,2024-03-05 21:00:00+00:00,544,,0.05,,0.0,,pre,E06,kalshi,GOVSHUT-24MAR11,2024-03-09,2024-01-16 14:00:00+00:00,no,averted,C2024,True,False
2024-03-06,overnight,2024-03-05 21:00:00+00:00,2024-03-06 14:30:00+00:00,545,0.05,0.035,0.0,8.5,-0.015,pre,E06,kalshi,GOVSHUT-24MAR11,2024-03-09,2024-01-16 14:00:00+00:00,no,averted,C2024,True,False
2024-03-06,intraday,2024-03-06 14:30:00+00:00,2024-03-06 21:00:00+00:00,545,0.035,0.03,8.5,0.0,-0.0050000000000000044,pre,E06,kalshi,GOVSHUT-24MAR11,2024-03-09,2024-01-16 14:00:00+00:00,no,averted,C2024,True,False
2024-03-07,overnight,2024-03-06 21:00:00+00:00,2024-03-07 14:30:00+00:00,546,0.03,,0.0,,,pre,E06,kalshi,GOVSHUT-24MAR11,2024-03-09,2024-01-16 14:00:00+00:00,no,averted,C2024,True,False
2024-03-07,intraday,2024-03-07 14:30:00+00:00,2024-03-07 21:00:00+00:00,546,,,,,,pre,E06,kalshi,GOVSHUT-24MAR11,2024-03-09,2024-01-16 14:00:00+00:00,no,averted,C2024,True,False
2024-03-08,overnight,2024-03-07 21:00:00+00:00,2024-03-08 14:30:00+00:00,547,,,,,,pre,E06,kalshi,GOVSHUT-24MAR11,2024-03-09,2024-01-16 14:00:00+00:00,no,averted,C2024,True,False
2024-03-08,intraday,2024-03-08 14:30:00+00:00,2024-03-08 21:00:00+00:00,547,,0.02,,0.0,,pre,E06,kalshi,GOVSHUT-24MAR11,2024-03-09,2024-01-16 14:00:00+00:00,no,averted,C2024,True,False
2024-03-11,overnight,2024-03-08 21:00:00+00:00,2024-03-11 13:30:00+00:00,548,0.02,,0.0,,,resolution,E06,kalshi,GOVSHUT-24MAR11,2024-03-09,2024-01-16 14:00:00+00:00,no,averted,C2024,True,False
2024-02-08,intraday,2024-02-08 14:30:00+00:00,2024-02-08 21:00:00+00:00,527,0.165,0.165,0.49944444444444447,0.9994444444444445,0.0,pre,E06,polymarket,54125904243038989166597072576304250644723838065357109894568104931394771916119,2024-03-09,2024-01-26 02:00:03+00:00,yes,averted,C2024,True,False
2024-02-09,overnight,2024-02-08 21:00:00+00:00,2024-02-09 14:30:00+00:00,528,0.165,0.165,0.9994444444444445,0.49944444444444447,0.0,pre,E06,polymarket,54125904243038989166597072576304250644723838065357109894568104931394771916119,2024-03-09,2024-01-26 02:00:03+00:00,yes,averted,C2024,True,False
2024-02-09,intraday,2024-02-09 14:30:00+00:00,2024-02-09 21:00:00+00:00,528,0.165,0.165,0.49944444444444447,0.9994444444444445,0.0,pre,E06,polymarket,54125904243038989166597072576304250644723838065357109894568104931394771916119,2024-03-09,2024-01-26 02:00:03+00:00,yes,averted,C2024,True,False
2024-02-12,overnight,2024-02-09 21:00:00+00:00,2024-02-12 14:30:00+00:00,529,0.165,0.165,0.9994444444444445,0.49916666666666665,0.0,pre,E06,polymarket,54125904243038989166597072576304250644723838065357109894568104931394771916119,2024-03-09,2024-01-26 02:00:03+00:00,yes,averted,C2024,True,False
2024-02-12,intraday,2024-02-12 14:30:00+00:00,2024-02-12 21:00:00+00:00,529,0.165,0.165,0.49916666666666665,0.9994444444444445,0.0,pre,E06,polymarket,54125904243038989166597072576304250644723838065357109894568104931394771916119,2024-03-09,2024-01-26 02:00:03+00:00,yes,averted,C2024,True,False
2024-02-13,overnight,2024-02-12 21:00:00+00:00,2024-02-13 14:30:00+00:00,530,0.165,0.45,0.9994444444444445,0.49944444444444447,0.28500000000000003,pre,E06,polymarket,54125904243038989166597072576304250644723838065357109894568104931394771916119,2024-03-09,2024-01-26 02:00:03+00:00,yes,averted,C2024,True,False
2024-02-13,intraday,2024-02-13 14:30:00+00:00,2024-02-13 21:00:00+00:00,530,0.45,0.455,0.49944444444444447,0.9991666666666666,0.0050000000000000044,pre,E06,polymarket,54125904243038989166597072576304250644723838065357109894568104931394771916119,2024-03-09,2024-01-26 02:00:03+00:00,yes,averted,C2024,True,False
2024-02-14,overnight,2024-02-13 21:00:00+00:00,2024-02-14 14:30:00+00:00,531,0.455,0.45,0.9991666666666666,0.49916666666666665,-0.0050000000000000044,pre,E06,polymarket,54125904243038989166597072576304250644723838065357109894568104931394771916119,2024-03-09,2024-01-26 02:00:03+00:00,yes,averted,C2024,True,False
2024-02-14,intraday,2024-02-14 14:30:00+00:00,2024-02-14 21:00:00+00:00,531,0.45,0.4,0.49916666666666665,0.9994444444444445,-0.04999999999999999,pre,E06,polymarket,54125904243038989166597072576304250644723838065357109894568104931394771916119,2024-03-09,2024-01-26 02:00:03+00:00,yes,averted,C2024,True,False
2024-02-15,overnight,2024-02-14 21:00:00+00:00,2024-02-15 14:30:00+00:00,532,0.4,0.21,0.9994444444444445,0.49916666666666665,-0.19000000000000003,pre,E06,polymarket,54125904243038989166597072576304250644723838065357109894568104931394771916119,2024-03-09,2024-01-26 02:00:03+00:00,yes,averted,C2024,True,False
2024-02-15,intraday,2024-02-15 14:30:00+00:00,2024-02-15 21:00:00+00:00,532,0.21,0.21,0.49916666666666665,0.9994444444444445,0.0,pre,E06,polymarket,54125904243038989166597072576304250644723838065357109894568104931394771916119,2024-03-09,2024-01-26 02:00:03+00:00,yes,averted,C2024,True,False
2024-02-16,overnight,2024-02-15 21:00:00+00:00,2024-02-16 14:30:00+00:00,533,0.21,0.22,0.9994444444444445,0.49944444444444447,0.010000000000000009,pre,E06,polymarket,54125904243038989166597072576304250644723838065357109894568104931394771916119,2024-03-09,2024-01-26 02:00:03+00:00,yes,averted,C2024,True,False
2024-02-16,intraday,2024-02-16 14:30:00+00:00,2024-02-16 21:00:00+00:00,533,0.22,0.22,0.49944444444444447,0.9994444444444445,0.0,pre,E06,polymarket,54125904243038989166597072576304250644723838065357109894568104931394771916119,2024-03-09,2024-01-26 02:00:03+00:00,yes,averted,C2024,True,False
2024-02-20,overnight,2024-02-16 21:00:00+00:00,2024-02-20 14:30:00+00:00,534,0.22,0.255,0.9994444444444445,0.49944444444444447,0.035,pre,E06,polymarket,54125904243038989166597072576304250644723838065357109894568104931394771916119,2024-03-09,2024-01-26 02:00:03+00:00,yes,averted,C2024,True,False
2024-02-20,intraday,2024-02-20 14:30:00+00:00,2024-02-20 21:00:00+00:00,534,0.255,0.25,0.49944444444444447,0.9994444444444445,-0.0050000000000000044,pre,E06,polymarket,54125904243038989166597072576304250644723838065357109894568104931394771916119,2024-03-09,2024-01-26 02:00:03+00:00,yes,averted,C2024,True,False
2024-02-21,overnight,2024-02-20 21:00:00+00:00,2024-02-21 14:30:00+00:00,535,0.25,0.38,0.9994444444444445,0.49916666666666665,0.13,pre,E06,polymarket,54125904243038989166597072576304250644723838065357109894568104931394771916119,2024-03-09,2024-01-26 02:00:03+00:00,yes,averted,C2024,True,False
2024-02-21,intraday,2024-02-21 14:30:00+00:00,2024-02-21 21:00:00+00:00,535,0.38,0.37,0.49916666666666665,0.9991666666666666,-0.010000000000000009,pre,E06,polymarket,54125904243038989166597072576304250644723838065357109894568104931394771916119,2024-03-09,2024-01-26 02:00:03+00:00,yes,averted,C2024,True,False
2024-02-22,overnight,2024-02-21 21:00:00+00:00,2024-02-22 14:30:00+00:00,536,0.37,0.36,0.9991666666666666,0.49944444444444447,-0.010000000000000009,pre,E06,polymarket,54125904243038989166597072576304250644723838065357109894568104931394771916119,2024-03-09,2024-01-26 02:00:03+00:00,yes,averted,C2024,True,False
2024-02-22,intraday,2024-02-22 14:30:00+00:00,2024-02-22 21:00:00+00:00,536,0.36,0.36,0.49944444444444447,0.9994444444444445,0.0,pre,E06,polymarket,54125904243038989166597072576304250644723838065357109894568104931394771916119,2024-03-09,2024-01-26 02:00:03+00:00,yes,averted,C2024,True,False
2024-02-23,overnight,2024-02-22 21:00:00+00:00,2024-02-23 14:30:00+00:00,537,0.36,0.405,0.9994444444444445,0.49916666666666665,0.04500000000000004,pre,E06,polymarket,54125904243038989166597072576304250644723838065357109894568104931394771916119,2024-03-09,2024-01-26 02:00:03+00:00,yes,averted,C2024,True,False
2024-02-23,intraday,2024-02-23 14:30:00+00:00,2024-02-23 21:00:00+00:00,537,0.405,0.405,0.49916666666666665,0.9991666666666666,0.0,pre,E06,polymarket,54125904243038989166597072576304250644723838065357109894568104931394771916119,2024-03-09,2024-01-26 02:00:03+00:00,yes,averted,C2024,True,False
2024-02-26,overnight,2024-02-23 21:00:00+00:00,2024-02-26 14:30:00+00:00,538,0.405,0.445,0.9991666666666666,0.49916666666666665,0.03999999999999998,pre,E06,polymarket,54125904243038989166597072576304250644723838065357109894568104931394771916119,2024-03-09,2024-01-26 02:00:03+00:00,yes,averted,C2024,True,False
2024-02-26,intraday,2024-02-26 14:30:00+00:00,2024-02-26 21:00:00+00:00,538,0.445,0.445,0.49916666666666665,0.9994444444444445,0.0,pre,E06,polymarket,54125904243038989166597072576304250644723838065357109894568104931394771916119,2024-03-09,2024-01-26 02:00:03+00:00,yes,averted,C2024,True,False
2024-02-27,overnight,2024-02-26 21:00:00+00:00,2024-02-27 14:30:00+00:00,539,0.445,0.39,0.9994444444444445,0.49944444444444447,-0.05499999999999999,pre,E06,polymarket,54125904243038989166597072576304250644723838065357109894568104931394771916119,2024-03-09,2024-01-26 02:00:03+00:00,yes,averted,C2024,True,False
2024-02-27,intraday,2024-02-27 14:30:00+00:00,2024-02-27 21:00:00+00:00,539,0.39,0.345,0.49944444444444447,0.9991666666666666,-0.04500000000000004,pre,E06,polymarket,54125904243038989166597072576304250644723838065357109894568104931394771916119,2024-03-09,2024-01-26 02:00:03+00:00,yes,averted,C2024,True,False
2024-02-28,overnight,2024-02-27 21:00:00+00:00,2024-02-28 14:30:00+00:00,540,0.345,0.225,0.9991666666666666,0.49916666666666665,-0.11999999999999997,pre,E06,polymarket,54125904243038989166597072576304250644723838065357109894568104931394771916119,2024-03-09,2024-01-26 02:00:03+00:00,yes,averted,C2024,True,False
2024-02-28,intraday,2024-02-28 14:30:00+00:00,2024-02-28 21:00:00+00:00,540,0.225,0.105,0.49916666666666665,0.9991666666666666,-0.12000000000000001,pre,E06,polymarket,54125904243038989166597072576304250644723838065357109894568104931394771916119,2024-03-09,2024-01-26 02:00:03+00:00,yes,averted,C2024,True,False
2024-02-29,overnight,2024-02-28 21:00:00+00:00,2024-02-29 14:30:00+00:00,541,0.105,0.085,0.9991666666666666,0.49944444444444447,-0.01999999999999999,pre,E06,polymarket,54125904243038989166597072576304250644723838065357109894568104931394771916119,2024-03-09,2024-01-26 02:00:03+00:00,yes,averted,C2024,True,False
2024-02-29,intraday,2024-02-29 14:30:00+00:00,2024-02-29 21:00:00+00:00,541,0.085,0.07,0.49944444444444447,0.9991666666666666,-0.015,pre,E06,polymarket,54125904243038989166597072576304250644723838065357109894568104931394771916119,2024-03-09,2024-01-26 02:00:03+00:00,yes,averted,C2024,True,False
2024-03-01,overnight,2024-02-29 21:00:00+00:00,2024-03-01 14:30:00+00:00,542,0.07,0.065,0.9991666666666666,0.49944444444444447,-0.0050000000000000044,pre,E06,polymarket,54125904243038989166597072576304250644723838065357109894568104931394771916119,2024-03-09,2024-01-26 02:00:03+00:00,yes,averted,C2024,True,False
2024-03-01,intraday,2024-03-01 14:30:00+00:00,2024-03-01 21:00:00+00:00,542,0.065,0.06,0.49944444444444447,0.9994444444444445,-0.0050000000000000044,pre,E06,polymarket,54125904243038989166597072576304250644723838065357109894568104931394771916119,2024-03-09,2024-01-26 02:00:03+00:00,yes,averted,C2024,True,False
2024-03-04,overnight,2024-03-01 21:00:00+00:00,2024-03-04 14:30:00+00:00,543,0.06,0.075,0.9994444444444445,0.49916666666666665,0.015,pre,E06,polymarket,54125904243038989166597072576304250644723838065357109894568104931394771916119,2024-03-09,2024-01-26 02:00:03+00:00,yes,averted,C2024,True,False
2024-03-04,intraday,2024-03-04 14:30:00+00:00,2024-03-04 21:00:00+00:00,543,0.075,0.065,0.49916666666666665,0.9991666666666666,-0.009999999999999995,pre,E06,polymarket,54125904243038989166597072576304250644723838065357109894568104931394771916119,2024-03-09,2024-01-26 02:00:03+00:00,yes,averted,C2024,True,False
2024-03-05,overnight,2024-03-04 21:00:00+00:00,2024-03-05 14:30:00+00:00,544,0.065,0.065,0.9991666666666666,0.49916666666666665,0.0,pre,E06,polymarket,54125904243038989166597072576304250644723838065357109894568104931394771916119,2024-03-09,2024-01-26 02:00:03+00:00,yes,averted,C2024,True,False
2024-03-05,intraday,2024-03-05 14:30:00+00:00,2024-03-05 21:00:00+00:00,544,0.065,0.065,0.49916666666666665,0.9991666666666666,0.0,pre,E06,polymarket,54125904243038989166597072576304250644723838065357109894568104931394771916119,2024-03-09,2024-01-26 02:00:03+00:00,yes,averted,C2024,True,False
2024-03-06,overnight,2024-03-05 21:00:00+00:00,2024-03-06 14:30:00+00:00,545,0.065,0.065,0.9991666666666666,0.49944444444444447,0.0,pre,E06,polymarket,54125904243038989166597072576304250644723838065357109894568104931394771916119,2024-03-09,2024-01-26 02:00:03+00:00,yes,averted,C2024,True,False
2024-03-06,intraday,2024-03-06 14:30:00+00:00,2024-03-06 21:00:00+00:00,545,0.065,0.06,0.49944444444444447,0.9991666666666666,-0.0050000000000000044,pre,E06,polymarket,54125904243038989166597072576304250644723838065357109894568104931394771916119,2024-03-09,2024-01-26 02:00:03+00:00,yes,averted,C2024,True,False
2024-03-07,overnight,2024-03-06 21:00:00+00:00,2024-03-07 14:30:00+00:00,546,0.06,0.0355,0.9991666666666666,0.49916666666666665,-0.0245,pre,E06,polymarket,54125904243038989166597072576304250644723838065357109894568104931394771916119,2024-03-09,2024-01-26 02:00:03+00:00,yes,averted,C2024,True,False
2024-03-07,intraday,2024-03-07 14:30:00+00:00,2024-03-07 21:00:00+00:00,546,0.0355,0.026,0.49916666666666665,0.9991666666666666,-0.009499999999999998,pre,E06,polymarket,54125904243038989166597072576304250644723838065357109894568104931394771916119,2024-03-09,2024-01-26 02:00:03+00:00,yes,averted,C2024,True,False
2024-03-08,overnight,2024-03-07 21:00:00+00:00,2024-03-08 14:30:00+00:00,547,0.026,0.06,0.9991666666666666,0.49916666666666665,0.034,pre,E06,polymarket,54125904243038989166597072576304250644723838065357109894568104931394771916119,2024-03-09,2024-01-26 02:00:03+00:00,yes,averted,C2024,True,False
2024-03-08,intraday,2024-03-08 14:30:00+00:00,2024-03-08 21:00:00+00:00,547,0.06,0.305,0.49916666666666665,0.9991666666666666,0.245,pre,E06,polymarket,54125904243038989166597072576304250644723838065357109894568104931394771916119,2024-03-09,2024-01-26 02:00:03+00:00,yes,averted,C2024,True,False
2024-03-11,overnight,2024-03-08 21:00:00+00:00,2024-03-11 13:30:00+00:00,548,0.305,0.9985,0.9991666666666666,0.49944444444444447,0.6935,resolution,E06,polymarket,54125904243038989166597072576304250644723838065357109894568104931394771916119,2024-03-09,2024-01-26 02:00:03+00:00,yes,averted,C2024,True,False
2024-03-04,overnight,2024-03-01 21:00:00+00:00,2024-03-04 14:30:00+00:00,543,,,1.0,,,pre,E07,kalshi,GOVSHUT-24MAR23,2024-03-23,2024-03-01 20:00:00+00:00,no,averted,C2024,True,False
2024-03-04,intraday,2024-03-04 14:30:00+00:00,2024-03-04 21:00:00+00:00,543,,0.175,,0.0,,pre,E07,kalshi,GOVSHUT-24MAR23,2024-03-23,2024-03-01 20:00:00+00:00,no,averted,C2024,True,False
2024-03-05,overnight,2024-03-04 21:00:00+00:00,2024-03-05 14:30:00+00:00,544,0.175,0.1699999999999999,0.0,8.5,-0.005000000000000088,pre,E07,kalshi,GOVSHUT-24MAR23,2024-03-23,2024-03-01 20:00:00+00:00,no,averted,C2024,True,False
2024-03-05,intraday,2024-03-05 14:30:00+00:00,2024-03-05 21:00:00+00:00,544,0.1699999999999999,,8.5,,,pre,E07,kalshi,GOVSHUT-24MAR23,2024-03-23,2024-03-01 20:00:00+00:00,no,averted,C2024,True,False
2024-03-06,overnight,2024-03-05 21:00:00+00:00,2024-03-06 14:30:00+00:00,545,,,,,,pre,E07,kalshi,GOVSHUT-24MAR23,2024-03-23,2024-03-01 20:00:00+00:00,no,averted,C2024,True,False
2024-03-06,intraday,2024-03-06 14:30:00+00:00,2024-03-06 21:00:00+00:00,545,,0.145,,1.0,,pre,E07,kalshi,GOVSHUT-24MAR23,2024-03-23,2024-03-01 20:00:00+00:00,no,averted,C2024,True,False
2024-03-07,overnight,2024-03-06 21:00:00+00:00,2024-03-07 14:30:00+00:00,546,0.145,0.14,1.0,0.5,-0.004999999999999977,pre,E07,kalshi,GOVSHUT-24MAR23,2024-03-23,2024-03-01 20:00:00+00:00,no,averted,C2024,True,False
2024-03-07,intraday,2024-03-07 14:30:00+00:00,2024-03-07 21:00:00+00:00,546,0.14,0.15,0.5,0.0,0.009999999999999981,pre,E07,kalshi,GOVSHUT-24MAR23,2024-03-23,2024-03-01 20:00:00+00:00,no,averted,C2024,True,False
2024-03-08,overnight,2024-03-07 21:00:00+00:00,2024-03-08 14:30:00+00:00,547,0.15,,0.0,,,pre,E07,kalshi,GOVSHUT-24MAR23,2024-03-23,2024-03-01 20:00:00+00:00,no,averted,C2024,True,False
2024-03-08,intraday,2024-03-08 14:30:00+00:00,2024-03-08 21:00:00+00:00,547,,,,,,pre,E07,kalshi,GOVSHUT-24MAR23,2024-03-23,2024-03-01 20:00:00+00:00,no,averted,C2024,True,False
2024-03-11,overnight,2024-03-08 21:00:00+00:00,2024-03-11 13:30:00+00:00,548,,0.155,,10.5,,pre,E07,kalshi,GOVSHUT-24MAR23,2024-03-23,2024-03-01 20:00:00+00:00,no,averted,C2024,True,False
2024-03-11,intraday,2024-03-11 13:30:00+00:00,2024-03-11 20:00:00+00:00,548,0.155,0.095,10.5,0.0,-0.06,pre,E07,kalshi,GOVSHUT-24MAR23,2024-03-23,2024-03-01 20:00:00+00:00,no,averted,C2024,True,False
2024-03-12,overnight,2024-03-11 20:00:00+00:00,2024-03-12 13:30:00+00:00,549,0.095,0.115,0.0,10.5,0.020000000000000004,pre,E07,kalshi,GOVSHUT-24MAR23,2024-03-23,2024-03-01 20:00:00+00:00,no,averted,C2024,True,False
2024-03-12,intraday,2024-03-12 13:30:00+00:00,2024-03-12 20:00:00+00:00,549,0.115,0.105,10.5,0.0,-0.010000000000000009,pre,E07,kalshi,GOVSHUT-24MAR23,2024-03-23,2024-03-01 20:00:00+00:00,no,averted,C2024,True,False
2024-03-13,overnight,2024-03-12 20:00:00+00:00,2024-03-13 13:30:00+00:00,550,0.105,0.12,0.0,0.5,0.015,pre,E07,kalshi,GOVSHUT-24MAR23,2024-03-23,2024-03-01 20:00:00+00:00,no,averted,C2024,True,False
2024-03-13,intraday,2024-03-13 13:30:00+00:00,2024-03-13 20:00:00+00:00,550,0.12,0.12,0.5,0.0,0.0,pre,E07,kalshi,GOVSHUT-24MAR23,2024-03-23,2024-03-01 20:00:00+00:00,no,averted,C2024,True,False
2024-03-14,overnight,2024-03-13 20:00:00+00:00,2024-03-14 13:30:00+00:00,551,0.12,0.11,0.0,8.5,-0.009999999999999995,pre,E07,kalshi,GOVSHUT-24MAR23,2024-03-23,2024-03-01 20:00:00+00:00,no,averted,C2024,True,False
2024-03-14,intraday,2024-03-14 13:30:00+00:00,2024-03-14 20:00:00+00:00,551,0.11,0.105,8.5,3.0,-0.0050000000000000044,pre,E07,kalshi,GOVSHUT-24MAR23,2024-03-23,2024-03-01 20:00:00+00:00,no,averted,C2024,True,False
2024-03-15,overnight,2024-03-14 20:00:00+00:00,2024-03-15 13:30:00+00:00,552,0.105,0.095,3.0,0.5,-0.009999999999999995,pre,E07,kalshi,GOVSHUT-24MAR23,2024-03-23,2024-03-01 20:00:00+00:00,no,averted,C2024,True,False
2024-03-15,intraday,2024-03-15 13:30:00+00:00,2024-03-15 20:00:00+00:00,552,0.095,0.095,0.5,5.0,0.0,pre,E07,kalshi,GOVSHUT-24MAR23,2024-03-23,2024-03-01 20:00:00+00:00,no,averted,C2024,True,False
2024-03-18,overnight,2024-03-15 20:00:00+00:00,2024-03-18 13:30:00+00:00,553,0.095,0.145,5.0,0.5,0.04999999999999999,pre,E07,kalshi,GOVSHUT-24MAR23,2024-03-23,2024-03-01 20:00:00+00:00,no,averted,C2024,True,False
2024-03-18,intraday,2024-03-18 13:30:00+00:00,2024-03-18 20:00:00+00:00,553,0.145,0.31,0.5,0.0,0.165,pre,E07,kalshi,GOVSHUT-24MAR23,2024-03-23,2024-03-01 20:00:00+00:00,no,averted,C2024,True,False
2024-03-19,overnight,2024-03-18 20:00:00+00:00,2024-03-19 13:30:00+00:00,554,0.31,,0.0,0.5,,pre,E07,kalshi,GOVSHUT-24MAR23,2024-03-23,2024-03-01 20:00:00+00:00,no,averted,C2024,True,False
2024-03-19,intraday,2024-03-19 13:30:00+00:00,2024-03-19 20:00:00+00:00,554,,0.16,0.5,0.0,,pre,E07,kalshi,GOVSHUT-24MAR23,2024-03-23,2024-03-01 20:00:00+00:00,no,averted,C2024,True,False
2024-03-20,overnight,2024-03-19 20:00:00+00:00,2024-03-20 13:30:00+00:00,555,0.16,0.175,0.0,0.5,0.014999999999999986,pre,E07,kalshi,GOVSHUT-24MAR23,2024-03-23,2024-03-01 20:00:00+00:00,no,averted,C2024,True,False
2024-03-20,intraday,2024-03-20 13:30:00+00:00,2024-03-20 20:00:00+00:00,555,0.175,0.295,0.5,0.0,0.12,pre,E07,kalshi,GOVSHUT-24MAR23,2024-03-23,2024-03-01 20:00:00+00:00,no,averted,C2024,True,False
2024-03-21,overnight,2024-03-20 20:00:00+00:00,2024-03-21 13:30:00+00:00,556,0.295,0.215,0.0,0.5,-0.07999999999999999,pre,E07,kalshi,GOVSHUT-24MAR23,2024-03-23,2024-03-01 20:00:00+00:00,no,averted,C2024,True,False
2024-03-21,intraday,2024-03-21 13:30:00+00:00,2024-03-21 20:00:00+00:00,556,0.215,0.185,0.5,0.0,-0.03,pre,E07,kalshi,GOVSHUT-24MAR23,2024-03-23,2024-03-01 20:00:00+00:00,no,averted,C2024,True,False
2024-03-22,overnight,2024-03-21 20:00:00+00:00,2024-03-22 13:30:00+00:00,557,0.185,0.255,0.0,0.5,0.07,pre,E07,kalshi,GOVSHUT-24MAR23,2024-03-23,2024-03-01 20:00:00+00:00,no,averted,C2024,True,False
2024-03-22,intraday,2024-03-22 13:30:00+00:00,2024-03-22 20:00:00+00:00,557,0.255,0.145,0.5,0.0,-0.11000000000000001,pre,E07,kalshi,GOVSHUT-24MAR23,2024-03-23,2024-03-01 20:00:00+00:00,no,averted,C2024,True,False
2024-03-25,overnight,2024-03-22 20:00:00+00:00,2024-03-25 13:30:00+00:00,558,0.145,,0.0,,,resolution,E07,kalshi,GOVSHUT-24MAR23,2024-03-23,2024-03-01 20:00:00+00:00,no,averted,C2024,True,False
2024-03-04,intraday,2024-03-04 14:30:00+00:00,2024-03-04 21:00:00+00:00,543,0.185,0.165,0.49916666666666665,0.9991666666666666,-0.01999999999999999,pre,E07,polymarket,54493921602178012542907340413017326096924519434326524522609209033099287795651,2024-03-23,2024-03-01 23:00:03+00:00,yes,averted,C2024,True,False
2024-03-05,overnight,2024-03-04 21:00:00+00:00,2024-03-05 14:30:00+00:00,544,0.165,0.165,0.9991666666666666,0.49916666666666665,0.0,pre,E07,polymarket,54493921602178012542907340413017326096924519434326524522609209033099287795651,2024-03-23,2024-03-01 23:00:03+00:00,yes,averted,C2024,True,False
2024-03-05,intraday,2024-03-05 14:30:00+00:00,2024-03-05 21:00:00+00:00,544,0.165,0.165,0.49916666666666665,0.9991666666666666,0.0,pre,E07,polymarket,54493921602178012542907340413017326096924519434326524522609209033099287795651,2024-03-23,2024-03-01 23:00:03+00:00,yes,averted,C2024,True,False
2024-03-06,overnight,2024-03-05 21:00:00+00:00,2024-03-06 14:30:00+00:00,545,0.165,0.165,0.9991666666666666,0.49944444444444447,0.0,pre,E07,polymarket,54493921602178012542907340413017326096924519434326524522609209033099287795651,2024-03-23,2024-03-01 23:00:03+00:00,yes,averted,C2024,True,False
2024-03-06,intraday,2024-03-06 14:30:00+00:00,2024-03-06 21:00:00+00:00,545,0.165,0.165,0.49944444444444447,0.9991666666666666,0.0,pre,E07,polymarket,54493921602178012542907340413017326096924519434326524522609209033099287795651,2024-03-23,2024-03-01 23:00:03+00:00,yes,averted,C2024,True,False
2024-03-07,overnight,2024-03-06 21:00:00+00:00,2024-03-07 14:30:00+00:00,546,0.165,0.165,0.9991666666666666,0.49916666666666665,0.0,pre,E07,polymarket,54493921602178012542907340413017326096924519434326524522609209033099287795651,2024-03-23,2024-03-01 23:00:03+00:00,yes,averted,C2024,True,False
2024-03-07,intraday,2024-03-07 14:30:00+00:00,2024-03-07 21:00:00+00:00,546,0.165,0.165,0.49916666666666665,0.9991666666666666,0.0,pre,E07,polymarket,54493921602178012542907340413017326096924519434326524522609209033099287795651,2024-03-23,2024-03-01 23:00:03+00:00,yes,averted,C2024,True,False
2024-03-08,overnight,2024-03-07 21:00:00+00:00,2024-03-08 14:30:00+00:00,547,0.165,0.185,0.9991666666666666,0.49916666666666665,0.01999999999999999,pre,E07,polymarket,54493921602178012542907340413017326096924519434326524522609209033099287795651,2024-03-23,2024-03-01 23:00:03+00:00,yes,averted,C2024,True,False
2024-03-08,intraday,2024-03-08 14:30:00+00:00,2024-03-08 21:00:00+00:00,547,0.185,0.555,0.49916666666666665,0.9991666666666666,0.37000000000000005,pre,E07,polymarket,54493921602178012542907340413017326096924519434326524522609209033099287795651,2024-03-23,2024-03-01 23:00:03+00:00,yes,averted,C2024,True,False
2024-03-11,overnight,2024-03-08 21:00:00+00:00,2024-03-11 13:30:00+00:00,548,0.555,0.9985,0.9991666666666666,0.49944444444444447,0.4435,pre,E07,polymarket,54493921602178012542907340413017326096924519434326524522609209033099287795651,2024-03-23,2024-03-01 23:00:03+00:00,yes,averted,C2024,True,False
2024-03-11,intraday,2024-03-11 13:30:00+00:00,2024-03-11 20:00:00+00:00,548,0.9985,0.9975,0.49944444444444447,0.9994444444444445,-0.0010000000000000009,pre,E07,polymarket,54493921602178012542907340413017326096924519434326524522609209033099287795651,2024-03-23,2024-03-01 23:00:03+00:00,yes,averted,C2024,True,False
2024-03-12,overnight,2024-03-11 20:00:00+00:00,2024-03-12 13:30:00+00:00,549,0.9975,,0.9994444444444445,,,pre,E07,polymarket,54493921602178012542907340413017326096924519434326524522609209033099287795651,2024-03-23,2024-03-01 23:00:03+00:00,yes,averted,C2024,True,False
2024-03-12,intraday,2024-03-12 13:30:00+00:00,2024-03-12 20:00:00+00:00,549,,,,,,pre,E07,polymarket,54493921602178012542907340413017326096924519434326524522609209033099287795651,2024-03-23,2024-03-01 23:00:03+00:00,yes,averted,C2024,True,False
2024-03-13,overnight,2024-03-12 20:00:00+00:00,2024-03-13 13:30:00+00:00,550,,,,,,pre,E07,polymarket,54493921602178012542907340413017326096924519434326524522609209033099287795651,2024-03-23,2024-03-01 23:00:03+00:00,yes,averted,C2024,True,False
2024-03-13,intraday,2024-03-13 13:30:00+00:00,2024-03-13 20:00:00+00:00,550,,,,,,pre,E07,polymarket,54493921602178012542907340413017326096924519434326524522609209033099287795651,2024-03-23,2024-03-01 23:00:03+00:00,yes,averted,C2024,True,False
2024-03-14,overnight,2024-03-13 20:00:00+00:00,2024-03-14 13:30:00+00:00,551,,,,,,pre,E07,polymarket,54493921602178012542907340413017326096924519434326524522609209033099287795651,2024-03-23,2024-03-01 23:00:03+00:00,yes,averted,C2024,True,False
2024-03-14,intraday,2024-03-14 13:30:00+00:00,2024-03-14 20:00:00+00:00,551,,,,,,pre,E07,polymarket,54493921602178012542907340413017326096924519434326524522609209033099287795651,2024-03-23,2024-03-01 23:00:03+00:00,yes,averted,C2024,True,False
2024-03-15,overnight,2024-03-14 20:00:00+00:00,2024-03-15 13:30:00+00:00,552,,,,,,pre,E07,polymarket,54493921602178012542907340413017326096924519434326524522609209033099287795651,2024-03-23,2024-03-01 23:00:03+00:00,yes,averted,C2024,True,False
2024-03-15,intraday,2024-03-15 13:30:00+00:00,2024-03-15 20:00:00+00:00,552,,,,,,pre,E07,polymarket,54493921602178012542907340413017326096924519434326524522609209033099287795651,2024-03-23,2024-03-01 23:00:03+00:00,yes,averted,C2024,True,False
2024-03-18,overnight,2024-03-15 20:00:00+00:00,2024-03-18 13:30:00+00:00,553,,,,,,pre,E07,polymarket,54493921602178012542907340413017326096924519434326524522609209033099287795651,2024-03-23,2024-03-01 23:00:03+00:00,yes,averted,C2024,True,False
2024-03-18,intraday,2024-03-18 13:30:00+00:00,2024-03-18 20:00:00+00:00,553,,,,,,pre,E07,polymarket,54493921602178012542907340413017326096924519434326524522609209033099287795651,2024-03-23,2024-03-01 23:00:03+00:00,yes,averted,C2024,True,False
2024-03-19,overnight,2024-03-18 20:00:00+00:00,2024-03-19 13:30:00+00:00,554,,,,,,pre,E07,polymarket,54493921602178012542907340413017326096924519434326524522609209033099287795651,2024-03-23,2024-03-01 23:00:03+00:00,yes,averted,C2024,True,False
2024-03-19,intraday,2024-03-19 13:30:00+00:00,2024-03-19 20:00:00+00:00,554,,,,,,pre,E07,polymarket,54493921602178012542907340413017326096924519434326524522609209033099287795651,2024-03-23,2024-03-01 23:00:03+00:00,yes,averted,C2024,True,False
2024-03-20,overnight,2024-03-19 20:00:00+00:00,2024-03-20 13:30:00+00:00,555,,,,,,pre,E07,polymarket,54493921602178012542907340413017326096924519434326524522609209033099287795651,2024-03-23,2024-03-01 23:00:03+00:00,yes,averted,C2024,True,False
2024-03-20,intraday,2024-03-20 13:30:00+00:00,2024-03-20 20:00:00+00:00,555,,,,,,pre,E07,polymarket,54493921602178012542907340413017326096924519434326524522609209033099287795651,2024-03-23,2024-03-01 23:00:03+00:00,yes,averted,C2024,True,False
2024-03-21,overnight,2024-03-20 20:00:00+00:00,2024-03-21 13:30:00+00:00,556,,,,,,pre,E07,polymarket,54493921602178012542907340413017326096924519434326524522609209033099287795651,2024-03-23,2024-03-01 23:00:03+00:00,yes,averted,C2024,True,False
2024-03-21,intraday,2024-03-21 13:30:00+00:00,2024-03-21 20:00:00+00:00,556,,,,,,pre,E07,polymarket,54493921602178012542907340413017326096924519434326524522609209033099287795651,2024-03-23,2024-03-01 23:00:03+00:00,yes,averted,C2024,True,False
2024-03-22,overnight,2024-03-21 20:00:00+00:00,2024-03-22 13:30:00+00:00,557,,,,,,pre,E07,polymarket,54493921602178012542907340413017326096924519434326524522609209033099287795651,2024-03-23,2024-03-01 23:00:03+00:00,yes,averted,C2024,True,False
2024-03-22,intraday,2024-03-22 13:30:00+00:00,2024-03-22 20:00:00+00:00,557,,,,,,pre,E07,polymarket,54493921602178012542907340413017326096924519434326524522609209033099287795651,2024-03-23,2024-03-01 23:00:03+00:00,yes,averted,C2024,True,False
2024-03-25,overnight,2024-03-22 20:00:00+00:00,2024-03-25 13:30:00+00:00,558,,,,,,resolution,E07,polymarket,54493921602178012542907340413017326096924519434326524522609209033099287795651,2024-03-23,2024-03-01 23:00:03+00:00,yes,averted,C2024,True,False
2025-03-05,overnight,2025-03-04 21:00:00+00:00,2025-03-05 14:30:00+00:00,794,0.495,0.37,0.0,0.5,-0.125,pre,E09,kalshi,KXSHUTDOWNBYDATE-25MAR18,2025-03-15,2025-03-04 16:00:00+00:00,no,averted,E09,True,False
2025-03-05,intraday,2025-03-05 14:30:00+00:00,2025-03-05 21:00:00+00:00,794,0.37,0.315,0.5,0.0,-0.05499999999999999,pre,E09,kalshi,KXSHUTDOWNBYDATE-25MAR18,2025-03-15,2025-03-04 16:00:00+00:00,no,averted,E09,True,False
2025-03-06,overnight,2025-03-05 21:00:00+00:00,2025-03-06 14:30:00+00:00,795,0.315,0.1699999999999999,0.0,0.5,-0.1450000000000001,pre,E09,kalshi,KXSHUTDOWNBYDATE-25MAR18,2025-03-15,2025-03-04 16:00:00+00:00,no,averted,E09,True,False
2025-03-06,intraday,2025-03-06 14:30:00+00:00,2025-03-06 21:00:00+00:00,795,0.1699999999999999,0.225,0.5,0.0,0.055000000000000104,pre,E09,kalshi,KXSHUTDOWNBYDATE-25MAR18,2025-03-15,2025-03-04 16:00:00+00:00,no,averted,E09,True,False
2025-03-07,overnight,2025-03-06 21:00:00+00:00,2025-03-07 14:30:00+00:00,796,0.225,0.245,0.0,0.5,0.01999999999999999,pre,E09,kalshi,KXSHUTDOWNBYDATE-25MAR18,2025-03-15,2025-03-04 16:00:00+00:00,no,averted,E09,True,False
2025-03-07,intraday,2025-03-07 14:30:00+00:00,2025-03-07 21:00:00+00:00,796,0.245,0.265,0.5,0.0,0.020000000000000018,pre,E09,kalshi,KXSHUTDOWNBYDATE-25MAR18,2025-03-15,2025-03-04 16:00:00+00:00,no,averted,E09,True,False
2025-03-10,overnight,2025-03-07 21:00:00+00:00,2025-03-10 13:30:00+00:00,797,0.265,0.255,0.0,0.5,-0.010000000000000009,pre,E09,kalshi,KXSHUTDOWNBYDATE-25MAR18,2025-03-15,2025-03-04 16:00:00+00:00,no,averted,E09,True,False
2025-03-10,intraday,2025-03-10 13:30:00+00:00,2025-03-10 20:00:00+00:00,797,0.255,0.245,0.5,0.0,-0.010000000000000009,pre,E09,kalshi,KXSHUTDOWNBYDATE-25MAR18,2025-03-15,2025-03-04 16:00:00+00:00,no,averted,E09,True,False
2025-03-11,overnight,2025-03-10 20:00:00+00:00,2025-03-11 13:30:00+00:00,798,0.245,0.195,0.0,0.5,-0.04999999999999999,pre,E09,kalshi,KXSHUTDOWNBYDATE-25MAR18,2025-03-15,2025-03-04 16:00:00+00:00,no,averted,E09,True,False
2025-03-11,intraday,2025-03-11 13:30:00+00:00,2025-03-11 20:00:00+00:00,798,0.195,0.185,0.5,0.0,-0.010000000000000009,pre,E09,kalshi,KXSHUTDOWNBYDATE-25MAR18,2025-03-15,2025-03-04 16:00:00+00:00,no,averted,E09,True,False
2025-03-12,overnight,2025-03-11 20:00:00+00:00,2025-03-12 13:30:00+00:00,799,0.185,0.13,0.0,0.5,-0.05499999999999999,pre,E09,kalshi,KXSHUTDOWNBYDATE-25MAR18,2025-03-15,2025-03-04 16:00:00+00:00,no,averted,E09,True,False
2025-03-12,intraday,2025-03-12 13:30:00+00:00,2025-03-12 20:00:00+00:00,799,0.13,0.205,0.5,0.0,0.07499999999999998,pre,E09,kalshi,KXSHUTDOWNBYDATE-25MAR18,2025-03-15,2025-03-04 16:00:00+00:00,no,averted,E09,True,False
2025-03-13,overnight,2025-03-12 20:00:00+00:00,2025-03-13 13:30:00+00:00,800,0.205,0.275,0.0,0.5,0.07000000000000003,pre,E09,kalshi,KXSHUTDOWNBYDATE-25MAR18,2025-03-15,2025-03-04 16:00:00+00:00,no,averted,E09,True,False
2025-03-13,intraday,2025-03-13 13:30:00+00:00,2025-03-13 20:00:00+00:00,800,0.275,0.205,0.5,0.0,-0.07000000000000003,pre,E09,kalshi,KXSHUTDOWNBYDATE-25MAR18,2025-03-15,2025-03-04 16:00:00+00:00,no,averted,E09,True,False
2025-03-14,overnight,2025-03-13 20:00:00+00:00,2025-03-14 13:30:00+00:00,801,0.205,0.09,0.0,0.5,-0.11499999999999999,pre,E09,kalshi,KXSHUTDOWNBYDATE-25MAR18,2025-03-15,2025-03-04 16:00:00+00:00,no,averted,E09,True,False
2025-03-14,intraday,2025-03-14 13:30:00+00:00,2025-03-14 20:00:00+00:00,801,0.09,0.075,0.5,0.0,-0.015,pre,E09,kalshi,KXSHUTDOWNBYDATE-25MAR18,2025-03-15,2025-03-04 16:00:00+00:00,no,averted,E09,True,False
2025-03-17,overnight,2025-03-14 20:00:00+00:00,2025-03-17 13:30:00+00:00,802,0.075,0.005,0.0,8.5,-0.06999999999999999,resolution,E09,kalshi,KXSHUTDOWNBYDATE-25MAR18,2025-03-15,2025-03-04 16:00:00+00:00,no,averted,E09,True,False
2025-02-13,intraday,2025-02-13 14:30:00+00:00,2025-02-13 21:00:00+00:00,781,0.625,0.625,0.4988888888888889,0.9988888888888889,0.0,pre,E09,polymarket,38236598342491303152364421973300502578732152123493806980881863251221928118496,2025-03-15,2025-01-10 18:00:04+00:00,yes,averted,E09,True,False
2025-02-14,overnight,2025-02-13 21:00:00+00:00,2025-02-14 14:30:00+00:00,782,0.625,0.625,0.9988888888888889,0.49916666666666665,0.0,pre,E09,polymarket,38236598342491303152364421973300502578732152123493806980881863251221928118496,2025-03-15,2025-01-10 18:00:04+00:00,yes,averted,E09,True,False
2025-02-14,intraday,2025-02-14 14:30:00+00:00,2025-02-14 21:00:00+00:00,782,0.625,0.625,0.49916666666666665,0.9986111111111111,0.0,pre,E09,polymarket,38236598342491303152364421973300502578732152123493806980881863251221928118496,2025-03-15,2025-01-10 18:00:04+00:00,yes,averted,E09,True,False
2025-02-18,overnight,2025-02-14 21:00:00+00:00,2025-02-18 14:30:00+00:00,783,0.625,0.635,0.9986111111111111,0.4988888888888889,0.010000000000000009,pre,E09,polymarket,38236598342491303152364421973300502578732152123493806980881863251221928118496,2025-03-15,2025-01-10 18:00:04+00:00,yes,averted,E09,True,False
2025-02-18,intraday,2025-02-18 14:30:00+00:00,2025-02-18 21:00:00+00:00,783,0.635,0.635,0.4988888888888889,0.9986111111111111,0.0,pre,E09,polymarket,38236598342491303152364421973300502578732152123493806980881863251221928118496,2025-03-15,2025-01-10 18:00:04+00:00,yes,averted,E09,True,False
2025-02-19,overnight,2025-02-18 21:00:00+00:00,2025-02-19 14:30:00+00:00,784,0.635,0.645,0.9986111111111111,0.4988888888888889,0.010000000000000009,pre,E09,polymarket,38236598342491303152364421973300502578732152123493806980881863251221928118496,2025-03-15,2025-01-10 18:00:04+00:00,yes,averted,E09,True,False
2025-02-19,intraday,2025-02-19 14:30:00+00:00,2025-02-19 21:00:00+00:00,784,0.645,0.645,0.4988888888888889,0.9988888888888889,0.0,pre,E09,polymarket,38236598342491303152364421973300502578732152123493806980881863251221928118496,2025-03-15,2025-01-10 18:00:04+00:00,yes,averted,E09,True,False
2025-02-20,overnight,2025-02-19 21:00:00+00:00,2025-02-20 14:30:00+00:00,785,0.645,0.68,0.9988888888888889,0.4988888888888889,0.03500000000000003,pre,E09,polymarket,38236598342491303152364421973300502578732152123493806980881863251221928118496,2025-03-15,2025-01-10 18:00:04+00:00,yes,averted,E09,True,False
2025-02-20,intraday,2025-02-20 14:30:00+00:00,2025-02-20 21:00:00+00:00,785,0.68,0.685,0.4988888888888889,0.9988888888888889,0.0050000000000000044,pre,E09,polymarket,38236598342491303152364421973300502578732152123493806980881863251221928118496,2025-03-15,2025-01-10 18:00:04+00:00,yes,averted,E09,True,False
2025-02-21,overnight,2025-02-20 21:00:00+00:00,2025-02-21 14:30:00+00:00,786,0.685,0.735,0.9988888888888889,0.4988888888888889,0.04999999999999993,pre,E09,polymarket,38236598342491303152364421973300502578732152123493806980881863251221928118496,2025-03-15,2025-01-10 18:00:04+00:00,yes,averted,E09,True,False
2025-02-21,intraday,2025-02-21 14:30:00+00:00,2025-02-21 21:00:00+00:00,786,0.735,0.74,0.4988888888888889,0.9988888888888889,0.0050000000000000044,pre,E09,polymarket,38236598342491303152364421973300502578732152123493806980881863251221928118496,2025-03-15,2025-01-10 18:00:04+00:00,yes,averted,E09,True,False
2025-02-24,overnight,2025-02-21 21:00:00+00:00,2025-02-24 14:30:00+00:00,787,0.74,0.745,0.9988888888888889,0.4988888888888889,0.0050000000000000044,pre,E09,polymarket,38236598342491303152364421973300502578732152123493806980881863251221928118496,2025-03-15,2025-01-10 18:00:04+00:00,yes,averted,E09,True,False
2025-02-24,intraday,2025-02-24 14:30:00+00:00,2025-02-24 21:00:00+00:00,787,0.745,0.745,0.4988888888888889,0.9986111111111111,0.0,pre,E09,polymarket,38236598342491303152364421973300502578732152123493806980881863251221928118496,2025-03-15,2025-01-10 18:00:04+00:00,yes,averted,E09,True,False
2025-02-25,overnight,2025-02-24 21:00:00+00:00,2025-02-25 14:30:00+00:00,788,0.745,0.635,0.9986111111111111,0.4988888888888889,-0.10999999999999999,pre,E09,polymarket,38236598342491303152364421973300502578732152123493806980881863251221928118496,2025-03-15,2025-01-10 18:00:04+00:00,yes,averted,E09,True,False
2025-02-25,intraday,2025-02-25 14:30:00+00:00,2025-02-25 21:00:00+00:00,788,0.635,0.635,0.4988888888888889,0.9986111111111111,0.0,pre,E09,polymarket,38236598342491303152364421973300502578732152123493806980881863251221928118496,2025-03-15,2025-01-10 18:00:04+00:00,yes,averted,E09,True,False
2025-02-26,overnight,2025-02-25 21:00:00+00:00,2025-02-26 14:30:00+00:00,789,0.635,0.475,0.9986111111111111,0.4986111111111111,-0.16000000000000003,pre,E09,polymarket,38236598342491303152364421973300502578732152123493806980881863251221928118496,2025-03-15,2025-01-10 18:00:04+00:00,yes,averted,E09,True,False
2025-02-26,intraday,2025-02-26 14:30:00+00:00,2025-02-26 21:00:00+00:00,789,0.475,0.465,0.4986111111111111,0.9986111111111111,-0.009999999999999953,pre,E09,polymarket,38236598342491303152364421973300502578732152123493806980881863251221928118496,2025-03-15,2025-01-10 18:00:04+00:00,yes,averted,E09,True,False
2025-02-27,overnight,2025-02-26 21:00:00+00:00,2025-02-27 14:30:00+00:00,790,0.465,0.53,0.9986111111111111,0.4986111111111111,0.065,pre,E09,polymarket,38236598342491303152364421973300502578732152123493806980881863251221928118496,2025-03-15,2025-01-10 18:00:04+00:00,yes,averted,E09,True,False
2025-02-27,intraday,2025-02-27 14:30:00+00:00,2025-02-27 21:00:00+00:00,790,0.53,0.525,0.4986111111111111,0.9986111111111111,-0.0050000000000000044,pre,E09,polymarket,38236598342491303152364421973300502578732152123493806980881863251221928118496,2025-03-15,2025-01-10 18:00:04+00:00,yes,averted,E09,True,False
2025-02-28,overnight,2025-02-27 21:00:00+00:00,2025-02-28 14:30:00+00:00,791,0.525,0.515,0.9986111111111111,0.4986111111111111,-0.010000000000000009,pre,E09,polymarket,38236598342491303152364421973300502578732152123493806980881863251221928118496,2025-03-15,2025-01-10 18:00:04+00:00,yes,averted,E09,True,False
2025-02-28,intraday,2025-02-28 14:30:00+00:00,2025-02-28 21:00:00+00:00,791,0.515,0.54,0.4986111111111111,0.9986111111111111,0.025000000000000022,pre,E09,polymarket,38236598342491303152364421973300502578732152123493806980881863251221928118496,2025-03-15,2025-01-10 18:00:04+00:00,yes,averted,E09,True,False
2025-03-03,overnight,2025-02-28 21:00:00+00:00,2025-03-03 14:30:00+00:00,792,0.54,0.55,0.9986111111111111,0.4988888888888889,0.010000000000000009,pre,E09,polymarket,38236598342491303152364421973300502578732152123493806980881863251221928118496,2025-03-15,2025-01-10 18:00:04+00:00,yes,averted,E09,True,False
2025-03-03,intraday,2025-03-03 14:30:00+00:00,2025-03-03 21:00:00+00:00,792,0.55,0.56,0.4988888888888889,0.9988888888888889,0.010000000000000009,pre,E09,polymarket,38236598342491303152364421973300502578732152123493806980881863251221928118496,2025-03-15,2025-01-10 18:00:04+00:00,yes,averted,E09,True,False
2025-03-04,overnight,2025-03-03 21:00:00+00:00,2025-03-04 14:30:00+00:00,793,0.56,0.655,0.9988888888888889,0.4986111111111111,0.09499999999999997,pre,E09,polymarket,38236598342491303152364421973300502578732152123493806980881863251221928118496,2025-03-15,2025-01-10 18:00:04+00:00,yes,averted,E09,True,False
2025-03-04,intraday,2025-03-04 14:30:00+00:00,2025-03-04 21:00:00+00:00,793,0.655,0.725,0.4986111111111111,0.9986111111111111,0.06999999999999995,pre,E09,polymarket,38236598342491303152364421973300502578732152123493806980881863251221928118496,2025-03-15,2025-01-10 18:00:04+00:00,yes,averted,E09,True,False
2025-03-05,overnight,2025-03-04 21:00:00+00:00,2025-03-05 14:30:00+00:00,794,0.725,0.695,0.9986111111111111,0.4988888888888889,-0.030000000000000027,pre,E09,polymarket,38236598342491303152364421973300502578732152123493806980881863251221928118496,2025-03-15,2025-01-10 18:00:04+00:00,yes,averted,E09,True,False
2025-03-05,intraday,2025-03-05 14:30:00+00:00,2025-03-05 21:00:00+00:00,794,0.695,0.56,0.4988888888888889,0.9986111111111111,-0.1349999999999999,pre,E09,polymarket,38236598342491303152364421973300502578732152123493806980881863251221928118496,2025-03-15,2025-01-10 18:00:04+00:00,yes,averted,E09,True,False
2025-03-06,overnight,2025-03-05 21:00:00+00:00,2025-03-06 14:30:00+00:00,795,0.56,0.47,0.9986111111111111,0.4986111111111111,-0.09000000000000008,pre,E09,polymarket,38236598342491303152364421973300502578732152123493806980881863251221928118496,2025-03-15,2025-01-10 18:00:04+00:00,yes,averted,E09,True,False
2025-03-06,intraday,2025-03-06 14:30:00+00:00,2025-03-06 21:00:00+00:00,795,0.47,0.455,0.4986111111111111,0.9986111111111111,-0.014999999999999958,pre,E09,polymarket,38236598342491303152364421973300502578732152123493806980881863251221928118496,2025-03-15,2025-01-10 18:00:04+00:00,yes,averted,E09,True,False
2025-03-07,overnight,2025-03-06 21:00:00+00:00,2025-03-07 14:30:00+00:00,796,0.455,0.39,0.9986111111111111,0.4986111111111111,-0.065,pre,E09,polymarket,38236598342491303152364421973300502578732152123493806980881863251221928118496,2025-03-15,2025-01-10 18:00:04+00:00,yes,averted,E09,True,False
2025-03-07,intraday,2025-03-07 14:30:00+00:00,2025-03-07 21:00:00+00:00,796,0.39,0.395,0.4986111111111111,0.9988888888888889,0.0050000000000000044,pre,E09,polymarket,38236598342491303152364421973300502578732152123493806980881863251221928118496,2025-03-15,2025-01-10 18:00:04+00:00,yes,averted,E09,True,False
2025-03-10,overnight,2025-03-07 21:00:00+00:00,2025-03-10 13:30:00+00:00,797,0.395,0.32,0.9988888888888889,0.4986111111111111,-0.07500000000000001,pre,E09,polymarket,38236598342491303152364421973300502578732152123493806980881863251221928118496,2025-03-15,2025-01-10 18:00:04+00:00,yes,averted,E09,True,False
2025-03-10,intraday,2025-03-10 13:30:00+00:00,2025-03-10 20:00:00+00:00,797,0.32,0.29,0.4986111111111111,0.9986111111111111,-0.030000000000000027,pre,E09,polymarket,38236598342491303152364421973300502578732152123493806980881863251221928118496,2025-03-15,2025-01-10 18:00:04+00:00,yes,averted,E09,True,False
2025-03-11,overnight,2025-03-10 20:00:00+00:00,2025-03-11 13:30:00+00:00,798,0.29,0.335,0.9986111111111111,0.4986111111111111,0.04500000000000004,pre,E09,polymarket,38236598342491303152364421973300502578732152123493806980881863251221928118496,2025-03-15,2025-01-10 18:00:04+00:00,yes,averted,E09,True,False
2025-03-11,intraday,2025-03-11 13:30:00+00:00,2025-03-11 20:00:00+00:00,798,0.335,0.265,0.4986111111111111,0.9988888888888889,-0.07,pre,E09,polymarket,38236598342491303152364421973300502578732152123493806980881863251221928118496,2025-03-15,2025-01-10 18:00:04+00:00,yes,averted,E09,True,False
2025-03-12,overnight,2025-03-11 20:00:00+00:00,2025-03-12 13:30:00+00:00,799,0.265,0.23,0.9988888888888889,0.4988888888888889,-0.035,pre,E09,polymarket,38236598342491303152364421973300502578732152123493806980881863251221928118496,2025-03-15,2025-01-10 18:00:04+00:00,yes,averted,E09,True,False
2025-03-12,intraday,2025-03-12 13:30:00+00:00,2025-03-12 20:00:00+00:00,799,0.23,0.32,0.4988888888888889,0.9986111111111111,0.09,pre,E09,polymarket,38236598342491303152364421973300502578732152123493806980881863251221928118496,2025-03-15,2025-01-10 18:00:04+00:00,yes,averted,E09,True,False
2025-03-13,overnight,2025-03-12 20:00:00+00:00,2025-03-13 13:30:00+00:00,800,0.32,0.41,0.9986111111111111,0.49833333333333335,0.08999999999999997,pre,E09,polymarket,38236598342491303152364421973300502578732152123493806980881863251221928118496,2025-03-15,2025-01-10 18:00:04+00:00,yes,averted,E09,True,False
2025-03-13,intraday,2025-03-13 13:30:00+00:00,2025-03-13 20:00:00+00:00,800,0.41,0.465,0.49833333333333335,0.9986111111111111,0.05500000000000005,pre,E09,polymarket,38236598342491303152364421973300502578732152123493806980881863251221928118496,2025-03-15,2025-01-10 18:00:04+00:00,yes,averted,E09,True,False
2025-03-14,overnight,2025-03-13 20:00:00+00:00,2025-03-14 13:30:00+00:00,801,0.465,0.265,0.9986111111111111,0.4988888888888889,-0.2,pre,E09,polymarket,38236598342491303152364421973300502578732152123493806980881863251221928118496,2025-03-15,2025-01-10 18:00:04+00:00,yes,averted,E09,True,False
2025-03-14,intraday,2025-03-14 13:30:00+00:00,2025-03-14 20:00:00+00:00,801,0.265,0.37,0.4988888888888889,0.9988888888888889,0.10499999999999998,pre,E09,polymarket,38236598342491303152364421973300502578732152123493806980881863251221928118496,2025-03-15,2025-01-10 18:00:04+00:00,yes,averted,E09,True,False
2025-03-17,overnight,2025-03-14 20:00:00+00:00,2025-03-17 13:30:00+00:00,802,0.37,0.9965,0.9988888888888889,0.4986111111111111,0.6265000000000001,resolution,E09,polymarket,38236598342491303152364421973300502578732152123493806980881863251221928118496,2025-03-15,2025-01-10 18:00:04+00:00,yes,averted,E09,True,False
2025-09-16,intraday,2025-09-16 13:30:00+00:00,2025-09-16 20:00:00+00:00,928,0.385,0.455,0.5,0.0,0.07,pre,E10,kalshi,KXGOVSHUT-25OCT01,2025-10-01,2025-09-16 01:00:00+00:00,yes,shutdown_43d,E10,True,False
2025-09-17,overnight,2025-09-16 20:00:00+00:00,2025-09-17 13:30:00+00:00,929,0.455,0.445,0.0,0.5,-0.010000000000000009,pre,E10,kalshi,KXGOVSHUT-25OCT01,2025-10-01,2025-09-16 01:00:00+00:00,yes,shutdown_43d,E10,True,False
2025-09-17,intraday,2025-09-17 13:30:00+00:00,2025-09-17 20:00:00+00:00,929,0.445,0.415,0.5,0.0,-0.030000000000000027,pre,E10,kalshi,KXGOVSHUT-25OCT01,2025-10-01,2025-09-16 01:00:00+00:00,yes,shutdown_43d,E10,True,False
2025-09-18,overnight,2025-09-17 20:00:00+00:00,2025-09-18 13:30:00+00:00,930,0.415,0.415,0.0,0.5,0.0,pre,E10,kalshi,KXGOVSHUT-25OCT01,2025-10-01,2025-09-16 01:00:00+00:00,yes,shutdown_43d,E10,True,False
2025-09-18,intraday,2025-09-18 13:30:00+00:00,2025-09-18 20:00:00+00:00,930,0.415,0.42,0.5,0.0,0.0050000000000000044,pre,E10,kalshi,KXGOVSHUT-25OCT01,2025-10-01,2025-09-16 01:00:00+00:00,yes,shutdown_43d,E10,True,False
2025-09-19,overnight,2025-09-18 20:00:00+00:00,2025-09-19 13:30:00+00:00,931,0.42,0.445,0.0,0.5,0.025000000000000022,pre,E10,kalshi,KXGOVSHUT-25OCT01,2025-10-01,2025-09-16 01:00:00+00:00,yes,shutdown_43d,E10,True,False
2025-09-19,intraday,2025-09-19 13:30:00+00:00,2025-09-19 20:00:00+00:00,931,0.445,0.535,0.5,0.0,0.09000000000000002,pre,E10,kalshi,KXGOVSHUT-25OCT01,2025-10-01,2025-09-16 01:00:00+00:00,yes,shutdown_43d,E10,True,False
2025-09-22,overnight,2025-09-19 20:00:00+00:00,2025-09-22 13:30:00+00:00,932,0.535,0.655,0.0,0.5,0.12,pre,E10,kalshi,KXGOVSHUT-25OCT01,2025-10-01,2025-09-16 01:00:00+00:00,yes,shutdown_43d,E10,True,False
2025-09-22,intraday,2025-09-22 13:30:00+00:00,2025-09-22 20:00:00+00:00,932,0.655,0.635,0.5,0.0,-0.020000000000000018,pre,E10,kalshi,KXGOVSHUT-25OCT01,2025-10-01,2025-09-16 01:00:00+00:00,yes,shutdown_43d,E10,True,False
2025-09-23,overnight,2025-09-22 20:00:00+00:00,2025-09-23 13:30:00+00:00,933,0.635,0.59,0.0,0.5,-0.04500000000000004,pre,E10,kalshi,KXGOVSHUT-25OCT01,2025-10-01,2025-09-16 01:00:00+00:00,yes,shutdown_43d,E10,True,False
2025-09-23,intraday,2025-09-23 13:30:00+00:00,2025-09-23 20:00:00+00:00,933,0.59,0.655,0.5,0.0,0.06500000000000006,pre,E10,kalshi,KXGOVSHUT-25OCT01,2025-10-01,2025-09-16 01:00:00+00:00,yes,shutdown_43d,E10,True,False
2025-09-24,overnight,2025-09-23 20:00:00+00:00,2025-09-24 13:30:00+00:00,934,0.655,0.665,0.0,0.5,0.010000000000000009,pre,E10,kalshi,KXGOVSHUT-25OCT01,2025-10-01,2025-09-16 01:00:00+00:00,yes,shutdown_43d,E10,True,False
2025-09-24,intraday,2025-09-24 13:30:00+00:00,2025-09-24 20:00:00+00:00,934,0.665,0.67,0.5,0.0,0.0050000000000000044,pre,E10,kalshi,KXGOVSHUT-25OCT01,2025-10-01,2025-09-16 01:00:00+00:00,yes,shutdown_43d,E10,True,False
2025-09-25,overnight,2025-09-24 20:00:00+00:00,2025-09-25 13:30:00+00:00,935,0.67,0.645,0.0,0.5,-0.025000000000000022,pre,E10,kalshi,KXGOVSHUT-25OCT01,2025-10-01,2025-09-16 01:00:00+00:00,yes,shutdown_43d,E10,True,False
2025-09-25,intraday,2025-09-25 13:30:00+00:00,2025-09-25 20:00:00+00:00,935,0.645,0.635,0.5,0.0,-0.010000000000000009,pre,E10,kalshi,KXGOVSHUT-25OCT01,2025-10-01,2025-09-16 01:00:00+00:00,yes,shutdown_43d,E10,True,False
2025-09-26,overnight,2025-09-25 20:00:00+00:00,2025-09-26 13:30:00+00:00,936,0.635,0.665,0.0,0.5,0.030000000000000027,pre,E10,kalshi,KXGOVSHUT-25OCT01,2025-10-01,2025-09-16 01:00:00+00:00,yes,shutdown_43d,E10,True,False
2025-09-26,intraday,2025-09-26 13:30:00+00:00,2025-09-26 20:00:00+00:00,936,0.665,0.675,0.5,0.0,0.010000000000000009,pre,E10,kalshi,KXGOVSHUT-25OCT01,2025-10-01,2025-09-16 01:00:00+00:00,yes,shutdown_43d,E10,True,False
2025-09-29,overnight,2025-09-26 20:00:00+00:00,2025-09-29 13:30:00+00:00,937,0.675,0.625,0.0,0.5,-0.050000000000000044,pre,E10,kalshi,KXGOVSHUT-25OCT01,2025-10-01,2025-09-16 01:00:00+00:00,yes,shutdown_43d,E10,True,False
2025-09-29,intraday,2025-09-29 13:30:00+00:00,2025-09-29 20:00:00+00:00,937,0.625,0.615,0.5,0.0,-0.010000000000000009,pre,E10,kalshi,KXGOVSHUT-25OCT01,2025-10-01,2025-09-16 01:00:00+00:00,yes,shutdown_43d,E10,True,False
2025-09-30,overnight,2025-09-29 20:00:00+00:00,2025-09-30 13:30:00+00:00,938,0.615,0.785,0.0,0.5,0.17000000000000004,pre,E10,kalshi,KXGOVSHUT-25OCT01,2025-10-01,2025-09-16 01:00:00+00:00,yes,shutdown_43d,E10,True,False
2025-09-30,intraday,2025-09-30 13:30:00+00:00,2025-09-30 20:00:00+00:00,938,0.785,0.855,0.5,0.0,0.06999999999999995,pre,E10,kalshi,KXGOVSHUT-25OCT01,2025-10-01,2025-09-16 01:00:00+00:00,yes,shutdown_43d,E10,True,False
2025-10-01,overnight,2025-09-30 20:00:00+00:00,2025-10-01 13:30:00+00:00,939,0.855,0.995,0.0,0.5,0.14,resolution,E10,kalshi,KXGOVSHUT-25OCT01,2025-10-01,2025-09-16 01:00:00+00:00,yes,shutdown_43d,E10,True,False
2025-09-02,intraday,2025-09-02 13:30:00+00:00,2025-09-02 20:00:00+00:00,918,0.24,0.15,0.4988888888888889,0.995,-0.09,pre,E10,polymarket,98045093822431547938365423095786421804452886266888528428746910959667685407691,2025-10-01,2025-09-02 02:00:15+00:00,yes,shutdown_43d,E10,True,False
2025-09-03,overnight,2025-09-02 20:00:00+00:00,2025-09-03 13:30:00+00:00,919,0.15,0.195,0.995,0.49777777777777776,0.04500000000000001,pre,E10,polymarket,98045093822431547938365423095786421804452886266888528428746910959667685407691,2025-10-01,2025-09-02 02:00:15+00:00,yes,shutdown_43d,E10,True,False
2025-09-03,intraday,2025-09-03 13:30:00+00:00,2025-09-03 20:00:00+00:00,919,0.195,0.225,0.49777777777777776,0.9977777777777778,0.03,pre,E10,polymarket,98045093822431547938365423095786421804452886266888528428746910959667685407691,2025-10-01,2025-09-02 02:00:15+00:00,yes,shutdown_43d,E10,True,False
2025-09-04,overnight,2025-09-03 20:00:00+00:00,2025-09-04 13:30:00+00:00,920,0.225,0.335,0.9977777777777778,0.4988888888888889,0.11000000000000001,pre,E10,polymarket,98045093822431547938365423095786421804452886266888528428746910959667685407691,2025-10-01,2025-09-02 02:00:15+00:00,yes,shutdown_43d,E10,True,False
2025-09-04,intraday,2025-09-04 13:30:00+00:00,2025-09-04 20:00:00+00:00,920,0.335,0.335,0.4988888888888889,0.9975,0.0,pre,E10,polymarket,98045093822431547938365423095786421804452886266888528428746910959667685407691,2025-10-01,2025-09-02 02:00:15+00:00,yes,shutdown_43d,E10,True,False
2025-09-05,overnight,2025-09-04 20:00:00+00:00,2025-09-05 13:30:00+00:00,921,0.335,0.36,0.9975,0.4986111111111111,0.024999999999999967,pre,E10,polymarket,98045093822431547938365423095786421804452886266888528428746910959667685407691,2025-10-01,2025-09-02 02:00:15+00:00,yes,shutdown_43d,E10,True,False
2025-09-05,intraday,2025-09-05 13:30:00+00:00,2025-09-05 20:00:00+00:00,921,0.36,0.32,0.4986111111111111,0.9986111111111111,-0.03999999999999998,pre,E10,polymarket,98045093822431547938365423095786421804452886266888528428746910959667685407691,2025-10-01,2025-09-02 02:00:15+00:00,yes,shutdown_43d,E10,True,False
2025-09-08,overnight,2025-09-05 20:00:00+00:00,2025-09-08 13:30:00+00:00,922,0.32,0.445,0.9986111111111111,0.495,0.125,pre,E10,polymarket,98045093822431547938365423095786421804452886266888528428746910959667685407691,2025-10-01,2025-09-02 02:00:15+00:00,yes,shutdown_43d,E10,True,False
2025-09-08,intraday,2025-09-08 13:30:00+00:00,2025-09-08 20:00:00+00:00,922,0.445,0.415,0.495,0.9988888888888889,-0.030000000000000027,pre,E10,polymarket,98045093822431547938365423095786421804452886266888528428746910959667685407691,2025-10-01,2025-09-02 02:00:15+00:00,yes,shutdown_43d,E10,True,False
2025-09-09,overnight,2025-09-08 20:00:00+00:00,2025-09-09 13:30:00+00:00,923,0.415,0.365,0.9988888888888889,0.49805555555555553,-0.04999999999999999,pre,E10,polymarket,98045093822431547938365423095786421804452886266888528428746910959667685407691,2025-10-01,2025-09-02 02:00:15+00:00,yes,shutdown_43d,E10,True,False
2025-09-09,intraday,2025-09-09 13:30:00+00:00,2025-09-09 20:00:00+00:00,923,0.365,0.365,0.49805555555555553,0.9977777777777778,0.0,pre,E10,polymarket,98045093822431547938365423095786421804452886266888528428746910959667685407691,2025-10-01,2025-09-02 02:00:15+00:00,yes,shutdown_43d,E10,True,False
2025-09-10,overnight,2025-09-09 20:00:00+00:00,2025-09-10 13:30:00+00:00,924,0.365,0.33,0.9977777777777778,0.49722222222222223,-0.034999999999999976,pre,E10,polymarket,98045093822431547938365423095786421804452886266888528428746910959667685407691,2025-10-01,2025-09-02 02:00:15+00:00,yes,shutdown_43d,E10,True,False
2025-09-10,intraday,2025-09-10 13:30:00+00:00,2025-09-10 20:00:00+00:00,924,0.33,0.335,0.49722222222222223,0.9988888888888889,0.0050000000000000044,pre,E10,polymarket,98045093822431547938365423095786421804452886266888528428746910959667685407691,2025-10-01,2025-09-02 02:00:15+00:00,yes,shutdown_43d,E10,True,False
2025-09-11,overnight,2025-09-10 20:00:00+00:00,2025-09-11 13:30:00+00:00,925,0.335,0.365,0.9988888888888889,0.49916666666666665,0.02999999999999997,pre,E10,polymarket,98045093822431547938365423095786421804452886266888528428746910959667685407691,2025-10-01,2025-09-02 02:00:15+00:00,yes,shutdown_43d,E10,True,False
2025-09-11,intraday,2025-09-11 13:30:00+00:00,2025-09-11 20:00:00+00:00,925,0.365,0.37,0.49916666666666665,0.9933333333333333,0.0050000000000000044,pre,E10,polymarket,98045093822431547938365423095786421804452886266888528428746910959667685407691,2025-10-01,2025-09-02 02:00:15+00:00,yes,shutdown_43d,E10,True,False
2025-09-12,overnight,2025-09-11 20:00:00+00:00,2025-09-12 13:30:00+00:00,926,0.37,0.365,0.9933333333333333,0.49805555555555553,-0.0050000000000000044,pre,E10,polymarket,98045093822431547938365423095786421804452886266888528428746910959667685407691,2025-10-01,2025-09-02 02:00:15+00:00,yes,shutdown_43d,E10,True,False
2025-09-12,intraday,2025-09-12 13:30:00+00:00,2025-09-12 20:00:00+00:00,926,0.365,0.39,0.49805555555555553,0.9930555555555556,0.025000000000000022,pre,E10,polymarket,98045093822431547938365423095786421804452886266888528428746910959667685407691,2025-10-01,2025-09-02 02:00:15+00:00,yes,shutdown_43d,E10,True,False
2025-09-15,overnight,2025-09-12 20:00:00+00:00,2025-09-15 13:30:00+00:00,927,0.39,0.35,0.9930555555555556,0.4961111111111111,-0.040000000000000036,pre,E10,polymarket,98045093822431547938365423095786421804452886266888528428746910959667685407691,2025-10-01,2025-09-02 02:00:15+00:00,yes,shutdown_43d,E10,True,False
2025-09-15,intraday,2025-09-15 13:30:00+00:00,2025-09-15 20:00:00+00:00,927,0.35,0.35,0.4961111111111111,0.9963888888888889,0.0,pre,E10,polymarket,98045093822431547938365423095786421804452886266888528428746910959667685407691,2025-10-01,2025-09-02 02:00:15+00:00,yes,shutdown_43d,E10,True,False
2025-09-16,overnight,2025-09-15 20:00:00+00:00,2025-09-16 13:30:00+00:00,928,0.35,0.365,0.9963888888888889,0.4988888888888889,0.015000000000000013,pre,E10,polymarket,98045093822431547938365423095786421804452886266888528428746910959667685407691,2025-10-01,2025-09-02 02:00:15+00:00,yes,shutdown_43d,E10,True,False
2025-09-16,intraday,2025-09-16 13:30:00+00:00,2025-09-16 20:00:00+00:00,928,0.365,0.445,0.4988888888888889,0.9983333333333333,0.08000000000000002,pre,E10,polymarket,98045093822431547938365423095786421804452886266888528428746910959667685407691,2025-10-01,2025-09-02 02:00:15+00:00,yes,shutdown_43d,E10,True,False
2025-09-17,overnight,2025-09-16 20:00:00+00:00,2025-09-17 13:30:00+00:00,929,0.445,0.39,0.9983333333333333,0.49527777777777776,-0.05499999999999999,pre,E10,polymarket,98045093822431547938365423095786421804452886266888528428746910959667685407691,2025-10-01,2025-09-02 02:00:15+00:00,yes,shutdown_43d,E10,True,False
2025-09-17,intraday,2025-09-17 13:30:00+00:00,2025-09-17 20:00:00+00:00,929,0.39,0.405,0.49527777777777776,0.9983333333333333,0.015000000000000013,pre,E10,polymarket,98045093822431547938365423095786421804452886266888528428746910959667685407691,2025-10-01,2025-09-02 02:00:15+00:00,yes,shutdown_43d,E10,True,False
2025-09-18,overnight,2025-09-17 20:00:00+00:00,2025-09-18 13:30:00+00:00,930,0.405,0.335,0.9983333333333333,0.49583333333333335,-0.07,pre,E10,polymarket,98045093822431547938365423095786421804452886266888528428746910959667685407691,2025-10-01,2025-09-02 02:00:15+00:00,yes,shutdown_43d,E10,True,False
2025-09-18,intraday,2025-09-18 13:30:00+00:00,2025-09-18 20:00:00+00:00,930,0.335,0.425,0.49583333333333335,0.9955555555555555,0.08999999999999997,pre,E10,polymarket,98045093822431547938365423095786421804452886266888528428746910959667685407691,2025-10-01,2025-09-02 02:00:15+00:00,yes,shutdown_43d,E10,True,False
2025-09-19,overnight,2025-09-18 20:00:00+00:00,2025-09-19 13:30:00+00:00,931,0.425,0.41,0.9955555555555555,0.4938888888888889,-0.015000000000000013,pre,E10,polymarket,98045093822431547938365423095786421804452886266888528428746910959667685407691,2025-10-01,2025-09-02 02:00:15+00:00,yes,shutdown_43d,E10,True,False
2025-09-19,intraday,2025-09-19 13:30:00+00:00,2025-09-19 20:00:00+00:00,931,0.41,0.495,0.4938888888888889,0.9930555555555556,0.08500000000000002,pre,E10,polymarket,98045093822431547938365423095786421804452886266888528428746910959667685407691,2025-10-01,2025-09-02 02:00:15+00:00,yes,shutdown_43d,E10,True,False
2025-09-22,overnight,2025-09-19 20:00:00+00:00,2025-09-22 13:30:00+00:00,932,0.495,0.645,0.9930555555555556,0.4963888888888889,0.15000000000000002,pre,E10,polymarket,98045093822431547938365423095786421804452886266888528428746910959667685407691,2025-10-01,2025-09-02 02:00:15+00:00,yes,shutdown_43d,E10,True,False
2025-09-22,intraday,2025-09-22 13:30:00+00:00,2025-09-22 20:00:00+00:00,932,0.645,0.625,0.4963888888888889,0.9955555555555555,-0.020000000000000018,pre,E10,polymarket,98045093822431547938365423095786421804452886266888528428746910959667685407691,2025-10-01,2025-09-02 02:00:15+00:00,yes,shutdown_43d,E10,True,False
2025-09-23,overnight,2025-09-22 20:00:00+00:00,2025-09-23 13:30:00+00:00,933,0.625,0.6,0.9955555555555555,0.49583333333333335,-0.025000000000000022,pre,E10,polymarket,98045093822431547938365423095786421804452886266888528428746910959667685407691,2025-10-01,2025-09-02 02:00:15+00:00,yes,shutdown_43d,E10,True,False
2025-09-23,intraday,2025-09-23 13:30:00+00:00,2025-09-23 20:00:00+00:00,933,0.6,0.615,0.49583333333333335,0.9972222222222222,0.015000000000000013,pre,E10,polymarket,98045093822431547938365423095786421804452886266888528428746910959667685407691,2025-10-01,2025-09-02 02:00:15+00:00,yes,shutdown_43d,E10,True,False
2025-09-24,overnight,2025-09-23 20:00:00+00:00,2025-09-24 13:30:00+00:00,934,0.615,0.645,0.9972222222222222,0.4986111111111111,0.030000000000000027,pre,E10,polymarket,98045093822431547938365423095786421804452886266888528428746910959667685407691,2025-10-01,2025-09-02 02:00:15+00:00,yes,shutdown_43d,E10,True,False
2025-09-24,intraday,2025-09-24 13:30:00+00:00,2025-09-24 20:00:00+00:00,934,0.645,0.65,0.4986111111111111,0.9994444444444445,0.0050000000000000044,pre,E10,polymarket,98045093822431547938365423095786421804452886266888528428746910959667685407691,2025-10-01,2025-09-02 02:00:15+00:00,yes,shutdown_43d,E10,True,False
2025-09-25,overnight,2025-09-24 20:00:00+00:00,2025-09-25 13:30:00+00:00,935,0.65,0.63,0.9994444444444445,0.49666666666666665,-0.020000000000000018,pre,E10,polymarket,98045093822431547938365423095786421804452886266888528428746910959667685407691,2025-10-01,2025-09-02 02:00:15+00:00,yes,shutdown_43d,E10,True,False
2025-09-25,intraday,2025-09-25 13:30:00+00:00,2025-09-25 20:00:00+00:00,935,0.63,0.65,0.49666666666666665,0.9986111111111111,0.020000000000000018,pre,E10,polymarket,98045093822431547938365423095786421804452886266888528428746910959667685407691,2025-10-01,2025-09-02 02:00:15+00:00,yes,shutdown_43d,E10,True,False
2025-09-26,overnight,2025-09-25 20:00:00+00:00,2025-09-26 13:30:00+00:00,936,0.65,0.685,0.9986111111111111,0.49722222222222223,0.03500000000000003,pre,E10,polymarket,98045093822431547938365423095786421804452886266888528428746910959667685407691,2025-10-01,2025-09-02 02:00:15+00:00,yes,shutdown_43d,E10,True,False
2025-09-26,intraday,2025-09-26 13:30:00+00:00,2025-09-26 20:00:00+00:00,936,0.685,0.705,0.49722222222222223,0.9961111111111111,0.019999999999999907,pre,E10,polymarket,98045093822431547938365423095786421804452886266888528428746910959667685407691,2025-10-01,2025-09-02 02:00:15+00:00,yes,shutdown_43d,E10,True,False
2025-09-29,overnight,2025-09-26 20:00:00+00:00,2025-09-29 13:30:00+00:00,937,0.705,0.645,0.9961111111111111,0.49916666666666665,-0.05999999999999994,pre,E10,polymarket,98045093822431547938365423095786421804452886266888528428746910959667685407691,2025-10-01,2025-09-02 02:00:15+00:00,yes,shutdown_43d,E10,True,False
2025-09-29,intraday,2025-09-29 13:30:00+00:00,2025-09-29 20:00:00+00:00,937,0.645,0.73,0.49916666666666665,0.9969444444444444,0.08499999999999996,pre,E10,polymarket,98045093822431547938365423095786421804452886266888528428746910959667685407691,2025-10-01,2025-09-02 02:00:15+00:00,yes,shutdown_43d,E10,True,False
2025-09-30,overnight,2025-09-29 20:00:00+00:00,2025-09-30 13:30:00+00:00,938,0.73,0.785,0.9969444444444444,0.49722222222222223,0.05500000000000005,pre,E10,polymarket,98045093822431547938365423095786421804452886266888528428746910959667685407691,2025-10-01,2025-09-02 02:00:15+00:00,yes,shutdown_43d,E10,True,False
2025-09-30,intraday,2025-09-30 13:30:00+00:00,2025-09-30 20:00:00+00:00,938,0.785,0.85,0.49722222222222223,0.9986111111111111,0.06499999999999995,pre,E10,polymarket,98045093822431547938365423095786421804452886266888528428746910959667685407691,2025-10-01,2025-09-02 02:00:15+00:00,yes,shutdown_43d,E10,True,False
2025-10-01,overnight,2025-09-30 20:00:00+00:00,2025-10-01 13:30:00+00:00,939,0.85,0.9985,0.9986111111111111,7.498611111111111,0.14850000000000008,resolution,E10,polymarket,98045093822431547938365423095786421804452886266888528428746910959667685407691,2025-10-01,2025-09-02 02:00:15+00:00,yes,shutdown_43d,E10,True,False
2026-01-02,intraday,2026-01-02 14:30:00+00:00,2026-01-02 21:00:00+00:00,1003,0.295,0.295,0.5,0.0,0.0,pre,E11,kalshi,KXGOVSHUT-26JAN31,2026-01-31,2025-11-11 20:00:00+00:00,yes,brief_lapse,E11,True,False
2026-01-05,overnight,2026-01-02 21:00:00+00:00,2026-01-05 14:30:00+00:00,1004,0.295,0.205,0.0,0.5,-0.09,pre,E11,kalshi,KXGOVSHUT-26JAN31,2026-01-31,2025-11-11 20:00:00+00:00,yes,brief_lapse,E11,True,False
2026-01-05,intraday,2026-01-05 14:30:00+00:00,2026-01-05 21:00:00+00:00,1004,0.205,0.215,0.5,0.0,0.010000000000000009,pre,E11,kalshi,KXGOVSHUT-26JAN31,2026-01-31,2025-11-11 20:00:00+00:00,yes,brief_lapse,E11,True,False
2026-01-06,overnight,2026-01-05 21:00:00+00:00,2026-01-06 14:30:00+00:00,1005,0.215,0.225,0.0,0.5,0.010000000000000009,pre,E11,kalshi,KXGOVSHUT-26JAN31,2026-01-31,2025-11-11 20:00:00+00:00,yes,brief_lapse,E11,True,False
2026-01-06,intraday,2026-01-06 14:30:00+00:00,2026-01-06 21:00:00+00:00,1005,0.225,0.2299999999999999,0.5,0.0,0.004999999999999893,pre,E11,kalshi,KXGOVSHUT-26JAN31,2026-01-31,2025-11-11 20:00:00+00:00,yes,brief_lapse,E11,True,False
2026-01-07,overnight,2026-01-06 21:00:00+00:00,2026-01-07 14:30:00+00:00,1006,0.2299999999999999,0.235,0.0,0.5,0.005000000000000088,pre,E11,kalshi,KXGOVSHUT-26JAN31,2026-01-31,2025-11-11 20:00:00+00:00,yes,brief_lapse,E11,True,False
2026-01-07,intraday,2026-01-07 14:30:00+00:00,2026-01-07 21:00:00+00:00,1006,0.235,0.225,0.5,0.0,-0.009999999999999981,pre,E11,kalshi,KXGOVSHUT-26JAN31,2026-01-31,2025-11-11 20:00:00+00:00,yes,brief_lapse,E11,True,False
2026-01-08,overnight,2026-01-07 21:00:00+00:00,2026-01-08 14:30:00+00:00,1007,0.225,0.245,0.0,0.5,0.01999999999999999,pre,E11,kalshi,KXGOVSHUT-26JAN31,2026-01-31,2025-11-11 20:00:00+00:00,yes,brief_lapse,E11,True,False
2026-01-08,intraday,2026-01-08 14:30:00+00:00,2026-01-08 21:00:00+00:00,1007,0.245,0.245,0.5,0.0,0.0,pre,E11,kalshi,KXGOVSHUT-26JAN31,2026-01-31,2025-11-11 20:00:00+00:00,yes,brief_lapse,E11,True,False
2026-01-09,overnight,2026-01-08 21:00:00+00:00,2026-01-09 14:30:00+00:00,1008,0.245,0.2299999999999999,0.0,0.5,-0.015000000000000097,pre,E11,kalshi,KXGOVSHUT-26JAN31,2026-01-31,2025-11-11 20:00:00+00:00,yes,brief_lapse,E11,True,False
2026-01-09,intraday,2026-01-09 14:30:00+00:00,2026-01-09 21:00:00+00:00,1008,0.2299999999999999,0.22,0.5,0.0,-0.009999999999999898,pre,E11,kalshi,KXGOVSHUT-26JAN31,2026-01-31,2025-11-11 20:00:00+00:00,yes,brief_lapse,E11,True,False
2026-01-12,overnight,2026-01-09 21:00:00+00:00,2026-01-12 14:30:00+00:00,1009,0.22,0.28,0.0,0.5,0.060000000000000026,pre,E11,kalshi,KXGOVSHUT-26JAN31,2026-01-31,2025-11-11 20:00:00+00:00,yes,brief_lapse,E11,True,False
2026-01-12,intraday,2026-01-12 14:30:00+00:00,2026-01-12 21:00:00+00:00,1009,0.28,0.265,0.5,0.0,-0.015000000000000013,pre,E11,kalshi,KXGOVSHUT-26JAN31,2026-01-31,2025-11-11 20:00:00+00:00,yes,brief_lapse,E11,True,False
2026-01-13,overnight,2026-01-12 21:00:00+00:00,2026-01-13 14:30:00+00:00,1010,0.265,0.285,0.0,0.5,0.019999999999999962,pre,E11,kalshi,KXGOVSHUT-26JAN31,2026-01-31,2025-11-11 20:00:00+00:00,yes,brief_lapse,E11,True,False
2026-01-13,intraday,2026-01-13 14:30:00+00:00,2026-01-13 21:00:00+00:00,1010,0.285,0.285,0.5,0.0,0.0,pre,E11,kalshi,KXGOVSHUT-26JAN31,2026-01-31,2025-11-11 20:00:00+00:00,yes,brief_lapse,E11,True,False
2026-01-14,overnight,2026-01-13 21:00:00+00:00,2026-01-14 14:30:00+00:00,1011,0.285,0.295,0.0,0.5,0.010000000000000009,pre,E11,kalshi,KXGOVSHUT-26JAN31,2026-01-31,2025-11-11 20:00:00+00:00,yes,brief_lapse,E11,True,False
2026-01-14,intraday,2026-01-14 14:30:00+00:00,2026-01-14 21:00:00+00:00,1011,0.295,0.295,0.5,0.0,0.0,pre,E11,kalshi,KXGOVSHUT-26JAN31,2026-01-31,2025-11-11 20:00:00+00:00,yes,brief_lapse,E11,True,False
2026-01-15,overnight,2026-01-14 21:00:00+00:00,2026-01-15 14:30:00+00:00,1012,0.295,0.285,0.0,0.5,-0.010000000000000009,pre,E11,kalshi,KXGOVSHUT-26JAN31,2026-01-31,2025-11-11 20:00:00+00:00,yes,brief_lapse,E11,True,False
2026-01-15,intraday,2026-01-15 14:30:00+00:00,2026-01-15 21:00:00+00:00,1012,0.285,0.265,0.5,0.0,-0.019999999999999962,pre,E11,kalshi,KXGOVSHUT-26JAN31,2026-01-31,2025-11-11 20:00:00+00:00,yes,brief_lapse,E11,True,False
2026-01-16,overnight,2026-01-15 21:00:00+00:00,2026-01-16 14:30:00+00:00,1013,0.265,0.245,0.0,0.5,-0.020000000000000018,pre,E11,kalshi,KXGOVSHUT-26JAN31,2026-01-31,2025-11-11 20:00:00+00:00,yes,brief_lapse,E11,True,False
2026-01-16,intraday,2026-01-16 14:30:00+00:00,2026-01-16 21:00:00+00:00,1013,0.245,0.245,0.5,0.0,0.0,pre,E11,kalshi,KXGOVSHUT-26JAN31,2026-01-31,2025-11-11 20:00:00+00:00,yes,brief_lapse,E11,True,False
2026-01-20,overnight,2026-01-16 21:00:00+00:00,2026-01-20 14:30:00+00:00,1014,0.245,0.125,0.0,0.5,-0.12,pre,E11,kalshi,KXGOVSHUT-26JAN31,2026-01-31,2025-11-11 20:00:00+00:00,yes,brief_lapse,E11,True,False
2026-01-20,intraday,2026-01-20 14:30:00+00:00,2026-01-20 21:00:00+00:00,1014,0.125,0.1149999999999999,0.5,0.0,-0.010000000000000106,pre,E11,kalshi,KXGOVSHUT-26JAN31,2026-01-31,2025-11-11 20:00:00+00:00,yes,brief_lapse,E11,True,False
2026-01-21,overnight,2026-01-20 21:00:00+00:00,2026-01-21 14:30:00+00:00,1015,0.1149999999999999,0.1149999999999999,0.0,0.5,0.0,pre,E11,kalshi,KXGOVSHUT-26JAN31,2026-01-31,2025-11-11 20:00:00+00:00,yes,brief_lapse,E11,True,False
2026-01-21,intraday,2026-01-21 14:30:00+00:00,2026-01-21 21:00:00+00:00,1015,0.1149999999999999,0.125,0.5,0.0,0.010000000000000106,pre,E11,kalshi,KXGOVSHUT-26JAN31,2026-01-31,2025-11-11 20:00:00+00:00,yes,brief_lapse,E11,True,False
2026-01-22,overnight,2026-01-21 21:00:00+00:00,2026-01-22 14:30:00+00:00,1016,0.125,0.0849999999999999,0.0,0.5,-0.040000000000000105,pre,E11,kalshi,KXGOVSHUT-26JAN31,2026-01-31,2025-11-11 20:00:00+00:00,yes,brief_lapse,E11,True,False
2026-01-22,intraday,2026-01-22 14:30:00+00:00,2026-01-22 21:00:00+00:00,1016,0.0849999999999999,0.105,0.5,0.0,0.0200000000000001,pre,E11,kalshi,KXGOVSHUT-26JAN31,2026-01-31,2025-11-11 20:00:00+00:00,yes,brief_lapse,E11,True,False
2026-01-23,overnight,2026-01-22 21:00:00+00:00,2026-01-23 14:30:00+00:00,1017,0.105,0.075,0.0,0.5,-0.03,pre,E11,kalshi,KXGOVSHUT-26JAN31,2026-01-31,2025-11-11 20:00:00+00:00,yes,brief_lapse,E11,True,False
2026-01-23,intraday,2026-01-23 14:30:00+00:00,2026-01-23 21:00:00+00:00,1017,0.075,0.095,0.5,0.0,0.020000000000000004,pre,E11,kalshi,KXGOVSHUT-26JAN31,2026-01-31,2025-11-11 20:00:00+00:00,yes,brief_lapse,E11,True,False
2026-01-26,overnight,2026-01-23 21:00:00+00:00,2026-01-26 14:30:00+00:00,1018,0.095,0.795,0.0,0.5,0.7000000000000001,pre,E11,kalshi,KXGOVSHUT-26JAN31,2026-01-31,2025-11-11 20:00:00+00:00,yes,brief_lapse,E11,True,False
2026-01-26,intraday,2026-01-26 14:30:00+00:00,2026-01-26 21:00:00+00:00,1018,0.795,0.775,0.5,0.0,-0.020000000000000018,pre,E11,kalshi,KXGOVSHUT-26JAN31,2026-01-31,2025-11-11 20:00:00+00:00,yes,brief_lapse,E11,True,False
2026-01-27,overnight,2026-01-26 21:00:00+00:00,2026-01-27 14:30:00+00:00,1019,0.775,0.765,0.0,0.5,-0.010000000000000009,pre,E11,kalshi,KXGOVSHUT-26JAN31,2026-01-31,2025-11-11 20:00:00+00:00,yes,brief_lapse,E11,True,False
2026-01-27,intraday,2026-01-27 14:30:00+00:00,2026-01-27 21:00:00+00:00,1019,0.765,0.765,0.5,0.0,0.0,pre,E11,kalshi,KXGOVSHUT-26JAN31,2026-01-31,2025-11-11 20:00:00+00:00,yes,brief_lapse,E11,True,False
2026-01-28,overnight,2026-01-27 21:00:00+00:00,2026-01-28 14:30:00+00:00,1020,0.765,0.735,0.0,0.5,-0.030000000000000027,pre,E11,kalshi,KXGOVSHUT-26JAN31,2026-01-31,2025-11-11 20:00:00+00:00,yes,brief_lapse,E11,True,False
2026-01-28,intraday,2026-01-28 14:30:00+00:00,2026-01-28 21:00:00+00:00,1020,0.735,0.715,0.5,0.0,-0.020000000000000018,pre,E11,kalshi,KXGOVSHUT-26JAN31,2026-01-31,2025-11-11 20:00:00+00:00,yes,brief_lapse,E11,True,False
2026-01-29,overnight,2026-01-28 21:00:00+00:00,2026-01-29 14:30:00+00:00,1021,0.715,0.5800000000000001,0.0,0.5,-0.1349999999999999,pre,E11,kalshi,KXGOVSHUT-26JAN31,2026-01-31,2025-11-11 20:00:00+00:00,yes,brief_lapse,E11,True,False
2026-01-29,intraday,2026-01-29 14:30:00+00:00,2026-01-29 21:00:00+00:00,1021,0.5800000000000001,0.515,0.5,0.0,-0.06500000000000006,pre,E11,kalshi,KXGOVSHUT-26JAN31,2026-01-31,2025-11-11 20:00:00+00:00,yes,brief_lapse,E11,True,False
2026-01-30,overnight,2026-01-29 21:00:00+00:00,2026-01-30 14:30:00+00:00,1022,0.515,0.775,0.0,0.5,0.26,pre,E11,kalshi,KXGOVSHUT-26JAN31,2026-01-31,2025-11-11 20:00:00+00:00,yes,brief_lapse,E11,True,False
2026-01-30,intraday,2026-01-30 14:30:00+00:00,2026-01-30 21:00:00+00:00,1022,0.775,0.795,0.5,0.0,0.020000000000000018,pre,E11,kalshi,KXGOVSHUT-26JAN31,2026-01-31,2025-11-11 20:00:00+00:00,yes,brief_lapse,E11,True,False
2026-02-02,overnight,2026-01-30 21:00:00+00:00,2026-02-02 14:30:00+00:00,1023,0.795,,0.0,,,resolution,E11,kalshi,KXGOVSHUT-26JAN31,2026-01-31,2025-11-11 20:00:00+00:00,yes,brief_lapse,E11,True,False
2026-01-02,intraday,2026-01-02 14:30:00+00:00,2026-01-02 21:00:00+00:00,1003,0.26,0.265,0.49805555555555553,0.9975,0.0050000000000000044,pre,E11,polymarket,52607315900507156846622820770453728082833251091510131025984187712529448877245,2026-01-31,2025-11-13 16:00:07+00:00,yes,brief_lapse,E11,True,False
2026-01-05,overnight,2026-01-02 21:00:00+00:00,2026-01-05 14:30:00+00:00,1004,0.265,0.225,0.9975,0.49777777777777776,-0.04000000000000001,pre,E11,polymarket,52607315900507156846622820770453728082833251091510131025984187712529448877245,2026-01-31,2025-11-13 16:00:07+00:00,yes,brief_lapse,E11,True,False
2026-01-05,intraday,2026-01-05 14:30:00+00:00,2026-01-05 21:00:00+00:00,1004,0.225,0.205,0.49777777777777776,0.9980555555555556,-0.020000000000000018,pre,E11,polymarket,52607315900507156846622820770453728082833251091510131025984187712529448877245,2026-01-31,2025-11-13 16:00:07+00:00,yes,brief_lapse,E11,True,False
2026-01-06,overnight,2026-01-05 21:00:00+00:00,2026-01-06 14:30:00+00:00,1005,0.205,0.225,0.9980555555555556,0.49777777777777776,0.020000000000000018,pre,E11,polymarket,52607315900507156846622820770453728082833251091510131025984187712529448877245,2026-01-31,2025-11-13 16:00:07+00:00,yes,brief_lapse,E11,True,False
2026-01-06,intraday,2026-01-06 14:30:00+00:00,2026-01-06 21:00:00+00:00,1005,0.225,0.225,0.49777777777777776,0.9975,0.0,pre,E11,polymarket,52607315900507156846622820770453728082833251091510131025984187712529448877245,2026-01-31,2025-11-13 16:00:07+00:00,yes,brief_lapse,E11,True,False
2026-01-07,overnight,2026-01-06 21:00:00+00:00,2026-01-07 14:30:00+00:00,1006,0.225,0.225,0.9975,0.49777777777777776,0.0,pre,E11,polymarket,52607315900507156846622820770453728082833251091510131025984187712529448877245,2026-01-31,2025-11-13 16:00:07+00:00,yes,brief_lapse,E11,True,False
2026-01-07,intraday,2026-01-07 14:30:00+00:00,2026-01-07 21:00:00+00:00,1006,0.225,0.205,0.49777777777777776,0.9975,-0.020000000000000018,pre,E11,polymarket,52607315900507156846622820770453728082833251091510131025984187712529448877245,2026-01-31,2025-11-13 16:00:07+00:00,yes,brief_lapse,E11,True,False
2026-01-08,overnight,2026-01-07 21:00:00+00:00,2026-01-08 14:30:00+00:00,1007,0.205,0.255,0.9975,0.49666666666666665,0.05000000000000002,pre,E11,polymarket,52607315900507156846622820770453728082833251091510131025984187712529448877245,2026-01-31,2025-11-13 16:00:07+00:00,yes,brief_lapse,E11,True,False
2026-01-08,intraday,2026-01-08 14:30:00+00:00,2026-01-08 21:00:00+00:00,1007,0.255,0.24,0.49666666666666665,0.9975,-0.015000000000000013,pre,E11,polymarket,52607315900507156846622820770453728082833251091510131025984187712529448877245,2026-01-31,2025-11-13 16:00:07+00:00,yes,brief_lapse,E11,True,False
2026-01-09,overnight,2026-01-08 21:00:00+00:00,2026-01-09 14:30:00+00:00,1008,0.24,0.225,0.9975,0.4975,-0.014999999999999986,pre,E11,polymarket,52607315900507156846622820770453728082833251091510131025984187712529448877245,2026-01-31,2025-11-13 16:00:07+00:00,yes,brief_lapse,E11,True,False
2026-01-09,intraday,2026-01-09 14:30:00+00:00,2026-01-09 21:00:00+00:00,1008,0.225,0.215,0.4975,0.9966666666666667,-0.010000000000000009,pre,E11,polymarket,52607315900507156846622820770453728082833251091510131025984187712529448877245,2026-01-31,2025-11-13 16:00:07+00:00,yes,brief_lapse,E11,True,False
2026-01-12,overnight,2026-01-09 21:00:00+00:00,2026-01-12 14:30:00+00:00,1009,0.215,0.265,0.9966666666666667,0.4975,0.05000000000000002,pre,E11,polymarket,52607315900507156846622820770453728082833251091510131025984187712529448877245,2026-01-31,2025-11-13 16:00:07+00:00,yes,brief_lapse,E11,True,False
2026-01-12,intraday,2026-01-12 14:30:00+00:00,2026-01-12 21:00:00+00:00,1009,0.265,0.25,0.4975,0.9972222222222222,-0.015000000000000013,pre,E11,polymarket,52607315900507156846622820770453728082833251091510131025984187712529448877245,2026-01-31,2025-11-13 16:00:07+00:00,yes,brief_lapse,E11,True,False
2026-01-13,overnight,2026-01-12 21:00:00+00:00,2026-01-13 14:30:00+00:00,1010,0.25,0.295,0.9972222222222222,0.4930555555555556,0.044999999999999984,pre,E11,polymarket,52607315900507156846622820770453728082833251091510131025984187712529448877245,2026-01-31,2025-11-13 16:00:07+00:00,yes,brief_lapse,E11,True,False
2026-01-13,intraday,2026-01-13 14:30:00+00:00,2026-01-13 21:00:00+00:00,1010,0.295,0.275,0.4930555555555556,0.9972222222222222,-0.019999999999999962,pre,E11,polymarket,52607315900507156846622820770453728082833251091510131025984187712529448877245,2026-01-31,2025-11-13 16:00:07+00:00,yes,brief_lapse,E11,True,False
2026-01-14,overnight,2026-01-13 21:00:00+00:00,2026-01-14 14:30:00+00:00,1011,0.275,0.295,0.9972222222222222,0.4975,0.019999999999999962,pre,E11,polymarket,52607315900507156846622820770453728082833251091510131025984187712529448877245,2026-01-31,2025-11-13 16:00:07+00:00,yes,brief_lapse,E11,True,False
2026-01-14,intraday,2026-01-14 14:30:00+00:00,2026-01-14 21:00:00+00:00,1011,0.295,0.285,0.4975,0.9972222222222222,-0.010000000000000009,pre,E11,polymarket,52607315900507156846622820770453728082833251091510131025984187712529448877245,2026-01-31,2025-11-13 16:00:07+00:00,yes,brief_lapse,E11,True,False
2026-01-15,overnight,2026-01-14 21:00:00+00:00,2026-01-15 14:30:00+00:00,1012,0.285,0.28,0.9972222222222222,0.49722222222222223,-0.004999999999999949,pre,E11,polymarket,52607315900507156846622820770453728082833251091510131025984187712529448877245,2026-01-31,2025-11-13 16:00:07+00:00,yes,brief_lapse,E11,True,False
2026-01-15,intraday,2026-01-15 14:30:00+00:00,2026-01-15 21:00:00+00:00,1012,0.28,0.285,0.49722222222222223,0.9966666666666667,0.004999999999999949,pre,E11,polymarket,52607315900507156846622820770453728082833251091510131025984187712529448877245,2026-01-31,2025-11-13 16:00:07+00:00,yes,brief_lapse,E11,True,False
2026-01-16,overnight,2026-01-15 21:00:00+00:00,2026-01-16 14:30:00+00:00,1013,0.285,0.25,0.9966666666666667,0.49694444444444447,-0.034999999999999976,pre,E11,polymarket,52607315900507156846622820770453728082833251091510131025984187712529448877245,2026-01-31,2025-11-13 16:00:07+00:00,yes,brief_lapse,E11,True,False
2026-01-16,intraday,2026-01-16 14:30:00+00:00,2026-01-16 21:00:00+00:00,1013,0.25,0.23,0.49694444444444447,0.9972222222222222,-0.01999999999999999,pre,E11,polymarket,52607315900507156846622820770453728082833251091510131025984187712529448877245,2026-01-31,2025-11-13 16:00:07+00:00,yes,brief_lapse,E11,True,False
2026-01-20,overnight,2026-01-16 21:00:00+00:00,2026-01-20 14:30:00+00:00,1014,0.23,0.145,0.9972222222222222,0.49722222222222223,-0.08500000000000002,pre,E11,polymarket,52607315900507156846622820770453728082833251091510131025984187712529448877245,2026-01-31,2025-11-13 16:00:07+00:00,yes,brief_lapse,E11,True,False
2026-01-20,intraday,2026-01-20 14:30:00+00:00,2026-01-20 21:00:00+00:00,1014,0.145,0.12,0.49722222222222223,0.9972222222222222,-0.024999999999999994,pre,E11,polymarket,52607315900507156846622820770453728082833251091510131025984187712529448877245,2026-01-31,2025-11-13 16:00:07+00:00,yes,brief_lapse,E11,True,False
2026-01-21,overnight,2026-01-20 21:00:00+00:00,2026-01-21 14:30:00+00:00,1015,0.12,0.105,0.9972222222222222,0.49694444444444447,-0.015,pre,E11,polymarket,52607315900507156846622820770453728082833251091510131025984187712529448877245,2026-01-31,2025-11-13 16:00:07+00:00,yes,brief_lapse,E11,True,False
2026-01-21,intraday,2026-01-21 14:30:00+00:00,2026-01-21 21:00:00+00:00,1015,0.105,0.12,0.49694444444444447,0.9966666666666667,0.015,pre,E11,polymarket,52607315900507156846622820770453728082833251091510131025984187712529448877245,2026-01-31,2025-11-13 16:00:07+00:00,yes,brief_lapse,E11,True,False
2026-01-22,overnight,2026-01-21 21:00:00+00:00,2026-01-22 14:30:00+00:00,1016,0.12,0.095,0.9966666666666667,0.49722222222222223,-0.024999999999999994,pre,E11,polymarket,52607315900507156846622820770453728082833251091510131025984187712529448877245,2026-01-31,2025-11-13 16:00:07+00:00,yes,brief_lapse,E11,True,False
2026-01-22,intraday,2026-01-22 14:30:00+00:00,2026-01-22 21:00:00+00:00,1016,0.095,0.1,0.49722222222222223,0.9969444444444444,0.0050000000000000044,pre,E11,polymarket,52607315900507156846622820770453728082833251091510131025984187712529448877245,2026-01-31,2025-11-13 16:00:07+00:00,yes,brief_lapse,E11,True,False
2026-01-23,overnight,2026-01-22 21:00:00+00:00,2026-01-23 14:30:00+00:00,1017,0.1,0.075,0.9969444444444444,0.49722222222222223,-0.02500000000000001,pre,E11,polymarket,52607315900507156846622820770453728082833251091510131025984187712529448877245,2026-01-31,2025-11-13 16:00:07+00:00,yes,brief_lapse,E11,True,False
2026-01-23,intraday,2026-01-23 14:30:00+00:00,2026-01-23 21:00:00+00:00,1017,0.075,0.075,0.49722222222222223,0.9969444444444444,0.0,pre,E11,polymarket,52607315900507156846622820770453728082833251091510131025984187712529448877245,2026-01-31,2025-11-13 16:00:07+00:00,yes,brief_lapse,E11,True,False
2026-01-26,overnight,2026-01-23 21:00:00+00:00,2026-01-26 14:30:00+00:00,1018,0.075,0.815,0.9969444444444444,0.49694444444444447,0.74,pre,E11,polymarket,52607315900507156846622820770453728082833251091510131025984187712529448877245,2026-01-31,2025-11-13 16:00:07+00:00,yes,brief_lapse,E11,True,False
2026-01-26,intraday,2026-01-26 14:30:00+00:00,2026-01-26 21:00:00+00:00,1018,0.815,0.795,0.49694444444444447,0.9969444444444444,-0.019999999999999907,pre,E11,polymarket,52607315900507156846622820770453728082833251091510131025984187712529448877245,2026-01-31,2025-11-13 16:00:07+00:00,yes,brief_lapse,E11,True,False
2026-01-27,overnight,2026-01-26 21:00:00+00:00,2026-01-27 14:30:00+00:00,1019,0.795,0.78,0.9969444444444444,0.49694444444444447,-0.015000000000000013,pre,E11,polymarket,52607315900507156846622820770453728082833251091510131025984187712529448877245,2026-01-31,2025-11-13 16:00:07+00:00,yes,brief_lapse,E11,True,False
2026-01-27,intraday,2026-01-27 14:30:00+00:00,2026-01-27 21:00:00+00:00,1019,0.78,0.795,0.49694444444444447,0.9969444444444444,0.015000000000000013,pre,E11,polymarket,52607315900507156846622820770453728082833251091510131025984187712529448877245,2026-01-31,2025-11-13 16:00:07+00:00,yes,brief_lapse,E11,True,False
2026-01-28,overnight,2026-01-27 21:00:00+00:00,2026-01-28 14:30:00+00:00,1020,0.795,0.755,0.9969444444444444,0.49666666666666665,-0.040000000000000036,pre,E11,polymarket,52607315900507156846622820770453728082833251091510131025984187712529448877245,2026-01-31,2025-11-13 16:00:07+00:00,yes,brief_lapse,E11,True,False
2026-01-28,intraday,2026-01-28 14:30:00+00:00,2026-01-28 21:00:00+00:00,1020,0.755,0.66,0.49666666666666665,0.9966666666666667,-0.09499999999999997,pre,E11,polymarket,52607315900507156846622820770453728082833251091510131025984187712529448877245,2026-01-31,2025-11-13 16:00:07+00:00,yes,brief_lapse,E11,True,False
2026-01-29,overnight,2026-01-28 21:00:00+00:00,2026-01-29 14:30:00+00:00,1021,0.66,0.565,0.9966666666666667,0.4963888888888889,-0.09500000000000008,pre,E11,polymarket,52607315900507156846622820770453728082833251091510131025984187712529448877245,2026-01-31,2025-11-13 16:00:07+00:00,yes,brief_lapse,E11,True,False
2026-01-29,intraday,2026-01-29 14:30:00+00:00,2026-01-29 21:00:00+00:00,1021,0.565,0.605,0.4963888888888889,0.9936111111111111,0.040000000000000036,pre,E11,polymarket,52607315900507156846622820770453728082833251091510131025984187712529448877245,2026-01-31,2025-11-13 16:00:07+00:00,yes,brief_lapse,E11,True,False
2026-01-30,overnight,2026-01-29 21:00:00+00:00,2026-01-30 14:30:00+00:00,1022,0.605,0.705,0.9936111111111111,0.4963888888888889,0.09999999999999998,pre,E11,polymarket,52607315900507156846622820770453728082833251091510131025984187712529448877245,2026-01-31,2025-11-13 16:00:07+00:00,yes,brief_lapse,E11,True,False
2026-01-30,intraday,2026-01-30 14:30:00+00:00,2026-01-30 21:00:00+00:00,1022,0.705,0.855,0.4963888888888889,0.9963888888888889,0.15000000000000002,pre,E11,polymarket,52607315900507156846622820770453728082833251091510131025984187712529448877245,2026-01-31,2025-11-13 16:00:07+00:00,yes,brief_lapse,E11,True,False
2026-02-02,overnight,2026-01-30 21:00:00+00:00,2026-02-02 14:30:00+00:00,1023,0.855,0.9985,0.9963888888888889,0.49694444444444447,0.14350000000000007,resolution,E11,polymarket,52607315900507156846622820770453728082833251091510131025984187712529448877245,2026-01-31,2025-11-13 16:00:07+00:00,yes,brief_lapse,E11,True,False
2026-02-09,overnight,2026-02-06 21:00:00+00:00,2026-02-09 14:30:00+00:00,1028,0.67,0.6699999999999999,0.0,0.5,-1.1102230246251565e-16,pre,E12,kalshi,KXGOVTSHUTDOWN-26FEB14,2026-02-14,2026-02-06 16:00:00+00:00,yes,shutdown_dhs_partial_75d,E12,True,False
2026-02-09,intraday,2026-02-09 14:30:00+00:00,2026-02-09 21:00:00+00:00,1028,0.6699999999999999,0.665,0.5,0.0,-0.004999999999999893,pre,E12,kalshi,KXGOVTSHUTDOWN-26FEB14,2026-02-14,2026-02-06 16:00:00+00:00,yes,shutdown_dhs_partial_75d,E12,True,False
2026-02-10,overnight,2026-02-09 21:00:00+00:00,2026-02-10 14:30:00+00:00,1029,0.665,0.645,0.0,0.5,-0.020000000000000018,pre,E12,kalshi,KXGOVTSHUTDOWN-26FEB14,2026-02-14,2026-02-06 16:00:00+00:00,yes,shutdown_dhs_partial_75d,E12,True,False
2026-02-10,intraday,2026-02-10 14:30:00+00:00,2026-02-10 21:00:00+00:00,1029,0.645,0.7,0.5,0.0,0.05499999999999994,pre,E12,kalshi,KXGOVTSHUTDOWN-26FEB14,2026-02-14,2026-02-06 16:00:00+00:00,yes,shutdown_dhs_partial_75d,E12,True,False
2026-02-11,overnight,2026-02-10 21:00:00+00:00,2026-02-11 14:30:00+00:00,1030,0.7,0.755,0.0,0.5,0.05500000000000005,pre,E12,kalshi,KXGOVTSHUTDOWN-26FEB14,2026-02-14,2026-02-06 16:00:00+00:00,yes,shutdown_dhs_partial_75d,E12,True,False
2026-02-11,intraday,2026-02-11 14:30:00+00:00,2026-02-11 21:00:00+00:00,1030,0.755,0.835,0.5,0.0,0.07999999999999996,pre,E12,kalshi,KXGOVTSHUTDOWN-26FEB14,2026-02-14,2026-02-06 16:00:00+00:00,yes,shutdown_dhs_partial_75d,E12,True,False
2026-02-12,overnight,2026-02-11 21:00:00+00:00,2026-02-12 14:30:00+00:00,1031,0.835,0.885,0.0,0.5,0.050000000000000044,pre,E12,kalshi,KXGOVTSHUTDOWN-26FEB14,2026-02-14,2026-02-06 16:00:00+00:00,yes,shutdown_dhs_partial_75d,E12,True,False
2026-02-12,intraday,2026-02-12 14:30:00+00:00,2026-02-12 21:00:00+00:00,1031,0.885,0.965,0.5,0.0,0.07999999999999996,pre,E12,kalshi,KXGOVTSHUTDOWN-26FEB14,2026-02-14,2026-02-06 16:00:00+00:00,yes,shutdown_dhs_partial_75d,E12,True,False
2026-02-13,overnight,2026-02-12 21:00:00+00:00,2026-02-13 14:30:00+00:00,1032,0.965,0.925,0.0,0.5,-0.039999999999999925,pre,E12,kalshi,KXGOVTSHUTDOWN-26FEB14,2026-02-14,2026-02-06 16:00:00+00:00,yes,shutdown_dhs_partial_75d,E12,True,False
2026-02-13,intraday,2026-02-13 14:30:00+00:00,2026-02-13 21:00:00+00:00,1032,0.925,0.945,0.5,0.0,0.019999999999999907,pre,E12,kalshi,KXGOVTSHUTDOWN-26FEB14,2026-02-14,2026-02-06 16:00:00+00:00,yes,shutdown_dhs_partial_75d,E12,True,False
2026-02-17,overnight,2026-02-13 21:00:00+00:00,2026-02-17 14:30:00+00:00,1033,0.945,,0.0,,,resolution,E12,kalshi,KXGOVTSHUTDOWN-26FEB14,2026-02-14,2026-02-06 16:00:00+00:00,yes,shutdown_dhs_partial_75d,E12,True,False
2026-02-03,intraday,2026-02-03 14:30:00+00:00,2026-02-03 21:00:00+00:00,1024,0.345,0.535,0.4922222222222222,0.9947222222222222,0.19000000000000006,pre,E12,polymarket,7648925155044397287047798308912067661131447591491670430094875295487039626662,2026-02-14,2026-02-02 21:00:19+00:00,no,shutdown_dhs_partial_75d,E12,True,False
2026-02-04,overnight,2026-02-03 21:00:00+00:00,2026-02-04 14:30:00+00:00,1025,0.535,0.465,0.9947222222222222,0.4955555555555556,-0.07,pre,E12,polymarket,7648925155044397287047798308912067661131447591491670430094875295487039626662,2026-02-14,2026-02-02 21:00:19+00:00,no,shutdown_dhs_partial_75d,E12,True,False
2026-02-04,intraday,2026-02-04 14:30:00+00:00,2026-02-04 21:00:00+00:00,1025,0.465,0.525,0.4955555555555556,0.995,0.06,pre,E12,polymarket,7648925155044397287047798308912067661131447591491670430094875295487039626662,2026-02-14,2026-02-02 21:00:19+00:00,no,shutdown_dhs_partial_75d,E12,True,False
2026-02-05,overnight,2026-02-04 21:00:00+00:00,2026-02-05 14:30:00+00:00,1026,0.525,0.645,0.995,0.4955555555555556,0.12,pre,E12,polymarket,7648925155044397287047798308912067661131447591491670430094875295487039626662,2026-02-14,2026-02-02 21:00:19+00:00,no,shutdown_dhs_partial_75d,E12,True,False
2026-02-05,intraday,2026-02-05 14:30:00+00:00,2026-02-05 21:00:00+00:00,1026,0.645,0.665,0.4955555555555556,0.9908333333333333,0.020000000000000018,pre,E12,polymarket,7648925155044397287047798308912067661131447591491670430094875295487039626662,2026-02-14,2026-02-02 21:00:19+00:00,no,shutdown_dhs_partial_75d,E12,True,False
2026-02-06,overnight,2026-02-05 21:00:00+00:00,2026-02-06 14:30:00+00:00,1027,0.665,0.645,0.9908333333333333,0.495,-0.020000000000000018,pre,E12,polymarket,7648925155044397287047798308912067661131447591491670430094875295487039626662,2026-02-14,2026-02-02 21:00:19+00:00,no,shutdown_dhs_partial_75d,E12,True,False
2026-02-06,intraday,2026-02-06 14:30:00+00:00,2026-02-06 21:00:00+00:00,1027,0.645,0.655,0.495,0.995,0.010000000000000009,pre,E12,polymarket,7648925155044397287047798308912067661131447591491670430094875295487039626662,2026-02-14,2026-02-02 21:00:19+00:00,no,shutdown_dhs_partial_75d,E12,True,False
2026-02-09,overnight,2026-02-06 21:00:00+00:00,2026-02-09 14:30:00+00:00,1028,0.655,0.725,0.995,0.495,0.06999999999999995,pre,E12,polymarket,7648925155044397287047798308912067661131447591491670430094875295487039626662,2026-02-14,2026-02-02 21:00:19+00:00,no,shutdown_dhs_partial_75d,E12,True,False
2026-02-09,intraday,2026-02-09 14:30:00+00:00,2026-02-09 21:00:00+00:00,1028,0.725,0.745,0.495,0.9952777777777778,0.020000000000000018,pre,E12,polymarket,7648925155044397287047798308912067661131447591491670430094875295487039626662,2026-02-14,2026-02-02 21:00:19+00:00,no,shutdown_dhs_partial_75d,E12,True,False
2026-02-10,overnight,2026-02-09 21:00:00+00:00,2026-02-10 14:30:00+00:00,1029,0.745,0.72,0.9952777777777778,0.49527777777777776,-0.025000000000000022,pre,E12,polymarket,7648925155044397287047798308912067661131447591491670430094875295487039626662,2026-02-14,2026-02-02 21:00:19+00:00,no,shutdown_dhs_partial_75d,E12,True,False
2026-02-10,intraday,2026-02-10 14:30:00+00:00,2026-02-10 21:00:00+00:00,1029,0.72,0.705,0.49527777777777776,0.9919444444444444,-0.015000000000000013,pre,E12,polymarket,7648925155044397287047798308912067661131447591491670430094875295487039626662,2026-02-14,2026-02-02 21:00:19+00:00,no,shutdown_dhs_partial_75d,E12,True,False
2026-02-11,overnight,2026-02-10 21:00:00+00:00,2026-02-11 14:30:00+00:00,1030,0.705,0.745,0.9919444444444444,0.49472222222222223,0.040000000000000036,pre,E12,polymarket,7648925155044397287047798308912067661131447591491670430094875295487039626662,2026-02-14,2026-02-02 21:00:19+00:00,no,shutdown_dhs_partial_75d,E12,True,False
2026-02-11,intraday,2026-02-11 14:30:00+00:00,2026-02-11 21:00:00+00:00,1030,0.745,0.835,0.49472222222222223,0.9911111111111112,0.08999999999999997,pre,E12,polymarket,7648925155044397287047798308912067661131447591491670430094875295487039626662,2026-02-14,2026-02-02 21:00:19+00:00,no,shutdown_dhs_partial_75d,E12,True,False
2026-02-12,overnight,2026-02-11 21:00:00+00:00,2026-02-12 14:30:00+00:00,1031,0.835,0.895,0.9911111111111112,0.495,0.06000000000000005,pre,E12,polymarket,7648925155044397287047798308912067661131447591491670430094875295487039626662,2026-02-14,2026-02-02 21:00:19+00:00,no,shutdown_dhs_partial_75d,E12,True,False
2026-02-12,intraday,2026-02-12 14:30:00+00:00,2026-02-12 21:00:00+00:00,1031,0.895,0.9515,0.495,0.995,0.056499999999999995,pre,E12,polymarket,7648925155044397287047798308912067661131447591491670430094875295487039626662,2026-02-14,2026-02-02 21:00:19+00:00,no,shutdown_dhs_partial_75d,E12,True,False
2026-02-13,overnight,2026-02-12 21:00:00+00:00,2026-02-13 14:30:00+00:00,1032,0.9515,0.2845,0.995,0.495,-0.667,pre,E12,polymarket,7648925155044397287047798308912067661131447591491670430094875295487039626662,2026-02-14,2026-02-02 21:00:19+00:00,no,shutdown_dhs_partial_75d,E12,True,False
2026-02-13,intraday,2026-02-13 14:30:00+00:00,2026-02-13 21:00:00+00:00,1032,0.2845,0.139,0.495,0.9944444444444445,-0.14549999999999996,pre,E12,polymarket,7648925155044397287047798308912067661131447591491670430094875295487039626662,2026-02-14,2026-02-02 21:00:19+00:00,no,shutdown_dhs_partial_75d,E12,True,False
2026-02-17,overnight,2026-02-13 21:00:00+00:00,2026-02-17 14:30:00+00:00,1033,0.139,,0.9944444444444445,,,resolution,E12,polymarket,7648925155044397287047798308912067661131447591491670430094875295487039626662,2026-02-14,2026-02-02 21:00:19+00:00,no,shutdown_dhs_partial_75d,E12,True,False
2026-09-01,intraday,2026-09-01 13:30:00+00:00,2026-09-01 20:00:00+00:00,1169,0.035,0.015,0.5,0.0,-0.020000000000000004,pre,E13,kalshi,KXGOVTSHUTDOWN-26OCT01,2026-10-01,2026-06-09 21:00:00+00:00,no,averted,E13,True,False
2026-09-02,overnight,2026-09-01 20:00:00+00:00,2026-09-02 13:30:00+00:00,1170,0.015,0.02,0.0,0.5,0.005000000000000001,pre,E13,kalshi,KXGOVTSHUTDOWN-26OCT01,2026-10-01,2026-06-09 21:00:00+00:00,no,averted,E13,True,False
2026-09-02,intraday,2026-09-02 13:30:00+00:00,2026-09-02 20:00:00+00:00,1170,0.02,0.015,0.5,0.0,-0.005000000000000001,pre,E13,kalshi,KXGOVTSHUTDOWN-26OCT01,2026-10-01,2026-06-09 21:00:00+00:00,no,averted,E13,True,False
2026-09-03,overnight,2026-09-02 20:00:00+00:00,2026-09-03 13:30:00+00:00,1171,0.015,0.015,0.0,0.5,0.0,pre,E13,kalshi,KXGOVTSHUTDOWN-26OCT01,2026-10-01,2026-06-09 21:00:00+00:00,no,averted,E13,True,False
2026-09-03,intraday,2026-09-03 13:30:00+00:00,2026-09-03 20:00:00+00:00,1171,0.015,0.015,0.5,0.0,0.0,pre,E13,kalshi,KXGOVTSHUTDOWN-26OCT01,2026-10-01,2026-06-09 21:00:00+00:00,no,averted,E13,True,False
2026-09-04,overnight,2026-09-03 20:00:00+00:00,2026-09-04 13:30:00+00:00,1172,0.015,0.015,0.0,0.5,0.0,pre,E13,kalshi,KXGOVTSHUTDOWN-26OCT01,2026-10-01,2026-06-09 21:00:00+00:00,no,averted,E13,True,False
2026-09-04,intraday,2026-09-04 13:30:00+00:00,2026-09-04 20:00:00+00:00,1172,0.015,0.015,0.5,0.0,0.0,pre,E13,kalshi,KXGOVTSHUTDOWN-26OCT01,2026-10-01,2026-06-09 21:00:00+00:00,no,averted,E13,True,False
2026-09-08,overnight,2026-09-04 20:00:00+00:00,2026-09-08 13:30:00+00:00,1173,0.015,0.01,0.0,7.5,-0.004999999999999999,pre,E13,kalshi,KXGOVTSHUTDOWN-26OCT01,2026-10-01,2026-06-09 21:00:00+00:00,no,averted,E13,True,False
2026-09-08,intraday,2026-09-08 13:30:00+00:00,2026-09-08 20:00:00+00:00,1173,0.01,0.01,7.5,2.0,0.0,pre,E13,kalshi,KXGOVTSHUTDOWN-26OCT01,2026-10-01,2026-06-09 21:00:00+00:00,no,averted,E13,True,False
2026-09-09,overnight,2026-09-08 20:00:00+00:00,2026-09-09 13:30:00+00:00,1174,0.01,0.01,2.0,0.5,0.0,pre,E13,kalshi,KXGOVTSHUTDOWN-26OCT01,2026-10-01,2026-06-09 21:00:00+00:00,no,averted,E13,True,False
2026-09-09,intraday,2026-09-09 13:30:00+00:00,2026-09-09 20:00:00+00:00,1174,0.01,0.01,0.5,0.0,0.0,pre,E13,kalshi,KXGOVTSHUTDOWN-26OCT01,2026-10-01,2026-06-09 21:00:00+00:00,no,averted,E13,True,False
2026-09-10,overnight,2026-09-09 20:00:00+00:00,2026-09-10 13:30:00+00:00,1175,0.01,0.01,0.0,6.5,0.0,pre,E13,kalshi,KXGOVTSHUTDOWN-26OCT01,2026-10-01,2026-06-09 21:00:00+00:00,no,averted,E13,True,False
2026-09-10,intraday,2026-09-10 13:30:00+00:00,2026-09-10 20:00:00+00:00,1175,0.01,0.015,6.5,0.0,0.004999999999999999,pre,E13,kalshi,KXGOVTSHUTDOWN-26OCT01,2026-10-01,2026-06-09 21:00:00+00:00,no,averted,E13,True,False
2026-09-11,overnight,2026-09-10 20:00:00+00:00,2026-09-11 13:30:00+00:00,1176,0.015,0.01,0.0,6.5,-0.004999999999999999,pre,E13,kalshi,KXGOVTSHUTDOWN-26OCT01,2026-10-01,2026-06-09 21:00:00+00:00,no,averted,E13,True,False
2026-09-11,intraday,2026-09-11 13:30:00+00:00,2026-09-11 20:00:00+00:00,1176,0.01,0.01,6.5,1.0,0.0,pre,E13,kalshi,KXGOVTSHUTDOWN-26OCT01,2026-10-01,2026-06-09 21:00:00+00:00,no,averted,E13,True,False
2026-09-14,overnight,2026-09-11 20:00:00+00:00,2026-09-14 13:30:00+00:00,1177,0.01,0.01,1.0,1.5,0.0,pre,E13,kalshi,KXGOVTSHUTDOWN-26OCT01,2026-10-01,2026-06-09 21:00:00+00:00,no,averted,E13,True,False
2026-09-14,intraday,2026-09-14 13:30:00+00:00,2026-09-14 20:00:00+00:00,1177,0.01,0.01,1.5,0.0,0.0,pre,E13,kalshi,KXGOVTSHUTDOWN-26OCT01,2026-10-01,2026-06-09 21:00:00+00:00,no,averted,E13,True,False
2026-09-15,overnight,2026-09-14 20:00:00+00:00,2026-09-15 13:30:00+00:00,1178,0.01,0.01,0.0,1.5,0.0,pre,E13,kalshi,KXGOVTSHUTDOWN-26OCT01,2026-10-01,2026-06-09 21:00:00+00:00,no,averted,E13,True,False
2026-09-15,intraday,2026-09-15 13:30:00+00:00,2026-09-15 20:00:00+00:00,1178,0.01,0.01,1.5,1.0,0.0,pre,E13,kalshi,KXGOVTSHUTDOWN-26OCT01,2026-10-01,2026-06-09 21:00:00+00:00,no,averted,E13,True,False
2026-09-16,overnight,2026-09-15 20:00:00+00:00,2026-09-16 13:30:00+00:00,1179,0.01,0.005,1.0,0.5,-0.005,pre,E13,kalshi,KXGOVTSHUTDOWN-26OCT01,2026-10-01,2026-06-09 21:00:00+00:00,no,averted,E13,True,False
2026-09-16,intraday,2026-09-16 13:30:00+00:00,2026-09-16 20:00:00+00:00,1179,0.005,0.005,0.5,0.0,0.0,pre,E13,kalshi,KXGOVTSHUTDOWN-26OCT01,2026-10-01,2026-06-09 21:00:00+00:00,no,averted,E13,True,False
2026-09-17,overnight,2026-09-16 20:00:00+00:00,2026-09-17 13:30:00+00:00,1180,0.005,0.005,0.0,2.5,0.0,pre,E13,kalshi,KXGOVTSHUTDOWN-26OCT01,2026-10-01,2026-06-09 21:00:00+00:00,no,averted,E13,True,False
2026-09-17,intraday,2026-09-17 13:30:00+00:00,2026-09-17 20:00:00+00:00,1180,0.005,0.005,2.5,0.0,0.0,pre,E13,kalshi,KXGOVTSHUTDOWN-26OCT01,2026-10-01,2026-06-09 21:00:00+00:00,no,averted,E13,True,False
2026-09-18,overnight,2026-09-17 20:00:00+00:00,2026-09-18 13:30:00+00:00,1181,0.005,0.005,0.0,0.5,0.0,pre,E13,kalshi,KXGOVTSHUTDOWN-26OCT01,2026-10-01,2026-06-09 21:00:00+00:00,no,averted,E13,True,False
2026-09-18,intraday,2026-09-18 13:30:00+00:00,2026-09-18 20:00:00+00:00,1181,0.005,0.005,0.5,0.0,0.0,pre,E13,kalshi,KXGOVTSHUTDOWN-26OCT01,2026-10-01,2026-06-09 21:00:00+00:00,no,averted,E13,True,False
2026-09-21,overnight,2026-09-18 20:00:00+00:00,2026-09-21 13:30:00+00:00,1182,0.005,0.01,0.0,0.5,0.005,pre,E13,kalshi,KXGOVTSHUTDOWN-26OCT01,2026-10-01,2026-06-09 21:00:00+00:00,no,averted,E13,True,False
2026-09-21,intraday,2026-09-21 13:30:00+00:00,2026-09-21 20:00:00+00:00,1182,0.01,0.01,0.5,0.0,0.0,pre,E13,kalshi,KXGOVTSHUTDOWN-26OCT01,2026-10-01,2026-06-09 21:00:00+00:00,no,averted,E13,True,False
2026-09-22,overnight,2026-09-21 20:00:00+00:00,2026-09-22 13:30:00+00:00,1183,0.01,0.005,0.0,7.5,-0.005,pre,E13,kalshi,KXGOVTSHUTDOWN-26OCT01,2026-10-01,2026-06-09 21:00:00+00:00,no,averted,E13,True,False
2026-09-22,intraday,2026-09-22 13:30:00+00:00,2026-09-22 20:00:00+00:00,1183,0.005,0.005,7.5,0.0,0.0,pre,E13,kalshi,KXGOVTSHUTDOWN-26OCT01,2026-10-01,2026-06-09 21:00:00+00:00,no,averted,E13,True,False
2026-09-23,overnight,2026-09-22 20:00:00+00:00,2026-09-23 13:30:00+00:00,1184,0.005,0.005,0.0,0.5,0.0,pre,E13,kalshi,KXGOVTSHUTDOWN-26OCT01,2026-10-01,2026-06-09 21:00:00+00:00,no,averted,E13,True,False
2026-09-23,intraday,2026-09-23 13:30:00+00:00,2026-09-23 20:00:00+00:00,1184,0.005,0.005,0.5,1.0,0.0,pre,E13,kalshi,KXGOVTSHUTDOWN-26OCT01,2026-10-01,2026-06-09 21:00:00+00:00,no,averted,E13,True,False
2026-09-24,overnight,2026-09-23 20:00:00+00:00,2026-09-24 13:30:00+00:00,1185,0.005,0.005,1.0,0.5,0.0,pre,E13,kalshi,KXGOVTSHUTDOWN-26OCT01,2026-10-01,2026-06-09 21:00:00+00:00,no,averted,E13,True,False
2026-09-24,intraday,2026-09-24 13:30:00+00:00,2026-09-24 20:00:00+00:00,1185,0.005,0.005,0.5,5.0,0.0,pre,E13,kalshi,KXGOVTSHUTDOWN-26OCT01,2026-10-01,2026-06-09 21:00:00+00:00,no,averted,E13,True,False
2026-09-25,overnight,2026-09-24 20:00:00+00:00,2026-09-25 13:30:00+00:00,1186,0.005,0.005,5.0,5.5,0.0,pre,E13,kalshi,KXGOVTSHUTDOWN-26OCT01,2026-10-01,2026-06-09 21:00:00+00:00,no,averted,E13,True,False
2026-09-25,intraday,2026-09-25 13:30:00+00:00,2026-09-25 20:00:00+00:00,1186,0.005,0.005,5.5,0.0,0.0,pre,E13,kalshi,KXGOVTSHUTDOWN-26OCT01,2026-10-01,2026-06-09 21:00:00+00:00,no,averted,E13,True,False
2026-09-28,overnight,2026-09-25 20:00:00+00:00,2026-09-28 13:30:00+00:00,1187,0.005,0.005,0.0,7.5,0.0,pre,E13,kalshi,KXGOVTSHUTDOWN-26OCT01,2026-10-01,2026-06-09 21:00:00+00:00,no,averted,E13,True,False
2026-09-28,intraday,2026-09-28 13:30:00+00:00,2026-09-28 20:00:00+00:00,1187,0.005,0.005,7.5,1.0,0.0,pre,E13,kalshi,KXGOVTSHUTDOWN-26OCT01,2026-10-01,2026-06-09 21:00:00+00:00,no,averted,E13,True,False
2026-09-29,overnight,2026-09-28 20:00:00+00:00,2026-09-29 13:30:00+00:00,1188,0.005,0.005,1.0,0.5,0.0,pre,E13,kalshi,KXGOVTSHUTDOWN-26OCT01,2026-10-01,2026-06-09 21:00:00+00:00,no,averted,E13,True,False
2026-09-29,intraday,2026-09-29 13:30:00+00:00,2026-09-29 20:00:00+00:00,1188,0.005,0.005,0.5,7.0,0.0,pre,E13,kalshi,KXGOVTSHUTDOWN-26OCT01,2026-10-01,2026-06-09 21:00:00+00:00,no,averted,E13,True,False
2026-09-30,overnight,2026-09-29 20:00:00+00:00,2026-09-30 13:30:00+00:00,1189,0.005,0.005,7.0,5.5,0.0,pre,E13,kalshi,KXGOVTSHUTDOWN-26OCT01,2026-10-01,2026-06-09 21:00:00+00:00,no,averted,E13,True,False
2026-09-30,intraday,2026-09-30 13:30:00+00:00,2026-09-30 20:00:00+00:00,1189,0.005,0.005,5.5,4.0,0.0,pre,E13,kalshi,KXGOVTSHUTDOWN-26OCT01,2026-10-01,2026-06-09 21:00:00+00:00,no,averted,E13,True,False
2026-10-01,overnight,2026-09-30 20:00:00+00:00,2026-10-01 13:30:00+00:00,1190,0.005,0.005,4.0,2.5,0.0,resolution,E13,kalshi,KXGOVTSHUTDOWN-26OCT01,2026-10-01,2026-06-09 21:00:00+00:00,no,averted,E13,True,False
2026-09-01,intraday,2026-09-01 13:30:00+00:00,2026-09-01 20:00:00+00:00,1169,0.032,0.0255,0.4955555555555556,0.9936111111111111,-0.006500000000000002,pre,E13,polymarket,8601474761739494662879132877571233419511374108958084174727177012285914530506,2026-10-01,2026-06-10 17:00:06+00:00,no,averted,E13,True,False
2026-09-02,overnight,2026-09-01 20:00:00+00:00,2026-09-02 13:30:00+00:00,1170,0.0255,0.026,0.9936111111111111,0.495,0.0005000000000000004,pre,E13,polymarket,8601474761739494662879132877571233419511374108958084174727177012285914530506,2026-10-01,2026-06-10 17:00:06+00:00,no,averted,E13,True,False
2026-09-02,intraday,2026-09-02 13:30:00+00:00,2026-09-02 20:00:00+00:00,1170,0.026,0.0225,0.495,0.995,-0.0034999999999999996,pre,E13,polymarket,8601474761739494662879132877571233419511374108958084174727177012285914530506,2026-10-01,2026-06-10 17:00:06+00:00,no,averted,E13,True,False
2026-09-03,overnight,2026-09-02 20:00:00+00:00,2026-09-03 13:30:00+00:00,1171,0.0225,0.022,0.995,0.495,-0.0005000000000000004,pre,E13,polymarket,8601474761739494662879132877571233419511374108958084174727177012285914530506,2026-10-01,2026-06-10 17:00:06+00:00,no,averted,E13,True,False
2026-09-03,intraday,2026-09-03 13:30:00+00:00,2026-09-03 20:00:00+00:00,1171,0.022,0.0215,0.495,1.9941666666666666,-0.0005000000000000004,pre,E13,polymarket,8601474761739494662879132877571233419511374108958084174727177012285914530506,2026-10-01,2026-06-10 17:00:06+00:00,no,averted,E13,True,False
2026-09-04,overnight,2026-09-03 20:00:00+00:00,2026-09-04 13:30:00+00:00,1172,0.0215,0.0215,1.9941666666666666,0.49527777777777776,0.0,pre,E13,polymarket,8601474761739494662879132877571233419511374108958084174727177012285914530506,2026-10-01,2026-06-10 17:00:06+00:00,no,averted,E13,True,False
2026-09-04,intraday,2026-09-04 13:30:00+00:00,2026-09-04 20:00:00+00:00,1172,0.0215,0.0215,0.49527777777777776,0.9911111111111112,0.0,pre,E13,polymarket,8601474761739494662879132877571233419511374108958084174727177012285914530506,2026-10-01,2026-06-10 17:00:06+00:00,no,averted,E13,True,False
2026-09-08,overnight,2026-09-04 20:00:00+00:00,2026-09-08 13:30:00+00:00,1173,0.0215,0.007,0.9911111111111112,0.4955555555555556,-0.014499999999999999,pre,E13,polymarket,8601474761739494662879132877571233419511374108958084174727177012285914530506,2026-10-01,2026-06-10 17:00:06+00:00,no,averted,E13,True,False
2026-09-08,intraday,2026-09-08 13:30:00+00:00,2026-09-08 20:00:00+00:00,1173,0.007,0.007,0.4955555555555556,0.9952777777777778,0.0,pre,E13,polymarket,8601474761739494662879132877571233419511374108958084174727177012285914530506,2026-10-01,2026-06-10 17:00:06+00:00,no,averted,E13,True,False
2026-09-09,overnight,2026-09-08 20:00:00+00:00,2026-09-09 13:30:00+00:00,1174,0.007,0.007,0.9952777777777778,0.4930555555555556,0.0,pre,E13,polymarket,8601474761739494662879132877571233419511374108958084174727177012285914530506,2026-10-01,2026-06-10 17:00:06+00:00,no,averted,E13,True,False
2026-09-09,intraday,2026-09-09 13:30:00+00:00,2026-09-09 20:00:00+00:00,1174,0.007,0.007,0.4930555555555556,0.9897222222222222,0.0,pre,E13,polymarket,8601474761739494662879132877571233419511374108958084174727177012285914530506,2026-10-01,2026-06-10 17:00:06+00:00,no,averted,E13,True,False
2026-09-10,overnight,2026-09-09 20:00:00+00:00,2026-09-10 13:30:00+00:00,1175,0.007,0.0085,0.9897222222222222,0.4905555555555556,0.0015000000000000005,pre,E13,polymarket,8601474761739494662879132877571233419511374108958084174727177012285914530506,2026-10-01,2026-06-10 17:00:06+00:00,no,averted,E13,True,False
2026-09-10,intraday,2026-09-10 13:30:00+00:00,2026-09-10 20:00:00+00:00,1175,0.0085,0.0085,0.4905555555555556,0.9944444444444445,0.0,pre,E13,polymarket,8601474761739494662879132877571233419511374108958084174727177012285914530506,2026-10-01,2026-06-10 17:00:06+00:00,no,averted,E13,True,False
2026-09-11,overnight,2026-09-10 20:00:00+00:00,2026-09-11 13:30:00+00:00,1176,0.0085,0.0085,0.9944444444444445,0.49027777777777776,0.0,pre,E13,polymarket,8601474761739494662879132877571233419511374108958084174727177012285914530506,2026-10-01,2026-06-10 17:00:06+00:00,no,averted,E13,True,False
2026-09-11,intraday,2026-09-11 13:30:00+00:00,2026-09-11 20:00:00+00:00,1176,0.0085,0.0085,0.49027777777777776,0.9944444444444445,0.0,pre,E13,polymarket,8601474761739494662879132877571233419511374108958084174727177012285914530506,2026-10-01,2026-06-10 17:00:06+00:00,no,averted,E13,True,False
2026-09-14,overnight,2026-09-11 20:00:00+00:00,2026-09-14 13:30:00+00:00,1177,0.0085,0.0085,0.9944444444444445,0.4955555555555556,0.0,pre,E13,polymarket,8601474761739494662879132877571233419511374108958084174727177012285914530506,2026-10-01,2026-06-10 17:00:06+00:00,no,averted,E13,True,False
2026-09-14,intraday,2026-09-14 13:30:00+00:00,2026-09-14 20:00:00+00:00,1177,0.0085,0.0085,0.4955555555555556,0.9955555555555555,0.0,pre,E13,polymarket,8601474761739494662879132877571233419511374108958084174727177012285914530506,2026-10-01,2026-06-10 17:00:06+00:00,no,averted,E13,True,False
2026-09-15,overnight,2026-09-14 20:00:00+00:00,2026-09-15 13:30:00+00:00,1178,0.0085,0.0085,0.9955555555555555,0.49194444444444446,0.0,pre,E13,polymarket,8601474761739494662879132877571233419511374108958084174727177012285914530506,2026-10-01,2026-06-10 17:00:06+00:00,no,averted,E13,True,False
2026-09-15,intraday,2026-09-15 13:30:00+00:00,2026-09-15 20:00:00+00:00,1178,0.0085,0.0085,0.49194444444444446,0.995,0.0,pre,E13,polymarket,8601474761739494662879132877571233419511374108958084174727177012285914530506,2026-10-01,2026-06-10 17:00:06+00:00,no,averted,E13,True,False
2026-09-16,overnight,2026-09-15 20:00:00+00:00,2026-09-16 13:30:00+00:00,1179,0.0085,0.0085,0.995,0.4955555555555556,0.0,pre,E13,polymarket,8601474761739494662879132877571233419511374108958084174727177012285914530506,2026-10-01,2026-06-10 17:00:06+00:00,no,averted,E13,True,False
2026-09-16,intraday,2026-09-16 13:30:00+00:00,2026-09-16 20:00:00+00:00,1179,0.0085,0.0085,0.4955555555555556,0.9952777777777778,0.0,pre,E13,polymarket,8601474761739494662879132877571233419511374108958084174727177012285914530506,2026-10-01,2026-06-10 17:00:06+00:00,no,averted,E13,True,False
2026-09-17,overnight,2026-09-16 20:00:00+00:00,2026-09-17 13:30:00+00:00,1180,0.0085,0.0085,0.9952777777777778,0.4955555555555556,0.0,pre,E13,polymarket,8601474761739494662879132877571233419511374108958084174727177012285914530506,2026-10-01,2026-06-10 17:00:06+00:00,no,averted,E13,True,False
2026-09-17,intraday,2026-09-17 13:30:00+00:00,2026-09-17 20:00:00+00:00,1180,0.0085,0.0075,0.4955555555555556,0.9938888888888889,-0.0010000000000000009,pre,E13,polymarket,8601474761739494662879132877571233419511374108958084174727177012285914530506,2026-10-01,2026-06-10 17:00:06+00:00,no,averted,E13,True,False
2026-09-18,overnight,2026-09-17 20:00:00+00:00,2026-09-18 13:30:00+00:00,1181,0.0075,0.0075,0.9938888888888889,0.495,0.0,pre,E13,polymarket,8601474761739494662879132877571233419511374108958084174727177012285914530506,2026-10-01,2026-06-10 17:00:06+00:00,no,averted,E13,True,False
2026-09-18,intraday,2026-09-18 13:30:00+00:00,2026-09-18 20:00:00+00:00,1181,0.0075,0.0075,0.495,0.9947222222222222,0.0,pre,E13,polymarket,8601474761739494662879132877571233419511374108958084174727177012285914530506,2026-10-01,2026-06-10 17:00:06+00:00,no,averted,E13,True,False
2026-09-21,overnight,2026-09-18 20:00:00+00:00,2026-09-21 13:30:00+00:00,1182,0.0075,0.016,0.9947222222222222,0.4955555555555556,0.0085,pre,E13,polymarket,8601474761739494662879132877571233419511374108958084174727177012285914530506,2026-10-01,2026-06-10 17:00:06+00:00,no,averted,E13,True,False
2026-09-21,intraday,2026-09-21 13:30:00+00:00,2026-09-21 20:00:00+00:00,1182,0.016,0.018,0.4955555555555556,0.9958333333333333,0.0019999999999999983,pre,E13,polymarket,8601474761739494662879132877571233419511374108958084174727177012285914530506,2026-10-01,2026-06-10 17:00:06+00:00,no,averted,E13,True,False
2026-09-22,overnight,2026-09-21 20:00:00+00:00,2026-09-22 13:30:00+00:00,1183,0.018,0.017,0.9958333333333333,0.49527777777777776,-0.0009999999999999974,pre,E13,polymarket,8601474761739494662879132877571233419511374108958084174727177012285914530506,2026-10-01,2026-06-10 17:00:06+00:00,no,averted,E13,True,False
2026-09-22,intraday,2026-09-22 13:30:00+00:00,2026-09-22 20:00:00+00:00,1183,0.017,0.015,0.49527777777777776,0.995,-0.0020000000000000018,pre,E13,polymarket,8601474761739494662879132877571233419511374108958084174727177012285914530506,2026-10-01,2026-06-10 17:00:06+00:00,no,averted,E13,True,False
2026-09-23,overnight,2026-09-22 20:00:00+00:00,2026-09-23 13:30:00+00:00,1184,0.015,0.0155,0.995,0.49472222222222223,0.0005000000000000004,pre,E13,polymarket,8601474761739494662879132877571233419511374108958084174727177012285914530506,2026-10-01,2026-06-10 17:00:06+00:00,no,averted,E13,True,False
2026-09-23,intraday,2026-09-23 13:30:00+00:00,2026-09-23 20:00:00+00:00,1184,0.0155,0.0155,0.49472222222222223,0.9947222222222222,0.0,pre,E13,polymarket,8601474761739494662879132877571233419511374108958084174727177012285914530506,2026-10-01,2026-06-10 17:00:06+00:00,no,averted,E13,True,False
2026-09-24,overnight,2026-09-23 20:00:00+00:00,2026-09-24 13:30:00+00:00,1185,0.0155,0.006,0.9947222222222222,0.495,-0.0095,pre,E13,polymarket,8601474761739494662879132877571233419511374108958084174727177012285914530506,2026-10-01,2026-06-10 17:00:06+00:00,no,averted,E13,True,False
2026-09-24,intraday,2026-09-24 13:30:00+00:00,2026-09-24 20:00:00+00:00,1185,0.006,0.006,0.495,0.9947222222222222,0.0,pre,E13,polymarket,8601474761739494662879132877571233419511374108958084174727177012285914530506,2026-10-01,2026-06-10 17:00:06+00:00,no,averted,E13,True,False
2026-09-25,overnight,2026-09-24 20:00:00+00:00,2026-09-25 13:30:00+00:00,1186,0.006,0.004,0.9947222222222222,0.49416666666666664,-0.002,pre,E13,polymarket,8601474761739494662879132877571233419511374108958084174727177012285914530506,2026-10-01,2026-06-10 17:00:06+00:00,no,averted,E13,True,False
2026-09-25,intraday,2026-09-25 13:30:00+00:00,2026-09-25 20:00:00+00:00,1186,0.004,0.004,0.49416666666666664,0.9941666666666666,0.0,pre,E13,polymarket,8601474761739494662879132877571233419511374108958084174727177012285914530506,2026-10-01,2026-06-10 17:00:06+00:00,no,averted,E13,True,False
2026-09-28,overnight,2026-09-25 20:00:00+00:00,2026-09-28 13:30:00+00:00,1187,0.004,0.0035,0.9941666666666666,0.495,-0.0005,pre,E13,polymarket,8601474761739494662879132877571233419511374108958084174727177012285914530506,2026-10-01,2026-06-10 17:00:06+00:00,no,averted,E13,True,False
2026-09-28,intraday,2026-09-28 13:30:00+00:00,2026-09-28 20:00:00+00:00,1187,0.0035,0.0045,0.495,0.9947222222222222,0.0009999999999999996,pre,E13,polymarket,8601474761739494662879132877571233419511374108958084174727177012285914530506,2026-10-01,2026-06-10 17:00:06+00:00,no,averted,E13,True,False
2026-09-29,overnight,2026-09-28 20:00:00+00:00,2026-09-29 13:30:00+00:00,1188,0.0045,0.0045,0.9947222222222222,0.49083333333333334,0.0,pre,E13,polymarket,8601474761739494662879132877571233419511374108958084174727177012285914530506,2026-10-01,2026-06-10 17:00:06+00:00,no,averted,E13,True,False
2026-09-29,intraday,2026-09-29 13:30:00+00:00,2026-09-29 20:00:00+00:00,1188,0.0045,0.0045,0.49083333333333334,0.9938888888888889,0.0,pre,E13,polymarket,8601474761739494662879132877571233419511374108958084174727177012285914530506,2026-10-01,2026-06-10 17:00:06+00:00,no,averted,E13,True,False
2026-09-30,overnight,2026-09-29 20:00:00+00:00,2026-09-30 13:30:00+00:00,1189,0.0045,0.0045,0.9938888888888889,0.49416666666666664,0.0,pre,E13,polymarket,8601474761739494662879132877571233419511374108958084174727177012285914530506,2026-10-01,2026-06-10 17:00:06+00:00,no,averted,E13,True,False
2026-09-30,intraday,2026-09-30 13:30:00+00:00,2026-09-30 20:00:00+00:00,1189,0.0045,0.0045,0.49416666666666664,0.9941666666666666,0.0,pre,E13,polymarket,8601474761739494662879132877571233419511374108958084174727177012285914530506,2026-10-01,2026-06-10 17:00:06+00:00,no,averted,E13,True,False
2026-10-01,overnight,2026-09-30 20:00:00+00:00,2026-10-01 13:30:00+00:00,1190,0.0045,0.0025,0.9941666666666666,0.49416666666666664,-0.0019999999999999996,resolution,E13,polymarket,8601474761739494662879132877571233419511374108958084174727177012285914530506,2026-10-01,2026-06-10 17:00:06+00:00,no,averted,E13,True,False
