ticker,Date,Open,High,Low,Close,Adj Close,Volume
CACI,1/3/2022,270.1900024,273.9899902,268.7200012,273.0700073,273.0700073,87500
CACI,1/4/2022,274.3999939,279.8500061,274.3999939,278.4500122,278.4500122,106600
CACI,1/5/2022,279.1400146,279.8999939,275.5100098,275.6799927,275.6799927,110700
CACI,1/6/2022,276.5700073,278.6600037,271.3200073,271.9899902,271.9899902,79500
CACI,1/7/2022,271.480011,275.2999878,269.9899902,273.1799927,273.1799927,74000
CACI,1/10/2022,273.4899902,273.6700134,269.0899963,273.3500061,273.3500061,107200
CACI,1/11/2022,274.4100037,276.980011,270.4500122,276.269989,276.269989,117500
CACI,1/12/2022,277.2900085,277.3599854,274.1000061,275.019989,275.019989,84800
CACI,1/13/2022,274.4500122,279.5899963,272.7399902,275.5599976,275.5599976,68200
CACI,1/14/2022,274.269989,278.4899902,271.0400085,278.230011,278.230011,61600
CACI,1/18/2022,280,280.5799866,275.3900146,279.1199951,279.1199951,135600
CACI,1/19/2022,279.5400085,280.2099915,275.3999939,275.7999878,275.7999878,74600
CACI,1/20/2022,277.0700073,278.2799988,272.7200012,272.9400024,272.9400024,94700
CACI,1/21/2022,273.4200134,274.1600037,270.019989,271.1400146,271.1400146,160200
CACI,1/24/2022,269.1499939,272.9599915,265.3399963,272.3099976,272.3099976,143300
CACI,1/25/2022,269.6600037,271.9299927,262.4400024,267.3200073,267.3200073,161000
CACI,1/26/2022,268.4500122,270.7099915,264.5899963,265.8999939,265.8999939,153800
CACI,1/27/2022,260,260,241.1100006,243.6399994,243.6399994,500000
CACI,1/28/2022,241.6600037,245.4199982,238.2899933,245.2100067,245.2100067,248300
CACI,1/31/2022,245.4600067,251.4100037,244.3099976,247.4600067,247.4600067,232500
CACI,2/1/2022,246.3999939,248.5200043,242.4600067,246.6799927,246.6799927,256300
CACI,2/2/2022,244.7200012,257.9599915,244.5599976,257.0299988,257.0299988,285700
CACI,2/3/2022,254.4600067,256.3299866,251.4499969,253.8899994,253.8899994,266800
CACI,2/4/2022,253.5599976,256.1499939,249.2899933,253.6100006,253.6100006,137600
CACI,2/7/2022,254.8200073,254.8399963,252.3999939,253.3000031,253.3000031,113300
CACI,2/8/2022,253.1100006,256.1199951,251.8099976,253.1699982,253.1699982,136300
CACI,2/9/2022,253.6199951,258.4100037,253.6199951,257.0700073,257.0700073,102500
CACI,2/10/2022,254.1000061,259.0400085,252.8099976,254.1999969,254.1999969,122600
CACI,2/11/2022,253.25,257.3999939,251.6199951,256.2000122,256.2000122,154000
CACI,2/14/2022,254.5200043,254.5200043,247.5500031,249.8099976,249.8099976,203600
CACI,2/15/2022,250.6100006,253.5,248.1100006,252.4700012,252.4700012,171600
CACI,2/16/2022,251.0399933,256.6199951,250.3800049,255.75,255.75,157300
CACI,2/17/2022,253.3399963,259.9200134,251.7599945,257.9599915,257.9599915,145300
CACI,2/18/2022,256.0700073,258.2399902,251.7400055,254.5399933,254.5399933,358400
CACI,2/22/2022,254.0399933,255.1900024,248.6900024,249.8899994,249.8899994,127000
CACI,2/23/2022,249.9499969,252.7899933,245.6799927,246.2799988,246.2799988,149900
CACI,2/24/2022,243.4499969,258.5299988,240.0200043,257.2600098,257.2600098,235200
CACI,2/25/2022,259.1799927,266.1900024,258.230011,266.0799866,266.0799866,191400
CACI,2/28/2022,265.019989,279.8200073,265.019989,279.7900085,279.7900085,282800
CACI,3/1/2022,277.5700073,285.8399963,277.5700073,284.9899902,284.9899902,307000
CACI,3/2/2022,285.2900085,293.7600098,278.8999939,291.5400085,291.5400085,304800
CACI,3/3/2022,292.4299927,294,286.7999878,292.1900024,292.1900024,180200
CACI,3/4/2022,289.7900085,305.269989,289.7900085,304.2399902,304.2399902,348900
CACI,3/7/2022,304.6700134,309.7999878,298.7000122,302.2399902,302.2399902,321000
CACI,3/8/2022,300.5100098,303,289.6300049,290.7999878,290.7999878,285100
CACI,3/9/2022,292.6199951,296.0799866,287.5899963,294.0799866,294.0799866,120200
CACI,3/10/2022,290.4500122,296.5799866,290.4100037,296.4899902,296.4899902,83200
CACI,3/11/2022,298.769989,302.2999878,296.5,301.519989,301.519989,237100
CACI,3/14/2022,303.0499878,303.4899902,293.1600037,296.2399902,296.2399902,196000
CACI,3/15/2022,296.519989,299.7999878,294.3900146,299.6900024,299.6900024,215400
CACI,3/16/2022,298.5700073,301.6499939,291.480011,293.8699951,293.8699951,165700
CACI,3/17/2022,293.3299866,301.2999878,293.3299866,298.1199951,298.1199951,191400
CACI,3/18/2022,296.0400085,297.6000061,293.8699951,295.2600098,295.2600098,373500
CACI,3/21/2022,295.7999878,302.019989,295.7999878,297.8399963,297.8399963,133000
CACI,3/22/2022,298.9299927,301.9200134,296.4299927,299.7799988,299.7799988,139400
CACI,3/23/2022,300,301.4299927,298.769989,300.4899902,300.4899902,127200
CACI,3/24/2022,300.6400146,306,300.0899963,305.519989,305.519989,207400
CACI,3/25/2022,304.3999939,308.8099976,301.9599915,308.8099976,308.8099976,152400
CACI,3/28/2022,308.769989,313.519989,306.9200134,308.8599854,308.8599854,169100
CACI,3/29/2022,308.0599976,311.8099976,298.6000061,299.8999939,299.8999939,192200
CACI,3/30/2022,299.7399902,305.1700134,297.4599915,304.3999939,304.3999939,141600
CACI,3/31/2022,304.0799866,306.6000061,301.25,301.2600098,301.2600098,103500
CACI,4/1/2022,301.8999939,305.2600098,300.75,304.4200134,304.4200134,97800
CACI,4/4/2022,304.3500061,306.3099976,299.6400146,300.7099915,300.7099915,83400
CACI,4/5/2022,300.6400146,305.4200134,295.8299866,296.5100098,296.5100098,152900
CACI,4/6/2022,296.3800049,303.6799927,296.0599976,301.9299927,301.9299927,159300
CACI,4/7/2022,301.9299927,308.8399963,300.8599854,304.9899902,304.9899902,123700
CACI,4/8/2022,304.6799927,308.0700073,301.8500061,301.9200134,301.9200134,137800
CACI,4/11/2022,302.1099854,308.0799866,300.8200073,305.2900085,305.2900085,149700
CACI,4/12/2022,303.5899963,307.6900024,301.1400146,301.4200134,301.4200134,144400
CACI,4/13/2022,299.7000122,302.2799988,296.9899902,298.1199951,298.1199951,176600
CACI,4/14/2022,300.1799927,301.25,293.7999878,294.3200073,294.3200073,145900
CACI,4/18/2022,293.2600098,296.7099915,290.269989,291.0700073,291.0700073,208900
CACI,4/19/2022,292.9500122,296.1300049,291.6700134,295.9500122,295.9500122,126000
CACI,4/20/2022,297.1700134,298.8599854,294.25,294.7600098,294.7600098,90000
CACI,4/21/2022,295.0899963,298.230011,293.3699951,293.9700012,293.9700012,94600
CACI,4/22/2022,292.5499878,293.2000122,285.7000122,285.9899902,285.9899902,78500
CACI,4/25/2022,285.0400085,285.5,278.6000061,285.2200012,285.2200012,102000
CACI,4/26/2022,286.0400085,287.6000061,281.75,282.0700073,282.0700073,92600
CACI,4/27/2022,281.6300049,284.4299927,277.3399963,278.480011,278.480011,134500
CACI,4/28/2022,275.3299866,285.8099976,262.8399963,268.3699951,268.3699951,412300
CACI,4/29/2022,266.230011,270.1600037,263.7099915,265.2999878,265.2999878,204400
CACI,5/2/2022,265.7600098,270.7399902,263.7799988,266.1799927,266.1799927,170200
CACI,5/3/2022,266.3900146,266.5899963,262.8800049,265.0299988,265.0299988,177200
CACI,5/4/2022,266.269989,273.5599976,264.3699951,272.75,272.75,108800
CACI,5/5/2022,272.0299988,272.2099915,264.1000061,271.0400085,271.0400085,127500
CACI,5/6/2022,269.1499939,270.2600098,262.0799866,262.7000122,262.7000122,139300
CACI,5/9/2022,260.7600098,264.2999878,258.6400146,261.2399902,261.2399902,202600
CACI,5/10/2022,263.6499939,264.0400085,254.6100006,260.0700073,260.0700073,234700
CACI,5/11/2022,258.7799988,265.2900085,254.6699982,255.4499969,255.4499969,148500
CACI,5/12/2022,255.1000061,257.8500061,252,256.480011,256.480011,264000
CACI,5/13/2022,258.3399963,259.8599854,252.9700012,256.6700134,256.6700134,155300
CACI,5/16/2022,257.3999939,268.6799927,256.6700134,266.2600098,266.2600098,136000
CACI,5/17/2022,268.230011,271.7900085,267.3299866,271.1600037,271.1600037,158800
CACI,5/18/2022,269.7399902,271.3299866,261.730011,263.1400146,263.1400146,158700
CACI,5/19/2022,261.2900085,266.1900024,258.8699951,264.0899963,264.0899963,118600
CACI,5/20/2022,264.980011,264.980011,257.1499939,262.75,262.75,128900
CACI,5/23/2022,264.8800049,269.4500122,262.25,268.5700073,268.5700073,115500
CACI,5/24/2022,268.2099915,274.6600037,268.2099915,273.9299927,273.9299927,122500
CACI,5/25/2022,272.0799866,275.480011,270.5599976,273.3599854,273.3599854,138000
CACI,5/26/2022,274.6700134,279.3500061,274.6700134,278.5599976,278.5599976,84600
CACI,5/27/2022,278.2200012,285.2600098,278.2200012,284.8699951,284.8699951,107600
CACI,5/31/2022,284.7399902,284.7399902,279.6400146,280.3699951,280.3699951,110600
CACI,6/1/2022,279.3699951,282.1499939,278.1300049,280.6199951,280.6199951,115100
CACI,6/2/2022,281.8999939,286.6700134,278.1099854,286.3900146,286.3900146,110000
CACI,6/3/2022,285.5799866,286.8900146,283.0100098,286.3200073,286.3200073,79900
CACI,6/6/2022,291.2399902,293.1700134,289.1099854,289.5899963,289.5899963,85300
CACI,6/7/2022,286.6799927,292.1199951,286.6799927,290.9200134,290.9200134,170900
CACI,6/8/2022,290.5100098,291.5799866,281.8800049,282.7200012,282.7200012,109300
CACI,6/9/2022,283.6199951,285.6400146,280.480011,280.7999878,280.7999878,119000
CACI,6/10/2022,279.6400146,279.6400146,273.9299927,274.3699951,274.3699951,97400
CACI,6/13/2022,270.0700073,272.6499939,266.2600098,269.6499939,269.6499939,100100
CACI,6/14/2022,270.8800049,272.7000122,265.8099976,267.9899902,267.9899902,158100
CACI,6/15/2022,267.730011,271.7999878,267.2200012,269.1700134,269.1700134,114100
CACI,6/16/2022,265.519989,265.7399902,261.3399963,262.1499939,262.1499939,104500
CACI,6/17/2022,264.5700073,264.5700073,254.3699951,259.8699951,259.8699951,423100
CACI,6/21/2022,261.7900085,265.4100037,260.6000061,263.5,263.5,153100
CACI,6/22/2022,262.0499878,264.8999939,261.7000122,264.3299866,264.3299866,132900
CACI,6/23/2022,264.6499939,266.1799927,260.7000122,264.4500122,264.4500122,137000
CACI,6/24/2022,267.4299927,277.7600098,266.5,277.1700134,277.1700134,263700
CACI,6/27/2022,276.6099854,282.0100098,275.1799927,278.2000122,278.2000122,130400
CACI,6/28/2022,278.5599976,280,272.8099976,274.5700073,274.5700073,108600
CACI,6/29/2022,274.0899963,277.2399902,270.769989,276.7999878,276.7999878,89100
CACI,6/30/2022,275.6000061,283.4100037,273.7900085,281.7799988,281.7799988,116700
CACI,7/1/2022,280.8999939,287.769989,277.9500122,287.1900024,287.1900024,126100
CACI,7/5/2022,283.519989,285.9700012,275.3599854,279.1799927,279.1799927,218700
CACI,7/6/2022,277.6900024,287.0499878,277.4100037,285.2200012,285.2200012,166000
CACI,7/7/2022,284.7999878,289.6499939,284.7999878,286.8800049,286.8800049,245800
CACI,7/8/2022,285.1300049,289.2799988,285.1300049,288.1900024,288.1900024,98400
CACI,7/11/2022,285.6400146,289.2799988,284.3699951,287.3900146,287.3900146,109500
CACI,7/12/2022,286.5899963,289.1400146,283.1000061,284.2999878,284.2999878,145100
CACI,7/13/2022,280.4500122,283.2999878,279.2000122,280.3099976,280.3099976,107100
CACI,7/14/2022,276.4100037,280.7900085,276.1099854,280.5100098,280.5100098,119100
CACI,7/15/2022,284.0499878,286.2099915,281.5400085,283.8099976,283.8099976,123400
CACI,7/18/2022,284.4100037,286.1199951,280.5899963,281,281,75300
CACI,7/19/2022,282.1600037,286.3299866,282.1600037,284.7000122,284.7000122,125200
CACI,7/20/2022,284,285.4599915,281.480011,284.3099976,284.3099976,117700
CACI,7/21/2022,285.0599976,287.4200134,282.3500061,287.1700134,287.1700134,92900
CACI,7/22/2022,287.980011,290.5400085,284.519989,286.2099915,286.2099915,110700
CACI,7/25/2022,287.7999878,291.9400024,286.2099915,291.230011,291.230011,145800
CACI,7/26/2022,289.9299927,294.5,289.9299927,293.1700134,293.1700134,113500
CACI,7/27/2022,293.1700134,293.8900146,290.6700134,292.1400146,292.1400146,106100
CACI,7/28/2022,294.1300049,302.0599976,293.5299988,300.019989,300.019989,181500
CACI,7/29/2022,299.5599976,302.3999939,299.0899963,302.2900085,302.2900085,141700
CACI,8/1/2022,302.2900085,303.8200073,300.269989,300.9700012,300.9700012,93700
CACI,8/2/2022,302.3500061,302.3500061,291.519989,292.1499939,292.1499939,188100
CACI,8/3/2022,292.0100098,292.4299927,285.1400146,290.5899963,290.5899963,156100
CACI,8/4/2022,291.1700134,291.1700134,287.2900085,288.4599915,288.4599915,131700
CACI,8/5/2022,287.25,288.0899963,282.2999878,287.3999939,287.3999939,147700
CACI,8/8/2022,288.1000061,289.4400024,282.7099915,282.8699951,282.8699951,165200
CACI,8/9/2022,284.7999878,286.019989,282.2000122,283.5100098,283.5100098,172200
CACI,8/10/2022,285.5499878,286.5700073,279.6900024,282.0299988,282.0299988,321600
CACI,8/11/2022,271.2399902,276.7900085,271.2399902,276,276,489400
CACI,8/12/2022,277.8599854,282.5700073,275.9100037,281.0499878,281.0499878,266500
CACI,8/15/2022,280.3399963,289.2900085,280.3399963,287.5700073,287.5700073,149700
CACI,8/16/2022,286.3999939,287.4400024,280.5700073,282.230011,282.230011,115100
CACI,8/17/2022,280.1000061,285.3900146,280.1000061,283.7399902,283.7399902,122300
CACI,8/18/2022,283.9599915,285.6099854,282.4599915,284.3999939,284.3999939,83300
CACI,8/19/2022,284.7999878,286.8200073,283.8200073,286.4200134,286.4200134,119700
CACI,8/22/2022,284.6300049,285.1499939,281.0899963,282.7000122,282.7000122,105200
CACI,8/23/2022,282.9299927,284.2799988,281.2200012,281.9299927,281.9299927,120600
CACI,8/24/2022,281.9599915,286.0499878,279.2999878,281.6700134,281.6700134,100900
CACI,8/25/2022,280.6799927,282.1099854,278.6499939,281.0400085,281.0400085,80100
CACI,8/26/2022,279.730011,280,275.4400024,275.7799988,275.7799988,83900
CACI,8/29/2022,273.6199951,277.5100098,271.1900024,275.8999939,275.8999939,64000
CACI,8/30/2022,275.019989,275.019989,271.9200134,273.2200012,273.2200012,102100
CACI,8/31/2022,276.7200012,282.1799927,276.3200073,280.8699951,280.8699951,239600
CACI,9/1/2022,280.7200012,280.8999939,275.1099854,276.8500061,276.8500061,127500
CACI,9/2/2022,278.3399963,279.980011,274.5799866,275.0799866,275.0799866,93300
CACI,9/6/2022,275.5400085,276.9500122,274.0400085,274.8399963,274.8399963,71500
CACI,9/7/2022,275.8999939,280.2399902,275.0899963,277.8800049,277.8800049,98700
CACI,9/8/2022,276.019989,276.8500061,274.269989,276.5499878,276.5499878,110700
CACI,9/9/2022,277.9200134,282.0299988,277.9200134,280.6400146,280.6400146,84400
CACI,9/12/2022,280.4100037,285.5599976,280.2099915,281.1700134,281.1700134,83200
CACI,9/13/2022,278.5499878,279.4700012,274.7999878,275.7799988,275.7799988,120500
CACI,9/14/2022,275.6099854,279.3200073,275.0299988,276.5899963,276.5899963,74200
CACI,9/15/2022,274.6900024,276.730011,272.3399963,275.8900146,275.8900146,142100
CACI,9/16/2022,273.8800049,280.3500061,273.8299866,279.9200134,279.9200134,284400
CACI,9/19/2022,277.1499939,282.2799988,276.6300049,280.1400146,280.1400146,95200
CACI,9/20/2022,278.8699951,282.8999939,277.3500061,281.4100037,281.4100037,170900
CACI,9/21/2022,283,286.3699951,277.8699951,278.1099854,278.1099854,132900
CACI,9/22/2022,276.2099915,277.9599915,273.4500122,276.1099854,276.1099854,75400
CACI,9/23/2022,274,275.480011,269.3999939,271.3599854,271.3599854,192700
CACI,9/26/2022,269.5400085,274.8500061,268.8099976,268.9500122,268.9500122,116400
CACI,9/27/2022,270.75,270.75,263.0299988,263.7000122,263.7000122,121000
CACI,9/28/2022,265.8800049,268.6499939,260.9400024,267.5700073,267.5700073,139400
CACI,9/29/2022,265.3599854,265.6400146,261.4200134,264.2399902,264.2399902,138800
CACI,9/30/2022,263.75,265.1099854,260.3099976,261.0599976,261.0599976,126300
CACI,10/3/2022,262.5400085,271.0799866,262.5400085,269.5100098,269.5100098,74300
CACI,10/4/2022,271.2000122,275.8999939,270.1799927,272.4899902,272.4899902,126600
CACI,10/5/2022,271.0799866,273.8200073,269.0400085,270.3800049,270.3800049,74900
CACI,10/6/2022,269.6600037,269.6600037,262.769989,263.0100098,263.0100098,97300
CACI,10/7/2022,262.4100037,262.4100037,257.7600098,260.7600098,260.7600098,186000
CACI,10/10/2022,261.5899963,266.3999939,260.1600037,261.230011,261.230011,89200
CACI,10/11/2022,260.1700134,262.2200012,255.7200012,256.9500122,256.9500122,197800
CACI,10/12/2022,256.6400146,257.1700134,250.1100006,250.3200073,250.3200073,152300
CACI,10/13/2022,247.2299957,258.1600037,245.3200073,256.9200134,256.9200134,182300
CACI,10/14/2022,258.3800049,258.3800049,248.1600037,248.6600037,248.6600037,142800
CACI,10/17/2022,252.5200043,258.6099854,252.4799957,257.0599976,257.0599976,100400
CACI,10/18/2022,259.8200073,265.7999878,259.3200073,264.2799988,264.2799988,135900
CACI,10/19/2022,263.1099854,264.269989,259.5599976,261.9299927,261.9299927,65700
CACI,10/20/2022,263.75,266.1300049,260.5400085,264.7600098,264.7600098,109400
CACI,10/21/2022,263.2099915,273.9700012,262.3999939,273.0899963,273.0899963,150000
CACI,10/24/2022,273.7999878,275.1300049,269.3900146,271.1799927,271.1799927,138600
CACI,10/25/2022,270.0100098,278.7099915,270.0100098,278.3699951,278.3699951,130600
CACI,10/26/2022,278.5700073,282.75,277,279.6199951,279.6199951,189600
CACI,10/27/2022,282,302.8399963,281.980011,294.8999939,294.8999939,270600
CACI,10/28/2022,296.3999939,304.1099854,294.8500061,303.1199951,303.1199951,174800
CACI,10/31/2022,301.1700134,309.5799866,298.9500122,304.0299988,304.0299988,167700
CACI,11/1/2022,305.8900146,306.9200134,298.8599854,302.9299927,302.9299927,126600
CACI,11/2/2022,300.3699951,306.3500061,300.3699951,303.0299988,303.0299988,157800
CACI,11/3/2022,299.8099976,304.3599854,296.8099976,301.8699951,301.8699951,136800
CACI,11/4/2022,301.3900146,303.4700012,289.8900146,295.7600098,295.7600098,108600
CACI,11/7/2022,297.1099854,302.1400146,295.1499939,302.1400146,302.1400146,126300
CACI,11/8/2022,301.8599854,306.769989,301.8599854,302.4500122,302.4500122,91400
CACI,11/9/2022,302.6400146,302.6400146,297.8699951,298.3800049,298.3800049,87600
CACI,11/10/2022,305.1700134,305.1700134,297.8200073,301.2000122,301.2000122,140700
CACI,11/11/2022,300.9299927,300.9299927,288.6700134,289.1199951,289.1199951,163400
CACI,11/14/2022,291.1099854,295.0400085,288.6600037,289.230011,289.230011,140600
CACI,11/15/2022,291.0400085,294.6700134,288.8299866,289.730011,289.730011,149200
CACI,11/16/2022,290.1600037,300.4200134,290.1600037,299.6799927,299.6799927,138600
CACI,11/17/2022,296.8500061,305.1600037,295.9500122,305.1600037,305.1600037,195900
CACI,11/18/2022,309.2099915,310.1900024,302.019989,303.7600098,303.7600098,106600
CACI,11/21/2022,303.480011,309.7399902,302.5499878,306.8699951,306.8699951,192500
CACI,11/22/2022,307.2000122,311.1499939,305.5400085,307.3800049,307.3800049,152700
CACI,11/23/2022,308.5100098,308.9500122,303.1499939,305.6300049,305.6300049,79400
CACI,11/25/2022,307.3999939,311.519989,307.1499939,311.0799866,311.0799866,33600
CACI,11/28/2022,309.0299988,312.9899902,306.9400024,308.4299927,308.4299927,110900
CACI,11/29/2022,307.4700012,308.9200134,305.6600037,307.1099854,307.1099854,89100
CACI,11/30/2022,305.9700012,312.3299866,303.75,312.2999878,312.2999878,107500
CACI,12/1/2022,313,314.769989,310.6799927,313.7099915,313.7099915,87600
CACI,12/2/2022,312.2000122,319.3299866,311.2200012,315.5700073,315.5700073,87900
CACI,12/5/2022,313.4200134,315.9700012,311.3200073,312.9500122,312.9500122,113100
CACI,12/6/2022,311.769989,311.9100037,305.769989,311.019989,311.019989,125100
CACI,12/7/2022,309.2000122,311.1799927,304.5799866,304.8200073,304.8200073,61100
CACI,12/8/2022,305.019989,308.4299927,302.7399902,304.8399963,304.8399963,64700
CACI,12/9/2022,303.9400024,304.3200073,300.0400085,300.5299988,300.5299988,64100
CACI,12/12/2022,301.4400024,301.4400024,296.4500122,298.6300049,298.6300049,103700
CACI,12/13/2022,302.7999878,302.7999878,297.25,298.7200012,298.7200012,171400
CACI,12/14/2022,299.9400024,307.4100037,298.9200134,304.7000122,304.7000122,124800
CACI,12/15/2022,302.5299988,302.5299988,297.1400146,300.4500122,300.4500122,165100
CACI,12/16/2022,299.5499878,305.1099854,296.5599976,301.980011,301.980011,403400
CACI,12/19/2022,299.7999878,302.9599915,295.4400024,297.1000061,297.1000061,158800
CACI,12/20/2022,296.75,301.3099976,296.75,298.1499939,298.1499939,88100
CACI,12/21/2022,299.0899963,303.8800049,297.230011,303.6400146,303.6400146,103200
CACI,12/22/2022,302.019989,302.019989,295.3200073,299.5899963,299.5899963,79100
CACI,12/23/2022,299.519989,302.269989,298.1499939,299.2799988,299.2799988,93100
CACI,12/27/2022,300.2600098,303.8200073,299.7999878,302.9200134,302.9200134,68300
CACI,12/28/2022,301.9700012,305.2099915,297.5100098,297.9700012,297.9700012,62000
CACI,12/29/2022,298.6099854,303.25,298.2600098,300.5899963,300.5899963,64300
CACI,12/30/2022,300.1799927,301.7000122,298.0599976,300.5899963,300.5899963,72900
CACI,1/3/2023,305,309.0899963,301.6199951,307.9899902,307.9899902,201900
CACI,1/4/2023,306.9500122,313.6400146,306.8900146,308,308,187200
CACI,1/5/2023,306.3200073,310.6300049,305.4599915,308.3399963,308.3399963,149400
CACI,1/6/2023,311.1900024,318.8200073,310.980011,314.6099854,314.6099854,172700
CACI,1/9/2023,313.9700012,313.9700012,296.2000122,297.1600037,297.1600037,198600
CACI,1/10/2023,298.4100037,299.019989,294.1099854,295.25,295.25,153400
CACI,1/11/2023,294.0499878,296.1000061,291.3399963,295.7799988,295.7799988,154200
CACI,1/12/2023,295.2200012,296.7399902,292.8299866,293.0899963,293.0899963,131300
CACI,1/13/2023,290.2200012,293.7399902,288.269989,293.5599976,293.5599976,145500
CACI,1/17/2023,295,295.4100037,291.3299866,291.3699951,291.3699951,113800
CACI,1/18/2023,290.0100098,290.6199951,286.3699951,287.1300049,287.1300049,162100
CACI,1/19/2023,285.5899963,289.6499939,282.6499939,284.7999878,284.7999878,159900
CACI,1/20/2023,284.1199951,287.3299866,281.1000061,285.9899902,285.9899902,170600
CACI,1/23/2023,286.769989,287.0100098,283.3900146,285.980011,285.980011,179700
CACI,1/24/2023,288.2200012,289.5799866,284.9700012,288.9100037,288.9100037,128000
CACI,1/25/2023,287.1700134,293.0700073,286.9500122,291.5,291.5,195800
CACI,1/26/2023,297,307.9899902,290.3800049,303.8099976,303.8099976,352800
CACI,1/27/2023,303.3900146,305.3299866,293.1199951,295.0899963,295.0899963,205100
CACI,1/30/2023,302.8999939,304.980011,298.0299988,301.9500122,301.9500122,237000
CACI,1/31/2023,302.1600037,308.1000061,300.4500122,308.0899963,308.0899963,164700
CACI,2/1/2023,307.8399963,311.8599854,304.5799866,305.3900146,305.3900146,282700
CACI,2/2/2023,304.5700073,306.2000122,301.9299927,303.7200012,303.7200012,194100
CACI,2/3/2023,303.7099915,306.6600037,302.3299866,304.7200012,304.7200012,164000
CACI,2/6/2023,305.7000122,308.0299988,301.1099854,302.9299927,302.9299927,290300
CACI,2/7/2023,300.6700134,304.2200012,296.9899902,303.5499878,303.5499878,148000
CACI,2/8/2023,302.7200012,303.5299988,299.7399902,299.8500061,299.8500061,168300
CACI,2/9/2023,299.8299866,301.2200012,296.1900024,296.5700073,296.5700073,141900
CACI,2/10/2023,297.6099854,302.6099854,297.3500061,301.5799866,301.5799866,113300
CACI,2/13/2023,303.2000122,304.5799866,301.4700012,301.8500061,301.8500061,77800
CACI,2/14/2023,302.1000061,302.1300049,296.4599915,296.6400146,296.6400146,96300
CACI,2/15/2023,295.0799866,298.6799927,293.3399963,298.4299927,298.4299927,93400
CACI,2/16/2023,297.2000122,307.2399902,297.2000122,303.9599915,303.9599915,196400
CACI,2/17/2023,304.2900085,305.9500122,303.0799866,304,304,120100
CACI,2/21/2023,303.5700073,304.1099854,300.1499939,300.9400024,300.9400024,105400
CACI,2/22/2023,301.1000061,303.2600098,299.9500122,300.1000061,300.1000061,92900
CACI,2/23/2023,300.2000122,301.7600098,296.7999878,297.1000061,297.1000061,147900
CACI,2/24/2023,296.4299927,299.1300049,295.8999939,297.3299866,297.3299866,77100
CACI,2/27/2023,298.2200012,300.0599976,294.1199951,295.230011,295.230011,75600
CACI,2/28/2023,295.9700012,296.980011,292.2200012,293,293,122300
CACI,3/1/2023,293,296.1700134,292.5,293.9400024,293.9400024,100100
CACI,3/2/2023,293,296.0799866,291.7799988,295.1000061,295.1000061,105800
CACI,3/3/2023,295.3599854,296.2000122,292.7000122,295.6600037,295.6600037,103000
CACI,3/6/2023,294.8800049,295.0100098,290.5299988,292.3399963,292.3399963,211700
CACI,3/7/2023,293.2600098,299.9500122,293.2600098,299.1900024,299.1900024,197600
CACI,3/8/2023,298.7099915,299.2900085,287.5499878,288.6900024,288.6900024,189200
CACI,3/9/2023,289.9100037,291.3299866,283.6900024,284.6600037,284.6600037,146200
CACI,3/10/2023,283.9599915,285.8200073,280.4400024,281.1099854,281.1099854,155200
CACI,3/13/2023,279.5100098,282.5700073,278.4899902,278.980011,278.980011,220500
CACI,3/14/2023,280.4899902,285.4899902,279.019989,284.3500061,284.3500061,159300
CACI,3/15/2023,281.1300049,285.0100098,279.0299988,282.8599854,282.8599854,296300
CACI,3/16/2023,281.4700012,288.1199951,281.3999939,284.2999878,284.2999878,365800
CACI,3/17/2023,284.0100098,285.0400085,275.7900085,279.5899963,279.5899963,350300
CACI,3/20/2023,281.1799927,285.4700012,280.1300049,281.2399902,281.2399902,206900
CACI,3/21/2023,283.6099854,288.0599976,281.25,286.7099915,286.7099915,133500
CACI,3/22/2023,286.9100037,286.9100037,281.3399963,281.75,281.75,99700
CACI,3/23/2023,282.4500122,285.5899963,280.6799927,282.4700012,282.4700012,101100
CACI,3/24/2023,281.9599915,289.2399902,281.2900085,287.6300049,287.6300049,131000
CACI,3/27/2023,289.1400146,291.1400146,285.7399902,289.0100098,289.0100098,101600
CACI,3/28/2023,289.0299988,293.5499878,289.0299988,292.6799927,292.6799927,143600
CACI,3/29/2023,293.0400085,294.9299927,292.5299988,293.4200134,293.4200134,110500
CACI,3/30/2023,293.8399963,296.0899963,292.6400146,294.8500061,294.8500061,119700
CACI,3/31/2023,296.3200073,297.019989,294.9400024,296.2799988,296.2799988,101000
CACI,4/3/2023,296.019989,303.269989,296.019989,301.3500061,301.3500061,198800
CACI,4/4/2023,300.4100037,303.3299866,294.1000061,297.6300049,297.6300049,151600
CACI,4/5/2023,298.0100098,301.6600037,296.3800049,297.8399963,297.8399963,146800
CACI,4/6/2023,298.3999939,300.019989,297.4899902,298.7600098,298.7600098,58800
CACI,4/10/2023,298.0299988,305,298.0299988,302.6099854,302.6099854,175100
CACI,4/11/2023,301.5299988,304.75,301.3099976,303.0499878,303.0499878,115500
CACI,4/12/2023,303.75,307.2900085,303.75,305.2900085,305.2900085,84900
CACI,4/13/2023,305.2900085,311.4500122,304.3299866,309.4299927,309.4299927,165700
CACI,4/14/2023,308.6099854,309.230011,305.7900085,308.6000061,308.6000061,93500
CACI,4/17/2023,309.6499939,311.4299927,308.75,309.8900146,309.8900146,129400
CACI,4/18/2023,309.6600037,312,308.1300049,310.3399963,310.3399963,104900
CACI,4/19/2023,310.7399902,310.7399902,307.5400085,309.3099976,309.3099976,80800
CACI,4/20/2023,309.2099915,309.4500122,306,307.3299866,307.3299866,94200
CACI,4/21/2023,307.8800049,308.8999939,306.4500122,308.1199951,308.1199951,96400
CACI,4/24/2023,307.6300049,308.4400024,303.2399902,306.0599976,306.0599976,137300
CACI,4/25/2023,304.25,305.3999939,302.5700073,304.0599976,304.0599976,151600
CACI,4/26/2023,301,302.6000061,298.5400085,300.730011,300.730011,255300
CACI,4/27/2023,315,316.6099854,306.9500122,312.4299927,312.4299927,388700
CACI,4/28/2023,311.3399963,316.2900085,309.1799927,313.3200073,313.3200073,172300
CACI,5/1/2023,313.3200073,317.9700012,313.3200073,316.2200012,316.2200012,228700
CACI,5/2/2023,314.1900024,314.1900024,305.5599976,308.7000122,308.7000122,193500
CACI,5/3/2023,309.8200073,314.4599915,308.0700073,308.6799927,308.6799927,203800
CACI,5/4/2023,306.769989,308.2999878,303.519989,303.5499878,303.5499878,182900
CACI,5/5/2023,305.4400024,307.6000061,301.5599976,305.6900024,305.6900024,157200
CACI,5/8/2023,307.0499878,308,303.2000122,303.9500122,303.9500122,161200
CACI,5/9/2023,305.4700012,307.3699951,304.4700012,304.519989,304.519989,137400
CACI,5/10/2023,305.1600037,309.2999878,304.5599976,307.5299988,307.5299988,141000
CACI,5/11/2023,306.4299927,306.6700134,303.7099915,305.0799866,305.0799866,107900
CACI,5/12/2023,304.8900146,307.8099976,304.7900085,306.730011,306.730011,73300
CACI,5/15/2023,306.7399902,308.0599976,305.1000061,306.2200012,306.2200012,129900
CACI,5/16/2023,306.1799927,306.1799927,301.8500061,302.2799988,302.2799988,157400
CACI,5/17/2023,302.7799988,304.8299866,300.7000122,303.9599915,303.9599915,134700
CACI,5/18/2023,303.730011,305.5400085,300.769989,303.3599854,303.3599854,137700
CACI,5/19/2023,305.1499939,306.1400146,301.3399963,301.5400085,301.5400085,159000
CACI,5/22/2023,301.4100037,306.3599854,300.5799866,302.269989,302.269989,164100
CACI,5/23/2023,302.2600098,302.2600098,297.3399963,299.519989,299.519989,130800
CACI,5/24/2023,299.4400024,299.8800049,297.5400085,298.019989,298.019989,109300
CACI,5/25/2023,296.7999878,296.8500061,293.6900024,294.1000061,294.1000061,174500
CACI,5/26/2023,294.6199951,297.8999939,294.1099854,296.7799988,296.7799988,141000
CACI,5/30/2023,298.0100098,304.1099854,296.75,300.3299866,300.3299866,192300
CACI,5/31/2023,300.5799866,303.5,298.9299927,299.2200012,299.2200012,185400
CACI,6/1/2023,300.1199951,301.7600098,298.4700012,300.9599915,300.9599915,100600
CACI,6/2/2023,301.7000122,308.8699951,300.9899902,308.0899963,308.0899963,185100
CACI,6/5/2023,307.9200134,309.2799988,303.7099915,303.9200134,303.9200134,140500
CACI,6/6/2023,303.6700134,307.519989,302.7999878,306.8099976,306.8099976,94100
CACI,6/7/2023,306.9299927,310.7999878,306.9299927,310.3800049,310.3800049,178700
CACI,6/8/2023,310.3800049,315.9599915,308.6099854,315.3699951,315.3699951,208500
CACI,6/9/2023,316,318.5899963,312.519989,317.230011,317.230011,193700
CACI,6/12/2023,317.980011,322.6400146,316.8599854,319.4400024,319.4400024,193000
CACI,6/13/2023,319,324.019989,316.8099976,323.1600037,323.1600037,152800
CACI,6/14/2023,323.1600037,324.8599854,317.7999878,319.8299866,319.8299866,199300
CACI,6/15/2023,319.0599976,323.5100098,318.4400024,322.9100037,322.9100037,207800
CACI,6/16/2023,324.519989,326.8599854,322,325.6900024,325.6900024,666200
CACI,6/20/2023,325.5499878,330,323.0400085,327.9200134,327.9200134,165500
CACI,6/21/2023,329.7600098,330.1600037,325.5,329.8999939,329.8999939,161500
CACI,6/22/2023,331.3200073,333.0599976,329.4700012,332.8299866,332.8299866,135200
CACI,6/23/2023,331.6600037,334.1700134,328.1900024,328.2900085,328.2900085,181200
CACI,6/26/2023,327.3299866,331.9700012,326.8299866,330.980011,330.980011,81500
CACI,6/27/2023,332.519989,336.2399902,331.2000122,334.6900024,334.6900024,88300
CACI,6/28/2023,334.5499878,336.8099976,330.3599854,336.4299927,336.4299927,97100
CACI,6/29/2023,336.0299988,340.730011,335,338.3999939,338.3999939,116200
CACI,6/30/2023,339.019989,342.8299866,338.2799988,340.8399963,340.8399963,121000
CACI,7/3/2023,339.3900146,342.2900085,338,340.6900024,340.6900024,76700
CACI,7/5/2023,340.1600037,342.019989,338,341.6600037,341.6600037,95600
CACI,7/6/2023,340.4599915,341.5299988,338.4299927,339.7799988,339.7799988,104700
CACI,7/7/2023,338.9700012,344.8299866,338.9700012,342.480011,342.480011,167800
CACI,7/10/2023,341.4100037,346.5799866,341.2000122,341.9599915,341.9599915,93900
CACI,7/11/2023,342.25,348.4899902,342.25,347.8699951,347.8699951,131800
CACI,7/12/2023,354.4400024,355.5100098,346.5400085,346.6900024,346.6900024,125200
CACI,7/13/2023,346.8299866,351.6199951,346.8299866,348.8299866,348.8299866,73800
CACI,7/14/2023,348.6000061,348.9700012,344.7000122,347.25,347.25,77200
CACI,7/17/2023,347,349.1300049,345.8699951,346.7900085,346.7900085,100900
CACI,7/18/2023,347.6000061,350,347.2999878,347.6199951,347.6199951,77200
CACI,7/19/2023,347,349.5499878,344.0799866,344.3399963,344.3399963,127500
CACI,7/20/2023,343.8800049,348,342.8800049,347.2399902,347.2399902,101300
CACI,7/21/2023,348.7099915,348.7900085,346,346.3500061,346.3500061,107100
CACI,7/24/2023,348.1099854,350.1499939,345.1499939,348.2399902,348.2399902,91400
CACI,7/25/2023,347.6499939,352.5700073,345.7799988,352.2799988,352.2799988,96300
CACI,7/26/2023,352.7099915,355.1099854,350.3200073,353.0499878,353.0499878,104700
CACI,7/27/2023,354.2000122,354.2000122,343.980011,345.3699951,345.3699951,128700
CACI,7/28/2023,345.4200134,351.1900024,345.4200134,350.1400146,350.1400146,73700
CACI,7/31/2023,350.519989,352.9400024,348.8900146,350.4400024,350.4400024,77500
CACI,8/1/2023,351.2900085,355.3500061,350.8999939,354.2999878,354.2999878,84000
CACI,8/2/2023,353.9500122,355.2900085,350.3500061,354.75,354.75,112600
CACI,8/3/2023,354.4299927,355.6799927,352.7900085,354.8200073,354.8200073,132100
CACI,8/4/2023,355.3399963,356.8599854,352.5100098,354.5499878,354.5499878,135200
CACI,8/7/2023,354.1600037,358.4899902,354.1499939,357.9200134,357.9200134,92600
CACI,8/8/2023,358.4700012,359.3299866,354.0899963,354.3599854,354.3599854,95600
CACI,8/9/2023,353.8500061,357.519989,353.2999878,356.3299866,356.3299866,198700
CACI,8/10/2023,339.5499878,347.7399902,335.0400085,343.1099854,343.1099854,305800
CACI,8/11/2023,344.1300049,344.9599915,339.2600098,343.8699951,343.8699951,159800
CACI,8/14/2023,345.9100037,353.3099976,339.5,341.2999878,341.2999878,153400
CACI,8/15/2023,339.730011,342.4200134,338.019989,338.2200012,338.2200012,90600
CACI,8/16/2023,339.6199951,340.6400146,331.8800049,333.0599976,333.0599976,137200
CACI,8/17/2023,334.730011,335.6600037,326.980011,327.8599854,327.8599854,132000
CACI,8/18/2023,327.4100037,330.8900146,324.4299927,327.3999939,327.3999939,223700
CACI,8/21/2023,327.7900085,332.3399963,325.7099915,326.25,326.25,103600
CACI,8/22/2023,326.730011,330.5700073,324.1900024,327.4299927,327.4299927,122900
CACI,8/23/2023,328.4500122,331.0100098,326.25,331,331,133800
CACI,8/24/2023,329.8500061,334.0499878,327.3800049,327.7200012,327.7200012,74000
CACI,8/25/2023,329.8900146,329.8900146,324.4200134,325.2999878,325.2999878,152300
CACI,8/28/2023,324.4100037,329.8699951,324.4100037,327,327,197200
CACI,8/29/2023,327.1099854,329.0599976,324.9599915,327.1499939,327.1499939,146400
CACI,8/30/2023,328.9400024,331.3200073,328.0599976,328.6700134,328.6700134,89700
CACI,8/31/2023,329.730011,330.8099976,327.1900024,328.0100098,328.0100098,93100
CACI,9/1/2023,329.5899963,332.5,329.5400085,331.1799927,331.1799927,60500
CACI,9/5/2023,329.0100098,329.0100098,324.8900146,325.2999878,325.2999878,131500
CACI,9/6/2023,325.1499939,326.3599854,320.7099915,321.5899963,321.5899963,145500
CACI,9/7/2023,321.2799988,321.4200134,313.5599976,314,314,215900
CACI,9/8/2023,315.2200012,318.3599854,313.0400085,317.5799866,317.5799866,176200
CACI,9/11/2023,317.6099854,322.6799927,316.9599915,318.8200073,318.8200073,185500
CACI,9/12/2023,318.019989,319.1199951,316.2000122,318.0599976,318.0599976,135700
CACI,9/13/2023,318.2900085,319.2600098,314.3399963,315.7600098,315.7600098,137700
CACI,9/14/2023,317.6700134,321.8699951,317.6700134,321.5799866,321.5799866,194200
CACI,9/15/2023,320.5400085,320.9899902,315.7600098,317.8999939,317.8999939,447100
CACI,9/18/2023,317.2900085,323,317.2900085,318.6600037,318.6600037,152600
CACI,9/19/2023,318.4599915,321.8599854,317.3200073,320.2999878,320.2999878,180700
CACI,9/20/2023,320.8800049,324.8299866,318.5100098,321.4500122,321.4500122,109600
CACI,9/21/2023,320.7099915,320.7099915,312.5100098,312.7200012,312.7200012,119000
CACI,9/22/2023,312.2900085,314.5100098,310.1900024,310.2200012,310.2200012,94400
CACI,9/25/2023,309.8800049,313.1300049,309.8800049,311.8500061,311.8500061,147600
CACI,9/26/2023,310.9200134,312.4200134,308.2600098,309.3099976,309.3099976,144300
CACI,9/27/2023,310.1900024,314.8299866,310.1900024,313.5499878,313.5499878,136100
CACI,9/28/2023,314.6700134,317.0499878,313.7399902,315.9299927,315.9299927,115600
CACI,9/29/2023,317.230011,318.75,313.8699951,313.9299927,313.9299927,111800
CACI,10/2/2023,313.5,321.1499939,312.730011,313.4899902,313.4899902,137300
CACI,10/3/2023,312.8099976,314,309.5400085,309.8900146,309.8900146,91800
CACI,10/4/2023,311.6900024,313.75,306.519989,312.6600037,312.6600037,107300
CACI,10/5/2023,311.2600098,315.0799866,309.6799927,310.3699951,310.3699951,83500
CACI,10/6/2023,309.1499939,316.7200012,309.0400085,315.2000122,315.2000122,63900
CACI,10/9/2023,316.0100098,334.2200012,316.0100098,333.3500061,333.3500061,294900
CACI,10/10/2023,332.7000122,338.3699951,330.8399963,335.7200012,335.7200012,93900
CACI,10/11/2023,336.0499878,339.1400146,334.7200012,338.980011,338.980011,97900
CACI,10/12/2023,340.7000122,340.7000122,334.6000061,336.4899902,336.4899902,84400
CACI,10/13/2023,338.6000061,339.8599854,335.25,338.1099854,338.1099854,71100
CACI,10/16/2023,339.4599915,342.3299866,338.5499878,340.0400085,340.0400085,87800
CACI,10/17/2023,340.019989,347.6300049,340.019989,341.7799988,341.7799988,132300
CACI,10/18/2023,340.519989,341.7200012,335.3299866,335.5899963,335.5899963,64500
CACI,10/19/2023,334.1799927,336.8399963,330.769989,331.4400024,331.4400024,104200
CACI,10/20/2023,332.0299988,333.0599976,327.0299988,327.0599976,327.0599976,93200
CACI,10/23/2023,326.2399902,329.230011,323.0799866,323.1900024,323.1900024,143300
CACI,10/24/2023,325.4899902,326.769989,321.8699951,322.6900024,322.6900024,106600
CACI,10/25/2023,323.3599854,327.8699951,320.3999939,322.0899963,322.0899963,131100
CACI,10/26/2023,302.2099915,340.4899902,302.2099915,327.0700073,327.0700073,317300
CACI,10/27/2023,324.9500122,327,317,318.5499878,318.5499878,155700
CACI,10/30/2023,319.9400024,320.3699951,312.7799988,317.480011,317.480011,178000
CACI,10/31/2023,319.8299866,326.5,318.1499939,324.7600098,324.7600098,104700
CACI,11/1/2023,324.7600098,328.3999939,323.3599854,324.1700134,324.1700134,127900
CACI,11/2/2023,325.6199951,328.9500122,324.5599976,326.1199951,326.1199951,94100
CACI,11/3/2023,328.3599854,329.4500122,326.519989,327.0599976,327.0599976,88800
CACI,11/6/2023,327.269989,327.269989,323.6900024,324.8299866,324.8299866,116700
CACI,11/7/2023,323.6900024,327.3800049,323.6900024,325.4400024,325.4400024,83000
CACI,11/8/2023,324.9299927,325.5,322.4599915,322.6600037,322.6600037,99000
CACI,11/9/2023,323.6600037,325.7399902,321.9400024,325.4899902,325.4899902,112900
CACI,11/10/2023,326.7399902,327.25,324.3599854,325.9500122,325.9500122,78500
CACI,11/13/2023,325.3999939,329.5899963,324.1000061,326.7200012,326.7200012,64000
CACI,11/14/2023,328.7600098,330.8599854,326.8900146,329.4700012,329.4700012,85000
CACI,11/15/2023,328.7799988,328.7799988,323.6199951,324.3599854,324.3599854,136800
CACI,11/16/2023,324.7200012,326,321.5,322,322,91500
CACI,11/17/2023,323,324.4100037,318.3800049,320.4899902,320.4899902,87300
CACI,11/20/2023,319.6000061,324.7799988,319.6000061,324.1199951,324.1199951,69200
CACI,11/21/2023,324.7999878,326.769989,322.480011,322.5700073,322.5700073,66400
CACI,11/22/2023,323.2999878,325.3099976,320.7099915,323.4200134,323.4200134,59900
CACI,11/24/2023,323.230011,325.6000061,323.230011,324.8699951,324.8699951,30900
CACI,11/27/2023,323.3699951,326.2399902,321.7999878,325.769989,325.769989,96100
CACI,11/28/2023,325.769989,327.0400085,320.5499878,321.1600037,321.1600037,72500
CACI,11/29/2023,320.9500122,324.6900024,316.8699951,317.0100098,317.0100098,124200
CACI,11/30/2023,317.3099976,321.4299927,316.1400146,320.9500122,320.9500122,101300
CACI,12/1/2023,320.4100037,325.9599915,320.4100037,324.519989,324.519989,66200
CACI,12/4/2023,325.1499939,337.6000061,325.1499939,336.3299866,336.3299866,138700
CACI,12/5/2023,334.7099915,334.7099915,327.269989,327.9299927,327.9299927,90300
CACI,12/6/2023,329.25,330.0299988,325.8500061,325.9299927,325.9299927,72300
CACI,12/7/2023,325.9400024,325.9400024,320,323.4599915,323.4599915,92200
CACI,12/8/2023,324.3599854,324.3599854,320.3599854,322.6199951,322.6199951,76100
CACI,12/11/2023,322.5299988,325.7600098,322.5299988,325.1199951,325.1199951,64100
CACI,12/12/2023,325.5599976,328.1400146,322.4100037,326.1499939,326.1499939,88100
CACI,12/13/2023,325.8699951,329.4700012,325.5,328.6900024,328.6900024,71400
CACI,12/14/2023,331.3599854,333.75,319.3900146,322.0100098,322.0100098,155800
CACI,12/15/2023,319.9599915,321.6799927,316.1300049,318.1000061,318.1000061,335300
CACI,12/18/2023,319.2600098,321,318.3500061,319.7000122,319.7000122,97900
CACI,12/19/2023,321.0400085,321.0400085,315.9500122,318.2399902,318.2399902,133300
CACI,12/20/2023,318,320.4299927,315.3599854,315.8099976,315.8099976,125000
CACI,12/21/2023,317.1199951,318.9500122,315.480011,317.3900146,317.3900146,97600
CACI,12/22/2023,319.1700134,322.480011,318.7099915,320.9400024,320.9400024,90800
CACI,12/26/2023,320.3200073,321.4599915,320.019989,320.8399963,320.8399963,156200
CACI,12/27/2023,320.5899963,322.5499878,320.5899963,321.6300049,321.6300049,60500
CACI,12/28/2023,321.3999939,322.7600098,320.75,322.0400085,322.0400085,61800
CACI,12/29/2023,322.6700134,325.0799866,321.75,323.8599854,323.8599854,114100
CACI,1/2/2024,322.4599915,327.2799988,322.4599915,326.2900085,326.2900085,95900
CACI,1/3/2024,322.9100037,323.8099976,314.1900024,315.5499878,315.5499878,274600
CACI,1/4/2024,316.730011,317.3999939,314.0599976,314.3099976,314.3099976,153700
CACI,1/5/2024,318.8999939,323.5,316.0799866,323.3599854,323.3599854,282300
CACI,1/8/2024,322.7900085,325.9200134,319.8299866,325.3399963,325.3399963,93000
CACI,1/9/2024,325.8200073,325.8200073,321.8500061,324.1300049,324.1300049,109000
CACI,1/10/2024,325.019989,329.519989,323.7200012,329.0499878,329.0499878,119000
CACI,1/11/2024,329.6000061,330.2399902,326.5,329.5400085,329.5400085,109500
CACI,1/12/2024,332.1000061,333.0599976,328.769989,332.4500122,332.4500122,85800
CACI,1/16/2024,332.2799988,332.2799988,326.4700012,330.2399902,330.2399902,88600
CACI,1/17/2024,327.6400146,332.25,327.6400146,330.0299988,330.0299988,79400
CACI,1/18/2024,330.6700134,332.2999878,327.3299866,331.6600037,331.6600037,76600
CACI,1/19/2024,333.1199951,338.7099915,330.8500061,335.8299866,335.8299866,117100
CACI,1/22/2024,337.6300049,345.5100098,337.6300049,344.6900024,344.6900024,121900
CACI,1/23/2024,345.5899963,346.5599976,338.4899902,339.7200012,339.7200012,140300
CACI,1/24/2024,342.3599854,344.4500122,339.5499878,339.9899902,339.9899902,163300
CACI,1/25/2024,337.5899963,337.5899963,326.6000061,334.1400146,334.1400146,233700
CACI,1/26/2024,337.8599854,345.9700012,337.1099854,342.3299866,342.3299866,160800
CACI,1/29/2024,342.0799866,344.3200073,338.5,344.1099854,344.1099854,138700
CACI,1/30/2024,346.019989,346.019989,341.6799927,342.8699951,342.8699951,274000
CACI,1/31/2024,343.0899963,347.2399902,342.1099854,343.730011,343.730011,232600
CACI,2/1/2024,343.7799988,347.4700012,343.0299988,346.0400085,346.0400085,123800
CACI,2/2/2024,345.730011,350.2999878,344.4599915,348.1600037,348.1600037,98000
CACI,2/5/2024,345.4299927,347.5,342.0100098,346.5599976,346.5599976,77200
CACI,2/6/2024,345.769989,353.3599854,345.769989,349.3800049,349.3800049,138500
CACI,2/7/2024,351,354.8599854,349.6700134,351.1499939,351.1499939,114700
CACI,2/8/2024,351.1499939,355.9599915,350.3299866,355.3599854,355.3599854,138200
CACI,2/9/2024,356.0400085,361.0100098,356.0400085,360.8399963,360.8399963,109500
CACI,2/12/2024,360.980011,363.8500061,360.980011,361.8999939,361.8999939,98800
CACI,2/13/2024,360,362.019989,355.6000061,357.2000122,357.2000122,126700
CACI,2/14/2024,360,362.5799866,357.2000122,359.7900085,359.7900085,128200
CACI,2/15/2024,360.8299866,362.769989,359.3200073,362.5599976,362.5599976,105300
CACI,2/16/2024,363.1099854,369.0599976,358.9200134,366.2099915,366.2099915,155700
CACI,2/20/2024,366.3500061,368.980011,363.3500061,364.019989,364.019989,131300
CACI,2/21/2024,364.8800049,366.4899902,363.1000061,366.4400024,366.4400024,116500
CACI,2/22/2024,368.0299988,368.7600098,366.019989,367.5700073,367.5700073,76900
CACI,2/23/2024,369,370.7799988,367.8599854,369.3599854,369.3599854,92100
CACI,2/26/2024,369.4599915,371.8099976,367.7200012,368.7099915,368.7099915,84900
CACI,2/27/2024,368.8999939,371.269989,367.8299866,371.2600098,371.2600098,93500
CACI,2/28/2024,370.9200134,373.4599915,369.6700134,372.0799866,372.0799866,107300
CACI,2/29/2024,372.9200134,375.7799988,370.6199951,374.8500061,374.8500061,130300
CACI,3/1/2024,374.4200134,376.5899963,369.5799866,369.7200012,369.7200012,117900
CACI,3/4/2024,371.2200012,379.980011,371.2200012,378.730011,378.730011,126400
CACI,3/5/2024,379.3299866,382.4299927,373.9200134,377.0100098,377.0100098,120000
CACI,3/6/2024,378.1799927,379.2900085,375.3299866,376.8200073,376.8200073,87300
CACI,3/7/2024,379,380.0700073,373.5799866,379.519989,379.519989,141900
CACI,3/8/2024,379.9599915,380.2600098,373.4700012,374.1600037,374.1600037,100500
CACI,3/11/2024,373.5400085,374.0700073,369.7099915,372.0599976,372.0599976,94000
CACI,3/12/2024,372.6400146,374.0400085,371.0799866,373.519989,373.519989,98200
CACI,3/13/2024,372.9500122,375.769989,371.9899902,373.9899902,373.9899902,177000
CACI,3/14/2024,374.519989,374.519989,369.1499939,372.0499878,372.0499878,86200
CACI,3/15/2024,368.3200073,375.4100037,368.3200073,372.6799927,372.6799927,245200
CACI,3/18/2024,371.1199951,373.8999939,367.8800049,368.2200012,368.2200012,104000
CACI,3/19/2024,369.4500122,371.6000061,367.730011,370.3299866,370.3299866,96800
CACI,3/20/2024,370.7099915,372.2900085,367.0799866,368.7000122,368.7000122,118000
CACI,3/21/2024,369.75,372.8699951,368.4500122,372.5799866,372.5799866,100800
CACI,3/22/2024,374.2799988,374.2799988,369.2200012,370.2000122,370.2000122,91700
CACI,3/25/2024,371.5499878,373.9700012,370.0499878,373.7399902,373.7399902,111700
CACI,3/26/2024,374.0100098,376.3699951,371.0499878,374.5899963,374.5899963,139000
CACI,3/27/2024,377.3299866,378.8999939,376.1600037,378.8900146,378.8900146,128100
CACI,3/28/2024,380,382.6499939,377.8999939,378.8299866,378.8299866,95200
CACI,4/1/2024,378.0599976,378.8299866,374.6799927,374.980011,374.980011,81200
CACI,4/2/2024,373.7200012,375.3200073,366.2200012,369.25,369.25,148800
CACI,4/3/2024,368.9500122,372.519989,367.6700134,369.7999878,369.7999878,122800
CACI,4/4/2024,371.5700073,373.769989,367.1900024,369.0799866,369.0799866,96600
CACI,4/5/2024,366.1799927,374.730011,366.1799927,374.5799866,374.5799866,122100
CACI,4/8/2024,374.5700073,379,373.7900085,378.6400146,378.6400146,98300
CACI,4/9/2024,378.5799866,378.5799866,371.0799866,372.7999878,372.7999878,91800
CACI,4/10/2024,368.6199951,371.1600037,366.75,367.3099976,367.3099976,83500
CACI,4/11/2024,369.1499939,370.3399963,366.25,367.7799988,367.7799988,80700
CACI,4/12/2024,367.7600098,370.5,365.4400024,367.7399902,367.7399902,67100
CACI,4/15/2024,369.5899963,370.3200073,364.6300049,364.8399963,364.8399963,89700
CACI,4/16/2024,365.6900024,367.3200073,363.75,365.9100037,365.9100037,98000
CACI,4/17/2024,367,367.8900146,362.3299866,362.5100098,362.5100098,79900
CACI,4/18/2024,363,368.1799927,363,364.0599976,364.0599976,118400
CACI,4/19/2024,365.4599915,370.0299988,365.4599915,369.3800049,369.3800049,88400
CACI,4/22/2024,371.6300049,377.8299866,370.3500061,376.0799866,376.0799866,129100
CACI,4/23/2024,379.7600098,385.7099915,379.5799866,382.4299927,382.4299927,115900
CACI,4/24/2024,382.4299927,384.6900024,377.6000061,379.3800049,379.3800049,163700
CACI,4/25/2024,386,403.8500061,384.7999878,401.8699951,401.8699951,299100
CACI,4/26/2024,401.8699951,406.7799988,396.3900146,404.8699951,404.8699951,201600
CACI,4/29/2024,405.6600037,409.1099854,402.3699951,405.0100098,405.0100098,172800
CACI,4/30/2024,406.1499939,408.8999939,400,402.230011,402.230011,208700
CACI,5/1/2024,402.7000122,410.6400146,400.9400024,407.7000122,407.7000122,139600
CACI,5/2/2024,410.5700073,411.5599976,404.6099854,410.9599915,410.9599915,141200
CACI,5/3/2024,413.7900085,416.9400024,410.6700134,414.9500122,414.9500122,115500
CACI,5/6/2024,419.1700134,424.769989,418.4100037,423.75,423.75,118800
CACI,5/7/2024,425.230011,427.519989,420.2900085,421.0100098,421.0100098,158200
CACI,5/8/2024,421.230011,423.7200012,418.8500061,422.6900024,422.6900024,84500
CACI,5/9/2024,424.4500122,429.0599976,423.730011,428.5899963,428.5899963,106600
CACI,5/10/2024,430.0899963,432.0299988,426.8900146,428.3299866,428.3299866,76500
CACI,5/13/2024,429.6300049,429.980011,424.7000122,425.25,425.25,87900
CACI,5/14/2024,425.8099976,425.8099976,420.3999939,424,424,84400
CACI,5/15/2024,424.7099915,427.1199951,423.3399963,424.4299927,424.4299927,131100
CACI,5/16/2024,423.6799927,429.1199951,423.6799927,426.3599854,426.3599854,93700
CACI,5/17/2024,427.1099854,430.3699951,424.8800049,426.8900146,426.8900146,83300
CACI,5/20/2024,427.2399902,429.2200012,425.5499878,427.25,427.25,63900
CACI,5/21/2024,427.3900146,427.3900146,424.1400146,426.8900146,426.8900146,52100
CACI,5/22/2024,426.4100037,429.5,425.1499939,427.7200012,427.7200012,51200
CACI,5/23/2024,429.0499878,430.7099915,425.1400146,425.7200012,425.7200012,71400
CACI,5/24/2024,428.7200012,431.5499878,424.6300049,429.019989,429.019989,55400
CACI,5/28/2024,429.7999878,429.9100037,422.5100098,423.1099854,423.1099854,68600
CACI,5/29/2024,420.4500122,422.2000122,417.8699951,418.8699951,418.8699951,96000
CACI,5/30/2024,419.1400146,423.5100098,415,423.3299866,423.3299866,128300
CACI,5/31/2024,423.6000061,425.25,421.0599976,424.480011,424.480011,106700
CACI,6/3/2024,423.4899902,426.019989,415.4700012,419.8900146,419.8900146,78500
CACI,6/4/2024,418.6099854,424.9700012,418.6099854,422.230011,422.230011,100900
CACI,6/5/2024,422.480011,424.6400146,419.75,423.9500122,423.9500122,66700
CACI,6/6/2024,422.7799988,425.980011,417.9700012,420.7900085,420.7900085,71900
CACI,6/7/2024,420.9899902,422.9500122,416.480011,417.519989,417.519989,106000
CACI,6/10/2024,414.6099854,422.2799988,413.8999939,419.9599915,419.9599915,89200
CACI,6/11/2024,421.8599854,425.8800049,420,422.5700073,422.5700073,152600
CACI,6/12/2024,425.3800049,430,425,427.3500061,427.3500061,120500
CACI,6/13/2024,427,427,421.1799927,425.480011,425.480011,73300
CACI,6/14/2024,422.5599976,425.7099915,419.269989,423.8699951,423.8699951,85900
CACI,6/17/2024,422.0299988,432.5400085,421.9400024,430.3099976,430.3099976,106700
CACI,6/18/2024,428.7099915,432.5400085,424.8399963,431.8699951,431.8699951,94500
CACI,6/20/2024,432,434.7099915,430.0400085,430.6799927,430.6799927,79400
CACI,6/21/2024,431.3900146,434.730011,427.9599915,433.769989,433.769989,183500
CACI,6/24/2024,434.980011,439.0899963,433.7200012,433.8800049,433.8800049,73600
CACI,6/25/2024,435.0700073,436.9899902,430.7000122,435.3599854,435.3599854,72400
CACI,6/26/2024,434.519989,437.5499878,430.7099915,437.1300049,437.1300049,77000
CACI,6/27/2024,439.2000122,439.2000122,431.6799927,434.5599976,434.5599976,131800
CACI,6/28/2024,436.7799988,437.0599976,428.7000122,430.1300049,430.1300049,180400
CACI,7/1/2024,432.9700012,432.9700012,423.1199951,427.7600098,427.7600098,96200
CACI,7/2/2024,424.9299927,429.8299866,424.6099854,428.269989,428.269989,108200
CACI,7/3/2024,428.9899902,429.4299927,425.9700012,426.9500122,426.9500122,77100
CACI,7/5/2024,426.0799866,426.8999939,421.2399902,422.9700012,422.9700012,217500
CACI,7/8/2024,424.25,430.1300049,424.25,427.3099976,427.3099976,113600
CACI,7/9/2024,427.9100037,430.4400024,424.769989,425.0799866,425.0799866,76400
CACI,7/10/2024,425.9400024,429.4899902,425.9400024,429.0400085,429.0400085,73200
CACI,7/11/2024,431.730011,436.3900146,429,434.1099854,434.1099854,106600
CACI,7/12/2024,437.1499939,442.25,434.5,439.230011,439.230011,113800
CACI,7/15/2024,441.7000122,444.0599976,439.5799866,439.8299866,439.8299866,89400
CACI,7/16/2024,442.8500061,446.75,438.2000122,443.1499939,443.1499939,148700
CACI,7/17/2024,443,447.4400024,439.5100098,446.5299988,446.5299988,177900
CACI,7/18/2024,446.3500061,454.019989,442.0599976,446.3699951,446.3699951,103300
CACI,7/19/2024,448.3099976,448.3099976,443.3399963,445.5,445.5,75200
CACI,7/22/2024,444.480011,452.3200073,444.480011,452.2399902,452.2399902,92800
CACI,7/23/2024,452.9100037,459.3500061,450.6600037,459.3200073,459.3200073,77300
CACI,7/24/2024,458.980011,458.980011,447.0899963,447.5100098,447.5100098,79100
CACI,7/25/2024,448.4599915,456.6600037,448.4599915,453.5799866,453.5799866,90700
CACI,7/26/2024,452.4299927,453.8800049,448.5700073,449.0299988,449.0299988,169600
CACI,7/29/2024,450.9700012,453.5400085,449.1700134,451.6199951,451.6199951,115800
CACI,7/30/2024,454.25,456.1000061,452.4599915,452.6300049,452.6300049,132400
CACI,7/31/2024,455.25,464.6300049,451.0799866,461.480011,461.480011,104800
CACI,8/1/2024,464.4500122,466.480011,456.8500061,463.9100037,463.9100037,134900
CACI,8/2/2024,458.9200134,461.7999878,451.5100098,461.1199951,461.1199951,123400
CACI,8/5/2024,443.5499878,448.0599976,435.8599854,443.4299927,443.4299927,143600
CACI,8/6/2024,445.3299866,453.7099915,445.3200073,446.730011,446.730011,136800
CACI,8/7/2024,450.8099976,453.2900085,439.5299988,447.019989,447.019989,242600
CACI,8/8/2024,451.5799866,467.8800049,448.3800049,460.6600037,460.6600037,194000
CACI,8/9/2024,461.4400024,463.3900146,457.4100037,462.3800049,462.3800049,101000
CACI,8/12/2024,463.9100037,466.019989,461.8900146,463.480011,463.480011,69400
CACI,8/13/2024,462.9700012,470.0100098,459.6600037,461.2799988,461.2799988,91300
CACI,8/14/2024,460.5299988,462.8699951,457.6400146,461.8599854,461.8599854,63300
CACI,8/15/2024,464.7099915,467.0100098,462.8500061,464,464,64500
CACI,8/16/2024,465,467.8200073,464,465.2900085,465.2900085,62500
CACI,8/19/2024,464.5599976,466.9299927,461.8099976,466.6199951,466.6199951,62000
CACI,8/20/2024,467.0799866,467.3500061,463.7200012,466.4299927,466.4299927,52000
CACI,8/21/2024,467.6300049,472.2099915,465.6400146,471.730011,471.730011,70000
CACI,8/22/2024,471,473.25,467.2099915,468.5700073,468.5700073,64400
CACI,8/23/2024,471.4700012,475.480011,470.2999878,475,475,84300
CACI,8/26/2024,476.2799988,482.1600037,471.019989,471.019989,471.019989,50500
CACI,8/27/2024,473.5100098,477.3399963,468.6700134,476.6099854,476.6099854,71500
CACI,8/28/2024,477.6799927,481.9899902,476.3699951,478.6700134,478.6700134,57900
CACI,8/29/2024,480.519989,484.4500122,477.1799927,480.6600037,480.6600037,66600
CACI,8/30/2024,483.6099854,488.7000122,479.6700134,488.1199951,488.1199951,61800
CACI,9/3/2024,487.5599976,489.1799927,476.3599854,478.3500061,478.3500061,62800
CACI,9/4/2024,478.3500061,480.0899963,475.2399902,478.2999878,478.2999878,49200
CACI,9/5/2024,479,479.2000122,473,479.1700134,479.1700134,62100
CACI,9/6/2024,479.7600098,479.7799988,464.2600098,466.730011,466.730011,76600
CACI,9/9/2024,467.4599915,471.6799927,466.25,470.0799866,470.0799866,78400
CACI,9/10/2024,470.4299927,473.6499939,467.8699951,470.3099976,470.3099976,59900
CACI,9/11/2024,468.7799988,469.6400146,456.980011,469.2799988,469.2799988,57900
CACI,9/12/2024,469.0100098,473.0899963,467.230011,471.5799866,471.5799866,82700
CACI,9/13/2024,472.5599976,480.75,472.5299988,476.2399902,476.2399902,45300
CACI,9/16/2024,479.8800049,498,479.8800049,490.3699951,490.3699951,113900
CACI,9/17/2024,490.6099854,490.6099854,481.9299927,485,485,118700
CACI,9/18/2024,483.1300049,488.1900024,480.5599976,483.3900146,483.3900146,91000
CACI,9/19/2024,486.3699951,490.7000122,485.4299927,489.6099854,489.6099854,64200
CACI,9/20/2024,488.6600037,491.5299988,484.5299988,491.1799927,491.1799927,209500
CACI,9/23/2024,492,492.8099976,486.8500061,491.4500122,491.4500122,127900
CACI,9/24/2024,492.6000061,494.1099854,488.3699951,493.0499878,493.0499878,99300
CACI,9/25/2024,495.4700012,495.6099854,490.9899902,493.3699951,493.3699951,92700
CACI,9/26/2024,493.7999878,499.2200012,490.6600037,498.3200073,498.3200073,89700
CACI,9/27/2024,498.7600098,502.5499878,497.8999939,499.9599915,499.9599915,155000
CACI,9/30/2024,500,504.5899963,500,504.5599976,504.5599976,100600
CACI,10/1/2024,504.4299927,506.8599854,496.8699951,505.6199951,505.6199951,124800
CACI,10/2/2024,505,508.9500122,504.9200134,505.75,505.75,84400
CACI,10/3/2024,505.9700012,512.9299927,505.75,512.2999878,512.2999878,75400
CACI,10/4/2024,512.1099854,515.1599731,509.8500061,511.7999878,511.7999878,81900
CACI,10/7/2024,511,512.7999878,506.1000061,506.3599854,506.3599854,85500
CACI,10/8/2024,507.75,514.8400269,507.75,512.3599854,512.3599854,110400
CACI,10/9/2024,511.2000122,519.4299927,511.2000122,516.8800049,516.8800049,105900
CACI,10/10/2024,516.75,516.75,511.5799866,512.8900146,512.8900146,132400
CACI,10/11/2024,517.289978,523.7600098,517.289978,520.9699707,520.9699707,68200
CACI,10/14/2024,523.3400269,528.9299927,523.3400269,528.0499878,528.0499878,63000
CACI,10/15/2024,530,532.7399902,525.8900146,527.1300049,527.1300049,132300
CACI,10/16/2024,528.9099731,530.6500244,525.210022,526.2999878,526.2999878,118400
CACI,10/17/2024,528.2299805,533.0300293,528.2299805,529.6400146,529.6400146,130000
CACI,10/18/2024,529.4299927,535.8900146,527.7199707,531.289978,531.289978,105000
CACI,10/21/2024,531.4899902,536.539978,531.0100098,532.1599731,532.1599731,100600
CACI,10/22/2024,531.0200195,533.7800293,523.3900146,523.4099731,523.4099731,122900
CACI,10/23/2024,523.4099731,527.2299805,522.3800049,524.0999756,524.0999756,178100
CACI,10/24/2024,541,570.2800293,540.7399902,552.5499878,552.5499878,342600
CACI,10/25/2024,558.9899902,559.9899902,544.5999756,547.3599854,547.3599854,211900
CACI,10/28/2024,549.2399902,551.4299927,543.1199951,547.7800293,547.7800293,123600
CACI,10/29/2024,550.789978,564,547.8900146,563.3599854,563.3599854,159300
CACI,10/30/2024,563.3599854,568.25,561.7600098,562.5200195,562.5200195,141400
CACI,10/31/2024,564.0200195,564.0200195,552.539978,552.5599976,552.5599976,105900
CACI,11/1/2024,555.5900269,561.1900024,550,553.2800293,553.2800293,117300
CACI,11/4/2024,554.039978,558.2399902,551.8599854,553.2700195,553.2700195,81000
CACI,11/5/2024,553.3400269,565.0499878,553.2999878,564.9400024,564.9400024,84900
CACI,11/6/2024,588.2600098,588.2600098,563.9400024,564.25,564.25,215300
CACI,11/7/2024,567.710022,568.539978,555.9400024,559.6699829,559.6699829,152000
CACI,11/8/2024,562.4799805,572.1500244,562.4799805,568.289978,568.289978,107500
CACI,11/11/2024,573,581.0599976,571.0599976,572.4400024,572.4400024,123600
CACI,11/12/2024,572.4699707,575,565.5599976,567.2000122,567.2000122,153200
CACI,11/13/2024,567.4400024,568.25,541.2399902,542.3599854,542.3599854,317200
CACI,11/14/2024,542.2199707,542.2199707,490.269989,491.3200073,491.3200073,734800
CACI,11/15/2024,487.5400085,491.0899963,464.9200134,470.7900085,470.7900085,494300
CACI,11/18/2024,470.7999878,470.7999878,446.7600098,448,448,537700
CACI,11/19/2024,448.2399902,458.1600037,443,444.6199951,444.6199951,442100
CACI,11/20/2024,444.3999939,454.9100037,438.1700134,454.8999939,454.8999939,591700
CACI,11/21/2024,454.9299927,479.480011,454.9299927,475.480011,475.480011,527500
CACI,11/22/2024,475.7999878,483.8200073,466.5299988,468.7799988,468.7799988,287100
CACI,11/25/2024,468.8299866,472.6000061,463.8299866,464.3500061,464.3500061,341600
CACI,11/26/2024,467.0700073,473.3099976,462.7200012,472.4700012,472.4700012,197400
CACI,11/27/2024,472.7600098,475.7000122,459.3500061,460.2900085,460.2900085,171900
CACI,11/29/2024,461.4400024,463.8800049,458.9400024,459.8800049,459.8800049,87400
CACI,12/2/2024,460.8399963,461.5799866,454.5799866,459.6900024,459.6900024,180400
CACI,12/3/2024,458.5700073,458.5700073,448.4100037,453.8999939,453.8999939,242500
CACI,12/4/2024,453.3999939,456.3900146,450.1199951,454,454,190800
CACI,12/5/2024,457.3299866,459.7600098,449.2900085,456.1499939,456.1499939,170100
CACI,12/6/2024,459,462.230011,450.4500122,454.519989,454.519989,176500
CACI,12/9/2024,453.4599915,454.6499939,434.5299988,437.1900024,437.1900024,283600
CACI,12/10/2024,440,448.8399963,435.8399963,444.4899902,444.4899902,205200
CACI,12/11/2024,444.6600037,446.5700073,427.0700073,430,430,259100
CACI,12/12/2024,411.8500061,420.9200134,393.5899963,414,414,378400
CACI,12/13/2024,413.980011,415.7900085,407.230011,409.9100037,409.9100037,334400
CACI,12/16/2024,409.2600098,417.019989,400,416.9500122,416.9500122,219100
CACI,12/17/2024,413.6099854,418.9700012,411.5,415.1400146,415.1400146,280300
CACI,12/18/2024,415.1400146,417.6499939,403.0599976,403.3299866,403.3299866,181900
CACI,12/19/2024,405,409.480011,398.3900146,399.9299927,399.9299927,262300
CACI,12/20/2024,397.1099854,411.1900024,397,402.7200012,402.7200012,514200
CACI,12/23/2024,402,406.1000061,399,405.019989,405.019989,146500
CACI,12/24/2024,404.8599854,404.8800049,399.9599915,404.8800049,404.8800049,67900
CACI,12/26/2024,403.4700012,409.3299866,401.8299866,408.0299988,408.0299988,155800
CACI,12/27/2024,405.4100037,407.269989,400.25,406.1700134,406.1700134,141400
CACI,12/30/2024,401.9899902,407.019989,400.0100098,402.230011,402.230011,158000
CACI,12/31/2024,402.6199951,408.2000122,400.7399902,404.0599976,404.0599976,127300
CACI,1/2/2025,411.4400024,418.0400085,408.0499878,410.9599915,410.9599915,212000
CACI,1/3/2025,410.6000061,420.8099976,410.6000061,420.1400146,420.1400146,181500
CACI,1/6/2025,418.4899902,424.9100037,412.9599915,415.1099854,415.1099854,217300
CACI,1/7/2025,415.0700073,416.25,411.8200073,413.9500122,413.9500122,195400
CACI,1/8/2025,414.0899963,416.2799988,408.6499939,415.9100037,415.9100037,155800
CACI,1/10/2025,416.3999939,436.3500061,416.3999939,431.2399902,431.2399902,424000
CACI,1/13/2025,427.3800049,446.9599915,426.7799988,446.0599976,446.0599976,407800
CACI,1/14/2025,447.0100098,447.0100098,434.3299866,441.2200012,441.2200012,348500
CACI,1/15/2025,447.5499878,449.4299927,440.7000122,446.7799988,446.7799988,228600
CACI,1/16/2025,449.4599915,456.3500061,446.1700134,454.2799988,454.2799988,243300
CACI,1/17/2025,457.0400085,461,451.9700012,452.3900146,452.3900146,226500
CACI,1/21/2025,456,472.7600098,456,465.1799927,465.1799927,459700
CACI,1/22/2025,466.4299927,475.3200073,460.3699951,465.1099854,465.1099854,660200
CACI,1/23/2025,443.5499878,453.7000122,417.0299988,421.6400146,421.6400146,1330200
CACI,1/24/2025,421.8900146,426.4700012,401.9899902,406.4200134,406.4200134,718800
CACI,1/27/2025,407.5400085,424,406.4200134,420.8099976,420.8099976,569900
CACI,1/28/2025,420.1400146,420.1400146,388.4899902,392.1000061,392.1000061,644100
CACI,1/29/2025,393,401.5599976,384.2099915,385.7099915,385.7099915,520400
CACI,1/30/2025,386.5899963,390.230011,374.6499939,386.6799927,386.6799927,547700
CACI,1/31/2025,381.8399963,389.4400024,373.4400024,386.2600098,386.2600098,337600
CACI,2/3/2025,381.9500122,391.8900146,377.75,384.730011,384.730011,244000
CACI,2/4/2025,387.9700012,394,383.519989,386.3599854,386.3599854,362500
CACI,2/5/2025,389.6799927,391.9500122,377.9100037,380.1199951,380.1199951,328300
CACI,2/6/2025,378.9299927,379.6900024,369.3099976,375.25,375.25,446600
CACI,2/7/2025,378.1000061,381.9200134,373.6600037,376.1799927,376.1799927,367300
CACI,2/10/2025,375,387.8299866,372.3800049,382.1000061,382.1000061,296800
CACI,2/11/2025,382.5100098,382.5100098,362.3200073,364.9200134,364.9200134,578700
CACI,2/12/2025,361.75,366.8800049,351.3800049,355.75,355.75,704800
CACI,2/13/2025,356.6499939,357.9299927,337.7000122,343.0100098,343.0100098,802700
CACI,2/14/2025,344.2999878,347.6700134,334.0499878,338.5100098,338.5100098,566500
CACI,2/18/2025,340.1900024,341.8399963,332.519989,339.1400146,339.1400146,416900
CACI,2/19/2025,336.3099976,350.5,333.9599915,344.5100098,344.5100098,633300
CACI,2/20/2025,341.8999939,345.2600098,330.2399902,341.6799927,341.6799927,614400
CACI,2/21/2025,336.5100098,336.5100098,318.6000061,327,327,712400
CACI,2/24/2025,327.9200134,332.3900146,323.2399902,327.1700134,327.1700134,478600
CACI,2/25/2025,327,337.0100098,327,332.2600098,332.2600098,490900
CACI,2/26/2025,330.8599854,337.019989,329.4899902,331.0599976,331.0599976,407200
CACI,2/27/2025,328.5599976,335.7999878,328.5599976,335.6300049,335.6300049,492900
CACI,2/28/2025,332.8399963,335.9200134,325.7900085,334.8500061,334.8500061,613200
CACI,3/3/2025,334.4899902,335.8800049,327.2999878,329.5400085,329.5400085,532600
CACI,3/4/2025,329.730011,360.8999939,328.2600098,353.019989,353.019989,1464500
CACI,3/5/2025,350.9200134,364.5799866,350.9200134,362.8699951,362.8699951,968900
CACI,3/6/2025,360.0700073,361.8999939,350.5899963,358.9599915,358.9599915,984600
CACI,3/7/2025,355.8500061,389.9500122,355.8500061,387.1700134,387.1700134,960900
CACI,3/10/2025,385.7099915,400.7000122,376.4100037,378.769989,378.769989,916600
CACI,3/11/2025,376.5499878,381.2399902,359.5899963,366.9400024,366.9400024,632600
CACI,3/12/2025,367.7600098,375.2900085,361.7999878,370.019989,370.019989,406100
CACI,3/13/2025,368.5100098,374.8599854,367.1400146,367.5899963,367.5899963,281000
CACI,3/14/2025,368.4500122,375.6499939,366.6300049,373.3299866,373.3299866,360400
CACI,3/17/2025,380,392.0899963,379.6199951,387.8299866,387.8299866,595800
CACI,3/18/2025,383.3699951,391.2099915,377.4500122,390,390,504700
CACI,3/19/2025,389.5299988,399.3299866,384.1600037,386.8900146,386.8900146,704000
CACI,3/20/2025,382.25,384.1900024,360,369.6600037,369.6600037,948600
CACI,3/21/2025,367.769989,369.8500061,356.769989,366.1199951,366.1199951,724900
CACI,3/24/2025,367.3200073,374.1700134,365.480011,371.480011,371.480011,378300
CACI,3/25/2025,372.9899902,376.75,361.7000122,372.7000122,372.7000122,552700
CACI,3/26/2025,372.5799866,376.6700134,370.1900024,372.9700012,372.9700012,272300
CACI,3/27/2025,371.9599915,376.8800049,368.7900085,375.9899902,375.9899902,241000
CACI,3/28/2025,373.4899902,379.4899902,369.1099854,373.3699951,373.3699951,277100
CACI,3/31/2025,371,373.1700134,365.8800049,366.9200134,366.9200134,398900
CACI,4/1/2025,367.1400146,370.0700073,359.2000122,369.8999939,369.8999939,515700
CACI,4/2/2025,365.7600098,405.230011,358.4200134,391.2600098,391.2600098,1623700
CACI,4/3/2025,384.4700012,407.6400146,383.8800049,392.0599976,392.0599976,917600
CACI,4/4/2025,392.2000122,405.480011,382.2999878,386.1099854,386.1099854,1105700
CACI,4/7/2025,374.519989,400,363.6900024,387.2200012,387.2200012,767800
CACI,4/8/2025,396.4899902,405,380.8999939,386.7000122,386.7000122,711900
CACI,4/9/2025,375.9700012,414.2399902,375.9700012,404,404,1018500
CACI,4/10/2025,399.2399902,407.0400085,391.3999939,403.4200134,403.4200134,418600
CACI,4/11/2025,402,415,397.6700134,412.6900024,412.6900024,439600
CACI,4/14/2025,414.1499939,428.9200134,413.7000122,424.0499878,424.0499878,465200
CACI,4/15/2025,423,426.5100098,414.3699951,417.2200012,417.2200012,292500
CACI,4/16/2025,417.2399902,423.0499878,410.7200012,414.9299927,414.9299927,362800
CACI,4/17/2025,411.9200134,423.6900024,411.9200134,420,420,329500
CACI,4/21/2025,421.3599854,424.5400085,413.25,418.769989,418.769989,502800
CACI,4/22/2025,420.4100037,425.1900024,414.3399963,422.7099915,422.7099915,317300
CACI,4/23/2025,430,436.1600037,419,423.3699951,423.3699951,594900
CACI,4/24/2025,446.5,469.75,439,456.6700134,456.6700134,965800
CACI,4/25/2025,460.1499939,460.1499939,446.0599976,449.4899902,449.4899902,540300
CACI,4/28/2025,450.8099976,456.4299927,442.1799927,448.8200073,448.8200073,347000
CACI,4/29/2025,450.1400146,453.1300049,442.1199951,449.1499939,449.1499939,387600
CACI,4/30/2025,448.7900085,459.1799927,444.8800049,457.8699951,457.8699951,352600
CACI,5/1/2025,453.2000122,461.9899902,450.9599915,458.8699951,458.8699951,365700
CACI,5/2/2025,468.2099915,469.6900024,459.0700073,463.1700134,463.1700134,434700
CACI,5/5/2025,462.5,467.2900085,459.5700073,461.6000061,461.6000061,240600
CACI,5/6/2025,459.8900146,473.7999878,459.2600098,471.519989,471.519989,255200
CACI,5/7/2025,471.0599976,476.8900146,465.8699951,474.1600037,474.1600037,282800
CACI,5/8/2025,478.5899963,481.0799866,473.75,476.269989,476.269989,264000
CACI,5/9/2025,475.3299866,483.1000061,474.7900085,477.8200073,477.8200073,260000
CACI,5/12/2025,481.4100037,481.4100037,466.2200012,475.7900085,475.7900085,253200
CACI,5/13/2025,473.7200012,474.6199951,461.0299988,462.0400085,462.0400085,395100
CACI,5/14/2025,462.8200073,467.5,460.1400146,466.6900024,466.6900024,221900
CACI,5/15/2025,467.4400024,478.9400024,467.4400024,476.980011,476.980011,269200
CACI,5/16/2025,474.4899902,480.1000061,472.1099854,479.1499939,479.1499939,278000
CACI,5/19/2025,475.2099915,479.0599976,474.4599915,477.9200134,477.9200134,219100
CACI,5/20/2025,476.3299866,482.3299866,473.5599976,477.2900085,477.2900085,194600
CACI,5/21/2025,473.1000061,476.8599854,469.9299927,472.6300049,472.6300049,190300
CACI,5/22/2025,472.1700134,477.7799988,469.1300049,474.75,474.75,212200
CACI,5/23/2025,469.9599915,469.9599915,445.8299866,461.6199951,461.6199951,340500
CACI,5/27/2025,461.7200012,469.5799866,458.3299866,467.269989,467.269989,281700
CACI,5/28/2025,466.6799927,468.1700134,445.8599854,446.7200012,446.7200012,381400
CACI,5/29/2025,447.980011,448.8900146,427.4299927,429.1799927,429.1799927,730600
CACI,5/30/2025,430.1300049,433.1400146,417.1600037,428,428,476500
CACI,6/2/2025,425.75,425.7999878,409.6199951,416.2600098,416.2600098,391800
CACI,6/3/2025,416.4899902,429.6400146,409.7600098,427.2600098,427.2600098,434800
CACI,6/4/2025,426.980011,431.8900146,424.980011,425.2099915,425.2099915,167700
CACI,6/5/2025,426.0299988,432.6300049,422.1499939,432.269989,432.269989,320700
CACI,6/6/2025,437,446.7200012,436.4100037,445.4500122,445.4500122,298700
CACI,6/9/2025,448.3099976,448.3099976,435.9599915,441.0499878,441.0499878,197100
CACI,6/10/2025,443.7200012,444.0499878,432.8999939,436.6099854,436.6099854,234300
CACI,6/11/2025,437.7999878,441.2200012,429.6600037,441.2200012,441.2200012,223200
CACI,6/12/2025,440.9899902,445.7600098,438.4100037,445.7600098,445.7600098,229600
CACI,6/13/2025,446.1499939,457.8900146,446.1499939,450.6799927,450.6799927,318900
CACI,6/16/2025,450.6799927,451.1300049,439.6700134,446.2399902,446.2399902,254200
CACI,6/17/2025,445.3800049,458.9500122,443.2099915,458.730011,458.730011,212200
CACI,6/18/2025,458.9899902,466.2900085,452.1900024,454.5400085,454.5400085,237400
CACI,6/20/2025,455.3200073,459.6300049,447.7000122,453.5700073,453.5700073,342200
CACI,6/23/2025,453.9899902,461.0499878,450.6700134,457.6099854,457.6099854,180100
CACI,6/24/2025,457.7099915,458.0499878,445.480011,452.1700134,452.1700134,266300
CACI,6/25/2025,454.6600037,465.3399963,448.980011,460.9100037,460.9100037,247900
CACI,6/26/2025,463.5400085,469.1300049,457.3900146,465.3699951,465.3699951,218800
CACI,6/27/2025,464.0299988,465.7000122,454.4400024,463.3699951,463.3699951,313200
CACI,6/30/2025,466.2200012,477.1300049,463.9200134,476.7000122,476.7000122,275400
CACI,7/1/2025,476.0599976,485,475.4500122,483.4100037,483.4100037,296600
CACI,7/2/2025,480.8200073,490.9400024,478.8900146,487.8099976,487.8099976,324200
CACI,7/3/2025,489.8099976,495.5899963,487.9400024,489.019989,489.019989,176100
CACI,7/7/2025,497.269989,507.1400146,492.4500122,505,505,401300
CACI,7/8/2025,500.4700012,500.4700012,487.7799988,488.8699951,488.8699951,294400
CACI,7/9/2025,489,491.8299866,483.0700073,485.3999939,485.3999939,240100
CACI,7/10/2025,484.5499878,489.2799988,479.9700012,479.9700012,479.9700012,234300
CACI,7/11/2025,478.480011,484.9599915,471.269989,481.1799927,481.1799927,287400
CACI,7/14/2025,479.4299927,487.5599976,478.0599976,487.230011,487.230011,126700
CACI,7/15/2025,486.1900024,489.7799988,474.5899963,474.9500122,474.9500122,124200
CACI,7/16/2025,475.8800049,478.6000061,471,473.6499939,473.6499939,246500
CACI,7/17/2025,473.6099854,483.7399902,471.8999939,479.5899963,479.5899963,195800
CACI,7/18/2025,479.5799866,485,479.5799866,482.9200134,482.9200134,104000
CACI,7/21/2025,482.8699951,488.2099915,476.9400024,478.6700134,478.6700134,197100
CACI,7/22/2025,478.6000061,486.8599854,470.4500122,477.4599915,477.4599915,288800
CACI,7/23/2025,478.4100037,488.230011,478.4100037,480.6700134,480.6700134,189800
CACI,7/24/2025,481.3500061,485.6000061,473.3800049,478,478,250600
CACI,7/25/2025,480.6700134,482.2000122,473.019989,479.8500061,479.8500061,145400
CACI,7/28/2025,480.769989,480.769989,454.4500122,463.3599854,463.3599854,308500
CACI,7/29/2025,465.3999939,471.7999878,465,468.6199951,468.6199951,204400
CACI,7/30/2025,468.3800049,474.6300049,464.480011,468.769989,468.769989,121400
CACI,7/31/2025,469.4899902,471.6400146,459.8599854,460.5700073,460.5700073,193300
CACI,8/1/2025,460.3299866,465.6600037,451.9700012,460.9299927,460.9299927,380800
CACI,8/4/2025,462.0499878,473.3599854,457.5,466.6799927,466.6799927,268600
CACI,8/5/2025,466.6799927,475.0100098,465.4599915,471.5299988,471.5299988,427700
CACI,8/6/2025,462.6300049,477.480011,455,475.2900085,475.2900085,439300
CACI,8/7/2025,491.980011,500,479.3699951,499.9400024,499.9400024,381000
CACI,8/8/2025,500,500,486.8399963,494.8900146,494.8900146,256700
CACI,8/11/2025,496.1300049,502.75,476.3599854,478.6400146,478.6400146,318900
CACI,8/12/2025,477.7999878,479.5,472.3699951,477.230011,477.230011,257900
CACI,8/13/2025,493.4899902,505.1300049,487,503.8999939,503.8999939,294500
CACI,8/14/2025,502.7900085,503.480011,489.3099976,490.6799927,490.6799927,231300
CACI,8/15/2025,489.5599976,491.0799866,479.6199951,488.7099915,488.7099915,237100
CACI,8/18/2025,490.9899902,492.8200073,483.8800049,486.2200012,486.2200012,197500
CACI,8/19/2025,484.769989,486.8500061,482.4400024,486.8500061,486.8500061,256500
CACI,8/20/2025,487.1199951,490.9500122,482.2200012,486.6300049,486.6300049,171600
CACI,8/21/2025,489.3599854,489.730011,484.1300049,486.019989,486.019989,129100
CACI,8/22/2025,484.8599854,494.0100098,479.9100037,481.4200134,481.4200134,362000
CACI,8/25/2025,483,486.4299927,480.25,484.8099976,484.8099976,210900
CACI,8/26/2025,485.8900146,488.1099854,481.3599854,483.1300049,483.1300049,256700
CACI,8/27/2025,481.7999878,491.4400024,481.3599854,487.0700073,487.0700073,177000
CACI,8/28/2025,487.4599915,487.7200012,475.0799866,479.7099915,479.7099915,158700
CACI,8/29/2025,479.7399902,486.8500061,477.5100098,479.7200012,479.7200012,166900
CACI,9/2/2025,477.7099915,483.3800049,474,482.9400024,482.9400024,167200
CACI,9/3/2025,479.6900024,485.8500061,466.6199951,469.4500122,469.4500122,180400
CACI,9/4/2025,464.7600098,467.5,450.9500122,460.1000061,460.1000061,303100
CACI,9/5/2025,464.2600098,475.4400024,463.3699951,474.4500122,474.4500122,207700
CACI,9/8/2025,472.6499939,476.0599976,466.7900085,474.0400085,474.0400085,153000
CACI,9/9/2025,472.8999939,480.3800049,470.6199951,479.6199951,479.6199951,177300
CACI,9/10/2025,477.769989,486.5299988,476.230011,486.2399902,486.2399902,171300
CACI,9/11/2025,487.2799988,495.4400024,486.4899902,493.1199951,493.1199951,193300
CACI,9/12/2025,493.1300049,498.7399902,488.269989,495.9599915,495.9599915,170800
CACI,9/15/2025,494.75,498.8900146,490.9899902,495.0599976,495.0599976,173300
CACI,9/16/2025,495.0899963,495.480011,485.269989,491.3699951,491.3699951,169300
CACI,9/17/2025,490.0700073,499.9899902,490.0700073,495.6300049,495.6300049,174200
CACI,9/18/2025,495.2399902,497.7799988,489.0299988,496.5,496.5,230600
CACI,9/19/2025,497.75,502.6000061,495.3399963,498.8099976,498.8099976,286200
CACI,9/22/2025,495.9599915,505.1099854,490.3699951,501.769989,501.769989,309200
CACI,9/23/2025,503.6900024,511.2399902,489.5899963,492.9500122,492.9500122,264500
CACI,9/24/2025,496.3699951,502.2099915,494.4299927,497.230011,497.230011,162600
CACI,9/25/2025,497.3599854,497.3599854,465.4200134,476.2399902,476.2399902,387600
CACI,9/26/2025,478.3500061,486.3500061,474.8200073,485.5899963,485.5899963,176600
CACI,9/29/2025,488.3800049,493.3699951,481.019989,488.0599976,488.0599976,288400
CACI,9/30/2025,490.0599976,499.75,485.8800049,498.7799988,498.7799988,320000
CACI,10/1/2025,495.0599976,515.6699829,488.8999939,515.1599731,515.1599731,237300
CACI,10/2/2025,515.710022,524.4699707,510.0499878,519.0700073,519.0700073,301200
CACI,10/3/2025,519.2299805,530.7199707,519.2299805,530.2299805,530.2299805,229800
CACI,10/6/2025,530,537.6900024,521.7199707,529,529,248100
CACI,10/7/2025,530,531.0100098,520.75,525.960022,525.960022,139100
CACI,10/8/2025,529.3200073,534.5499878,525,526.7000122,526.7000122,169500
CACI,10/9/2025,528.2999878,534.2399902,509.1300049,511.2999878,511.2999878,134900
CACI,10/10/2025,512.5,516.9400024,506.4899902,510.3500061,510.3500061,233200
CACI,10/13/2025,511.3500061,513.4699707,506.4400024,508.0599976,508.0599976,99300
CACI,10/14/2025,507.1300049,518.6099854,505.5100098,514.3099976,514.3099976,100500
CACI,10/15/2025,514,519.1599731,511.7900085,517.0999756,517.0999756,278800
CACI,10/16/2025,518.2600098,532.7299805,517.8200073,518.2299805,518.2299805,305900
CACI,10/17/2025,516,520.0300293,499.8099976,515.8200073,515.8200073,265700
CACI,10/20/2025,518.710022,533.960022,518.710022,526.8400269,526.8400269,221500
CACI,10/21/2025,526,535,518.9400024,533.6900024,533.6900024,285700
CACI,10/22/2025,530.8499756,536.0300293,516.8699951,520.1599731,520.1599731,467500
CACI,10/23/2025,544.0100098,596.9500122,542.2000122,584.5700073,584.5700073,811900
CACI,10/24/2025,587.5800171,592.7600098,570.0100098,585.5499878,585.5499878,345800
CACI,10/27/2025,583.2299805,591.4799805,573.6500244,578.7299805,578.7299805,220600
CACI,10/28/2025,575.4799805,583.3099976,569.1400146,572.4899902,572.4899902,246100
CACI,10/29/2025,568.9799805,571.1199951,560.7700195,562.1799927,562.1799927,176200
CACI,10/30/2025,559.5200195,571.3200073,559.5200195,563.25,563.25,223900
CACI,10/31/2025,567.8099976,570,561.0200195,562.25,562.25,281200
CACI,11/3/2025,562.25,565.7800293,548.1699829,564.1400146,564.1400146,240400
CACI,11/4/2025,558.8599854,586.3800049,556.4400024,584.7399902,584.7399902,338400
CACI,11/5/2025,581.2700195,596.4899902,578.9400024,588.5700073,588.5700073,239500
CACI,11/6/2025,586.6500244,589.6500244,573.1900024,584.4000244,584.4000244,195800
CACI,11/7/2025,580.6500244,591.0499878,577.0700073,589.25,589.25,146000
CACI,11/10/2025,593.1099854,599.7800293,581.2600098,591.8499756,591.8499756,166800
CACI,11/11/2025,591.0999756,593.1900024,583.6500244,587.8699951,587.8699951,107500
CACI,11/12/2025,586.5,593.3599854,575.0599976,586.6500244,586.6500244,234600
CACI,11/13/2025,589.289978,594.4299927,578.1699829,587.289978,587.289978,199900
CACI,11/14/2025,585.9199829,595.6400146,580.1599731,590.8300171,590.8300171,253700
CACI,11/17/2025,589.7199707,596.4000244,584.2999878,586.3099976,586.3099976,127500
CACI,11/18/2025,586.5700073,599.5800171,582.9199829,597.25,597.25,262800
CACI,11/19/2025,597.8699951,612.3400269,593.1699829,602.8499756,602.8499756,279000
CACI,11/20/2025,609.5300293,618.7600098,594.5800171,595,595,298200
CACI,11/21/2025,593.2600098,608.3599854,585.9799805,599.9400024,599.9400024,258800
CACI,11/24/2025,600.2199707,612.0300293,595.960022,610.2299805,610.2299805,195500
CACI,11/25/2025,620.2800293,632.7700195,609.789978,617.9699707,617.9699707,300500
CACI,11/26/2025,616.6699829,623.4400024,614.7999878,615.3499756,615.3499756,145200
CACI,11/28/2025,615.4199829,619.789978,614.7399902,617.0999756,617.0999756,53100
CACI,12/1/2025,613.7999878,627.1599731,611.8400269,612.25,612.25,192600
CACI,12/2/2025,615.25,625.6300049,606.1099854,606.3599854,606.3599854,324400
CACI,12/3/2025,603.3200073,613.7700195,586.8699951,592.8800049,592.8800049,316300
CACI,12/4/2025,592.75,625.8099976,586.4400024,605.5999756,605.5999756,366000
CACI,12/5/2025,602.2600098,602.5,584.0700073,595.6500244,595.6500244,243800
CACI,12/8/2025,597.0300293,597.0300293,583.8400269,593.4299927,593.4299927,221100
CACI,12/9/2025,591.9699707,592.6199951,584.0100098,589.1900024,589.1900024,201400
CACI,12/10/2025,589.2399902,603.75,585,596.4500122,596.4500122,193600
CACI,12/11/2025,599.0200195,599.5900269,577.9899902,586.5100098,586.5100098,282900
CACI,12/12/2025,585.8599854,585.8599854,571.8400269,572.4500122,572.4500122,235200
CACI,12/15/2025,575.3499756,578.4099731,564.8800049,567.4099731,567.4099731,218200
CACI,12/16/2025,565.039978,565.460022,554.0100098,560.2000122,560.2000122,292400
CACI,12/17/2025,556.5200195,566,554.9799805,560.75,560.75,442500
CACI,12/18/2025,563.3900146,563.3900146,548.0999756,548.960022,548.960022,427900
CACI,12/19/2025,549.9899902,560.7000122,549.3200073,556.6099854,556.6099854,404100
CACI,12/22/2025,559.3300171,563,548.4099731,550,550,326900
CACI,12/23/2025,549.9699707,553.25,543.1799927,544.5499878,544.5499878,211400
CACI,12/24/2025,545.8400269,547.8099976,538.0999756,544.4099731,544.4099731,92000
CACI,12/26/2025,546,547.5,539.9199829,541.9699707,541.9699707,137500
CACI,12/29/2025,541.4000244,546.9500122,537.4799805,539.4799805,539.4799805,181300
CACI,12/30/2025,538.9500122,541.7199707,534.0100098,539.0100098,539.0100098,199300
CACI,12/31/2025,538.2299805,539.2700195,531.1400146,532.8099976,532.8099976,187400
CACI,1/2/2026,533.5,541.6199951,529.7000122,537.4099731,537.4099731,171600
CACI,1/5/2026,536.3300171,569.039978,536.3300171,568.6300049,568.6300049,347300
CACI,1/6/2026,568.3499756,572.2299805,557.3900146,559.4400024,559.4400024,297400
CACI,1/7/2026,562.5700073,564.7700195,553.4899902,562.789978,562.789978,335900
CACI,1/8/2026,584.960022,614.6500244,571.3599854,584.0900269,584.0900269,588900
CACI,1/9/2026,585.3599854,607.1199951,581.8499756,598.9400024,598.9400024,496800
CACI,1/12/2026,602.289978,615,598.9400024,604.8200073,604.8200073,305600
CACI,1/13/2026,605.2399902,609.6799927,595.9500122,604.5700073,604.5700073,251800
CACI,1/14/2026,605.4899902,612.539978,594.4299927,611.3300171,611.3300171,250900
CACI,1/15/2026,613.2999878,627.9699707,606,627.5,627.5,304900
CACI,1/16/2026,625.4500122,635.7600098,618.2000122,635.4000244,635.4000244,259900
CACI,1/20/2026,635,642,624.0300293,629.1400146,629.1400146,422200
CACI,1/21/2026,628.539978,641.4000244,620.9000244,632.5599976,632.5599976,441700
CACI,1/22/2026,641.0700073,663.6300049,622.0499878,655.460022,655.460022,673500
CACI,1/23/2026,668.1199951,683.5,654.9799805,662.1900024,662.1900024,389800
CACI,1/26/2026,666.5,666.5,623.6900024,642.7800293,642.7800293,392200
CACI,1/27/2026,643.5,655,639.25,643.210022,643.210022,222500
CACI,1/28/2026,643.0100098,645.6699829,628.9000244,638.2399902,638.2399902,219300
CACI,1/29/2026,640.0900269,642.2999878,615.6300049,623.1300049,623.1300049,309600
CACI,1/30/2026,617.4299927,628.4000244,612,620.5800171,620.5800171,205900
CACI,2/2/2026,617.1400146,624,606.3499756,612.3699951,612.3699951,267700
CACI,2/3/2026,617.9899902,621.25,605,618.8400269,618.8400269,227200
CACI,2/4/2026,618.75,618.8800049,591.2700195,605.0800171,605.0800171,381900
CACI,2/5/2026,603.2299805,618.1900024,597.2399902,598.3200073,598.3200073,166600
CACI,2/6/2026,604.1199951,620.5499878,604.1199951,618.5,618.5,230900
CACI,2/9/2026,621.4199829,638.0700073,621.4199829,637.2700195,637.2700195,220000
CACI,2/10/2026,637.2700195,637.5300293,609.5,625.7999878,625.7999878,218900
CACI,2/11/2026,625.8400269,632.5,550.2800293,572.8300171,572.8300171,735900
CACI,2/12/2026,576.2700195,596.3300171,556.5599976,561.3900146,561.3900146,348700
CACI,2/13/2026,568.3900146,584.5700073,564.8499756,573.2999878,573.2999878,231100
CACI,2/17/2026,571.7700195,579.6900024,563.2399902,564.5300293,564.5300293,179800
CACI,2/18/2026,565.4099731,577.8300171,565,566.9899902,566.9899902,315100
CACI,2/19/2026,567.5499878,592.5,567.0300293,591.2000122,591.2000122,282200
CACI,2/20/2026,587.7800293,593.6599731,576.9799805,586.0300293,586.0300293,214200
CACI,2/23/2026,572.3200073,580,563.9899902,570.9899902,570.9899902,223800
CACI,2/24/2026,571.4299927,586.3699951,567.5499878,586.0200195,586.0200195,114300
CACI,2/25/2026,588.960022,590.9299927,568,590.0300293,590.0300293,249100
CACI,2/26/2026,591.8900146,603.6400146,589.3599854,597.1599731,597.1599731,231100
CACI,2/27/2026,597.5599976,610.5800171,591.2000122,610.1699829,610.1699829,321100
CACI,3/2/2026,616.0900269,624.9899902,608.4899902,624.960022,624.960022,228500
CACI,3/3/2026,618.0599976,632.2399902,610.6400146,629.75,629.75,244200
CACI,3/4/2026,628.2600098,631.9199829,613.8599854,624.5499878,624.5499878,244300
CACI,3/5/2026,620.1500244,630.9799805,606.5900269,612.5200195,612.5200195,184300
CACI,3/6/2026,612.5200195,621.6900024,608.1300049,616,616,236800
CACI,3/9/2026,621.5900269,635.3400269,597.0499878,633.210022,633.210022,397200
CACI,3/10/2026,628.4299927,634.8099976,591.4299927,591.710022,591.710022,363700
CACI,3/11/2026,592,614.7700195,589.6099854,604.3800049,604.3800049,215900
CACI,3/12/2026,602.2600098,618.3900146,599.4099731,612.6300049,612.6300049,239700
CACI,3/13/2026,612,617.4899902,590.6099854,606.7199707,606.7199707,256700
CACI,3/16/2026,608,615.1900024,591.2000122,605.3499756,605.3499756,306500
CACI,3/17/2026,608.8400269,623.1199951,607.5,612.9299927,612.9299927,360700
CACI,3/18/2026,609.3099976,625,607.9099731,608.7299805,608.7299805,157600
CACI,3/19/2026,607.960022,620.3099976,607.3699951,612.9299927,612.9299927,172300
CACI,3/20/2026,607.4699707,615.7700195,602.5,606.3800049,606.3800049,492400
CACI,3/23/2026,605.8800049,615.039978,588.1900024,589.2800293,589.2800293,251900
CACI,3/24/2026,586.960022,587.539978,575.3200073,576.710022,576.710022,175300
CACI,3/25/2026,588.0499878,594.9099731,569.0200195,578.9400024,578.9400024,158100
CACI,3/26/2026,575.3200073,588.6900024,575.3200073,579.8400269,579.8400269,202900
CACI,3/27/2026,578.5,579.3900146,561.4699707,563.6699829,563.6699829,153700
CACI,3/30/2026,569.9199829,577.6199951,556.7399902,558.4799805,558.4799805,263100
CACI,3/31/2026,555,565.5900269,540.9899902,543.8699951,543.8699951,339100
CACI,4/1/2026,546,568.5900269,545.9699707,561.1500244,561.1500244,216800
CACI,4/2/2026,559.5,579.5900269,554.3599854,575.6300049,575.6300049,145400
CACI,4/6/2026,573.7800293,578.9500122,568.1199951,571.9299927,571.9299927,141700
CACI,4/7/2026,572.8200073,578.0100098,566.1400146,569.1099854,569.1099854,195500
CACI,4/8/2026,564.9199829,590.5499878,563.7199707,578.4500122,578.4500122,219100
CACI,4/9/2026,577.4500122,581.5900269,560.7700195,563.210022,563.210022,196200
CACI,4/10/2026,557.4099731,559.1300049,531.5,534.4899902,534.4899902,318900
CACI,4/13/2026,527.3300171,545.039978,520.6599731,539.8400269,539.8400269,291300
CACI,4/14/2026,533.5999756,544.1400146,526,533.5800171,533.5800171,258600
CACI,4/15/2026,533.3699951,549.5100098,529.1599731,531.6799927,531.6799927,311000
CACI,4/16/2026,533.8200073,540,523.0100098,530.0999756,530.0999756,200200
CACI,4/17/2026,527.0599976,536.0300293,521.0200195,527.1599731,527.1599731,292200
CACI,4/20/2026,527.2600098,530.5300293,518.2600098,522.0700073,522.0700073,377400
CACI,4/21/2026,520,526.1799927,513.9299927,518.3800049,518.3800049,228500
CACI,4/22/2026,522.3300171,522.3300171,502.0400085,512.25,512.25,407700
CACI,4/23/2026,519.25,536,490.75,526.4899902,526.4899902,800600
CACI,4/24/2026,532.1500244,532.1500244,511.8999939,516.539978,516.539978,432800
CACI,4/27/2026,518.6799927,526,501.6799927,501.8999939,501.8999939,276900
CACI,4/28/2026,506.2099915,514.8900146,496.5100098,508.7200012,508.7200012,293200
CACI,4/29/2026,509.5499878,515.0700073,496.6099854,503.0299988,503.0299988,284000
CACI,4/30/2026,503.1600037,523.5999756,503.1600037,519.539978,519.539978,391700
CACI,5/1/2026,522.7199707,534.4000244,508.6199951,513.289978,513.289978,302200
CACI,5/4/2026,513.210022,525.6199951,508.5100098,513.5800171,513.5800171,290300
CACI,5/5/2026,514.1900024,514.8900146,487.8500061,494.0400085,494.0400085,405600
CACI,5/6/2026,489.1000061,504.3099976,474.4100037,499.4200134,499.4200134,381000
CACI,5/7/2026,496.9400024,505.5400085,486.5400085,489.8800049,489.8800049,360800
CACI,5/8/2026,488.3399963,488.4400024,476.7000122,480.9899902,480.9899902,273600
CACI,5/11/2026,481.1900024,485.0400085,465,482.5700073,482.5700073,415300
CACI,5/12/2026,488,509.6400146,486.8999939,499.1799927,499.1799927,454800
CACI,5/13/2026,495.7200012,507.2000122,485.5,503.8699951,503.8699951,528300
CACI,5/14/2026,505.8200073,512.6400146,495.0799866,504.1799927,504.1799927,376400
CACI,5/15/2026,503,510.0499878,486.0100098,486.9599915,486.9599915,353500
CACI,5/18/2026,487.0100098,499.7600098,486.6000061,494.9200134,494.9200134,216300
CACI,5/19/2026,495.4299927,506.269989,490.5799866,493.3200073,493.3200073,207700
CACI,5/20/2026,492.1900024,499.4400024,485.4100037,492.9100037,492.9100037,254100
CACI,5/21/2026,489.730011,493.5499878,480.3800049,490.0700073,490.0700073,169800
CACI,5/22/2026,490.3399963,505,489.1300049,501.3500061,501.3500061,186500
CACI,5/26/2026,499.6099854,503.8099976,488.3999939,501.1300049,501.1300049,252800
CACI,5/27/2026,494.9700012,513.960022,494.9700012,510.8399963,510.8399963,246800
CACI,5/28/2026,507.3200073,528.9799805,505.8200073,522.8499756,522.8499756,349500
CACI,5/29/2026,520.0900269,524.7199707,511.8500061,513.5100098,513.5100098,446400
CACI,6/1/2026,527.3599854,545.289978,520.5,524.9199829,524.9199829,257700
CACI,6/2/2026,518.9299927,526.9799805,510.769989,524.7999878,524.7999878,180900
CACI,6/3/2026,517.8300171,536,516.2199707,528.0700073,528.0700073,274800
CACI,6/4/2026,533.5499878,544,525.9400024,532.1300049,532.1300049,284000
CACI,6/5/2026,535.8499756,544.2399902,526.6599731,531.4099731,531.4099731,291400
CACI,6/8/2026,529.0200195,537.7999878,515.0100098,519.1400146,519.1400146,338100
CACI,6/9/2026,520.8800049,526.6599731,508.269989,525.039978,525.039978,256900
CACI,6/10/2026,526.9400024,534.2600098,515.4799805,521.1400146,521.1400146,181600
CACI,6/11/2026,520.0999756,535.4699707,515.6699829,525.4199829,525.4199829,175500
CACI,6/12/2026,527.1400146,530,516.9400024,519.4000244,519.4000244,146500
CACI,6/15/2026,514.710022,519,500.0499878,507.5599976,507.5599976,269800
CACI,6/16/2026,506.269989,513.1500244,491.8699951,504.4200134,504.4200134,327000
CACI,6/17/2026,498.9899902,512.6199951,493.1099854,494.9400024,494.9400024,244700
CACI,6/18/2026,490,491.980011,461.730011,466.4200134,466.4200134,445000
CACI,6/22/2026,458.0799866,465.5599976,434.7000122,449.7200012,449.7200012,378200
CACI,6/23/2026,450,468.5100098,448.3999939,467.6799927,467.6799927,362000
CACI,6/24/2026,466.7900085,475.9599915,457.9899902,462.0400085,462.0400085,229400
CACI,6/25/2026,458.4200134,460.769989,439.7999878,443.2600098,443.2600098,307700
CACI,6/26/2026,441.4100037,460.7099915,439.1600037,453.9200134,453.9200134,457400
CACI,6/29/2026,456.9599915,462.9899902,450,457.0400085,457.0400085,202000
CACI,6/30/2026,459.2799988,465.6099854,454.4599915,463.2600098,463.2600098,296900
CACI,7/1/2026,466.5700073,474.6700134,463.8299866,466.8800049,466.8800049,257500
CACI,7/2/2026,469,502.8299866,469,502.8299866,502.8299866,349800
CACI,7/6/2026,503.0100098,508.5599976,493.230011,505.2399902,505.2399902,266600
CACI,7/7/2026,512.210022,515.6699829,494.8200073,497.3599854,497.3599854,290300
CACI,7/8/2026,497.6400146,505.1700134,490.4500122,493.7799988,493.7799988,259100
CACI,7/9/2026,488.2900085,489.5,475.1300049,483.2900085,483.2900085,272400
CACI,7/10/2026,489.6400146,492.5100098,477.3500061,486.4500122,486.4500122,284200
CACI,7/13/2026,490.5,492.6000061,475.1700134,477.9700012,477.9700012,260100
CACI,7/14/2026,472,475.0799866,462.7799988,468.5499878,468.5499878,268300
CACI,7/15/2026,470.9899902,475,468.0700073,471.8299866,471.8299866,273000
CACI,7/16/2026,476.0599976,477.3800049,461.6000061,462.8500061,462.8500061,265100
CACI,7/17/2026,465.6900024,476.3099976,458.8299866,461.5599976,461.5599976,205200
CACI,7/20/2026,461.3800049,461.8599854,450.0599976,451.3299866,451.3299866,168000
CACI,7/21/2026,445.5499878,448.5400085,435.9200134,440.7600098,440.7600098,319600
CACI,7/22/2026,445.0299988,468.230011,443.6700134,467.4299927,467.4299927,254400
CACI,7/23/2026,470.0899963,489.8500061,470.0899963,480.6099854,480.6099854,402400
CACI,7/24/2026,486.6600037,507.3399963,486.5100098,486.769989,486.769989,265700
CACI,7/27/2026,486.6700134,500.0599976,486.6700134,495.8900146,495.8900146,290900
CACI,7/28/2026,503.2799988,512.3099976,498.1600037,510.0599976,510.0599976,350000
CACI,7/29/2026,507.730011,509.1300049,485.5,487.7900085,487.7900085,223200
CACI,7/30/2026,480.8999939,481.75,471.8399963,477.3500061,477.3500061,221000
CACI,7/31/2026,475.3999939,502.2999878,474.2900085,497.75,497.75,228600
CACI,8/3/2026,501.9899902,513.25,499.0100098,512.6599731,512.6599731,249000
CACI,8/4/2026,512.3800049,524.3599854,511.4899902,524.1900024,524.1900024,247300
CACI,8/5/2026,525.3699951,528.8400269,512.6099854,518.0300293,518.0300293,222600
CACI,8/6/2026,552.539978,645.8699951,551.3699951,628.789978,628.789978,899500
CACI,8/7/2026,625.0100098,650.7700195,614.0100098,644.4299927,644.4299927,416400
CACI,8/10/2026,644.4199829,649.2600098,632.1699829,648.2399902,648.2399902,412500
CACI,8/11/2026,640,670.2800293,640,667.5700073,667.5700073,280100
CACI,8/12/2026,657.960022,682.5200195,657.960022,680.0800171,680.0800171,376400
CACI,8/13/2026,683.3400269,683.3900146,666,670,670,290000
CACI,8/14/2026,671.9400024,677,659.9400024,670.539978,670.539978,254600
CACI,8/17/2026,666.0100098,669.8300171,647.7000122,649.3400269,649.3400269,231400
CACI,8/18/2026,654.789978,666.7600098,650.2399902,656.0599976,656.0599976,242700
CACI,8/19/2026,659.9400024,669.8900146,656.1199951,662.6799927,662.6799927,146900
CACI,8/20/2026,658.6400146,661.4400024,642.7600098,646.3499756,646.3499756,224200
CACI,8/21/2026,647.0200195,653.8099976,643.6500244,647.3900146,647.3900146,160000
CACI,8/24/2026,644.0300293,644.0300293,628.1599731,636.5,636.5,287700
CACI,8/25/2026,632.25,632.25,611.2800293,612.0999756,612.0999756,321500
CACI,8/26/2026,609.5300293,625.8599854,608,624.7399902,624.7399902,248900
CACI,8/27/2026,623.9000244,634.5,620.0100098,633.8200073,633.8200073,221300
CACI,8/28/2026,634,641.2199707,620.9400024,628.2000122,628.2000122,198600
CACI,8/31/2026,630.1799927,634.1699829,619.7800293,623.0100098,623.0100098,315500
CACI,9/1/2026,624.4299927,632.75,616.0100098,629.460022,629.460022,205700
CACI,9/2/2026,626.9699707,627.7299805,611.4400024,614.2700195,614.2700195,405600
CACI,9/3/2026,618,634.1500244,614.3300171,630,630,244300
CACI,9/4/2026,623.6900024,633.4099731,618.6599731,623.6099854,623.6099854,205300
CACI,9/8/2026,617.9500122,626.0800171,615.0200195,625.3099976,625.3099976,179800
CACI,9/9/2026,627.0300293,631.4000244,604.8599854,606.8499756,606.8499756,272100
CACI,9/10/2026,609.6900024,629.8099976,609.6900024,624.0100098,624.0100098,297900
CACI,9/11/2026,624.6799927,626.9099731,610.2299805,621.1699829,621.1699829,271600
CACI,9/14/2026,627.3800049,642.710022,614.7999878,637.1599731,637.1599731,312400
CACI,9/15/2026,634.8599854,646.1199951,623.9299927,636.4000244,636.4000244,252000
CACI,9/16/2026,631.4000244,637.8800049,621.1099854,631.1799927,631.1799927,264200
CACI,9/17/2026,639.6400146,642.0100098,633.1099854,635,635,261700
CACI,9/18/2026,637.039978,637.9299927,624.4899902,626.8499756,626.8499756,491500
CACI,9/21/2026,629.0900269,640,627.7199707,632.8699951,632.8699951,196700
CACI,9/22/2026,635.0700073,635.0700073,612.8699951,613.2199707,613.2199707,221300
CACI,9/23/2026,612.8599854,627.4400024,611.3099976,616.6799927,616.6799927,152000
CACI,9/24/2026,618.289978,627.4000244,611.0100098,616.8200073,616.8200073,231600
CACI,9/25/2026,612.539978,624.4199829,611,618.3200073,618.3200073,217600
CACI,9/28/2026,615.6599731,620.7600098,607.3699951,616.4000244,616.4000244,256900
CACI,9/29/2026,612.1900024,618.9799805,604.9799805,608.1400146,608.1400146,263500
CACI,9/30/2026,608.039978,617.8699951,602.6599731,609.1099854,609.1099854,267900
CACI,10/1/2026,615.2199707,639.8800049,613.4500122,627.0599976,627.0599976,305200
CACI,10/2/2026,626.4899902,632.9799805,614.8699951,615.039978,615.039978,264300
SAIC,1/3/2022,83.75,85.88999939,83.59999847,85.48000336,80.04847717,457500
SAIC,1/4/2022,85.70999908,87.23999786,85.70999908,87.05999756,81.52807617,403000
SAIC,1/5/2022,87,88.30999756,86.02999878,86.73000336,81.21904755,338400
SAIC,1/6/2022,87.26999664,87.43000031,86.15000153,86.59999847,81.09729767,291700
SAIC,1/7/2022,86.25,87.23999786,85.93000031,86.15000153,80.67590332,219600
SAIC,1/10/2022,86.22000122,86.37000275,84.48000336,84.91000366,79.51469421,214900
SAIC,1/11/2022,85.25,85.83000183,84.55999756,85.52999878,80.09529114,247700
SAIC,1/12/2022,85.58999634,85.75,84.87000275,85.11000061,79.70198059,238200
SAIC,1/13/2022,85.09999847,87.13999939,85.09999847,86.86000061,81.69594574,383700
SAIC,1/14/2022,86.16000366,89.08999634,85.80000305,89.05000305,83.75575256,365800
SAIC,1/18/2022,88.31999969,88.94999695,86.73999786,88.05999756,82.82461548,525500
SAIC,1/19/2022,88,88.61000061,87.15000153,87.61000061,82.40135956,373000
SAIC,1/20/2022,87.76999664,87.94000244,86.16000366,86.23999786,81.11280823,360100
SAIC,1/21/2022,86.23999786,86.69000244,85,85.19999695,80.13460541,283400
SAIC,1/24/2022,83,85.61000061,82.52999878,85.26000214,80.19106293,412600
SAIC,1/25/2022,84.54000092,84.94999695,82.81999969,84.29000092,79.2787323,368200
SAIC,1/26/2022,83.12000275,85.12000275,82.20999908,84.04000092,79.04358673,475400
SAIC,1/27/2022,84.09999847,84.22000122,80.87000275,81.41999817,76.57936096,547400
SAIC,1/28/2022,81.20999908,81.31999969,79.37999725,81.31999969,76.48530579,721000
SAIC,1/31/2022,80.88999939,82.04000092,80.66999817,82.02999878,77.15309906,426800
SAIC,2/1/2022,82.20999908,82.68000031,81.31999969,82.33999634,77.44464111,231100
SAIC,2/2/2022,81.98000336,84,81.91000366,83.65000153,78.67679596,249900
SAIC,2/3/2022,83.58000183,84.19999695,82.51999664,83.66999817,78.69559479,265600
SAIC,2/4/2022,83.15000153,83.76999664,81.62000275,82.98000336,78.04662323,272600
SAIC,2/7/2022,83.18000031,83.83999634,82.66000366,83.25,78.30056,231500
SAIC,2/8/2022,83.65000153,84.30000305,82.69000244,82.73999786,77.82087708,288600
SAIC,2/9/2022,83.04000092,84.19999695,82.97000122,83.73999786,78.76143646,209000
SAIC,2/10/2022,83.19000244,84.06999969,82.37000275,82.48000336,77.57633972,205100
SAIC,2/11/2022,82.61000061,83.63999939,81.87000275,83.30999756,78.35699463,223200
SAIC,2/14/2022,82.58999634,82.70999908,80.40000153,80.84999847,76.04325104,655600
SAIC,2/15/2022,81.02999878,82.56999969,80.61000061,81.73000336,76.87094116,343500
SAIC,2/16/2022,81.51000214,82.69000244,81.29000092,82.59999847,77.68921661,432600
SAIC,2/17/2022,81.87000275,82.68000031,80.80999756,82.25,77.3600235,536500
SAIC,2/18/2022,82.16000366,82.62000275,81.18000031,82.33999634,77.44464111,832400
SAIC,2/22/2022,82.44999695,82.48999786,79.87999725,80.05000305,75.29083252,331500
SAIC,2/23/2022,80.08999634,81.25,78.98999786,79.09999847,74.39730835,527100
SAIC,2/24/2022,78.15000153,81.98000336,78.09999847,81.86000061,76.99320984,435700
SAIC,2/25/2022,81.86000061,85.02999878,81.83000183,84.72000122,79.68318939,446400
SAIC,2/28/2022,84.20999908,88.05999756,84.20999908,87.69000244,82.47660828,596200
SAIC,3/1/2022,87.18000031,88.73999786,86.77999878,88.18000031,82.93746948,443700
SAIC,3/2/2022,88.05000305,89.34999847,86.86000061,88.80000305,83.52061462,465800
SAIC,3/3/2022,89.22000122,89.48999786,88.20999908,89.48000336,84.16018677,473600
SAIC,3/4/2022,88.59999847,91.98999786,88.59999847,91.91000366,86.44572449,608700
SAIC,3/7/2022,91.98999786,93.91000366,91.01999664,91.44000244,86.00365448,647800
SAIC,3/8/2022,91.43000031,91.66999817,86.90000153,87.08000183,81.90284729,465400
SAIC,3/9/2022,87.83999634,88.58000183,86.90000153,88.01000214,82.77758026,562800
SAIC,3/10/2022,87.33999634,89.11000061,87.33999634,88.81999969,83.53942871,257600
SAIC,3/11/2022,89.23000336,89.58000183,88.26000214,88.73000336,83.45476532,364000
SAIC,3/14/2022,88.01999664,89.23000336,86.63999939,87.72000122,82.50482941,382900
SAIC,3/15/2022,88.22000122,88.87000275,87.54000092,88.72000122,83.44537354,363500
SAIC,3/16/2022,88.69999695,89.51999664,85.29000092,86.52999878,81.38555145,554600
SAIC,3/17/2022,86.83999634,89.38999939,86.16000366,89.08999634,83.79335785,768500
SAIC,3/18/2022,88.88999939,89.30000305,88.02999878,88.88999939,83.6052475,2136100
SAIC,3/21/2022,90,91.38999939,89.41999817,89.80999756,84.47055054,461800
SAIC,3/22/2022,89.87999725,90.34999847,89.18000031,89.5,84.17897797,309600
SAIC,3/23/2022,89.54000092,90.26000214,89.15000153,89.73999786,84.40470886,360800
SAIC,3/24/2022,89.55999756,91,89.51000214,90.83000183,85.42991638,290300
SAIC,3/25/2022,91,92.05000305,90.40000153,91.66000366,86.21056366,403700
SAIC,3/28/2022,91.61000061,95.98000336,90.22000122,95.48999786,89.81287384,971700
SAIC,3/29/2022,92.94000244,93.58000183,89.51000214,91.02999878,85.61804199,665200
SAIC,3/30/2022,91.56999969,94.09999847,91.56999969,93.62999725,88.06344604,437400
SAIC,3/31/2022,93.43000031,94.08000183,92.16999817,92.16999817,86.69025421,352200
SAIC,4/1/2022,91.36000061,93.01999664,90.81999969,92.76999664,87.25458527,463000
SAIC,4/4/2022,92.98000336,92.98000336,90.76999664,90.84999847,85.4487381,443600
SAIC,4/5/2022,91.05999756,92.54000092,89.98000336,90.01000214,84.65866852,374800
SAIC,4/6/2022,90.01000214,92.01000214,89.94000244,91.27999878,85.85314941,402400
SAIC,4/7/2022,91.26000214,91.98000336,90.25,91.58999634,86.14472961,256200
SAIC,4/8/2022,91.80000305,92.5,90.51000214,90.75,85.35467529,472300
SAIC,4/11/2022,90.73000336,92.11000061,89.77999878,89.90000153,84.55521393,448700
SAIC,4/12/2022,89.94999695,90.47000122,88.73000336,88.73999786,83.4641571,392800
SAIC,4/13/2022,88.91000366,89.22000122,87.69999695,88.11000061,83.21860504,305600
SAIC,4/14/2022,88.19999695,88.87999725,87.5,87.62999725,82.76522827,404800
SAIC,4/18/2022,87.69999695,88.37999725,86.87000275,88.08000183,83.19028473,506600
SAIC,4/19/2022,88.41999817,89.30999756,88,88.22000122,83.3225174,234900
SAIC,4/20/2022,88.29000092,89.54000092,88.29000092,89.15000153,84.20088196,465900
SAIC,4/21/2022,89.44999695,90.79000092,89.40000153,89.90000153,84.90924072,251500
SAIC,4/22/2022,89.77999878,90.44000244,87.94000244,88.08999634,83.19972992,302300
SAIC,4/25/2022,87.75,87.75,85.40000153,87.25,82.40634155,252500
SAIC,4/26/2022,87.29000092,87.62000275,85.88999939,86.04000092,81.26351929,189500
SAIC,4/27/2022,85.75,86.98000336,85.36000061,85.55999756,80.81017303,208000
SAIC,4/28/2022,86.30000305,86.51999664,84.54000092,84.66999817,79.96957397,212600
SAIC,4/29/2022,84.11000061,85.04000092,83.05999756,83.23000336,78.60951996,415800
SAIC,5/2/2022,83,84.45999908,82.41000366,83.05000305,78.43952179,255900
SAIC,5/3/2022,82.83000183,83.90000153,82.51999664,83.11000061,78.49617767,182600
SAIC,5/4/2022,83.47000122,86.45999908,82.88999939,86.12999725,81.34851074,355900
SAIC,5/5/2022,86.02999878,86.43000031,84.48999786,85.08999634,80.36624908,215700
SAIC,5/6/2022,84.47000122,85.06999969,82.68000031,83.59999847,78.95898438,284000
SAIC,5/9/2022,82.87000275,83.44999695,81.19000244,81.59999847,77.06999207,276900
SAIC,5/10/2022,81.98000336,82.45999908,80.40000153,81.91000366,77.3628006,356000
SAIC,5/11/2022,81.73000336,82.87000275,80.26000214,80.51999664,76.04994202,244000
SAIC,5/12/2022,80.56999969,81.05000305,79.5,80.48000336,76.01217651,257200
SAIC,5/13/2022,81.02999878,81.94000244,80.61000061,81.41000366,76.89054871,227000
SAIC,5/16/2022,81.90000153,84.12999725,81.90000153,83.81999969,79.16677094,351700
SAIC,5/17/2022,84.48000336,85.91000366,83.87000275,85.59999847,80.8479538,286100
SAIC,5/18/2022,85.29000092,85.77999878,82.55999756,82.73000336,78.13726807,289200
SAIC,5/19/2022,82.05000305,82.45999908,79.76999664,81.01999664,76.52220154,321600
SAIC,5/20/2022,81.15000153,81.66000366,79.33000183,81.23999786,76.72999573,739000
SAIC,5/23/2022,81.72000122,83.33000183,81.11000061,82.63999939,78.05226135,245300
SAIC,5/24/2022,82.12999725,83.91000366,82.12999725,83.51000214,78.87398529,245200
SAIC,5/25/2022,83.66999817,84.59999847,82.93000031,84.01999664,79.35565186,198200
SAIC,5/26/2022,84.56999969,85.68000031,84.51000214,85.30999756,80.57403564,218100
SAIC,5/27/2022,85.19999695,86.94000244,85.19999695,86.94000244,82.11354828,181600
SAIC,5/31/2022,86.19000244,87.02999878,85.61000061,86.55999756,81.75465393,332200
SAIC,6/1/2022,86.41000366,86.76000214,85.55000305,86.41999817,81.62242126,263500
SAIC,6/2/2022,86.86000061,87.80000305,85.37999725,87.76000214,82.88803864,242100
SAIC,6/3/2022,87.79000092,88.37000275,86.65000153,88.09999847,83.20918274,415100
SAIC,6/6/2022,92.70999908,95.95999908,92.05000305,94.16999817,88.94218445,747300
SAIC,6/7/2022,93.80000305,95.27999878,92.23000336,94.75,89.48997498,460500
SAIC,6/8/2022,94.30999756,94.30999756,92.33000183,92.38999939,87.26100922,294800
SAIC,6/9/2022,92.01999664,93.44999695,92.01999664,92.70999908,87.56324005,464900
SAIC,6/10/2022,92.13999939,92.43000031,89.77999878,89.94999695,84.95645142,512100
SAIC,6/13/2022,88.37000275,90.23999786,87.79000092,89.73000336,84.74865723,391700
SAIC,6/14/2022,89.36000061,90.36000061,87.26000214,88,83.11470032,530300
SAIC,6/15/2022,88.12000275,89.55000305,87.51999664,88.83999634,83.90808868,383100
SAIC,6/16/2022,87.91000366,87.91000366,85.33999634,85.73000336,80.97073364,474000
SAIC,6/17/2022,86.25,86.25,83.68000031,85.52999878,80.78184509,941900
SAIC,6/21/2022,86.48999786,88.87999725,86.09999847,88.55000305,83.63417816,283300
SAIC,6/22/2022,87.83999634,90.23999786,87.56999969,89.56999969,84.5975647,493200
SAIC,6/23/2022,89.51000214,90.38999939,88.98999786,89.76999664,84.78643799,288800
SAIC,6/24/2022,90.23999786,94.94999695,90.19000244,94.38999939,89.14998627,759100
SAIC,6/27/2022,94.30000305,95.76000214,93.40000153,94.26000214,89.02719116,338000
SAIC,6/28/2022,94.33999634,95.45999908,91.91999817,92.04000092,86.93041992,250400
SAIC,6/29/2022,92.62999725,92.66999817,91.12999725,91.95999908,86.85486603,241800
SAIC,6/30/2022,91.23999786,93.70999908,91.23000336,93.09999847,87.93159485,222700
SAIC,7/1/2022,92.80000305,95.22000122,92.16999817,94.94000244,89.66943359,247200
SAIC,7/5/2022,93.59999847,94.43000031,90.80000305,92.29000092,87.16655731,419600
SAIC,7/6/2022,92.22000122,94.5,91.90000153,94.02999878,88.80995941,303000
SAIC,7/7/2022,93.68000031,94.69000244,93.26000214,93.33999634,88.15826416,305500
SAIC,7/8/2022,93.09999847,93.87000275,92.76000214,93.41999817,88.2338028,171400
SAIC,7/11/2022,93.25,94.26999664,92.97000122,93.16999817,87.99769592,132200
SAIC,7/12/2022,92.5,93.90000153,91.11000061,91.5,86.42041016,346600
SAIC,7/13/2022,90.59999847,91.80000305,90.59999847,91,85.94816589,178400
SAIC,7/14/2022,89.55000305,91.19000244,89.48999786,91,86.29904938,214600
SAIC,7/15/2022,91.51000214,91.81999969,90.23999786,91.38999939,86.66889954,191600
SAIC,7/18/2022,91.55000305,92.37000275,90.54000092,90.58000183,85.90075684,338600
SAIC,7/19/2022,90.87000275,93.05000305,90.87000275,92.75,87.95866394,197400
SAIC,7/20/2022,92.79000092,93,91.83999634,92.73000336,87.93968964,226800
SAIC,7/21/2022,92.84999847,93.58999634,91.87000275,93.37999725,88.55609894,318700
SAIC,7/22/2022,93.80000305,94.22000122,92.80999756,93.66000366,88.82164764,214200
SAIC,7/25/2022,94.05999756,95.33000183,93.56999969,94.94000244,90.0355072,368500
SAIC,7/26/2022,94.79000092,95.40000153,94.19999695,94.48000336,89.59928894,191500
SAIC,7/27/2022,94.58000183,94.97000122,93.68000031,93.69999695,88.85957336,302500
SAIC,7/28/2022,93.69999695,96.04000092,93.69999695,95.69000244,90.74675751,181500
SAIC,7/29/2022,97.01999664,97.81999969,96.5,96.87000275,91.86580658,231400
SAIC,8/1/2022,96.41999817,96.94999695,95.61000061,96.48000336,91.49597168,200900
SAIC,8/2/2022,96.59999847,96.93000031,94.41000366,94.51999664,89.63721466,305700
SAIC,8/3/2022,94.72000122,95.01000214,93.01000214,94.56999969,89.68463898,177900
SAIC,8/4/2022,94.37999725,95.31999969,93.80000305,93.91000366,89.05873108,149600
SAIC,8/5/2022,93.06999969,94.13999939,93.06999969,94.09999847,89.23889923,200600
SAIC,8/8/2022,94.48999786,94.69999695,92.33000183,92.76999664,87.97763062,235700
SAIC,8/9/2022,93.30999756,94.19000244,92.72000122,93.62999725,88.79317474,193900
SAIC,8/10/2022,94.25,94.66999817,93.58999634,93.97000122,89.1156311,227500
SAIC,8/11/2022,93.86000061,93.87999725,91.65000153,92.37000275,87.59828186,348000
SAIC,8/12/2022,92.62000275,93.84999847,92.38999939,93.69000244,88.85009766,284300
SAIC,8/15/2022,93.56999969,95.47000122,92.86000061,95.09999847,90.18725586,300400
SAIC,8/16/2022,95.01999664,95.27999878,94.05000305,94.88999939,89.98809814,472000
SAIC,8/17/2022,94.69000244,95.33999634,94.5,95.26999664,90.34845734,250300
SAIC,8/18/2022,95.05000305,95.77999878,94.91000366,95.44999695,90.51918793,215000
SAIC,8/19/2022,95.56999969,96.23999786,95.16000366,96.20999908,91.23990631,247600
SAIC,8/22/2022,95.65000153,95.69000244,93.72000122,94,89.14406586,284500
SAIC,8/23/2022,93.72000122,94.44999695,93.72000122,94.09999847,89.23889923,198300
SAIC,8/24/2022,94.26999664,94.51999664,93.33999634,93.43000031,88.60352325,316500
SAIC,8/25/2022,93.90000153,94.05000305,92.19999695,93.37999725,88.55609894,338600
SAIC,8/26/2022,93.22000122,93.26000214,91.44999695,91.55000305,86.82064819,268700
SAIC,8/29/2022,91.08000183,93.01999664,89.91000366,92.83000183,88.03452301,396500
SAIC,8/30/2022,93.01000214,93.01000214,91.37000275,91.44000244,86.71631622,395100
SAIC,8/31/2022,91.55999756,92.91999817,90.86000061,91.06999969,86.365448,483400
SAIC,9/1/2022,92.58999634,94.62000275,91.26999664,94,89.14406586,639900
SAIC,9/2/2022,94.33999634,94.81999969,91.83000183,91.87999725,87.13358307,490600
SAIC,9/6/2022,92.06999969,93.09999847,91.80000305,92.01999664,87.26637268,352500
SAIC,9/7/2022,92.47000122,93.61000061,91.65000153,93.37000275,88.54662323,291800
SAIC,9/8/2022,93.23999786,94.02999878,92.51000214,93.51999664,88.68887329,346400
SAIC,9/9/2022,93.83999634,95.23999786,93.18000031,94.66000366,89.76998138,280900
SAIC,9/12/2022,95.62999725,97.80999756,95.26999664,95.95999908,91.00283051,488600
SAIC,9/13/2022,94.87000275,95.88999939,93.20999908,93.69999695,88.85957336,334000
SAIC,9/14/2022,93.58000183,95.44999695,93.58000183,94,89.14406586,568900
SAIC,9/15/2022,93.63999939,94.19999695,92.58999634,93.16999817,88.35694122,480400
SAIC,9/16/2022,92.58999634,93.58999634,91.73999786,93.15000153,88.33799744,2643100
SAIC,9/19/2022,92.26999664,94.41999817,92.26999664,94.13999939,89.27682495,422900
SAIC,9/20/2022,94.04000092,94.12000275,92.27999878,93.44000244,88.61299896,355200
SAIC,9/21/2022,93.45999908,95.08999634,92.23000336,92.29000092,87.52241516,270600
SAIC,9/22/2022,92.29000092,92.29000092,90.97000122,91.33000183,86.6120224,309200
SAIC,9/23/2022,90.62000275,90.98999786,87.93000031,89.23999786,84.62998199,314400
SAIC,9/26/2022,88.73000336,90.15000153,88.48999786,88.77999878,84.19374084,271900
SAIC,9/27/2022,89.86000061,90.34999847,87.97000122,88.52999878,83.95665741,266600
SAIC,9/28/2022,89.12000275,90.51999664,88.01000214,90.30999756,85.64470673,294300
SAIC,9/29/2022,89.87999725,89.91000366,88.19000244,88.69000244,84.10838318,344300
SAIC,9/30/2022,88.56999969,89.68000031,88.34999847,88.43000031,83.86182404,319500
SAIC,10/3/2022,88.95999908,91.5,88.83999634,91.05999756,86.3559494,233300
SAIC,10/4/2022,91.68000031,93.84999847,91.68000031,93.62999725,88.79317474,282400
SAIC,10/5/2022,92.87000275,93.83999634,92.5,92.86000061,88.06296539,180800
SAIC,10/6/2022,92.19000244,92.97000122,91.37999725,92.02999878,87.27583313,198900
SAIC,10/7/2022,91.83000183,92.26000214,90.76999664,92.05999756,87.30429077,252900
SAIC,10/10/2022,92.27999878,93.97000122,92.16000366,92.52999878,87.75002289,237400
SAIC,10/11/2022,92.45999908,93.16000366,91.30999756,91.91000366,87.16205597,293700
SAIC,10/12/2022,91.80000305,91.80000305,89.83000183,89.90000153,85.255867,228500
SAIC,10/13/2022,88.59999847,92.56999969,88.05999756,92.08000183,87.68415833,227900
SAIC,10/14/2022,92.25,92.66000366,90.41000366,91.25,86.89376068,262300
SAIC,10/17/2022,92.19999695,94.40000153,92.19999695,93.87999725,89.39820862,339400
SAIC,10/18/2022,94.94999695,97.80000305,94.76000214,97.58999634,92.93109131,393000
SAIC,10/19/2022,97,97.08000183,94.72000122,95.77999878,91.20750427,301300
SAIC,10/20/2022,96.37999725,96.58999634,95.26999664,96.55000305,91.94075012,200500
SAIC,10/21/2022,96.76999664,99.18000031,96.15000153,98.83000183,94.11190796,218600
SAIC,10/24/2022,99.40000153,100.7200012,98.98000336,99.83000183,95.06417084,273400
SAIC,10/25/2022,99.23999786,101.6500015,99.23999786,101.4599991,96.6163559,202500
SAIC,10/26/2022,101.8899994,102.3799973,101.25,101.4300003,96.58779907,244100
SAIC,10/27/2022,101.8099976,104.7399979,101.8099976,103.8000031,98.84465027,443900
SAIC,10/28/2022,104,107.1900024,103.5599976,107.1600037,102.0442581,353300
SAIC,10/31/2022,106.2099991,108.9899979,106.1900024,108.3399963,103.1679001,302100
SAIC,11/1/2022,108.7099991,109.3499985,108.0100021,108.4400024,103.2631302,374700
SAIC,11/2/2022,108.1500015,110.7300034,107.8199997,108.6900024,103.5011826,444600
SAIC,11/3/2022,107.6600037,109.8300018,107.4499969,109.3700027,104.1487122,227900
SAIC,11/4/2022,109.6999969,110.3799973,106.8199997,109.1699982,103.9582748,294400
SAIC,11/7/2022,109.4400024,112.0699997,109.1900024,112.0500031,106.7007904,261400
SAIC,11/8/2022,111.9300003,113.0299988,111.1399994,111.6500015,106.3198853,249800
SAIC,11/9/2022,111.0599976,111.2200012,109.3399963,109.3899994,104.1677704,289900
SAIC,11/10/2022,111.75,112.4800034,110.4899979,111.8899994,106.5484161,262000
SAIC,11/11/2022,111.2200012,111.2300034,107.0500031,107.1299973,102.0156784,401000
SAIC,11/14/2022,107.5,109.6800003,106.8799973,106.9899979,101.8823471,409200
SAIC,11/15/2022,107.9300003,108.25,106.6299973,107.1999969,102.0823059,322100
SAIC,11/16/2022,107.3000031,108.2900009,106.2799988,107.3399963,102.2156448,304400
SAIC,11/17/2022,104.9000015,105.9400024,103.9700012,105.5699997,100.5301437,409000
SAIC,11/18/2022,106.5100021,107.6699982,105.7699966,107.0599976,101.9490051,336200
SAIC,11/21/2022,107.0199966,109.1800003,107.0199966,108.4499969,103.272644,280800
SAIC,11/22/2022,108.5599976,109.6699982,108.5599976,108.9100037,103.7106934,148300
SAIC,11/23/2022,108.8000031,109.9800034,108.8000031,108.9899979,103.7868729,196800
SAIC,11/25/2022,109.7399979,111.0299988,109.1299973,110.6100006,105.3295364,82700
SAIC,11/28/2022,109.6699982,110.9700012,109.2900009,109.8899994,104.643898,191900
SAIC,11/29/2022,109.25,110.4000015,109.0400009,109.5500031,104.320137,217800
SAIC,11/30/2022,109.0899963,110.1299973,107.7900009,110.1100006,104.8534012,300200
SAIC,12/1/2022,110.7200012,110.7300034,109.0100021,109.6600037,104.4248962,198500
SAIC,12/2/2022,109.4199982,110.8000031,108.6900024,109.2600021,104.0439835,785900
SAIC,12/5/2022,112.9000015,117.9400024,112.2300034,113.9599991,108.5196075,997500
SAIC,12/6/2022,113.7099991,115.3600006,112.8600006,115.1600037,109.662323,656700
SAIC,12/7/2022,114.9199982,116,111.6100006,112.5100021,107.1388245,390500
SAIC,12/8/2022,113.5999985,114.5100021,112.4800034,112.9199982,107.5292435,337800
SAIC,12/9/2022,112.6699982,112.9199982,110.4899979,110.5,105.2247772,360300
SAIC,12/12/2022,110.6699982,111.25,109.8899994,110.9000015,105.6056824,261800
SAIC,12/13/2022,112.2399979,112.4499969,109.9700012,110.0100021,104.7581711,374600
SAIC,12/14/2022,110.4100037,112.4300003,110,111.6699982,106.3389282,431100
SAIC,12/15/2022,111.1999969,111.3399963,109.5199966,109.8899994,104.643898,328400
SAIC,12/16/2022,109.4199982,111.5999985,108.3300018,110.4899979,105.2152557,2013600
SAIC,12/19/2022,110.5699997,111.3099976,108.3600006,108.8600006,103.6630783,283200
SAIC,12/20/2022,109.0699997,110.3700027,108.6500015,109.1900024,103.9773026,185900
SAIC,12/21/2022,109.5100021,110.9599991,109.0599976,110.8799973,105.5866318,236100
SAIC,12/22/2022,110.6299973,110.6299973,108.4100037,109.5199966,104.2915573,338800
SAIC,12/23/2022,109.1399994,110.3000031,108.4400024,109.4800034,104.2534714,181400
SAIC,12/27/2022,109.6800003,111.3499985,109.3499985,111.25,105.9389877,295800
SAIC,12/28/2022,111.4700012,112.5599976,110.3300018,110.4499969,105.1771698,564800
SAIC,12/29/2022,110.8600006,112.1500015,110.1600037,110.4499969,105.1771698,296900
SAIC,12/30/2022,110.4899979,111.2900009,109.5899963,110.9300003,105.6342468,240900
SAIC,1/3/2023,109.1399994,111.3600006,109.1399994,110.0599976,104.8057861,460300
SAIC,1/4/2023,109.9100037,110.6699982,108.3399963,108.8600006,103.6630783,213300
SAIC,1/5/2023,108.5199966,108.9899979,106.4499969,107.4300003,102.3013535,302200
SAIC,1/6/2023,108.4599991,110.0400009,107.4899979,108.3300018,103.158371,346500
SAIC,1/9/2023,108.0599976,108.0699997,104.6500015,104.7600021,99.75880432,369400
SAIC,1/10/2023,104.8000031,106.0899963,104.5699997,105.5899963,100.5491791,270500
SAIC,1/11/2023,105.7300034,106.8300018,105.3499985,106.6500015,101.5585861,280400
SAIC,1/12/2023,106.1600037,106.7600021,104.6699982,106.0800018,101.3674698,203500
SAIC,1/13/2023,104.6999969,106.0800018,104.6999969,105.9700012,101.2623596,234300
SAIC,1/17/2023,106.2600021,106.6299973,105.1999969,105.2900009,100.6125717,230700
SAIC,1/18/2023,105.1600037,105.7600021,101.6800003,101.9899979,97.45916748,311300
SAIC,1/19/2023,101.7300034,102.1999969,100.7300034,100.9000015,96.41759491,289100
SAIC,1/20/2023,101.1999969,102.3399963,100.1999969,101.4199982,96.91448212,262200
SAIC,1/23/2023,101.6100006,102.4800034,101.0899963,102.1100006,97.57382965,311800
SAIC,1/24/2023,101.0500031,103.6299973,101.0299988,103.2600021,98.67275238,364300
SAIC,1/25/2023,103.1200027,104.5,103.0299988,104.3099976,99.67610168,265900
SAIC,1/26/2023,104.5199966,104.9100037,103.1699982,103.2799988,98.69185638,298900
SAIC,1/27/2023,103.3300018,104.0800018,101.4199982,101.9800034,97.44960785,233500
SAIC,1/30/2023,102.2900009,103.5199966,102.0100021,102.6500015,98.08984375,257400
SAIC,1/31/2023,103.1999969,103.7799988,102.3499985,103.7799988,99.16964722,374600
SAIC,2/1/2023,103.6100006,103.9400024,102.5,103.7399979,99.13143921,324400
SAIC,2/2/2023,103.2600021,104.6399994,102.8499985,104.4400024,99.80032349,316500
SAIC,2/3/2023,104.7200012,105.0400009,103.5599976,104.0800018,99.45632172,188200
SAIC,2/6/2023,104.5500031,106,104.4700012,104.9700012,100.306778,315100
SAIC,2/7/2023,104.4899979,105.5299988,103.0500031,105.4700012,100.7845688,210200
SAIC,2/8/2023,105.1999969,106.3099976,105.0999985,105.8499985,101.1476898,257200
SAIC,2/9/2023,105.8799973,106.2200012,104.1200027,104.7799988,100.1251984,198800
SAIC,2/10/2023,105.25,107.0100021,104.8199997,107.0100021,102.2561493,219900
SAIC,2/13/2023,107.2900009,107.8899994,106.0400009,106.3399963,101.6159134,391300
SAIC,2/14/2023,106.2699966,106.6600037,105.2200012,106.0199966,101.3101349,378800
SAIC,2/15/2023,105.8600006,107.5699997,105.1999969,107.5,102.7243881,283500
SAIC,2/16/2023,107.0299988,109.6600037,107.0299988,108.1800003,103.3741684,219200
SAIC,2/17/2023,108.4100037,108.9599991,108.0999985,108.5800018,103.7564011,274100
SAIC,2/21/2023,108.4100037,108.5199966,107.1699982,107.8499985,103.0588303,232100
SAIC,2/22/2023,107.8000031,108.1900024,106.9300003,107.2799988,102.5141525,291100
SAIC,2/23/2023,107.6399994,108.7699966,107.1299973,107.1500015,102.389946,221900
SAIC,2/24/2023,106.9000015,107.5599976,106.3099976,107.3600006,102.5906143,154600
SAIC,2/27/2023,107.7300034,108.3199997,106.5400009,106.7699966,102.0267944,170700
SAIC,2/28/2023,106.75,107.3799973,106.2799988,106.6399994,101.9025803,280400
SAIC,3/1/2023,106.3600006,107.7099991,105.6399994,107.0199966,102.2657166,212500
SAIC,3/2/2023,106.9700012,108.4599991,106.9700012,108.4199982,103.6035004,214900
SAIC,3/3/2023,108.6900024,109.2699966,107.6299973,109.1900024,104.3393021,229700
SAIC,3/6/2023,108.75,109.25,107.7399979,108,103.2021713,349200
SAIC,3/7/2023,108.3399963,109.0999985,108.2900009,108.3600006,103.5461655,193400
SAIC,3/8/2023,108.25,108.8499985,104.7099991,106.0299988,101.3196793,319700
SAIC,3/9/2023,106.5599976,106.8799973,104.8300018,104.8899994,100.2303314,211400
SAIC,3/10/2023,104.4899979,106.2399979,103.6200027,103.75,99.14097595,239400
SAIC,3/13/2023,102.9700012,104.0100021,102.4899979,103.2399979,98.65362549,287600
SAIC,3/14/2023,104.2900009,105.7099991,103.1500015,104.8199997,100.1634445,334300
SAIC,3/15/2023,103.7300034,103.9499969,101.7699966,103.9000015,99.28430176,284500
SAIC,3/16/2023,103.4400024,105.3099976,103.4199982,104.1299973,99.50408173,262700
SAIC,3/17/2023,103.8700027,103.8700027,101.5599976,102.2399979,97.69804382,545700
SAIC,3/20/2023,103.0199966,104.8899994,103.0199966,103.4599991,98.86384583,245900
SAIC,3/21/2023,104.5,105.1999969,104.1999969,104.8099976,100.1538849,191800
SAIC,3/22/2023,104.8300018,104.9400024,102.9199982,103.0400009,98.46251678,207700
SAIC,3/23/2023,103.0400009,104.1999969,102.2799988,102.6200027,98.06118011,271800
SAIC,3/24/2023,102.4400024,103.5500031,101.7099991,103.3499985,98.75875092,280100
SAIC,3/27/2023,104.1600037,104.8099976,103.3399963,104.7699966,100.115654,338300
SAIC,3/28/2023,104.9599991,105.8799973,104.6500015,105.5,100.8132172,308700
SAIC,3/29/2023,105.9700012,106.8399963,105.3799973,106.6500015,101.9121399,387500
SAIC,3/30/2023,106.9000015,107.4899979,106.4100037,106.6800003,101.9408035,302600
SAIC,3/31/2023,107.3600006,108.4100037,107.0500031,107.4599991,102.6861496,456300
SAIC,4/3/2023,107.9199982,111.5500031,106,110.5,105.5911255,880300
SAIC,4/4/2023,109.3099976,109.3899994,105.9199982,107.4400024,102.6670532,573400
SAIC,4/5/2023,107.2399979,108.8799973,107.1999969,107.6200027,102.8390503,498400
SAIC,4/6/2023,107.8799973,108.5599976,107.2300034,107.8600006,103.0683975,288200
SAIC,4/10/2023,107.7200012,109.5599976,107.7200012,108.7300034,103.8997421,376700
SAIC,4/11/2023,108.2600021,108.6299973,107.3199997,107.3600006,102.5906143,338700
SAIC,4/12/2023,107.3399963,109.1999969,107.1600037,108.6900024,103.8615112,396600
SAIC,4/13/2023,108.4000015,108.7600021,107.0699997,108.4300003,103.9669876,319200
SAIC,4/14/2023,107.9499969,108.8700027,107,107.9300003,103.4875717,281400
SAIC,4/17/2023,107.7200012,108.0199966,107.0599976,107.9899979,103.5450974,295400
SAIC,4/18/2023,108.0800018,108.9800034,107.5100021,107.6900024,103.2574615,202900
SAIC,4/19/2023,107.8499985,107.8799973,105.5400009,105.7300034,101.3781281,427200
SAIC,4/20/2023,105.5800018,105.9899979,104.75,104.9700012,100.6494064,295900
SAIC,4/21/2023,105.1500015,105.4199982,103.0999985,103.2799988,99.02896881,257200
SAIC,4/24/2023,103.0899963,103.5100021,101.4300003,103.0100021,98.77008057,291500
SAIC,4/25/2023,102.7300034,103.4400024,102.1200027,102.3799973,98.16601563,258400
SAIC,4/26/2023,101.6999969,101.7099991,99.40000153,100.3000031,96.17163849,313500
SAIC,4/27/2023,100.2799988,102.4599991,100.2799988,102.4000015,98.18518829,265600
SAIC,4/28/2023,102.8199997,103.1200027,101.6399994,102.0299988,97.83040619,267100
SAIC,5/1/2023,102.2900009,103.7399979,102.2900009,103.1699982,98.92350006,263100
SAIC,5/2/2023,102.1500015,102.1500015,98.62000275,99.94000244,95.8264389,469000
SAIC,5/3/2023,100.2099991,101.4899979,99.91000366,99.94000244,95.8264389,414000
SAIC,5/4/2023,99.37000275,99.48000336,97.91999817,98.70999908,94.64706421,252200
SAIC,5/5/2023,99.45999908,101.5100021,99.45999908,101.0800018,96.91952515,382600
SAIC,5/8/2023,101.1600037,101.4400024,99.13999939,99.33999634,95.25113678,248700
SAIC,5/9/2023,99.84999847,100.1100006,99.11000061,99.41999817,95.32783508,237700
SAIC,5/10/2023,99.98000336,100.1600037,98.93000031,99.69999695,95.59631348,257500
SAIC,5/11/2023,99.47000122,99.51999664,98.08000183,98.73999786,94.67583466,231500
SAIC,5/12/2023,99.02999878,99.51999664,98.33000183,99.20999908,95.1264801,248100
SAIC,5/15/2023,99.23999786,99.80000305,98.63999939,99.26999664,95.18401337,225200
SAIC,5/16/2023,99.15000153,99.15000153,98.08999634,98.13999939,94.1005249,294200
SAIC,5/17/2023,98.36000061,99.83999634,97.69000244,99.63999939,95.53878784,268200
SAIC,5/18/2023,99.47000122,100.3099976,98.63999939,99.90000153,95.78809357,221200
SAIC,5/19/2023,100.4199982,100.75,98.22000122,98.33000183,94.28270721,279800
SAIC,5/22/2023,98.30999756,99.08000183,97.98000336,98.47000122,94.41693878,280800
SAIC,5/23/2023,98.18000031,98.56999969,97.68000031,98.04000092,94.00465393,228300
SAIC,5/24/2023,98.09999847,98.37000275,96.83999634,97.05000305,93.0553894,230000
SAIC,5/25/2023,96.73000336,96.80999756,95.43000031,95.94000244,91.99108887,363700
SAIC,5/26/2023,96.26999664,97.62999725,95.48999786,97.23000336,93.2279892,379800
SAIC,5/30/2023,97.25,97.94999695,96.77999878,97.48999786,93.47727966,215100
SAIC,5/31/2023,97.45999908,98.02999878,96.94999695,97.33000183,93.32387543,390700
SAIC,6/1/2023,97.65000153,99.61000061,97.26999664,98.91999817,94.84842682,355600
SAIC,6/2/2023,99.33999634,101.4499969,99.33999634,101.4499969,97.27427673,323000
SAIC,6/5/2023,104.1600037,106.4800034,102.6399994,102.6500015,98.42490387,727400
SAIC,6/6/2023,101.6100006,104.0400009,101.5299988,103.1699982,98.92350006,481900
SAIC,6/7/2023,102.9100037,104.1100006,102.2300034,103.8099976,99.53714752,406100
SAIC,6/8/2023,103.7699966,105.1900024,102.6100006,105.0599976,100.7356949,279100
SAIC,6/9/2023,105,106.0100021,104.6100006,105.7399979,101.3877106,318700
SAIC,6/12/2023,106.4100037,108.2399979,105.9899979,107.3799973,102.9601974,401400
SAIC,6/13/2023,107.1900024,108.3499985,107.0800018,108.1900024,103.7368774,271300
SAIC,6/14/2023,107.5599976,108.2699966,107.0599976,107.7699966,103.3341599,329200
SAIC,6/15/2023,107.5,108.9300003,107.5,108.1800003,103.727272,264100
SAIC,6/16/2023,108.6100006,109.4700012,107.9499969,108.9199982,104.4368134,1341600
SAIC,6/20/2023,108.6100006,108.9000015,107.9599991,108.3899994,103.9286346,267900
SAIC,6/21/2023,108.1900024,109.1500015,107.2699966,109.0400009,104.5518799,271700
SAIC,6/22/2023,109.1100006,109.1100006,107.7600021,108.8700027,104.3888855,261400
SAIC,6/23/2023,108.6200027,108.9000015,107.1699982,107.4000015,102.979393,363300
SAIC,6/26/2023,107.1800003,108.6600037,107.0899963,108.4000015,103.9382248,196100
SAIC,6/27/2023,108.4499969,110.4300003,108.2200012,109.9700012,105.4436111,266100
SAIC,6/28/2023,109.9199982,110.6800003,108.8099976,110.6100006,106.0572739,263600
SAIC,6/29/2023,110.6299973,112.5,110.1800003,112.1399994,107.524292,341800
SAIC,6/30/2023,112.5599976,113.2699966,112.4700012,112.4800034,107.850296,324900
SAIC,7/3/2023,111.4400024,113.4199982,111.4400024,112.2799988,107.6585312,163100
SAIC,7/5/2023,111.8099976,113.4499969,111.4199982,113.25,108.5885925,289100
SAIC,7/6/2023,112.9700012,113.5899963,112.1299973,112.7099991,108.0708313,269200
SAIC,7/7/2023,112.3300018,114.2600021,112.3300018,112.9599991,108.3105316,356300
SAIC,7/10/2023,112.5199966,114.4000015,112.5199966,113.75,109.0680237,258400
SAIC,7/11/2023,113.8499985,115.5299988,113.8499985,115.3300018,110.5829926,232900
SAIC,7/12/2023,115.9899979,116,114.2600021,114.3199997,109.6145554,221700
SAIC,7/13/2023,113.9499969,114.7399979,113.6399994,114.5199966,110.1628723,257700
SAIC,7/14/2023,114.3600006,114.5800018,113.1399994,114.3499985,109.9993362,237700
SAIC,7/17/2023,114.0800018,116.4700012,114.0800018,116.3300018,111.9039993,238200
SAIC,7/18/2023,116.3600006,117.4499969,116.0199966,116.2399979,111.817421,232000
SAIC,7/19/2023,116.5100021,117.2799988,115.3099976,116.0699997,111.6539001,180600
SAIC,7/20/2023,116.0800018,117.5500031,115.6999969,117.5299988,113.0583496,232800
SAIC,7/21/2023,118,118.3799973,117.3399963,117.7300034,113.2507324,298200
SAIC,7/24/2023,118.1399994,118.7399979,117.25,117.3700027,112.9044571,290800
SAIC,7/25/2023,116.5100021,118.2600021,115.8099976,118.2399979,113.741333,229900
SAIC,7/26/2023,118.5599976,119.6800003,118.3000031,118.9400024,114.4147034,292200
SAIC,7/27/2023,118.8300018,119.3000031,117.0999985,117.8799973,113.3950272,304400
SAIC,7/28/2023,118.5199966,120.6900024,118.5199966,120.5999985,116.0115509,252000
SAIC,7/31/2023,120.5500031,121.6800003,120.5500031,121.3399963,116.7233887,341200
SAIC,8/1/2023,121.5400009,123.2399979,120.9499969,122.3799973,117.7238235,525200
SAIC,8/2/2023,122.0699997,122.9300003,121.3899994,122.0100021,117.3679047,289100
SAIC,8/3/2023,122.3199997,123.0899963,121.4300003,122.6600037,117.9931717,319800
SAIC,8/4/2023,122.9400024,123.5299988,121.6999969,121.7099991,117.0793076,217900
SAIC,8/7/2023,122,122.9700012,122,122.4000015,117.7430725,167400
SAIC,8/8/2023,122.0699997,122.3199997,120.7099991,121.2099991,116.5983353,258900
SAIC,8/9/2023,121.2399979,121.5699997,120.3199997,120.4700012,115.8864975,333100
SAIC,8/10/2023,120.2600021,120.9899979,119.3300018,119.6399994,115.0880661,286800
SAIC,8/11/2023,119.7399979,120.5199966,119.4199982,120.4700012,115.8864975,343800
SAIC,8/14/2023,120.8000031,121.4899979,120.0500031,120.3399963,115.7614288,302400
SAIC,8/15/2023,119.7200012,120.5100021,118.6800003,119.6100006,115.0592194,231200
SAIC,8/16/2023,119.5,120.0800018,118.5,118.5699997,114.0587769,223500
SAIC,8/17/2023,118.4899979,119.2200012,116.1500015,116.2300034,111.8078003,285600
SAIC,8/18/2023,116.0800018,117.1500015,115.9300003,116.0500031,111.6346512,309100
SAIC,8/21/2023,116.1999969,116.5699997,115.3300018,115.9800034,111.5673218,208700
SAIC,8/22/2023,115.7300034,116.5899963,114.8899994,115.5199966,111.1248169,312600
SAIC,8/23/2023,115.9300003,117.7300034,115.7600021,117.6200027,113.144928,323600
SAIC,8/24/2023,117.3799973,118.5899963,117.0599976,117.8799973,113.3950272,183500
SAIC,8/25/2023,118.3499985,118.6800003,117.0599976,117.75,113.2699814,200700
SAIC,8/28/2023,117.5899963,118.8799973,117.5899963,118.5599976,114.0491562,229400
SAIC,8/29/2023,118.4199982,118.4199982,116.9400024,117.1900024,112.7312927,245200
SAIC,8/30/2023,117.1900024,118.3700027,117.1900024,117.4800034,113.0102463,316300
SAIC,8/31/2023,118.0199966,118.4000015,116.8300018,117.6600037,113.183403,272100
SAIC,9/1/2023,118.2600021,119.3499985,117.5500031,119.0199966,114.4916611,225600
SAIC,9/5/2023,118.3099976,118.4100037,116.7699966,117.0899963,112.6350861,287200
SAIC,9/6/2023,117.0100021,117.7900009,115.2799988,115.5299988,111.1344528,350000
SAIC,9/7/2023,116.3000031,116.7900009,109.7699966,109.9100037,105.7282715,849900
SAIC,9/8/2023,110.3499985,112.1299973,109.5,110.3199997,106.122673,517000
SAIC,9/11/2023,110.3700027,111.3099976,109.5299988,110.3899994,106.1900101,421800
SAIC,9/12/2023,109.5,111.5999985,109.4199982,111.2799988,107.0461426,461800
SAIC,9/13/2023,111.3099976,112.1200027,110.6500015,111.3199997,107.0846329,453200
SAIC,9/14/2023,111.6500015,112.1299973,110.5199966,111.25,107.0172806,445300
SAIC,9/15/2023,110.8600006,111.3799973,108.5999985,109.75,105.5743561,1850300
SAIC,9/18/2023,110.0999985,111.5199966,109.9899979,110.0800018,105.8917999,440500
SAIC,9/19/2023,110.2099991,110.2799988,107.9899979,108.1100006,103.9967499,484600
SAIC,9/20/2023,108.3799973,110.8000031,107.6399994,109.5,105.3338547,680300
SAIC,9/21/2023,108.9899979,108.9899979,106.5100021,106.5400009,102.4864883,344000
SAIC,9/22/2023,106.4499969,106.8799973,105.1699982,105.4300003,101.4187317,294200
SAIC,9/25/2023,105.4100037,106.3899994,105.3000031,105.3600006,101.3513794,193500
SAIC,9/26/2023,104.9800034,105.1399994,104.2699966,104.8600006,100.8703995,245900
SAIC,9/27/2023,105.0999985,105.8099976,104.5999985,105.4899979,101.4764252,269100
SAIC,9/28/2023,105.6699982,107.2200012,105.6699982,106.6999969,102.6403885,272700
SAIC,9/29/2023,107.0899963,107.4700012,105.4400024,105.5400009,101.5245209,361600
SAIC,10/2/2023,105.5599976,108.2900009,105.5599976,106.9199982,102.8520279,486000
SAIC,10/3/2023,106.4100037,107.2099991,105.1600037,105.8300018,101.8034973,428600
SAIC,10/4/2023,105.9899979,106.3099976,104.7699966,105.7799988,101.7554169,429600
SAIC,10/5/2023,105.6999969,106.4800034,105.1100006,105.1500015,101.1493835,199200
SAIC,10/6/2023,104.5599976,107.3899994,104.4700012,106.6800003,102.6211548,298400
SAIC,10/9/2023,107.1299973,111.9100037,107.1299973,111.0699997,106.8441162,457000
SAIC,10/10/2023,111.3199997,113.7200012,111.2099991,112.0100021,107.7483673,424200
SAIC,10/11/2023,112.1200027,113.7399979,111.7600021,113.6999969,109.374054,284700
SAIC,10/12/2023,113.6299973,114.2900009,112.1800003,112.3499985,108.4282684,318000
SAIC,10/13/2023,112.8399963,114.2099991,112.7399979,114.0400009,110.0592957,343200
SAIC,10/16/2023,114.4300003,116.3399963,114.2699966,115.1399994,111.1208878,301100
SAIC,10/17/2023,115.0199966,117.0899963,114.5699997,114.6999969,110.6962509,348100
SAIC,10/18/2023,114.8099976,114.8300018,112.7799988,112.8499985,108.9108124,216000
SAIC,10/19/2023,112.7900009,113.3199997,111.3099976,111.4300003,107.54039,276900
SAIC,10/20/2023,111.8700027,112.6399994,109.9000015,109.9899979,106.15065,240900
SAIC,10/23/2023,109.7900009,110.4599991,108.1200027,108.4100037,104.6258163,236800
SAIC,10/24/2023,109.2399979,109.4700012,106.6200027,107.1500015,103.4097977,271100
SAIC,10/25/2023,107.3099976,107.6600037,106.1299973,106.7099991,102.9851456,357100
SAIC,10/26/2023,106.7799988,109.0500031,105.9700012,108.3199997,104.5389557,201800
SAIC,10/27/2023,107.75,108.3000031,106.3300018,106.9100037,103.178154,192500
SAIC,10/30/2023,107.5500031,109.0199966,106.5899963,107.1399994,103.4001465,227500
SAIC,10/31/2023,107.8600006,109.6100006,106.8099976,109.2399979,105.4268341,227100
SAIC,11/1/2023,109.5999985,110.6500015,109.1100006,109.7600021,105.9286957,270300
SAIC,11/2/2023,110.0400009,110.9899979,110.0199966,110.1100006,106.2664642,210200
SAIC,11/3/2023,110.7200012,111.9100037,110.7200012,110.9499969,107.0771484,178200
SAIC,11/6/2023,111.0800018,111.25,110.2399979,111.2200012,107.3377075,175400
SAIC,11/7/2023,111.1299973,111.5599976,110.6100006,110.9499969,107.0771484,162800
SAIC,11/8/2023,111.1699982,111.5999985,110.6399994,110.6699982,106.8069077,185300
SAIC,11/9/2023,111.0199966,111.0199966,109.4599991,109.9300003,106.0927429,159300
SAIC,11/10/2023,110.3799973,112.6500015,110.3099976,112.3600006,108.4379196,219200
SAIC,11/13/2023,112.2900009,114.6699982,112.1299973,113.7799988,109.8083725,288600
SAIC,11/14/2023,114.7200012,116.3199997,113.9599991,116.1800003,112.1245956,282000
SAIC,11/15/2023,116,116.6900024,115,115.5100021,111.4779587,238400
SAIC,11/16/2023,115.7900009,116.4100037,115,115.1800003,111.1595078,213800
SAIC,11/17/2023,115.9000015,116.2600021,114.6299973,114.7699966,110.7638168,226600
SAIC,11/20/2023,114.8099976,116.0199966,114.0800018,115.9899979,111.9412155,290000
SAIC,11/21/2023,116.0999985,116.8399963,115.1699982,115.2200012,111.1981049,271500
SAIC,11/22/2023,115.4400024,116.5999985,115.4400024,116.3000031,112.2404022,221400
SAIC,11/24/2023,116.3099976,117.3300018,116.3099976,116.6299973,112.5588684,89300
SAIC,11/27/2023,116.1800003,116.7399979,115.7900009,116.4300003,112.36586,267300
SAIC,11/28/2023,116.4599991,116.7799988,115.4700012,115.9899979,111.9412155,313800
SAIC,11/29/2023,116.4300003,116.7900009,115.5500031,115.9700012,111.9219208,350400
SAIC,11/30/2023,116.1900024,117.7399979,115.6999969,117.4100037,113.3116684,358200
SAIC,12/1/2023,117.6999969,119.9700012,117.3899994,119.9199982,115.7340393,564700
SAIC,12/4/2023,129,136.0500031,125.5,136,131.2527618,1618700
SAIC,12/5/2023,134.8999939,135.9700012,131.0700073,131.75,127.1510849,691500
SAIC,12/6/2023,131.2100067,132.5599976,129.3300018,129.6300049,125.1050873,416500
SAIC,12/7/2023,129.2299957,129.4100037,127.5500031,128.9900055,124.487442,348400
SAIC,12/8/2023,129.3800049,129.8200073,127.2699966,127.6699982,123.213501,390300
SAIC,12/11/2023,127.6999969,128.2100067,127.5299988,128.0800018,123.6091995,382100
SAIC,12/12/2023,127.5,128.9299927,126.7399979,128.1100006,123.6381454,314600
SAIC,12/13/2023,127.9499969,129.4100037,127.6800003,129.3699951,124.8541718,430000
SAIC,12/14/2023,129.3000031,129.3099976,125.5699997,126.3000031,121.8913345,471400
SAIC,12/15/2023,125.8000031,127.0800018,124.25,125.4499969,121.0709991,962000
SAIC,12/18/2023,125.75,126.8899994,124.1999969,124.5299988,120.1831131,319800
SAIC,12/19/2023,124.9300003,125.6999969,124.8700027,124.9800034,120.6174088,264000
SAIC,12/20/2023,124.7099991,125.3499985,122.5699997,122.7200012,118.4362946,417100
SAIC,12/21/2023,123.2399979,124.0400009,122.5899963,123.0999985,118.8030167,211300
SAIC,12/22/2023,123.8000031,124.7099991,123.4300003,123.7900009,119.4689636,191300
SAIC,12/26/2023,123.7699966,124.7799988,123.4400024,124.6399994,120.2892761,280400
SAIC,12/27/2023,124.4400024,125.5699997,124.4400024,125.2399979,120.8683243,334800
SAIC,12/28/2023,125.2399979,125.6299973,123.9700012,124.7600021,120.4050903,271600
SAIC,12/29/2023,124.9100037,125.1500015,123.6200027,124.3199997,119.9804459,231800
SAIC,1/2/2024,124.1500015,125.0800018,123.5999985,124.5899963,120.2410278,239600
SAIC,1/3/2024,123.2300034,124.8099976,123.2200012,123.3700027,119.0635986,269200
SAIC,1/4/2024,123.3000031,124.0800018,123.0400009,123.25,118.9477844,377700
SAIC,1/5/2024,123.3399963,124.6600037,123.3399963,124.3700027,120.0287018,515400
SAIC,1/8/2024,124.3700027,126.8899994,124.0400009,126.6800003,122.2580643,228600
SAIC,1/9/2024,126.6900024,127.6299973,125.9700012,127.25,122.8081741,237800
SAIC,1/10/2024,127.6600037,128.6499939,127.2200012,128.0500031,123.580246,205600
SAIC,1/11/2024,127.6600037,128.0399933,126.3799973,127.7300034,123.6286469,249500
SAIC,1/12/2024,128.3899994,129.2700043,127.6200027,128.6300049,124.4997406,204100
SAIC,1/16/2024,128.1999969,128.3500061,126.1100006,127.2900009,123.2027664,284600
SAIC,1/17/2024,126.2300034,127.5299988,126.2300034,127.3499985,123.260849,226900
SAIC,1/18/2024,127.8300018,128.8800049,127.0599976,128.7400055,124.6062088,232800
SAIC,1/19/2024,129.3500061,130,128.3399963,129.5,125.3418198,239900
SAIC,1/22/2024,130,131.2899933,130,131.0800018,126.8711014,162900
SAIC,1/23/2024,131.2799988,131.3699951,128.5,128.5200043,124.3932877,227200
SAIC,1/24/2024,128.8500061,129.7599945,128.6499939,128.7100067,124.5771942,175000
SAIC,1/25/2024,129.3200073,130,126.9400024,128.2200012,124.1029129,204700
SAIC,1/26/2024,129.2200012,131.1300049,129.2200012,130.9299927,126.7258911,202900
SAIC,1/29/2024,131.0099945,131.9299927,129.8500061,130.8699951,126.6678391,222600
SAIC,1/30/2024,131.0599976,131.1900024,129.7599945,130.4100037,126.2225952,551100
SAIC,1/31/2024,130,130.3500061,127.5500031,127.6600037,123.5608902,349400
SAIC,2/1/2024,127.6600037,128.8399963,127.0199966,128.8200073,124.6836548,239700
SAIC,2/2/2024,127.9800034,129.3899994,127.3700027,129.0099945,124.8675537,203300
SAIC,2/5/2024,128.3699951,128.3699951,125.5299988,127.4100037,123.3189087,165400
SAIC,2/6/2024,127.2200012,128.7700043,127.2200012,128.7200012,124.5868607,235700
SAIC,2/7/2024,128.9199982,130.0599976,128.2599945,128.5299988,124.4029465,195000
SAIC,2/8/2024,128.6900024,130.8099976,128.2899933,130.2100067,126.0290375,253800
SAIC,2/9/2024,130.7700043,131.5800018,130.5,131.5399933,127.3162994,179800
SAIC,2/12/2024,131.6999969,132.3099976,131.1499939,131.2599945,127.0452805,191800
SAIC,2/13/2024,130.2400055,132.1100006,129.1600037,130.0299988,125.854805,313500
SAIC,2/14/2024,131.4799957,133.2700043,130.5899963,132.9299927,128.6616669,374900
SAIC,2/15/2024,133.6399994,134.3699951,133.1900024,134.2799988,129.9683075,212300
SAIC,2/16/2024,134.2899933,136.2299957,132.9299927,135.3200073,130.9749451,265000
SAIC,2/20/2024,135.0500031,136.6199951,134.6100006,134.8899994,130.5587311,249300
SAIC,2/21/2024,134.4499969,136.3000031,134.4499969,136.1199951,131.7492676,231000
SAIC,2/22/2024,136.3600006,138.1399994,136.2700043,137.8699951,133.4430389,233900
SAIC,2/23/2024,138.3600006,139.5399933,137.8800049,139.2599945,134.7884064,178800
SAIC,2/26/2024,139.2599945,140.1100006,138.6499939,139.4600067,134.9819946,313300
SAIC,2/27/2024,139.4900055,140.8399963,138.9199982,140.5099945,135.9982758,224600
SAIC,2/28/2024,140.8999939,141.1199951,140,140.0099945,135.5143433,269800
SAIC,2/29/2024,140.0599976,140.9299927,139.5299988,139.9600067,135.4659576,310000
SAIC,3/1/2024,139.9600067,140.8999939,138.7799988,140.8099976,136.2886353,209800
SAIC,3/4/2024,141.3500061,144,141.3500061,142.9700012,138.379303,329100
SAIC,3/5/2024,142.5899963,143.3300018,141.8000031,143.1600037,138.5631714,304400
SAIC,3/6/2024,144.2899933,145.1699982,143.0200043,143.3600006,138.7567749,253900
SAIC,3/7/2024,143.6399994,143.6399994,139.8999939,141.4499969,136.9080963,277100
SAIC,3/8/2024,142.0200043,142.6300049,140.6399994,141.5700073,137.0242767,174800
SAIC,3/11/2024,141.2100067,142.1600037,140.0899963,140.7299957,136.2112274,292600
SAIC,3/12/2024,140.2899933,142.2100067,139.2400055,141.7599945,137.2081451,346500
SAIC,3/13/2024,141.5399933,144.0099945,141.1000061,143.5500031,138.9406738,296700
SAIC,3/14/2024,144.0399933,144.0399933,141.8699951,143.1799927,138.58255,351000
SAIC,3/15/2024,142.6900024,144.3999939,142.3300018,142.6399994,138.0598755,847900
SAIC,3/18/2024,118.5400009,131.3899994,117.6900024,128.3999939,124.2771225,1755800
SAIC,3/19/2024,128.6900024,130.3399963,125.6299973,126.7200012,122.6510696,991200
SAIC,3/20/2024,127.3799973,128.5399933,126.5,127,122.9220734,567100
SAIC,3/21/2024,127,127.8399963,126.1200027,127.7900009,123.6867142,403900
SAIC,3/22/2024,128.1399994,128.1900024,126.3199997,126.5100021,122.4478149,287300
SAIC,3/25/2024,126.7699966,127.8799973,126.4599991,127.25,123.1640625,263200
SAIC,3/26/2024,127.3300018,128.2400055,127.2200012,127.4499969,123.3576355,183400
SAIC,3/27/2024,128.3699951,130.2100067,128.3699951,130.0800018,125.9031906,202100
SAIC,3/28/2024,130.0800018,131.3899994,130.0099945,130.3899994,126.2032089,202100
SAIC,4/1/2024,130.2400055,130.7799988,129.1600037,130.3099976,126.1257935,275600
SAIC,4/2/2024,130.0700073,131.25,128.2400055,128.3899994,124.2674561,265400
SAIC,4/3/2024,128.3999939,130.1499939,127.8899994,129.4299927,125.2740631,176500
SAIC,4/4/2024,129.9900055,131.1699982,129.0299988,129.4700012,125.3127594,173800
SAIC,4/5/2024,129.1399994,130.7299957,129.0700073,129.6600037,125.4966736,170700
SAIC,4/8/2024,129.1900024,130.4900055,129.1600037,130.1699982,125.9902878,149500
SAIC,4/9/2024,130.1100006,130.1100006,127.4499969,127.6500015,123.5512161,224800
SAIC,4/10/2024,127,127.3700027,125.6600037,126.3399963,122.2832794,185100
SAIC,4/11/2024,126.2699966,127.4400024,125.5299988,126.3600006,122.6618652,233600
SAIC,4/12/2024,125.6399994,126.6800003,123.1299973,123.5800018,119.9632187,225700
SAIC,4/15/2024,124.2099991,124.8000031,120.8799973,121.1600037,117.6140442,312800
SAIC,4/16/2024,123.0999985,124.6399994,122.7099991,124.0400009,120.4097595,499200
SAIC,4/17/2024,125.0599976,125.6100006,123.9400024,124.6800003,121.0310287,360900
SAIC,4/18/2024,125.1200027,125.1600037,122.9700012,123.1800003,119.5749283,209800
SAIC,4/19/2024,122.9000015,125.8700027,122.9000015,124.9400024,121.2834244,317600
SAIC,4/22/2024,125.1999969,125.9700012,123.8000031,125.1299973,121.4678497,198900
SAIC,4/23/2024,125.3700027,128.3899994,125.3700027,128.0800018,124.3315353,271400
SAIC,4/24/2024,127.9199982,128.8399963,126.9499969,128.4700012,124.7101212,227800
SAIC,4/25/2024,127.9400024,130.1199951,127.6299973,129.1199951,125.3410721,265900
SAIC,4/26/2024,129.0899963,130.5899963,128.5099945,129.4700012,125.6808548,230700
SAIC,4/29/2024,129.5700073,131.8200073,129.5700073,130.1199951,126.3118286,212400
SAIC,4/30/2024,129.8000031,130.2700043,128.4700012,128.6999969,124.9333725,276800
SAIC,5/1/2024,129.0299988,130.3800049,128.1300049,128.9600067,125.1857681,266400
SAIC,5/2/2024,129.8000031,130.6499939,128.7799988,129.8399963,126.0400314,224700
SAIC,5/3/2024,130.6699982,131.6300049,129.9799957,131.5500031,127.6999893,199700
SAIC,5/6/2024,132.0700073,133.8999939,131.8899994,133.8200073,129.9035339,199000
SAIC,5/7/2024,134,135.6600037,133.4499969,134.6699982,130.7286377,328900
SAIC,5/8/2024,134.6699982,135.4900055,132.7700043,133.6999969,129.7870331,233500
SAIC,5/9/2024,134.5800018,135.8200073,133.7700043,135.75,131.7770691,156600
SAIC,5/10/2024,136.25,136.3800049,134.4600067,135.0899963,131.1363678,194500
SAIC,5/13/2024,135.5,136.25,134.2700043,134.3800049,130.4471436,188200
SAIC,5/14/2024,134.5200043,135.1699982,133.7700043,135,131.0490112,258000
SAIC,5/15/2024,135.7899933,136.5099945,135.3800049,135.8200073,131.8450012,223300
SAIC,5/16/2024,135.7700043,137.1499939,135.3800049,136.6799927,132.6798248,215300
SAIC,5/17/2024,136.6199951,137.0399933,134.9400024,136.75,132.7477875,242600
SAIC,5/20/2024,136.9100037,137.8500061,135.9900055,137.1999969,133.1846161,173000
SAIC,5/21/2024,137.3300018,137.6399994,136.6399994,137.4400024,133.4176025,119500
SAIC,5/22/2024,136.9600067,137.3999939,136.0700073,137.2899933,133.2719727,212500
SAIC,5/23/2024,137.8600006,138,136.5800018,136.7100067,132.7089386,143500
SAIC,5/24/2024,137.5200043,138.2799988,136.8500061,137.6300049,133.6020355,159100
SAIC,5/28/2024,137.7599945,137.7599945,134.8099976,135.0700073,131.1169434,204100
SAIC,5/29/2024,134.4199982,135.0399933,131.9600067,132.6900024,128.8066101,267100
SAIC,5/30/2024,133.0899963,133.8099976,132.6000061,133.1000061,129.2046051,279300
SAIC,5/31/2024,133.7799988,134.75,132.9799957,134.6499939,130.7092438,429800
SAIC,6/3/2024,130.0099945,131.9499969,117.0800018,118.8099976,115.3328323,1192400
SAIC,6/4/2024,115.8300018,119.4700012,115.6800003,117.2200012,113.7893677,580900
SAIC,6/5/2024,117.0500031,118.8499985,116.3600006,118.0899963,114.6338882,379700
SAIC,6/6/2024,117.6999969,119.3799973,115.8899994,116.8000031,113.3816605,378300
SAIC,6/7/2024,116.1600037,116.9899979,115.1699982,115.6999969,112.3138428,295400
SAIC,6/10/2024,114.8499985,116.5199966,114.8199997,115.6299973,112.2458954,251500
SAIC,6/11/2024,116.7600021,117.1699982,115.8199997,116.9400024,113.5175705,373900
SAIC,6/12/2024,117.8700027,118.4400024,116.5999985,116.7399979,113.32341,306900
SAIC,6/13/2024,116.25,116.8600006,114.7099991,115.0599976,111.6925888,230500
SAIC,6/14/2024,113.5899963,114.75,112,113.5,110.1782303,301200
SAIC,6/17/2024,112.7699966,115.1200027,112.3499985,115.0699997,111.7022858,391200
SAIC,6/18/2024,114.6999969,115.6100006,114.3600006,115.2099991,111.8381882,284300
SAIC,6/20/2024,114.9300003,116.6800003,114.6699982,115.9899979,112.5953522,335900
SAIC,6/21/2024,116.4000015,117.3499985,115.5500031,117.3099976,113.8767166,1385000
SAIC,6/24/2024,117.4599991,118.4400024,117.0100021,117.0899963,113.6631622,325400
SAIC,6/25/2024,117.0899963,118.25,115.8099976,117.6299973,114.1873627,356400
SAIC,6/26/2024,117,118.5999985,116.5400009,118.0199966,114.5659561,282400
SAIC,6/27/2024,118.8199997,118.8199997,116.8300018,117.1600037,113.7311249,309800
SAIC,6/28/2024,118,118.6600037,116.75,117.5500031,114.1097031,559700
SAIC,7/1/2024,117.8099976,117.9899979,115.7399979,115.7699966,112.3817825,284400
SAIC,7/2/2024,115.9300003,116.5599976,115.6900024,116.4599991,113.0516052,209400
SAIC,7/3/2024,117.0199966,117.3300018,116.1100006,116.3199997,112.9157028,226000
SAIC,7/5/2024,116.5299988,116.5699997,113.6800003,114.25,110.9062805,744700
SAIC,7/8/2024,115.0599976,116.3399963,114.3300018,114.4700012,111.1198425,460700
SAIC,7/9/2024,114.4199982,114.4199982,113.2300034,113.4000015,110.0811615,409400
SAIC,7/10/2024,113.5699997,114.4499969,113.5699997,113.9700012,110.6344757,324700
SAIC,7/11/2024,115.1800003,116.5100021,114.7600021,116.3899994,112.9836426,257800
SAIC,7/12/2024,117.3799973,118.8899994,116.8799973,117.7399979,114.6586304,326200
SAIC,7/15/2024,117.6800003,120.1399994,117.6800003,118.3700027,115.2721558,929700
SAIC,7/16/2024,119.4800034,123.0100021,119.4800034,123,119.7809906,356800
SAIC,7/17/2024,122.7600021,124.1999969,122.7600021,123.7300034,120.4918747,338200
SAIC,7/18/2024,123.7300034,123.7300034,121.7799988,121.8899994,118.7000275,370600
SAIC,7/19/2024,122.2200012,122.8399963,120.7600021,120.9000015,117.7359314,331300
SAIC,7/22/2024,120.6200027,123,120.6200027,122.7300034,119.5180359,366600
SAIC,7/23/2024,122.7300034,124.3700027,122.3799973,123.8199997,120.5795135,275800
SAIC,7/24/2024,123.7099991,123.9800034,120.75,120.8799973,117.7164536,416900
SAIC,7/25/2024,121.6200027,123.5100021,121.0699997,122.6699982,119.4596176,229900
SAIC,7/26/2024,122.8000031,123.4800034,121.5599976,122.1299973,118.9337463,259600
SAIC,7/29/2024,122.6200027,124.1600037,122,123.4300003,120.1997223,282900
SAIC,7/30/2024,123.9899979,124.2900009,122.4400024,122.6699982,119.4596176,172900
SAIC,7/31/2024,123.3199997,126.1999969,122.9199982,124.4000015,121.1443481,214700
SAIC,8/1/2024,124.3399963,125.1500015,122.4599991,123.3199997,120.092598,195000
SAIC,8/2/2024,121.5800018,123.2200012,120.7799988,123.0299988,119.8101959,164900
SAIC,8/5/2024,120.2300034,120.6900024,118.0100021,119.8399963,116.7036743,475000
SAIC,8/6/2024,119.8399963,122.0199966,118.9400024,120.0999985,116.956871,204100
SAIC,8/7/2024,121.0899963,121.6399994,118.8899994,119.3000031,116.1778107,173500
SAIC,8/8/2024,120.2300034,122,119.6100006,121.6399994,118.4565735,212800
SAIC,8/9/2024,121.4599991,123.3399963,119.8300018,121.9599991,118.7681885,268400
SAIC,8/12/2024,122.2200012,123.3099976,121.6900024,122.4800034,119.2745895,215300
SAIC,8/13/2024,123.3399963,124.4000015,122.5,123.5400009,120.3068542,179600
SAIC,8/14/2024,123.5199966,124.4700012,123.3499985,123.9599991,120.7158585,147100
SAIC,8/15/2024,125,125.5599976,123.9000015,125.0899963,121.8162689,140000
SAIC,8/16/2024,124.8300018,126.1299973,124.7600021,125.0500031,121.7773285,136000
SAIC,8/19/2024,125.0500031,126.3499985,125.0500031,126.3300018,123.0238266,111500
SAIC,8/20/2024,125.9899979,126.5400009,125.0599976,125.1900024,121.9136658,147700
SAIC,8/21/2024,126.2099991,126.8300018,125.0599976,126.6800003,123.3646774,149500
SAIC,8/22/2024,127.2300034,127.8199997,126.6900024,126.8600006,123.5399551,141800
SAIC,8/23/2024,127.8300018,129.8000031,127.1800003,129.5599976,126.1692886,187700
SAIC,8/26/2024,129.9700012,130.8800049,128.2700043,128.7200012,125.3512802,227600
SAIC,8/27/2024,128.0599976,129.5700073,128.0599976,128.6000061,125.2344208,233900
SAIC,8/28/2024,128.4299927,129.8200073,127.5299988,128.4400024,125.0786057,300100
SAIC,8/29/2024,129.1100006,130.8800049,128.7100067,129.2200012,125.8381882,220900
SAIC,8/30/2024,129.3699951,130.7100067,129.1999969,130.5899963,127.1723404,269000
SAIC,9/3/2024,130.1999969,131.1399994,127.9000015,128.1100006,124.7572479,409400
SAIC,9/4/2024,128.5399933,129.3500061,127.7900009,129.2100067,125.8284607,418100
SAIC,9/5/2024,130.2100067,136.2200012,127.0999985,135.2799988,131.7395935,622600
SAIC,9/6/2024,134.9100037,136.1600037,132.8899994,133.1499939,129.6653442,354200
SAIC,9/9/2024,133.25,135.3600006,133.25,134.5800018,131.0579071,295400
SAIC,9/10/2024,134.6699982,135.1900024,133.7200012,134.9499969,131.4182129,237800
SAIC,9/11/2024,134.0500031,134.1399994,130.7700043,133.9400024,130.4346466,256400
SAIC,9/12/2024,133.9799957,135.1300049,133.0500031,134.9400024,131.408493,212200
SAIC,9/13/2024,135.8300018,137.1100006,134.8600006,136.6199951,133.0445251,153000
SAIC,9/16/2024,137.2700043,138.6999969,136.8500061,137.6300049,134.0281067,230600
SAIC,9/17/2024,138.5599976,138.5800018,133.5299988,134.0500031,130.5417938,307500
SAIC,9/18/2024,134.1199951,136.9100037,133,134.5099945,130.9897614,263400
SAIC,9/19/2024,135.3600006,136.7400055,133.4100037,134.7400055,131.2137299,351600
SAIC,9/20/2024,134.6100006,136.0099945,133.4700012,135.4799957,131.9343719,725200
SAIC,9/23/2024,135.8699951,137.8099976,135.0500031,137.7799988,134.1741943,186500
SAIC,9/24/2024,137.75,137.75,136.2400055,137.4499969,133.8527985,199000
SAIC,9/25/2024,137.2799988,137.4700012,135.6699982,136.0299988,132.469986,221100
SAIC,9/26/2024,135.8300018,137.0200043,135.0700073,136.6199951,133.0445251,214400
SAIC,9/27/2024,137.5599976,138.0099945,135.9199982,137.75,134.1449585,234800
SAIC,9/30/2024,137.8899994,139.4900055,137.3500061,139.2700043,135.6251678,339600
SAIC,10/1/2024,139.3200073,141.1999969,137.4199982,140.7700043,137.0859222,221900
SAIC,10/2/2024,143.1399994,143.9299927,141.6000061,143.3099976,139.559433,534400
SAIC,10/3/2024,142.7400055,144.4700012,142.3800049,144.0399933,140.2703552,367300
SAIC,10/4/2024,144.5099945,145.9700012,143.4600067,145.6399994,141.8284607,255000
SAIC,10/7/2024,145.4299927,145.4299927,143.7599945,144.0200043,140.2508698,269500
SAIC,10/8/2024,143.9600067,144.3699951,143.1399994,143.1600037,139.4133606,229800
SAIC,10/9/2024,142.0399933,144.7700043,142,143.3500061,139.5984039,275100
SAIC,10/10/2024,143.1900024,143.5,141.75,142.7400055,139.004364,236100
SAIC,10/11/2024,142.7700043,145.1600037,142.5800018,144.5,141.0840149,184200
SAIC,10/14/2024,144.75,146.4199982,144.7400055,146.0800018,142.6266785,262100
SAIC,10/15/2024,146.3000031,148.0599976,144.9199982,146.3500061,142.8902893,307500
SAIC,10/16/2024,146.0099945,148.0800018,146.0099945,147.1900024,143.710434,190800
SAIC,10/17/2024,147.3699951,148.5700073,146.5099945,147.6399994,144.1497803,284000
SAIC,10/18/2024,147.4100037,147.8699951,146.5500031,147.6999969,144.208374,167600
SAIC,10/21/2024,147.8899994,148.6499939,146.2200012,147.0200043,143.5444641,221500
SAIC,10/22/2024,146.7200012,146.7200012,144.8999939,145.5599976,142.1189575,184200
SAIC,10/23/2024,144.5099945,145.3800049,143.3200073,143.9400024,140.5372314,209500
SAIC,10/24/2024,144.1600037,145.8099976,143.7799988,144.0500031,140.6446381,216100
SAIC,10/25/2024,144.9700012,145.5200043,143.3999939,143.7299957,140.3322144,196500
SAIC,10/28/2024,144.3399963,145.2100067,144,144.8300018,141.4062195,191200
SAIC,10/29/2024,144.7599945,147.1300049,144.4900055,146.6499939,143.1831818,249500
SAIC,10/30/2024,145.8300018,148.0299988,145.8300018,146.3300018,142.8707581,250000
SAIC,10/31/2024,145.8300018,148.3699951,144.1300049,144.2899933,140.8789825,329200
SAIC,11/1/2024,144.4100037,146.4199982,144.4100037,144.6699982,141.2499847,242900
SAIC,11/4/2024,144.8899994,146.7599945,144.6499939,146.1399994,142.6852417,184200
SAIC,11/5/2024,146.0599976,148.9400024,145.4499969,148.8999939,145.3799744,167500
SAIC,11/6/2024,154.1900024,156.3399963,148.8399963,149.1600037,145.6338654,474900
SAIC,11/7/2024,149.1000061,150.6000061,148.5399933,148.9400024,145.4190521,284900
SAIC,11/8/2024,149.6000061,152.4199982,148.8000031,151.9700012,148.3774414,400100
SAIC,11/11/2024,152.4799957,155.0599976,152.4799957,154.1000061,150.457077,212000
SAIC,11/12/2024,154.0299988,154.4299927,152.7899933,153.3300018,149.7052765,258600
SAIC,11/13/2024,153.4900055,155.0899963,147.8999939,148.0099945,144.5110321,368600
SAIC,11/14/2024,147.0399933,147.9299927,124.9199982,125.9100037,122.9334793,1776000
SAIC,11/15/2024,125.5,125.9800034,118.0299988,122.4000015,119.5064545,1548600
SAIC,11/18/2024,122.5899963,123,117.9800034,120.0299988,117.192482,804600
SAIC,11/19/2024,120.2399979,121.5,118.1299973,119.5,116.6750107,648200
SAIC,11/20/2024,119.1800003,123.1100006,117.7699966,123.0500031,120.1410904,499900
SAIC,11/21/2024,123.4100037,126.9800034,122.8600006,124.7799988,121.8301926,535800
SAIC,11/22/2024,124.6800003,125.5100021,123.2699966,124.1999969,121.2639008,369700
SAIC,11/25/2024,124.9499969,125.1699982,120.9899979,122.2200012,119.3307037,544500
SAIC,11/26/2024,124.4499969,124.8799973,122.6500015,124.0100021,121.078392,504100
SAIC,11/27/2024,124.0800018,124.1600037,122.4100037,123.2900009,120.3754196,313900
SAIC,11/29/2024,123.6299973,124.9899979,123.4199982,124.25,121.3127289,219200
SAIC,12/2/2024,123.7300034,124.9100037,122.3000031,124.3600006,121.4201126,393800
SAIC,12/3/2024,124.9100037,124.9700012,121.9499969,123.0100021,120.1020355,398600
SAIC,12/4/2024,122.4300003,124.5899963,121.9700012,123.9100037,120.9807663,451900
SAIC,12/5/2024,132.5,133,120.3799973,120.7799988,117.9247513,1047100
SAIC,12/6/2024,121.2099991,121.2200012,117.0500031,118.0599976,115.2690582,800300
SAIC,12/9/2024,119.1999969,119.1999969,115.9199982,116.0699997,113.3261108,761700
SAIC,12/10/2024,116.25,117.1900024,114.1900024,115.9599991,113.2187042,667700
SAIC,12/11/2024,116.3600006,116.5,111.3399963,113.4700012,110.7875595,1135400
SAIC,12/12/2024,113.5400009,114.9700012,112.0100021,113.5100021,110.8266144,549700
SAIC,12/13/2024,113.6999969,114.8799973,112.3600006,113.0599976,110.3872528,441300
SAIC,12/16/2024,112.5899963,114.7300034,112.5899963,114.6200027,111.9103851,450300
SAIC,12/17/2024,113.6600037,114.5100021,112.9300003,114.3799973,111.6760483,512000
SAIC,12/18/2024,114.4599991,114.9499969,110.6100006,111.1200027,108.4931259,713600
SAIC,12/19/2024,111.7300034,112.5800018,108.9000015,110.1100006,107.5069962,690500
SAIC,12/20/2024,109.9199982,112.1699982,109.8700027,111.4199982,108.786026,1878100
SAIC,12/23/2024,111.1200027,111.8399963,109.8700027,111.3199997,108.688385,446500
SAIC,12/24/2024,111.3600006,111.4899979,110.6399994,111.2600021,108.6298065,167300
SAIC,12/26/2024,111.0100021,112.4199982,110.9800034,111.6600037,109.0203552,255800
SAIC,12/27/2024,110.8300018,112.4199982,110.2600021,111.1399994,108.5126419,196100
SAIC,12/30/2024,110.4800034,111.5899963,109.5,110.8099976,108.1904449,240400
SAIC,12/31/2024,111.4599991,111.8000031,110.7099991,111.7799988,109.1375122,269000
SAIC,1/2/2025,110.8799973,113.6999969,110.8799973,112.1500015,109.498764,312700
SAIC,1/3/2025,111.8000031,114.3600006,111.8000031,114.1800003,111.4807816,353500
SAIC,1/6/2025,114.4300003,115.9700012,113.7099991,113.8199997,111.1292877,435400
SAIC,1/7/2025,113.3399963,115.0199966,112.75,113.9499969,111.256218,433400
SAIC,1/8/2025,112.8600006,113.8600006,110.7200012,113.7600021,111.0707092,545700
SAIC,1/10/2025,113.3000031,117.4800034,112.8499985,116.1399994,113.7644577,606400
SAIC,1/13/2025,115.6999969,118.3499985,114.5400009,118.2600021,115.841095,452000
SAIC,1/14/2025,117.6900024,118.1100006,115.3000031,116.6500015,114.2640228,464500
SAIC,1/15/2025,117.8199997,118.0500031,114.75,116.0699997,113.6958923,454700
SAIC,1/16/2025,116.0500031,117.4300003,115.5,116.6600037,114.2738266,331500
SAIC,1/17/2025,116.7099991,117.3000031,115.6600037,115.8700027,113.4999771,359700
SAIC,1/21/2025,116.3899994,120.0699997,116.0299988,119.8199997,117.3691864,477500
SAIC,1/22/2025,119.4899979,121.4199982,119.3700027,119.7600021,117.3104095,1087700
SAIC,1/23/2025,119.8799973,120.1600037,110.3700027,110.5699997,108.3083878,1162200
SAIC,1/24/2025,110.6399994,111.7300034,107.5899963,108.9599991,106.7313232,880800
SAIC,1/27/2025,109.2799988,112.0800018,109,110.4899979,108.2300339,510400
SAIC,1/28/2025,110.2600021,111.3099976,104.3600006,105.8899994,103.7241211,824700
SAIC,1/29/2025,105.8899994,107.4499969,105.4499969,106.6200027,104.4391861,700200
SAIC,1/30/2025,106.7900009,109.4300003,106.1900024,109.2600021,107.0251846,601400
SAIC,1/31/2025,108.4899979,109.2300034,104.9199982,108.2799988,106.0652237,534400
SAIC,2/3/2025,107.0400009,108.8499985,105.5100021,107.4800034,105.281601,476900
SAIC,2/4/2025,107.3000031,108.8000031,106.6200027,107.8899994,105.683197,443900
SAIC,2/5/2025,108.8899994,108.8899994,106.4499969,107.0299988,104.8407898,455700
SAIC,2/6/2025,106.8099976,107.0899963,103.9000015,106.1600037,103.9885941,626400
SAIC,2/7/2025,105.9499969,107,104.4100037,105.5699997,103.4106598,755100
SAIC,2/10/2025,105.9300003,106.9199982,105.1399994,105.6399994,103.4792252,572300
SAIC,2/11/2025,105.4499969,105.4800034,102.75,105.0999985,102.950264,740600
SAIC,2/12/2025,104.2099991,106.1399994,103.6100006,103.9300003,101.8042068,562800
SAIC,2/13/2025,103.7900009,104.7300034,99.31999969,100.2200012,98.17009735,1052700
SAIC,2/14/2025,100.3499985,102.6900024,99.98999786,100.9300003,98.86557007,808100
SAIC,2/18/2025,102.1200027,103.8199997,100.3499985,103.1299973,101.0205688,679100
SAIC,2/19/2025,101.8099976,105,101.8099976,103.3000031,101.1870956,618400
SAIC,2/20/2025,102.5699997,103.2600021,101,102.7900009,100.6875229,457900
SAIC,2/21/2025,102.0899963,102.0899963,96.79000092,97.83999634,95.83876801,1123500
SAIC,2/24/2025,98.72000122,99.58999634,95.86000061,98.87999725,96.85748291,1201500
SAIC,2/25/2025,98.76999664,102.4899979,98.25,100.6399994,98.58148956,715900
SAIC,2/26/2025,100.2300034,101.2699966,99.02999878,100.7900009,98.7284317,406400
SAIC,2/27/2025,100.6800003,101.8899994,100.2900009,100.5599976,98.50312805,570000
SAIC,2/28/2025,99.55000305,100,95.58999634,98.79000092,96.76933289,925700
SAIC,3/3/2025,99.41999817,99.41999817,94.68000031,95.76999664,93.81110382,1011700
SAIC,3/4/2025,95.77999878,103.7699966,95.04000092,101.0299988,98.96352386,1145800
SAIC,3/5/2025,100.9100037,104.4400024,100.9100037,102.6299973,100.5307999,834000
SAIC,3/6/2025,101.4300003,102.6299973,99.62999725,102.1600037,100.0704193,873700
SAIC,3/7/2025,102.2399979,112.7200012,100.3000031,111.25,108.9744873,1886400
SAIC,3/10/2025,110.9899979,116.7900009,109.5100021,111.5100021,109.2291718,1733900
SAIC,3/11/2025,110.8300018,111.4300003,104.5,106.1900024,104.0179825,969400
SAIC,3/12/2025,106.4599991,106.6999969,102.5599976,104.6500015,102.5094833,901500
SAIC,3/13/2025,103.9000015,106.8300018,103.7399979,104.2600021,102.1274567,792700
SAIC,3/14/2025,103.6999969,105.1699982,103.0500031,104.4300003,102.2939835,1104700
SAIC,3/17/2025,117.5199966,120.4899979,111.1500015,111.9000015,109.6111832,2179100
SAIC,3/18/2025,111.25,114.1500015,108.1699982,113.4400024,111.1196899,1093500
SAIC,3/19/2025,113.4599991,117.5800018,112.75,112.7699966,110.4633789,1410100
SAIC,3/20/2025,112.3300018,112.3300018,104.8300018,105.9800034,103.8122711,1630100
SAIC,3/21/2025,105,106.6399994,103.5199966,105.9000015,103.733902,1180400
SAIC,3/24/2025,106.5699997,109.6900024,106.4899979,109.1500015,106.9174347,738200
SAIC,3/25/2025,109.1999969,109.3600006,107.3199997,108.4700012,106.2513428,866000
SAIC,3/26/2025,109.6699982,110.3600006,109.1699982,109.5999985,107.3582306,766400
SAIC,3/27/2025,109.8600006,111.6299973,108.3099976,111.3600006,109.0822296,581100
SAIC,3/28/2025,111.1100006,114.2600021,111.1100006,112.5299988,110.2282944,853800
SAIC,3/31/2025,112.3799973,115,111.75,112.2699966,109.9736252,1049700
SAIC,4/1/2025,112.6500015,114.3199997,110,113.3099976,110.9923477,629500
SAIC,4/2/2025,111.6200027,119,110.0400009,115.6999969,113.3334503,1471000
SAIC,4/3/2025,113.9100037,116.3099976,113.0100021,114.2600021,111.922905,736900
SAIC,4/4/2025,110.5899963,114.6500015,110.0199966,111.6999969,109.4152756,1328900
SAIC,4/7/2025,107.9499969,111.75,105.4700012,109.0800018,106.8488617,967700
SAIC,4/8/2025,110.4199982,114.2799988,108.0899963,109.0100021,106.780304,798000
SAIC,4/9/2025,107.8300018,114,105.2900009,112.9199982,110.610321,1472100
SAIC,4/10/2025,111.9800034,114.0599976,110.4100037,112.9599991,110.649498,809700
SAIC,4/11/2025,112.6100006,116.6500015,109.9499969,116.5199966,114.5117645,610600
SAIC,4/14/2025,116.1399994,118.5400009,114.0199966,117.5500031,115.5240173,752600
SAIC,4/15/2025,117.9000015,118.4800034,116.4499969,117.1800003,115.1604004,437900
SAIC,4/16/2025,117.1500015,118.0599976,115.5999985,116.3499985,114.344696,425600
SAIC,4/17/2025,116,117.5899963,115.4800034,116.7099991,114.6985016,379900
SAIC,4/21/2025,116.7799988,117.6900024,115.3700027,116.4499969,114.4429779,320500
SAIC,4/22/2025,116.8499985,119.1200027,116.1600037,118.7200012,116.6738586,465700
SAIC,4/23/2025,120.1100006,121.5500031,119.1399994,119.8300018,117.7647247,491300
SAIC,4/24/2025,120.1399994,122.7300034,119.8300018,122.1600037,120.0545731,447400
SAIC,4/25/2025,122.1600037,122.5100021,120.0699997,121.3000031,119.2093964,466700
SAIC,4/28/2025,121.4899979,122.9100037,119.5299988,120.8799973,118.7966309,344300
SAIC,4/29/2025,120.9400024,121.6200027,120.3600006,121.3499985,119.2585144,302400
SAIC,4/30/2025,121.3199997,121.3199997,118.8899994,121.0299988,118.9440384,447100
SAIC,5/1/2025,119.8099976,121.2799988,114.9300003,119.4100037,117.3519592,539500
SAIC,5/2/2025,120.8199997,121.5599976,117.4800034,117.9800034,115.9466095,515300
SAIC,5/5/2025,118.1699982,119.2799988,117.3799973,117.5899963,115.5633316,402500
SAIC,5/6/2025,117.6800003,122.4199982,116.3099976,121.2900009,119.1995621,682700
SAIC,5/7/2025,120.5999985,121.7300034,118.9100037,120.7900009,118.7081757,479000
SAIC,5/8/2025,121.1200027,123.0899963,120.5299988,121.7900009,119.6909409,351400
SAIC,5/9/2025,121,122.2200012,120.6399994,121.0800018,118.9931793,425700
SAIC,5/12/2025,120.8899994,121.75,117.9199982,119.6800003,117.6173096,670900
SAIC,5/13/2025,119.7399979,120.6600037,118.8600006,119.0800018,117.0276489,575300
SAIC,5/14/2025,118.9499969,119.3899994,117.5400009,118.9499969,116.8998871,340600
SAIC,5/15/2025,119.5500031,122.0500031,118.7399979,121.9199982,119.8187027,409800
SAIC,5/16/2025,121.4800034,123.5,120.9400024,123.4100037,121.2830276,556500
SAIC,5/19/2025,123.2900009,124.1100006,122.25,122.6699982,120.5557632,470800
SAIC,5/20/2025,122.6699982,124.0299988,121.4199982,123.1399994,121.0176697,335700
SAIC,5/21/2025,123,123.1600037,121.6600037,122.4499969,120.3395691,464500
SAIC,5/22/2025,122.2300034,123.1600037,121.1900024,122.4499969,120.3395691,375300
SAIC,5/23/2025,119.5,119.5899963,115.6900024,117.2799988,115.2586746,700400
SAIC,5/27/2025,117.6999969,120.2799988,116.9000015,119.9300003,117.862999,430500
SAIC,5/28/2025,119.8000031,120.4899979,114.9400024,115.3399963,113.3521042,740700
SAIC,5/29/2025,115.4199982,115.5699997,113.75,115.3099976,113.3226242,780500
SAIC,5/30/2025,115.2699966,115.9000015,113.4899979,115.5400009,113.5486679,1015800
SAIC,6/2/2025,105.2099991,109.3000031,98.04000092,100.2200012,98.4927063,3112900
SAIC,6/3/2025,101.3700027,104.3399963,99.68000031,103.4300003,101.6473846,1190000
SAIC,6/4/2025,103.7200012,104.8700027,102.25,102.2699966,100.5073624,663300
SAIC,6/5/2025,102.6500015,102.9899979,100.9199982,102.4499969,100.6842651,695300
SAIC,6/6/2025,103.5599976,105.5500031,103.3000031,105.3199997,103.5048065,728300
SAIC,6/9/2025,105.3399963,105.5,103.0100021,103.5199966,101.7358322,763500
SAIC,6/10/2025,104.0199966,104.3399963,102.8799973,103.6100006,101.8242722,555100
SAIC,6/11/2025,103.9899979,103.9899979,101.3300018,103.8000031,102.0110016,633100
SAIC,6/12/2025,103.7699966,105,102.9199982,104.9100037,103.1018829,464000
SAIC,6/13/2025,104.2399979,107.1600037,104.2399979,105.4300003,103.6129074,555700
SAIC,6/16/2025,105.4300003,105.8199997,103.5100021,105,103.1903229,433200
SAIC,6/17/2025,104.6999969,106.1900024,103.9300003,105.4000015,103.5834198,422700
SAIC,6/18/2025,105.3300018,106.7099991,104.4499969,104.6999969,102.8954849,452000
SAIC,6/20/2025,104.8399963,105.0100021,102.7099991,103.6500015,101.8635941,1140800
SAIC,6/23/2025,103.3899994,105.5,102,104.2099991,102.4139252,537300
SAIC,6/24/2025,104.5,105.3600006,102.4800034,104.9599991,103.1510086,407200
SAIC,6/25/2025,105.8300018,108.3700027,104.2399979,107.5999985,105.7454987,545900
SAIC,6/26/2025,107.8600006,110.6500015,107.3099976,109.1600037,107.2786255,623900
SAIC,6/27/2025,109.3600006,109.4499969,107.7900009,109.2399979,107.3572388,685500
SAIC,6/30/2025,109.3499985,112.8399963,108.7300034,112.6100006,110.6691513,1194600
SAIC,7/1/2025,112.6100006,115.8199997,112,115.75,113.755043,490100
SAIC,7/2/2025,115.4100037,117.6999969,114.4599991,117.5599976,115.533844,523800
SAIC,7/3/2025,117.1299973,119.3399963,117.0299988,118.5800018,116.5362701,288800
SAIC,7/7/2025,118.5,118.8399963,117.0400009,117.5500031,115.5240173,504800
SAIC,7/8/2025,116.8099976,118.0400009,115,117.1600037,115.1407471,608400
SAIC,7/9/2025,118.1500015,118.1500015,114.5299988,116.3300018,114.3250427,480600
SAIC,7/10/2025,116.3099976,118.7900009,115.1900024,116.3300018,114.3250427,546000
SAIC,7/11/2025,116.1900024,116.4499969,111.4599991,113.2099991,111.6138153,771400
SAIC,7/14/2025,112.5199966,114.6299973,112,113.7600021,112.1560745,397000
SAIC,7/15/2025,113.9300003,114.75,111.4400024,111.4899979,109.9180756,502500
SAIC,7/16/2025,111.3899994,112.7900009,110.1900024,111.8499985,110.2729874,548200
SAIC,7/17/2025,111.9199982,114,110,113.5800018,111.9786072,413300
SAIC,7/18/2025,114.5500031,114.5500031,112.9400024,113.4199982,111.8208542,249400
SAIC,7/21/2025,113.6399994,114.2799988,112.5100021,112.5400009,110.95327,290700
SAIC,7/22/2025,112.9300003,115,111.8300018,114.5699997,112.9546432,475000
SAIC,7/23/2025,115.2799988,118.2300034,113.3000031,116.0599976,114.4236374,454200
SAIC,7/24/2025,115.9700012,116.5299988,114.4700012,114.9899979,113.3687134,373000
SAIC,7/25/2025,115.3099976,116.6999969,113.75,114.8099976,113.1912613,313100
SAIC,7/28/2025,114.9100037,114.9100037,112.0899963,113.2399979,111.6433945,306400
SAIC,7/29/2025,113.9599991,114.2399979,112.8700027,113.6600037,112.0574799,272700
SAIC,7/30/2025,113.0400009,113.9800034,111.5299988,112.3300018,110.7462234,305900
SAIC,7/31/2025,112.0100021,113.0199966,110.3700027,111.4800034,109.9082184,431000
SAIC,8/1/2025,112,112.0299988,109.8399963,110.7300034,109.1687927,534100
SAIC,8/4/2025,111,113.25,110.4899979,113.2099991,111.6138153,294000
SAIC,8/5/2025,113.0400009,116.7699966,113.0400009,115.1800003,113.5560455,451200
SAIC,8/6/2025,114.8399963,115.5500031,112.9400024,115.1399994,113.5166016,372100
SAIC,8/7/2025,115.4599991,116.8499985,114.2600021,116.1399994,114.5025101,287000
SAIC,8/8/2025,115.6900024,117.5599976,114.3899994,116.6600037,115.0151825,395000
SAIC,8/11/2025,116.6699982,118.5,115.4100037,115.8700027,114.2363129,245800
SAIC,8/12/2025,116.0500031,117.4000015,114.6299973,117.2300034,115.5771408,309100
SAIC,8/13/2025,117,120.7799988,116.9300003,120.5999985,118.8996201,415800
SAIC,8/14/2025,120.0999985,121.0500031,117.0199966,117.3099976,115.6560135,350100
SAIC,8/15/2025,117,117.75,116.5,117.6299973,115.9715042,239000
SAIC,8/18/2025,118.3300018,118.5800018,117.1500015,117.2799988,115.6264343,224900
SAIC,8/19/2025,117.5999985,118.9800034,116.7399979,116.9000015,115.2517929,284700
SAIC,8/20/2025,117.25,118.1800003,116.1999969,117.7900009,116.1292419,245800
SAIC,8/21/2025,116.8899994,118.7200012,116.8899994,118.2200012,116.5531921,258100
SAIC,8/22/2025,118.8300018,121.0400009,117.4700012,119.1900024,117.5095062,288000
SAIC,8/25/2025,118.6500015,119.7699966,118.2099991,118.6999969,117.026413,300300
SAIC,8/26/2025,118.8099976,120.6100006,118.0299988,119.5800018,117.8940048,461200
SAIC,8/27/2025,119.3099976,120.1399994,118.8899994,119.3399963,117.6573868,418600
SAIC,8/28/2025,118.9700012,119.1399994,116.6200027,117.8399963,116.1785431,284200
SAIC,8/29/2025,117.2600021,118.7399979,116.1800003,117.6999969,116.0405121,490200
SAIC,9/2/2025,117.3399963,118.3899994,116.9599991,118.2699966,116.602478,571400
SAIC,9/3/2025,117.9499969,118.6399994,113.7200012,114.1100006,112.5011292,828800
SAIC,9/4/2025,103.6200027,109.5,102,106.2200012,104.7223816,1374100
SAIC,9/5/2025,106.7200012,108.3499985,104.1200027,104.9300003,103.4505615,1028000
SAIC,9/8/2025,103.8600006,103.8600006,101.4300003,102.5999985,101.1534042,863400
SAIC,9/9/2025,102.8199997,103.5500031,101.7300034,102.7799988,101.3308792,702300
SAIC,9/10/2025,102.8099976,104.2200012,101.7799988,103.1100006,101.6562195,604100
SAIC,9/11/2025,103.3000031,106.6699982,103.2900009,106.3700027,104.8702621,541000
SAIC,9/12/2025,106.4400024,107.4300003,106.3099976,106.4199982,104.9195557,433800
SAIC,9/15/2025,105.4700012,106.0100021,103.3499985,103.9300003,102.4646606,530700
SAIC,9/16/2025,103.4100037,103.9400024,101.9599991,103.1200027,101.6660843,421400
SAIC,9/17/2025,103.1299973,104.3499985,102.2600021,102.7900009,101.3407364,485600
SAIC,9/18/2025,102.7900009,103.0299988,101.3099976,102.4800034,101.0351028,442700
SAIC,9/19/2025,103.2600021,104,102.1399994,103.8700027,102.4055099,1075800
SAIC,9/22/2025,103.6299973,103.8000031,101.3799973,101.4499969,100.0196228,685000
SAIC,9/23/2025,101.8099976,103.1500015,98.48000336,98.58999634,97.19994354,664300
SAIC,9/24/2025,98.55999756,100.3199997,98.11000061,100.0100021,98.59993744,560600
SAIC,9/25/2025,99.5,100.2099991,95.33999634,97.19999695,95.8295517,603800
SAIC,9/26/2025,97.19999695,98.55999756,95.30000305,97.66999817,96.29291534,438000
SAIC,9/29/2025,98.38999939,98.38999939,96.90000153,97.72000122,96.34222412,546300
SAIC,9/30/2025,97.41999817,99.83000183,97.41999817,99.37000275,97.96896362,483600
SAIC,10/1/2025,98.66999817,101.3099976,98.20999908,101.1299973,99.70413971,519200
SAIC,10/2/2025,100.3899994,101.1399994,99.83000183,100.6500015,99.23090363,298000
SAIC,10/3/2025,100.75,101.9800034,100.6299973,101.6699982,100.2365189,402800
SAIC,10/6/2025,101.8000031,103.0299988,100.4499969,102.8300018,101.3801727,425400
SAIC,10/7/2025,102.8399963,103.5999985,100.5,101.2200012,99.79286194,476100
SAIC,10/8/2025,101.2200012,103.6500015,101.1500015,101.3700027,99.94075775,618900
SAIC,10/9/2025,102.0500031,102.0500031,98.45999908,98.55000305,97.16051483,363700
SAIC,10/10/2025,99.18000031,99.72000122,96.12999725,96.55999756,95.5573349,569600
SAIC,10/13/2025,96.58999634,96.77999878,95.12000275,96.30000305,95.3000412,309700
SAIC,10/14/2025,96.29000092,97.70999908,95.48999786,97.26999664,96.25995636,306600
SAIC,10/15/2025,97.80000305,99.27999878,96.73000336,97.83999634,96.82404327,556500
SAIC,10/16/2025,97.90000153,99.76000214,96.77999878,96.87999725,95.87401581,475100
SAIC,10/17/2025,96.80999756,98.41000366,95.70999908,97.51000214,96.49747467,337600
SAIC,10/20/2025,97.69999695,99.76999664,97.69999695,99.5,98.46681213,273500
SAIC,10/21/2025,99.48000336,100.9499969,98.33000183,100.4300003,99.387146,254500
SAIC,10/22/2025,100.1500015,101.3099976,98.04000092,98.11000061,97.09123993,371300
SAIC,10/23/2025,98.87999725,100.7600021,98.87999725,100.6399994,99.5949707,325500
SAIC,10/24/2025,98.80999756,99.69000244,91.88999939,94.08999634,93.11297607,1308300
SAIC,10/27/2025,94.01999664,94.55000305,92.20999908,93.20999908,92.24212646,908700
SAIC,10/28/2025,92.98000336,93.33999634,92,92.33999634,91.38115692,555700
SAIC,10/29/2025,92.01000214,92.02999878,90.15000153,90.66000366,89.71860504,560900
SAIC,10/30/2025,90.13999939,92.20999908,90.13999939,91.5,90.54987335,429200
SAIC,10/31/2025,91,93.83999634,91,93.70999908,92.73693085,641500
SAIC,11/3/2025,93.34999847,93.34999847,90.79000092,91.41000366,90.46081543,499400
SAIC,11/4/2025,91.41000366,93.52999878,90.83999634,91.44000244,90.4905014,487500
SAIC,11/5/2025,91.45999908,92.62999725,90.95999908,92.22000122,91.2624054,375900
SAIC,11/6/2025,92,92.88999939,90.29000092,90.51999664,89.58005524,352400
SAIC,11/7/2025,90.27999878,91.84999847,89.70999908,91.80999756,90.85665894,327100
SAIC,11/10/2025,91.97000122,92.26999664,89.23999786,91.72000122,90.76759338,710900
SAIC,11/11/2025,91.72000122,92.19999695,89.91999817,91.62000275,90.66863251,455200
SAIC,11/12/2025,91.58999634,92.20999908,90.31999969,90.37999725,89.44150543,518600
SAIC,11/13/2025,90.59999847,91.31999969,89.48000336,89.61000061,88.67951202,319400
SAIC,11/14/2025,89,89.86000061,87.93000031,88.62000275,87.69978333,358100
SAIC,11/17/2025,87.98000336,88.62000275,87.02999878,87.08999634,86.18566895,427800
SAIC,11/18/2025,87.31999969,88.48000336,86.94999695,87.15000153,86.24504852,463900
SAIC,11/19/2025,87,87.41000366,85.69000244,85.76000214,84.86948395,341400
SAIC,11/20/2025,87.02999878,87.34999847,84.79000092,85.01000214,84.12727356,384600
SAIC,11/21/2025,84.80999756,87.43000031,84.54000092,85.16999817,84.28560638,608500
SAIC,11/24/2025,85.87999725,85.98000336,84.16000366,85.08000183,84.19654083,563000
SAIC,11/25/2025,85.41999817,86.51999664,84.87000275,85.66999817,84.78041077,567600
SAIC,11/26/2025,85.66999817,86.97000122,85.59999847,85.69000244,84.80021667,342300
SAIC,11/28/2025,85.62999725,86.91999817,85.56999969,86.20999908,85.31481171,326700
SAIC,12/1/2025,86.01999664,87.31999969,85.19999695,86.23999786,85.34449768,632400
SAIC,12/2/2025,86.55000305,88.38999939,86.33000183,87.55999756,86.65078735,801500
SAIC,12/3/2025,87.62999725,88.40000153,86.66999817,87.52999878,86.62110138,823200
SAIC,12/4/2025,92,104.6399994,92,101.7900009,100.7330322,2849500
SAIC,12/5/2025,100.3199997,101.0100021,97.22000122,100.6100006,99.56528473,1195700
SAIC,12/8/2025,101.8199997,102.1399994,97.56999969,98.93000031,97.90272522,876700
SAIC,12/9/2025,98.63999939,98.91000366,96.56999969,97.33000183,96.31934357,785600
SAIC,12/10/2025,97.44999695,101.0899963,96.58000183,100.6600037,99.61476898,694400
SAIC,12/11/2025,101,101.5199966,98.5,99.94999695,98.91212463,632900
SAIC,12/12/2025,101.3300018,102.2699966,100.1699982,100.1800003,99.13974762,639600
SAIC,12/15/2025,99.76999664,101.7699966,98.69000244,101.5800018,100.5252075,753500
SAIC,12/16/2025,101.4599991,101.7600021,99.40000153,100.3499985,99.3079834,654500
SAIC,12/17/2025,99.83999634,103.5400009,99.83999634,102.4400024,101.3762894,826800
SAIC,12/18/2025,102.6299973,103.5,99.94999695,100.7399979,99.69393158,775200
SAIC,12/19/2025,100.7399979,102.4599991,100.2600021,102,100.9408493,1231300
SAIC,12/22/2025,101.9000015,103.6100006,101.2600021,102.8199997,101.7523346,447700
SAIC,12/23/2025,102.1600037,103.1100006,101.6299973,102.6600037,101.5940018,501200
SAIC,12/24/2025,102.3399963,104.1399994,101.5199966,102.8000031,101.7325363,193700
SAIC,12/26/2025,102.9000015,103.5100021,102.1100006,102.7099991,101.6434784,264700
SAIC,12/29/2025,102.3799973,103.5800018,101.8099976,103.3499985,102.2768326,358400
SAIC,12/30/2025,103.1200027,103.2900009,102.1600037,102.4800034,101.4158707,350900
SAIC,12/31/2025,102.1200027,102.25,100.5699997,100.6600037,99.61476898,291900
SAIC,1/2/2026,100.6699982,102.2399979,100,101.2200012,100.1689453,374600
SAIC,1/5/2026,102,107.5299988,101.0999985,107.2200012,106.1066437,630200
SAIC,1/6/2026,106.7399979,109.1900024,106.2099991,108.8000031,107.6702423,531800
SAIC,1/7/2026,108.8000031,109.5599976,106.25,106.8399963,105.7305832,679000
SAIC,1/8/2026,108.4899979,114.3300018,108.2699966,111.9800034,110.8172226,635400
SAIC,1/9/2026,111.3099976,114.9199982,111.2600021,114.0199966,112.8360291,393400
SAIC,1/12/2026,114.0599976,115.5,112.7099991,114.3199997,113.1329269,475800
SAIC,1/13/2026,114.6600037,115.1100006,112.3700027,112.7399979,111.5693207,363700
SAIC,1/14/2026,111,112.1299973,105.6800003,108.0599976,107.2900391,791100
SAIC,1/15/2026,108.25,110.9499969,107.2200012,110.6500015,109.8615799,408600
SAIC,1/16/2026,110.1900024,111.7799988,108.5599976,111.1299973,110.3381577,551300
SAIC,1/20/2026,110.3000031,110.7399979,108.1500015,108.2399979,107.46875,335600
SAIC,1/21/2026,108.7399979,109.2399979,107.5800018,108.7399979,107.9651871,521200
SAIC,1/22/2026,109.1900024,110.9700012,108.7200012,109.0699997,108.2928391,393300
SAIC,1/23/2026,111.2200012,115,108.6100006,110.1399994,109.355217,603400
SAIC,1/26/2026,110.1699982,110.4199982,102.2799988,104.3799973,103.636261,727800
SAIC,1/27/2026,104.5199966,105.3700027,103.5,103.6999969,102.9611053,356700
SAIC,1/28/2026,103.5999985,105.1299973,102.5,103.5500031,102.8121796,425400
SAIC,1/29/2026,104.3600006,106.2200012,101.4899979,101.6999969,100.9753494,511000
SAIC,1/30/2026,101.2600021,102.2399979,100.6699982,101.7600021,101.0349274,605500
SAIC,2/2/2026,101.1600037,101.4499969,99.16000366,100.8799973,100.1611938,505800
SAIC,2/3/2026,100.1900024,100.8300018,96.66999817,97,96.30884552,610500
SAIC,2/4/2026,97.08000183,98.94999695,96.44999695,97.87000275,97.17264557,595800
SAIC,2/5/2026,98.01999664,100.3700027,96.91999817,97.02999878,96.33863068,542700
SAIC,2/6/2026,97.23000336,99.37000275,95.12000275,98.36000061,97.6591568,705100
SAIC,2/9/2026,98.36000061,99.08999634,96.76999664,98.26000214,97.55986786,466200
SAIC,2/10/2026,98.11000061,99.70999908,97.44999695,97.91999817,97.22229004,476300
SAIC,2/11/2026,94.08999634,95.84999847,81.08000183,82.22000122,81.63415527,2496500
SAIC,2/12/2026,82.23000336,86.75,81.66000366,83.44999695,82.85538483,1362400
SAIC,2/13/2026,83.83000183,88.04000092,83.26000214,86.61000061,85.99287415,943400
SAIC,2/17/2026,85.68000031,87.20999908,84.66999817,85.18000031,84.57306671,856900
SAIC,2/18/2026,85.63999939,88.98000336,85.22000122,88.58000183,87.94884491,647000
SAIC,2/19/2026,88.62999725,92.54000092,88.41000366,91.01999664,90.37145233,869400
SAIC,2/20/2026,90.45999908,90.98000336,87.58999634,89.91000366,89.2693634,734300
SAIC,2/23/2026,89.5,89.94000244,86.01999664,86.44000244,85.82408905,719400
SAIC,2/24/2026,86.56999969,88.06999969,86.56999969,87.58000183,86.95596313,607500
SAIC,2/25/2026,87.97000122,88.51000214,85.5,86.79000092,86.17159271,650600
SAIC,2/26/2026,88.48000336,91.86000061,86.80999756,91.69999695,91.04660797,798100
SAIC,2/27/2026,90.55999756,92.62999725,90.15000153,92.26000214,91.60262299,865100
SAIC,3/2/2026,93.80000305,93.93000031,91.69000244,92.48999786,91.83097839,693200
SAIC,3/3/2026,91.13999939,94.73000336,90.73000336,94.41999817,93.7472229,487600
SAIC,3/4/2026,94.30999756,95,92.72000122,93.30000305,92.63520813,668700
SAIC,3/5/2026,93.30000305,94.59999847,92.22000122,93.41000366,92.74443054,463000
SAIC,3/6/2026,93.51999664,95.62000275,91.69999695,95.40000153,94.72024536,529000
SAIC,3/9/2026,94.69000244,95.12999725,92.91999817,94.30999756,93.63800812,544000
SAIC,3/10/2026,94.06999969,94.62999725,88.80000305,90.51999664,89.87501526,696900
SAIC,3/11/2026,90.51999664,92.05999756,90.01000214,91.59999847,90.94731903,496700
SAIC,3/12/2026,91.62000275,93.66000366,91.30999756,91.54000092,90.88774872,699100
SAIC,3/13/2026,92,93,90.84999847,91.91000366,91.25511932,784600
SAIC,3/16/2026,90.98000336,94.98999786,89.94000244,93.05000305,92.38699341,1427500
SAIC,3/17/2026,93.70999908,95.37999725,91.45999908,94.58000183,93.90608978,1027200
SAIC,3/18/2026,93.58000183,98.09999847,93.58000183,96.40000153,95.71311951,649500
SAIC,3/19/2026,96.30000305,97.88999939,95.87000275,97.16000366,96.46770477,565100
SAIC,3/20/2026,97.27999878,98.08999634,96.33999634,96.73999786,96.05069733,1954800
SAIC,3/23/2026,96.29000092,98.30000305,95.72000122,96.87000275,96.17977142,638800
SAIC,3/24/2026,96.66999817,96.66999817,94.36000061,95.34999847,94.67060089,617000
SAIC,3/25/2026,95.34999847,96.51000214,93.66000366,96.45999908,95.77268982,461500
SAIC,3/26/2026,96.19000244,99.88999939,96.04000092,99.40000153,98.69174194,642900
SAIC,3/27/2026,99.40000153,99.55000305,96.84999847,97.26000214,96.56699371,494800
SAIC,3/30/2026,97.48000336,98.76999664,94.26999664,94.80000305,94.12452698,711800
SAIC,3/31/2026,95.22000122,96.63999939,92.59999847,94.91999817,94.2436676,758900
SAIC,4/1/2026,95.27999878,98.08999634,94.25,97.31999969,96.62656403,483500
SAIC,4/2/2026,97.31999969,100.4100037,96.51999664,100.1100006,99.39668274,426600
SAIC,4/6/2026,99.63999939,100.2099991,99.01999664,99.56999969,98.86052704,318600
SAIC,4/7/2026,99.54000092,101.5800018,99,100.9100037,100.1909866,448100
SAIC,4/8/2026,100.4899979,102.4700012,97.77999878,97.98000336,97.28186035,611300
SAIC,4/9/2026,97.84999847,97.84999847,93.98000336,95.02999878,94.35288239,526100
SAIC,4/10/2026,94.66000366,94.76999664,91.34999847,91.72000122,91.42241669,614600
SAIC,4/13/2026,91.98999786,95.38999939,91.80000305,95.01000214,94.70174408,538100
SAIC,4/14/2026,95.08999634,95.84999847,93.51999664,94.48000336,94.17346954,517800
SAIC,4/15/2026,94.62999725,97.13999939,94.11000061,96.19999695,95.88787842,559200
SAIC,4/16/2026,96.19999695,97.86000061,94.91999817,95.23000336,94.92103577,359300
SAIC,4/17/2026,95.30000305,96.43000031,94.58999634,95.37999725,95.07054138,488100
SAIC,4/20/2026,95.51000214,96.91999817,94.44999695,94.69999695,94.39274597,417900
SAIC,4/21/2026,95.26999664,97.91000366,94.01999664,96.13999939,95.82807922,496300
SAIC,4/22/2026,96.77999878,97.65000153,94.84999847,95.70999908,95.3994751,439900
SAIC,4/23/2026,95.25,95.51000214,93.62000275,95.26999664,94.96089935,494300
SAIC,4/24/2026,95.48000336,96.45999908,94.05000305,95.61000061,95.29979706,441300
SAIC,4/27/2026,95.70999908,97.56999969,93.65000153,93.79000092,93.48570251,565700
SAIC,4/28/2026,94.73000336,95.76000214,92.93000031,94.87999725,94.57216644,420500
SAIC,4/29/2026,95.66999817,95.87999725,94.01000214,95.12999725,94.8213501,407200
SAIC,4/30/2026,95.08000183,96.87999725,94.62000275,96.76999664,96.4560318,431400
SAIC,5/1/2026,97.62000275,98.19000244,95.65000153,95.91000366,95.59883118,414500
SAIC,5/4/2026,95.59999847,98.43000031,94.94000244,96.86000061,96.54574585,380700
SAIC,5/5/2026,97.05000305,98.44999695,94.30000305,95.58999634,95.27986145,502500
SAIC,5/6/2026,94.73000336,95.26999664,92.80999756,94.36000061,94.0538559,524300
SAIC,5/7/2026,94.47000122,96.16999817,93,94.12000275,93.81463623,602700
SAIC,5/8/2026,93.73999786,94.86000061,91.16999817,93.93000031,93.62525177,477100
SAIC,5/11/2026,93.93000031,93.94999695,91.41999817,92.65000153,92.34940338,516300
SAIC,5/12/2026,93.31999969,95.16999817,93.15000153,94,93.69502258,475100
SAIC,5/13/2026,93.23999786,93.66000366,87.12000275,90.41000366,90.1166687,552300
SAIC,5/14/2026,90.48999786,92.83000183,89.98999786,92.65000153,92.34940338,378300
SAIC,5/15/2026,93.31999969,93.72000122,92.12000275,92.93000031,92.62849426,351600
SAIC,5/18/2026,92.70999908,96.87999725,92.02999878,96.01000214,95.69850159,568200
SAIC,5/19/2026,96.84999847,98.29000092,94.91000366,95.31999969,95.01073456,646200
SAIC,5/20/2026,95.31999969,96.72000122,93.06999969,96.54000092,96.22678375,428800
SAIC,5/21/2026,95.87999725,96.73000336,94.54000092,96.16999817,95.85797882,310000
SAIC,5/22/2026,96.30000305,100.1600037,95.59999847,100.0100021,99.68552399,406100
SAIC,5/26/2026,99.13999939,102.4499969,98.19000244,101.3600006,101.0311432,517000
SAIC,5/27/2026,100.8300018,102.1500015,100.0800018,101.6600037,101.3301697,557800
SAIC,5/28/2026,101.6600037,105.4100037,100.3300018,103.6999969,103.3635483,511100
SAIC,5/29/2026,104.0199966,106.0199966,102.5,104.1999969,103.8619232,845700
SAIC,6/1/2026,120.1900024,123.4100037,112.1600037,115.0800018,114.7066269,1843500
SAIC,6/2/2026,113.4199982,114.4499969,108.7799988,113.3600006,112.9922104,906000
SAIC,6/3/2026,113.3099976,115.1699982,109.2699966,114.7300034,114.3577652,716500
SAIC,6/4/2026,116.4499969,118.4199982,112.6999969,116.5699997,116.1917953,571400
SAIC,6/5/2026,117.6999969,118.1699982,113.4400024,114.3499985,113.9789963,501600
SAIC,6/8/2026,113.6600037,116.5899963,112.5500031,113.1999969,112.8327255,461700
SAIC,6/9/2026,113.1200027,114.5500031,111.3199997,114.0800018,113.709877,410300
SAIC,6/10/2026,114.0699997,115.8700027,113.3099976,114.2300034,113.8593903,401300
SAIC,6/11/2026,113.5199966,116.7200012,112.7300034,114.9300003,114.5571136,512000
SAIC,6/12/2026,115.7799988,115.8499985,113.6500015,113.8099976,113.4407425,487300
SAIC,6/15/2026,113.5599976,113.7699966,108.7399979,109.3899994,109.0350876,525500
SAIC,6/16/2026,109.2900009,110.3099976,107.1500015,108.8700027,108.516777,558500
SAIC,6/17/2026,107.6800003,110.3300018,105.1699982,106.7300034,106.3837204,600500
SAIC,6/18/2026,106.4499969,106.7799988,101.5,102.3899994,102.0578003,1606600
SAIC,6/22/2026,102.2300034,103.5400009,98.33999634,100.5999985,100.2736053,832600
SAIC,6/23/2026,102.0800018,105.3399963,101.7399979,105.1600037,104.8188171,659000
SAIC,6/24/2026,105.4499969,108.5500031,104.7799988,108.4700012,108.1180725,1011100
SAIC,6/25/2026,108.4700012,111.1999969,105.5199966,106.6299973,106.2840424,556300
SAIC,6/26/2026,107.4000015,110.8000031,107.4000015,110.2900009,109.9321671,741100
SAIC,6/29/2026,111.3099976,113.1500015,110.5,112.9599991,112.5935059,587000
SAIC,6/30/2026,112.5899963,113.6999969,110,110.4100037,110.0517807,561600
SAIC,7/1/2026,110.6500015,113,105.1900024,105.4700012,105.1278076,791300
SAIC,7/2/2026,105.4700012,111.0599976,105.1699982,110.9599991,110.5999908,499200
SAIC,7/6/2026,110.6299973,115,109.7399979,114.6999969,114.327858,813600
SAIC,7/7/2026,116.25,117.6500015,113.5800018,113.6699982,113.3012009,398800
SAIC,7/8/2026,113.4700012,113.6500015,112.3099976,113.2399979,112.8725967,318100
SAIC,7/9/2026,111.9899979,114.0999985,110.0299988,114.0400009,113.6700058,308500
SAIC,7/10/2026,114.3199997,115.0299988,112.1800003,112.6200027,112.6200027,258100
SAIC,7/13/2026,114.1500015,115.1200027,112.6299973,113.3099976,113.3099976,456400
SAIC,7/14/2026,111.4700012,115.1100006,110.3499985,113.9199982,113.9199982,469400
SAIC,7/15/2026,114.2300034,116.9000015,113.6999969,115.2799988,115.2799988,380300
SAIC,7/16/2026,116.1800003,116.3399963,113.0199966,114.9000015,114.9000015,331800
SAIC,7/17/2026,114.6800003,117.9199982,114.6800003,115.5100021,115.5100021,431100
SAIC,7/20/2026,115.7300034,115.9899979,112.0899963,112.6600037,112.6600037,439700
SAIC,7/21/2026,111,112.9400024,110.9499969,111.8199997,111.8199997,421500
SAIC,7/22/2026,112.7399979,116.4800034,112.4899979,115.9499969,115.9499969,373500
SAIC,7/23/2026,117,119.1699982,115.7200012,116.5,116.5,383200
SAIC,7/24/2026,116.0800018,122.3300018,116.0800018,118.9899979,118.9899979,655500
SAIC,7/27/2026,118.9100037,119.7799988,116.1600037,118.4800034,118.4800034,338700
SAIC,7/28/2026,120,122.6100006,118.0400009,121.5899963,121.5899963,458300
SAIC,7/29/2026,121,121,116.4400024,117.0100021,117.0100021,412000
SAIC,7/30/2026,115.1600037,116.3799973,113.8000031,115.7200012,115.7200012,299300
SAIC,7/31/2026,115.6500015,117.8399963,114.25,117.1299973,117.1299973,624300
SAIC,8/3/2026,117.8499985,120.5400009,117.6999969,120.1200027,120.1200027,380000
SAIC,8/4/2026,118.9199982,121.75,118.6200027,120.3700027,120.3700027,474100
SAIC,8/5/2026,121.8700027,121.8700027,119.5,120.3000031,120.3000031,332900
SAIC,8/6/2026,120.9000015,125.6299973,120.9000015,124.2799988,124.2799988,570100
SAIC,8/7/2026,123.9700012,127.2200012,122.5999985,126.5400009,126.5400009,385700
SAIC,8/10/2026,125.6100006,127.2799988,124.9400024,125.4599991,125.4599991,433300
SAIC,8/11/2026,125.4599991,126.5899963,123.6500015,125.3899994,125.3899994,287300
SAIC,8/12/2026,123.5100021,126.9000015,122.6200027,126.3099976,126.3099976,350700
SAIC,8/13/2026,127.2200012,128,124.6900024,126.6600037,126.6600037,336100
SAIC,8/14/2026,126.9199982,127.0899963,124.5899963,126.6800003,126.6800003,275300
SAIC,8/17/2026,125.3099976,126.8099976,124.0800018,124.3399963,124.3399963,267900
SAIC,8/18/2026,124.5299988,127,124.3899994,125.9499969,125.9499969,330600
SAIC,8/19/2026,125.9499969,129.6999969,125.0199966,128.7100067,128.7100067,411900
SAIC,8/20/2026,127.2799988,129.5299988,125.2300034,126.2900009,126.2900009,446300
SAIC,8/21/2026,127.1200027,128.7799988,125,128.0399933,128.0399933,319500
SAIC,8/24/2026,123.6999969,127.8199997,123.6999969,126.8499985,126.8499985,398500
SAIC,8/25/2026,126.9700012,128.3500061,125.8099976,127.2799988,127.2799988,465600
SAIC,8/26/2026,126.7900009,128.7299957,125.3399963,127.5800018,127.5800018,382400
SAIC,8/27/2026,126.7300034,130.5299988,126.2399979,128.9600067,128.9600067,436200
SAIC,8/28/2026,129.4600067,130.9799957,125.0199966,125.9599991,125.9599991,848500
SAIC,8/31/2026,140.3899994,142.6600037,127.0999985,128.2200012,128.2200012,1857600
SAIC,9/1/2026,127.0100021,128.4499969,124.0500031,126.7799988,126.7799988,608200
SAIC,9/2/2026,126.0999985,127.8499985,122.6999969,127.1800003,127.1800003,556200
SAIC,9/3/2026,127.5599976,129.3699951,124.7900009,126.5,126.5,489400
SAIC,9/4/2026,125.7099991,127.9899979,123.8799973,126.75,126.75,342900
SAIC,9/8/2026,125.6399994,127.8199997,124.3799973,127.5500031,127.5500031,369000
SAIC,9/9/2026,127.8499985,127.9400024,125.8600006,126.1999969,126.1999969,379200
SAIC,9/10/2026,126.3700027,129.7799988,125.1600037,128.7599945,128.7599945,318300
SAIC,9/11/2026,128.3899994,130,125.8000031,129.8999939,129.8999939,268700
SAIC,9/14/2026,130.1999969,132.3099976,129.8999939,132.0099945,132.0099945,433700
SAIC,9/15/2026,131.3800049,136.0800018,129.8899994,133.7400055,133.7400055,635700
SAIC,9/16/2026,132,133.9799957,130.8000031,132.6199951,132.6199951,357800
SAIC,9/17/2026,133.5700073,134.8600006,132.5500031,133.6499939,133.6499939,386200
SAIC,9/18/2026,133.6499939,133.7799988,131.9600067,133.1900024,133.1900024,938000
SAIC,9/21/2026,133.0399933,134.7400055,132.5099945,133.3500061,133.3500061,310500
SAIC,9/22/2026,133.8099976,133.9400024,129.2599945,129.6900024,129.6900024,637000
SAIC,9/23/2026,131.6799927,134.6900024,130.2200012,132.9600067,132.9600067,425400
SAIC,9/24/2026,133.2400055,135.2899933,132.3500061,132.4299927,132.4299927,417400
SAIC,9/25/2026,132.1300049,133.3999939,130.8699951,132.6100006,132.6100006,331500
SAIC,9/28/2026,131.5599976,132,130.1600037,130.9299927,130.9299927,260600
SAIC,9/29/2026,130.0099945,130.2799988,127.2200012,128.2100067,128.2100067,413500
SAIC,9/30/2026,128.4600067,130.2799988,127.1500015,127.5599976,127.5599976,344500
SAIC,10/1/2026,129.4700012,131.3899994,125.7900009,126.3000031,126.3000031,494800
SAIC,10/2/2026,126.1100006,128.1900024,124.2799988,125.2600021,125.2600021,418400
LDOS,1/3/2022,89.29000092,91.15000153,89.01999664,90.26000214,85.00401306,914100
LDOS,1/4/2022,90.55000305,92.37999725,90.41000366,91.87999725,86.52967072,891100
LDOS,1/5/2022,92.37000275,93.02999878,91.41999817,91.55999756,86.22832489,794700
LDOS,1/6/2022,92.23999786,92.94000244,90.97000122,90.97000122,85.67267609,617500
LDOS,1/7/2022,91.01999664,92.19999695,90.80000305,91.51000214,86.18122101,869000
LDOS,1/10/2022,91.73000336,91.73000336,89.02999878,89.70999908,84.48604584,687600
LDOS,1/11/2022,89.91999817,91.01999664,89.19000244,90.80999756,85.52198792,680900
LDOS,1/12/2022,90.37000275,90.88999939,89.54000092,89.80999756,84.58019257,865000
LDOS,1/13/2022,90,93.19999695,89.80000305,92.48000336,87.09474182,948700
LDOS,1/14/2022,91.88999939,94.23999786,91.40000153,94.06999969,88.59214783,840100
LDOS,1/18/2022,93.05000305,93.94999695,91.55999756,93.22000122,87.79163361,1291800
LDOS,1/19/2022,93.34999847,94.79000092,92.91999817,93.62999725,88.17776489,876300
LDOS,1/20/2022,94.01000214,94.54000092,92.84999847,93.05999756,87.64093781,781600
LDOS,1/21/2022,93.09999847,93.33999634,91.87000275,92.18000031,86.81221771,704300
LDOS,1/24/2022,91.02999878,93.31999969,89.62999725,93.04000092,87.62213135,1155200
LDOS,1/25/2022,91.94999695,94.5,90.88999939,93.31999969,87.88582611,1513800
LDOS,1/26/2022,93.86000061,95.23000336,92.94999695,93.79000092,88.32843781,1220600
LDOS,1/27/2022,93,93,87.70999908,88.62000275,83.45951843,1733500
LDOS,1/28/2022,87.87000275,87.87000275,84.20999908,87,81.93386078,2071100
LDOS,1/31/2022,86.48999786,89.87999725,86.48999786,89.44999695,84.24118805,1200100
LDOS,2/1/2022,89.38999939,90.23999786,87.80000305,88.56999969,83.41242981,868600
LDOS,2/2/2022,88.25,90.37999725,87.58999634,89.98999786,84.74971771,932700
LDOS,2/3/2022,90.11000061,90.76000214,89.05999756,89.98000336,84.7403183,588100
LDOS,2/4/2022,89.79000092,89.86000061,87.76000214,89.06999969,83.88332367,691100
LDOS,2/7/2022,89.36000061,89.44000244,88.22000122,88.58000183,83.42183685,813400
LDOS,2/8/2022,89.23999786,89.23999786,85.93000031,86.43000031,81.39702606,1263500
LDOS,2/9/2022,86.76999664,88.48000336,86.43000031,88.43000031,83.28057098,1042100
LDOS,2/10/2022,87.86000061,89.30000305,87.58000183,87.76999664,82.65900421,865400
LDOS,2/11/2022,87.77999878,89.40000153,87.09999847,88.98999786,83.80795288,1115700
LDOS,2/14/2022,88.98999786,88.98999786,86.62000275,87.36000061,82.27288055,1700100
LDOS,2/15/2022,82.52999878,85.04000092,81.06999969,84.5,79.57942963,1937900
LDOS,2/16/2022,84.12999725,88.87000275,83.77999878,88.72000122,83.55368805,1768300
LDOS,2/17/2022,87.22000122,91.98999786,87,91.80999756,86.46374512,1413100
LDOS,2/18/2022,91.80999756,93.08000183,90.61000061,93.01000214,87.59387207,1780700
LDOS,2/22/2022,92.93000031,93.05000305,90.23000336,90.69000244,85.40897369,1318600
LDOS,2/23/2022,91.20999908,92.68000031,90.61000061,91.05000305,85.74800873,1216800
LDOS,2/24/2022,91.16999817,95.52999878,90.38999939,95.48000336,89.92003632,1758000
LDOS,2/25/2022,95.83999634,97.37000275,95.18000031,97.15000153,91.49278259,1254100
LDOS,2/28/2022,97.40000153,102.2200012,96.90000153,101.8399963,95.90966797,2988200
LDOS,3/1/2022,102.7399979,105.8399963,102.6800003,104.75,98.65023804,2075700
LDOS,3/2/2022,104.6299973,104.9199982,101.0800018,104.0400009,97.98156738,1501000
LDOS,3/3/2022,104.7200012,105.5299988,103.5400009,105.0800018,98.96100616,1395300
LDOS,3/4/2022,105.0999985,107.7699966,104.5100021,107.7099991,101.4378738,1431900
LDOS,3/7/2022,108,109.3899994,106.1800003,106.8600006,100.6373672,1390800
LDOS,3/8/2022,106.0100021,106.4899979,101.9300003,102.1999969,96.248703,1329600
LDOS,3/9/2022,102.0800018,104.2900009,100.0899963,102.8899994,96.89855194,1323600
LDOS,3/10/2022,102.3399963,104.1699982,102.0199966,103.0199966,97.02097321,627000
LDOS,3/11/2022,103.0699997,104.1200027,101.9000015,101.9700012,96.03212738,735100
LDOS,3/14/2022,102.1399994,103.3499985,101.3099976,102.4499969,96.82601166,1001800
LDOS,3/15/2022,102.4199982,104.0500031,101.9300003,103.9700012,98.26256561,894000
LDOS,3/16/2022,103.6500015,104.6299973,100.4800034,102.0599976,96.45742035,1209700
LDOS,3/17/2022,102.5599976,104.8399963,101.5500031,103.9899979,98.28145599,1157500
LDOS,3/18/2022,103.3899994,106.1299973,103.2399979,105.4800034,99.68968201,3922800
LDOS,3/21/2022,105.4800034,108,105.2799988,106.3700027,100.5308228,930600
LDOS,3/22/2022,106.3799973,107.75,105.8000031,106.4199982,100.5780716,811600
LDOS,3/23/2022,106.5599976,107.3700027,105.6900024,106.8300018,100.9655609,944200
LDOS,3/24/2022,105.6100006,108.6900024,105.2600021,107.5400009,101.6365967,744300
LDOS,3/25/2022,107.9499969,109.6200027,107.0999985,108.5299988,102.5722351,564100
LDOS,3/28/2022,108.3499985,109.3499985,107.25,109.0500031,103.0637054,564100
LDOS,3/29/2022,107.7600021,108.2900009,106.25,107.3600006,101.4664536,740800
LDOS,3/30/2022,107.3799973,109.0400009,107.3700027,108.4199982,102.4682846,829700
LDOS,3/31/2022,108.0699997,109.4000015,107.5500031,108.0199966,102.0902252,932500
LDOS,4/1/2022,107.7099991,108.9499969,106.9199982,108.3000031,102.354866,598500
LDOS,4/4/2022,108.2399979,108.3199997,106.3199997,107.2300034,101.3436127,661200
LDOS,4/5/2022,107.2600021,108.8799973,106.7399979,107.1999969,101.3152542,866000
LDOS,4/6/2022,107.3199997,108.6500015,107.1999969,107.4800034,101.5798874,1221400
LDOS,4/7/2022,107.5,108.4000015,106.6999969,108.0699997,102.1374817,1346800
LDOS,4/8/2022,108.8499985,109.8799973,107.8899994,107.9899979,102.061882,746600
LDOS,4/11/2022,108.3099976,109.4599991,107.4700012,108.1699982,102.2320099,694100
LDOS,4/12/2022,108.1399994,109.9000015,108.0299988,108.3000031,102.354866,495900
LDOS,4/13/2022,108.5500031,109.5800018,107.7399979,108.7300034,102.7612686,490700
LDOS,4/14/2022,109.1999969,110.6500015,108.8099976,109.0599976,103.073143,584400
LDOS,4/18/2022,108.7799988,110.3199997,108.4300003,109.2600021,103.2621841,653800
LDOS,4/19/2022,109.4300003,110.6200027,109.0999985,109.6100006,103.5929565,588000
LDOS,4/20/2022,109.9700012,111.1200027,109.5999985,109.8700027,103.8386917,584600
LDOS,4/21/2022,110.1699982,110.4199982,109.3000031,109.7799988,103.7536316,638400
LDOS,4/22/2022,109.3199997,110.1900024,108.1399994,108.25,102.3076019,529900
LDOS,4/25/2022,107.9000015,107.9000015,105.4599991,107.1699982,101.286911,1019800
LDOS,4/26/2022,107.1900024,108.7900009,106.5899963,106.6299973,100.7765427,690600
LDOS,4/27/2022,106.7200012,107.3899994,105.5599976,106.2399979,100.4079514,686700
LDOS,4/28/2022,106.5899963,106.5899963,104.3499985,105.0299988,99.26437378,1047100
LDOS,4/29/2022,104.8499985,105.7300034,103.1600037,103.5100021,97.82781219,1318500
LDOS,5/2/2022,103.3799973,105.25,102.7799988,103.5100021,97.82781219,1087000
LDOS,5/3/2022,102.1699982,103.5199966,99.65000153,102.5199966,96.89216614,1686500
LDOS,5/4/2022,102.5999985,106,102.5,104.7799988,99.02809906,1284900
LDOS,5/5/2022,104.7699966,105.25,102.8799973,104.0599976,98.34761047,820700
LDOS,5/6/2022,103.8199997,104.5800018,102.4000015,103.2099991,97.54428864,684300
LDOS,5/9/2022,102.4899979,103.2099991,99.11000061,99.37999725,93.9245224,827300
LDOS,5/10/2022,99.66000366,102.1699982,99.66000366,101.2300034,95.67298889,1157900
LDOS,5/11/2022,101.1600037,103.3700027,100.8399963,101.2099991,95.65408325,895500
LDOS,5/12/2022,101.1999969,102.5599976,99.81999969,100.5699997,95.04920959,1002300
LDOS,5/13/2022,100.9800034,102.4000015,100.75,101.6399994,96.06046295,518300
LDOS,5/16/2022,102.2600021,103.7099991,101.6600037,103.1999969,97.53483582,600100
LDOS,5/17/2022,103.5299988,104.5699997,102.6200027,104.4000015,98.6689682,534900
LDOS,5/18/2022,103.9400024,104.2399979,101.3099976,101.6900024,96.10773468,530600
LDOS,5/19/2022,100.7300034,102.5199966,100.1500015,101.5199966,95.947052,676100
LDOS,5/20/2022,101.5100021,101.5100021,98.87999725,100.5999985,95.07756805,699200
LDOS,5/23/2022,101.3099976,102.4400024,100.5199966,101.8499985,96.25894928,584400
LDOS,5/24/2022,101.8499985,102.4899979,100.5199966,101.9700012,96.37236786,723100
LDOS,5/25/2022,102.1500015,102.8199997,101.4599991,102.3899994,96.76929474,526600
LDOS,5/26/2022,103.1800003,104.4100037,103.1299973,103.6299973,97.94123077,436200
LDOS,5/27/2022,103.9800034,105.3799973,103.7900009,105.3600006,99.5762558,535800
LDOS,5/31/2022,104.8199997,105.1100006,103.5999985,104.5,98.76347351,1031900
LDOS,6/1/2022,104.8499985,105.0500031,103.1500015,104.7399979,98.99028778,546500
LDOS,6/2/2022,104.7200012,105.8899994,102.9700012,105.6500015,99.85033417,500800
LDOS,6/3/2022,105.2699966,106.2300034,104.6999969,105.7799988,99.97320557,492900
LDOS,6/6/2022,106.1399994,106.9400024,105.5599976,105.9199982,100.1055145,591700
LDOS,6/7/2022,103.7799988,107.3099976,103.4499969,107.0699997,101.1923904,670800
LDOS,6/8/2022,106.5199966,106.5500031,103.8399963,103.9100037,98.20586395,404200
LDOS,6/9/2022,104.1399994,104.5999985,102.7799988,102.8300018,97.18513489,489500
LDOS,6/10/2022,101.75,101.9400024,100.6100006,100.7200012,95.19096375,640800
LDOS,6/13/2022,99.27999878,100.5299988,98.30000305,99.40000153,93.9434433,823000
LDOS,6/14/2022,98.83000183,99.52999878,96.80000305,97.91000366,92.87161255,914400
LDOS,6/15/2022,98.55999756,99.33999634,97.30000305,98.79000092,93.7062912,758800
LDOS,6/16/2022,97.5,97.58000183,94.97000122,95.36000061,90.45279694,847900
LDOS,6/17/2022,94.95999908,95.23999786,91.72000122,94.15000153,89.30508423,2671800
LDOS,6/21/2022,95.66000366,97.22000122,94.73999786,96.90000153,91.91356659,647500
LDOS,6/22/2022,95.91000366,97.80000305,95.37000275,97.44000244,92.42577362,779100
LDOS,6/23/2022,98.27999878,98.90000153,96.51999664,97.54000092,92.52062225,626400
LDOS,6/24/2022,98.54000092,101.8300018,97.91000366,101.5699997,96.34323883,1314300
LDOS,6/27/2022,101.5199966,102.7600021,100.7600021,101.6900024,96.4570694,544100
LDOS,6/28/2022,102.0999985,102.5599976,98.94999695,99.26000214,94.1521225,680800
LDOS,6/29/2022,99.81999969,99.81999969,98.48000336,99.34999847,94.23748016,685600
LDOS,6/30/2022,98.88999939,100.9000015,98.38999939,100.7099991,95.52749634,1158900
LDOS,7/1/2022,101.0599976,102.7099991,99.56999969,102.4499969,97.17796326,559700
LDOS,7/5/2022,101.6999969,101.8700027,97.76999664,99.58000183,94.45566559,703800
LDOS,7/6/2022,100.1399994,102.2699966,99.62999725,101.2799988,96.06816101,577000
LDOS,7/7/2022,101.4700012,102.1600037,101.1600037,101.5199966,96.29581451,538300
LDOS,7/8/2022,101.5899963,102.3499985,101.3199997,101.6299973,96.40016174,408900
LDOS,7/11/2022,100.8099976,102.0299988,100.6699982,101.1999969,95.99227905,288000
LDOS,7/12/2022,101,102.2399979,99.41000366,99.80999756,94.67381287,549900
LDOS,7/13/2022,98.79000092,100.1500015,98.79000092,98.98999786,93.89602661,787200
LDOS,7/14/2022,97.91999817,98.33000183,97.08999634,98.20999908,93.15615082,512200
LDOS,7/15/2022,99.34999847,99.58999634,98.33999634,98.69000244,93.61145782,872800
LDOS,7/18/2022,99.01000214,99.37999725,97.79000092,97.87999725,92.84312439,547100
LDOS,7/19/2022,98.30999756,100.25,97.76999664,100.1500015,94.99629974,978700
LDOS,7/20/2022,100.2799988,100.9400024,99.55999756,100.0299988,94.88248444,843500
LDOS,7/21/2022,100,100.9499969,99.33000183,100.8899994,95.69822693,828800
LDOS,7/22/2022,101.2900009,102.3600006,100.8600006,101.4499969,96.22941589,611400
LDOS,7/25/2022,101.6699982,103.1200027,101.25,102.9499969,97.65222168,609600
LDOS,7/26/2022,103.2300034,104.0299988,102.8700027,103.5100021,98.18340302,480600
LDOS,7/27/2022,103.7300034,103.9000015,102.7099991,103.25,97.93678284,621400
LDOS,7/28/2022,103.4100037,106.4100037,103.2200012,105.8700027,100.4219742,655600
LDOS,7/29/2022,106,107.8499985,105.6699982,107,101.4938126,652100
LDOS,8/1/2022,107,107,104.9000015,105.1500015,99.73903656,955800
LDOS,8/2/2022,102,102.8099976,97.79000092,100.4800034,95.3093338,1400400
LDOS,8/3/2022,100.6299973,100.6299973,99.11000061,99.94000244,94.79712677,1130100
LDOS,8/4/2022,99.76999664,100.7699966,99.08999634,99.30999756,94.19953918,787300
LDOS,8/5/2022,98.91999817,100.5899963,98.62999725,100.5500031,95.37573242,406500
LDOS,8/8/2022,100.8199997,100.9000015,97.90000153,98.34999847,93.28894806,839300
LDOS,8/9/2022,98.91999817,99.05999756,97.76000214,98.12000275,93.07077789,723500
LDOS,8/10/2022,99.16999817,99.41000366,98.37999725,98.63999939,93.56401825,551400
LDOS,8/11/2022,98.76999664,98.91999817,97.58999634,98.16000366,93.1087265,822300
LDOS,8/12/2022,98.31999969,100.1100006,98.31999969,100.0599976,94.91094208,499200
LDOS,8/15/2022,99.56999969,101.7399979,98.59999847,100.9700012,95.7741394,493300
LDOS,8/16/2022,100.8700027,101.7300034,100.8600006,101.2200012,96.01126099,510700
LDOS,8/17/2022,100.6999969,101.4899979,100.2900009,101.1500015,95.94485474,384000
LDOS,8/18/2022,101.6100006,101.8799973,101.1800003,101.5899963,96.36221313,318800
LDOS,8/19/2022,101.5699997,102.6399994,101.1500015,102.5800018,97.30127716,673000
LDOS,8/22/2022,102.0199966,102.1100006,100.4100037,100.6299973,95.45162201,592700
LDOS,8/23/2022,100.5500031,101.0599976,100.0299988,100.25,95.09117889,501000
LDOS,8/24/2022,100.4800034,100.5999985,99.36000061,99.58000183,94.45566559,461200
LDOS,8/25/2022,99.94000244,100.1900024,99.09999847,99.73999786,94.60741425,372900
LDOS,8/26/2022,99.87000275,99.98000336,97.16000366,97.19999695,92.19811249,358900
LDOS,8/29/2022,96.68000031,97.94000244,95.51000214,97.23000336,92.22658539,545500
LDOS,8/30/2022,97.33999634,97.56999969,95.76999664,95.80999756,90.87967682,453800
LDOS,8/31/2022,96.18000031,96.76999664,94.73000336,95.05000305,90.1587677,1154800
LDOS,9/1/2022,94.87000275,95.31999969,94.25,95.05999756,90.16824341,868800
LDOS,9/2/2022,95.81999969,96.11000061,93.40000153,93.70999908,88.8877182,425700
LDOS,9/6/2022,93.94000244,94.58999634,93.22000122,93.59999847,88.78338623,796500
LDOS,9/7/2022,93.83000183,95.30999756,93.37999725,95.01000214,90.12082672,741800
LDOS,9/8/2022,94.47000122,94.97000122,93.62000275,94.56999969,89.70346069,541100
LDOS,9/9/2022,94.65000153,96.23000336,94.5,95.69000244,90.76581573,582300
LDOS,9/12/2022,96.05000305,96.97000122,95.91000366,96.25,91.29701233,587500
LDOS,9/13/2022,94.94000244,95.48000336,92.33999634,92.75,87.97711945,619500
LDOS,9/14/2022,92.55999756,93.70999908,92.26000214,92.94000244,88.50084686,841900
LDOS,9/15/2022,92.83000183,92.98999786,91.69000244,92.40000153,87.98664093,857900
LDOS,9/16/2022,93.11000061,93.76999664,92.48000336,93.29000092,88.83412933,1764300
LDOS,9/19/2022,92.69000244,93.48000336,91.81999969,93.19999695,88.74842072,757600
LDOS,9/20/2022,93.01999664,93.51999664,92,93.11000061,88.66271973,1532300
LDOS,9/21/2022,93.90000153,95.05000305,91.80999756,91.83999634,87.45336914,712500
LDOS,9/22/2022,91.63999939,91.63999939,90.37999725,90.68000031,86.34879303,517000
LDOS,9/23/2022,90.04000092,90.18000031,87.83000183,88.69000244,84.45383453,655600
LDOS,9/26/2022,88.38999939,89.51000214,88.01999664,88.38999939,84.16817474,515200
LDOS,9/27/2022,89.02999878,89.38999939,87.61000061,88.19999695,83.98724365,527900
LDOS,9/28/2022,88.80000305,89.30999756,87.51999664,88.93000031,84.68238068,477400
LDOS,9/29/2022,88.58999634,88.58999634,87.23999786,88.09999847,83.89202118,783800
LDOS,9/30/2022,88.25,88.91999817,87.37999725,87.47000122,83.29212189,804800
LDOS,10/3/2022,88.37999725,91.43000031,88.09999847,90.79000092,86.45353699,627600
LDOS,10/4/2022,91.47000122,93.41999817,91.37999725,93.36000061,88.90078735,919000
LDOS,10/5/2022,92.73000336,93.37000275,92.05999756,92.48000336,88.06282043,524200
LDOS,10/6/2022,92.26000214,92.31999969,91.05000305,91.62999725,87.25341034,821200
LDOS,10/7/2022,91.05000305,91.65000153,90.80000305,91.44999695,87.08202362,652100
LDOS,10/10/2022,91.98000336,92.87000275,90.94000244,91.88999939,87.50099182,401900
LDOS,10/11/2022,91.58000183,93.15000153,91.06999969,91.26999664,86.91060638,470600
LDOS,10/12/2022,91.15000153,91.45999908,89.44000244,89.45999908,85.18707275,695100
LDOS,10/13/2022,88.01000214,91.48000336,88.01000214,91.11000061,86.75827026,592000
LDOS,10/14/2022,91.51999664,91.76000214,88.52999878,88.70999908,84.47290039,603900
LDOS,10/17/2022,90.08000183,91.91999817,90.04000092,91.12999725,86.77729797,550600
LDOS,10/18/2022,92.45999908,94.31999969,92.26000214,93.73000336,89.25311279,546000
LDOS,10/19/2022,93.12999725,93.52999878,92.48000336,93.19000244,88.73890686,587500
LDOS,10/20/2022,93.36000061,94.18000031,92.83000183,93.34999847,88.89125824,465200
LDOS,10/21/2022,93.51999664,95.70999908,92.56999969,95.38999939,90.83383179,541400
LDOS,10/24/2022,96.30000305,96.98000336,95.58999634,96.08000183,91.49088287,425000
LDOS,10/25/2022,95.88999939,97.75,95.48000336,97.30999756,92.66212463,585700
LDOS,10/26/2022,97.94999695,98.40000153,96.51000214,97.51000214,92.85256195,416700
LDOS,10/27/2022,97.95999908,100.0999985,97.73999786,99.15000153,94.41424561,534200
LDOS,10/28/2022,99.52999878,101.8300018,98.93000031,101.7399979,96.88052368,877200
LDOS,10/31/2022,101.0199966,102.8899994,100.5899963,101.5899963,96.73767853,992700
LDOS,11/1/2022,103.0599976,104.9499969,102.5599976,103.5500031,98.60409546,1483400
LDOS,11/2/2022,103.4100037,106.8000031,103.3399963,104.3600006,99.3753891,1012400
LDOS,11/3/2022,103.4899979,107.4000015,102.7699966,106.6800003,101.5845718,1011100
LDOS,11/4/2022,107.0599976,107.4300003,103.1500015,105.7600021,100.7085342,942900
LDOS,11/7/2022,106.25,108.6299973,105.8199997,107.8300018,102.6796417,834100
LDOS,11/8/2022,107.1900024,109.1699982,106.7099991,108.6299973,103.4414444,633500
LDOS,11/9/2022,108.6200027,108.7099991,106.5400009,106.8099976,101.7083511,644900
LDOS,11/10/2022,109.0800018,109.0800018,105.5599976,107.2300034,102.1083145,1213700
LDOS,11/11/2022,106.6999969,107.2900009,103.1600037,103.3799973,98.44218445,1419400
LDOS,11/14/2022,103.6999969,106.3300018,103.3499985,104.1699982,99.19446564,989500
LDOS,11/15/2022,104.8600006,105.4499969,103.7699966,104.6900024,99.6896286,906300
LDOS,11/16/2022,105.0100021,106.9499969,105.0100021,106.0100021,100.946579,874400
LDOS,11/17/2022,105.1999969,106.4400024,104.5699997,105.25,100.2228775,665000
LDOS,11/18/2022,106.0800018,107.4499969,105.8399963,106.3000031,101.2227325,2542700
LDOS,11/21/2022,106.4000015,108.7399979,106.4000015,107.6800003,102.5368118,880300
LDOS,11/22/2022,108.3099976,108.7099991,106.9100037,107.4700012,102.3368378,698100
LDOS,11/23/2022,107.2200012,107.8700027,106.6999969,107.5299988,102.393959,785300
LDOS,11/25/2022,108.1999969,108.8899994,108,108.8899994,103.6890106,268900
LDOS,11/28/2022,108.3099976,108.7399979,107.4700012,108.1100006,102.9462662,571200
LDOS,11/29/2022,107.9000015,108.8700027,107.2300034,108.5,103.3176575,854700
LDOS,11/30/2022,108.3799973,109.4499969,107.3300018,109.3300018,104.108017,770100
LDOS,12/1/2022,109.7300034,110.4300003,108.9100037,109.6200027,104.3841629,448900
LDOS,12/2/2022,109.5400009,110.9100037,108.8000031,110.4899979,105.2125854,498300
LDOS,12/5/2022,109.6999969,110.4300003,108.9199982,109.6500015,104.4127197,568500
LDOS,12/6/2022,109.5,109.75,108.2900009,109.4899979,104.2603455,752700
LDOS,12/7/2022,109.3399963,110.1299973,107.9199982,108.5,103.3176575,503000
LDOS,12/8/2022,109.1200027,109.8000031,108.7699966,109.0800018,103.8699493,549300
LDOS,12/9/2022,108.9000015,109.1600037,106.7699966,106.8499985,101.7464523,500700
LDOS,12/12/2022,106.5100021,107.8000031,106.0800018,107.7799988,102.6320343,1055200
LDOS,12/13/2022,109.1999969,109.1999969,105.3600006,106.5400009,101.4512711,1083000
LDOS,12/14/2022,106.1999969,107.8499985,105.5800018,106.8000031,102.0436478,1464200
LDOS,12/15/2022,106.3099976,106.5599976,104.3399963,105.2799988,100.5913467,948600
LDOS,12/16/2022,104.8199997,105.3499985,103.1999969,104.7900009,100.1231613,2624000
LDOS,12/19/2022,104.9100037,106.5800018,104.0400009,104.4499969,99.79829407,671000
LDOS,12/20/2022,104.5100021,105.1100006,103.8199997,104.4199982,99.76963043,932100
LDOS,12/21/2022,104.75,106.1999969,104.4000015,105.8300018,101.1168442,610600
LDOS,12/22/2022,105.6299973,105.9000015,103.1500015,104.7799988,100.1136093,616200
LDOS,12/23/2022,104.8300018,105.6699982,104.4000015,105.1699982,100.4862442,364500
LDOS,12/27/2022,105.4400024,106.0599976,105.2900009,105.9100037,101.1932907,294900
LDOS,12/28/2022,106.0500031,106.2300034,104.0999985,104.1299973,99.49256134,311400
LDOS,12/29/2022,104.3899994,105.5599976,104.1100006,105.0299988,100.3524704,423400
LDOS,12/30/2022,104.8199997,105.4000015,104.0800018,105.1900024,100.5053482,392200
LDOS,1/3/2023,104.4599991,104.9899979,102.6500015,104.7099991,100.0467224,687900
LDOS,1/4/2023,104.3799973,105.1999969,103.5400009,104.3700027,99.72187805,786300
LDOS,1/5/2023,104.1100006,105.8499985,103.3799973,104.0100021,99.3779068,836300
LDOS,1/6/2023,104.7399979,106.9800034,104.2799988,104.9499969,100.2760391,613700
LDOS,1/9/2023,104.9199982,105.4400024,99.88999939,100.3300018,95.86180115,1236200
LDOS,1/10/2023,100.5400009,100.9599991,99.81999969,99.98000336,95.52738953,601100
LDOS,1/11/2023,99.87999725,100.0199966,99.30000305,99.62999725,95.19297028,878600
LDOS,1/12/2023,99.48999786,100.0299988,98.33999634,98.70999908,94.31394196,1170600
LDOS,1/13/2023,97.62999725,98.72000122,97.33999634,98.34999847,93.9699707,931600
LDOS,1/17/2023,98.91999817,99.11000061,97.77999878,97.83999634,93.48268127,743800
LDOS,1/18/2023,97.77999878,98.43000031,95.52999878,95.54000092,91.2851181,1929100
LDOS,1/19/2023,95.5,96.13999939,94.55000305,94.56999969,90.35831451,706500
LDOS,1/20/2023,94.62999725,96.55999756,94.11000061,96.05999756,91.78193665,727000
LDOS,1/23/2023,96.44999695,96.69999695,95.76999664,96.37000275,92.07816315,538300
LDOS,1/24/2023,96.72000122,97.76999664,96.19000244,97.30000305,92.96672821,994300
LDOS,1/25/2023,96.98999786,98.25,96.52999878,98.15000153,93.77887726,971700
LDOS,1/26/2023,98.75,98.75,97.48000336,97.77999878,93.42533875,583700
LDOS,1/27/2023,97.77999878,97.97000122,95.86000061,96.48999786,92.19281006,705900
LDOS,1/30/2023,97.05999756,98.44000244,96.91999817,97.30999756,92.97629547,834300
LDOS,1/31/2023,97.72000122,98.83999634,97.20999908,98.83999634,94.43814087,1197900
LDOS,2/1/2023,98.62999725,99.16000366,97.48999786,97.83000183,93.4731369,752700
LDOS,2/2/2023,97.01000214,98.40000153,96.56999969,97.93000031,93.56867218,659300
LDOS,2/3/2023,98.11000061,98.54000092,97.11000061,98.05999756,93.69288635,515300
LDOS,2/6/2023,98.23999786,99.26000214,97.98000336,98.33999634,93.9604187,605500
LDOS,2/7/2023,98.19000244,99.22000122,97.01999664,99,94.59104156,676600
LDOS,2/8/2023,98.44999695,99.41999817,98.26999664,98.95999908,94.55280304,629300
LDOS,2/9/2023,99.08000183,99.37999725,97.83999634,97.94999695,93.58777618,812500
LDOS,2/10/2023,98.20999908,100.8300018,98.20999908,100.8199997,96.32997131,844900
LDOS,2/13/2023,100.8899994,102.2699966,100.0699997,100.7099991,96.22486877,1127100
LDOS,2/14/2023,98.65000153,100.1800003,94.97000122,95.25,91.00804138,1805300
LDOS,2/15/2023,94.38999939,98.05000305,93.37000275,97.94000244,93.57823181,1259600
LDOS,2/16/2023,97.38999939,99.90000153,97.38999939,99.43000031,95.00187683,1066000
LDOS,2/17/2023,99.80999756,101.6100006,99.5,101.2399979,96.73126221,1282000
LDOS,2/21/2023,101.2699966,101.8300018,99.91000366,100.0100021,95.55603027,1408400
LDOS,2/22/2023,100.0400009,101.0999985,99.43000031,100.1399994,95.6802597,808900
LDOS,2/23/2023,100.1299973,101.3700027,99.25,99.56999969,95.13564301,977100
LDOS,2/24/2023,98.62000275,99.69999695,98.62000275,99.27999878,94.85855865,579400
LDOS,2/27/2023,99.90000153,99.90000153,96.91000366,97.48999786,93.14825439,1218100
LDOS,2/28/2023,97.62000275,98.12999725,96.62999725,97.06999969,92.74698639,995500
LDOS,3/1/2023,96.68000031,97.55000305,96.47000122,96.66000366,92.35525513,545000
LDOS,3/2/2023,96.54000092,97.29000092,96.29000092,96.94999695,92.63231659,647900
LDOS,3/3/2023,97.27999878,97.48000336,96.13999939,97.30000305,92.96672821,750700
LDOS,3/6/2023,97.15000153,97.59999847,96.01999664,96.94999695,92.63231659,1057200
LDOS,3/7/2023,97.23999786,97.59999847,96.41000366,96.51999664,92.22146606,1249700
LDOS,3/8/2023,96.29000092,96.70999908,93.5,94.05999756,89.87100983,746500
LDOS,3/9/2023,94.59999847,95.04000092,92.68000031,92.73999786,88.60980225,589600
LDOS,3/10/2023,92.62999725,93.81999969,92.30999756,92.5,88.38050079,903900
LDOS,3/13/2023,92,93.62999725,91.63999939,92.23000336,88.12252808,903200
LDOS,3/14/2023,92.62999725,93.61000061,92.62000275,93.26999664,89.46541595,1493600
LDOS,3/15/2023,92.36000061,92.58000183,90.61000061,92.30999756,88.54457855,659800
LDOS,3/16/2023,92.16999817,93.25,91.58000183,92.51999664,88.7460022,1332500
LDOS,3/17/2023,92.56999969,92.56999969,89.63999939,90.45999908,86.77003479,2023200
LDOS,3/20/2023,90.94999695,92.70999908,90.94999695,91.58000183,87.84435272,611700
LDOS,3/21/2023,92.47000122,92.87999725,91.80999756,92.63999939,88.86110687,842600
LDOS,3/22/2023,92.79000092,93.12000275,91.25,91.30999756,87.58535767,589300
LDOS,3/23/2023,91.19000244,91.5,89.81999969,90.27999878,86.59737396,642900
LDOS,3/24/2023,90.30000305,91.43000031,89.66999817,91.37999725,87.65248871,953800
LDOS,3/27/2023,91.05000305,91.43000031,90.08000183,91.37999725,87.65248871,923700
LDOS,3/28/2023,91.54000092,92.30999756,91.08999634,91.09999847,87.38391113,696100
LDOS,3/29/2023,91.61000061,91.88999939,90.90000153,91.44000244,87.71006775,1601800
LDOS,3/30/2023,91.73000336,92.26000214,91.18000031,91.58999634,87.8539505,1008000
LDOS,3/31/2023,92.02999878,92.40000153,91.73999786,92.05999756,88.30477142,1116200
LDOS,4/3/2023,92.16000366,93.90000153,92.13999939,93.19999695,89.39826202,971300
LDOS,4/4/2023,93.15000153,93.63999939,91.11000061,91.58999634,87.8539505,1013600
LDOS,4/5/2023,91.38999939,92.37999725,91.19000244,91.51000214,87.77720642,915900
LDOS,4/6/2023,91.97000122,92.12000275,90.83000183,91.41000366,87.68128967,824800
LDOS,4/10/2023,91.44999695,93.01999664,91.43000031,92.59999847,88.82273865,565000
LDOS,4/11/2023,92.73000336,92.91999817,91.91999817,92.27999878,88.51579285,940800
LDOS,4/12/2023,92.19999695,93.18000031,91.98000336,92.68000031,88.89948273,491400
LDOS,4/13/2023,92.41000366,93.25,91.87999725,92.77999878,88.9954071,589000
LDOS,4/14/2023,92.55000305,92.81999969,91.34999847,91.91000366,88.16088867,455200
LDOS,4/17/2023,92.01999664,93.12999725,91.62000275,93.08999634,89.29276276,492400
LDOS,4/18/2023,93.06999969,93.63999939,92.61000061,93.05999756,89.26396942,485200
LDOS,4/19/2023,93.33000183,93.48999786,92.37000275,92.44000244,88.66928864,395900
LDOS,4/20/2023,92.51999664,92.76000214,91.97000122,92.55999756,88.78438568,445100
LDOS,4/21/2023,92.98999786,93.23000336,91.41000366,91.75,88.00740814,401800
LDOS,4/24/2023,91.66000366,91.83999634,90.72000122,91.37000275,87.64291382,348900
LDOS,4/25/2023,91.31999969,91.88999939,90.90000153,91.41000366,87.68128967,508300
LDOS,4/26/2023,90.69999695,91.18000031,88.76000214,89.45999908,85.81083679,800900
LDOS,4/27/2023,89.5,92.08000183,89.5,92.05999756,88.30477142,702900
LDOS,4/28/2023,92.01999664,93.44999695,91.80000305,93.26000214,89.45581818,1189100
LDOS,5/1/2023,93.45999908,94.80999756,93.45999908,94.31999969,90.47258759,1387400
LDOS,5/2/2023,90.19000244,90.19000244,79.41000366,80.61000061,77.32182312,4017400
LDOS,5/3/2023,80.55000305,83.94000244,80.41999817,80.88999939,77.5904007,2053500
LDOS,5/4/2023,80.25,80.98000336,78.58000183,79.44999695,76.20915222,1352600
LDOS,5/5/2023,80.02999878,81.08999634,79.73999786,80.83000183,77.5328598,2192800
LDOS,5/8/2023,80.83000183,81.06999969,78.87000275,79.06999969,75.84464264,1458500
LDOS,5/9/2023,81.01000214,81.75,79.5,80.29000092,77.01488495,1680500
LDOS,5/10/2023,80.55999756,80.80999756,79.23000336,80.05999756,76.79426575,1357100
LDOS,5/11/2023,79.37999725,79.62999725,78.13999939,78.26999664,75.07727051,944400
LDOS,5/12/2023,78.58000183,78.97000122,77.94000244,78.91000366,75.691185,852800
LDOS,5/15/2023,78.77999878,78.98999786,78.08000183,78.31999969,75.12523651,1214000
LDOS,5/16/2023,78,78,76.91999817,76.91999817,73.78235626,1322700
LDOS,5/17/2023,77.11000061,79.15000153,76.58000183,78.55000305,75.34585571,2009300
LDOS,5/18/2023,78.47000122,79.04000092,77.48999786,78.91999817,75.70078278,1078900
LDOS,5/19/2023,79.31999969,79.5,78.12999725,78.40000153,75.20199585,1160600
LDOS,5/22/2023,78.23999786,80.23000336,78.08999634,80.01000214,76.746315,980300
LDOS,5/23/2023,81.5,82.18000031,80.76999664,81.08000183,77.7726593,1243400
LDOS,5/24/2023,81.05999756,81.23999786,80.22000122,80.65000153,77.36019135,1280700
LDOS,5/25/2023,81.72000122,82.01000214,79.05000305,79.29000092,76.05567169,1191800
LDOS,5/26/2023,79.69999695,80.81999969,79.30999756,80.30000305,77.02448273,1429000
LDOS,5/30/2023,80.29000092,80.88999939,79.19999695,79.23999786,76.00770569,728800
LDOS,5/31/2023,79,79.23999786,77.91000366,78.05999756,74.87583923,1329400
LDOS,6/1/2023,78.30999756,78.84999847,77.91000366,78.47000122,75.26913452,955800
LDOS,6/2/2023,79.02999878,81.59999847,79.02999878,81.48999786,78.16594696,819100
LDOS,6/5/2023,81.83000183,82.13999939,80.62000275,80.66000366,77.36980438,655400
LDOS,6/6/2023,80.40000153,81.62000275,80.40000153,81.33000183,78.0124588,653500
LDOS,6/7/2023,81.41999817,82.73000336,81.18000031,82.69999695,79.3265686,586800
LDOS,6/8/2023,82.69000244,83.01999664,82.06999969,82.55000305,79.18268585,682300
LDOS,6/9/2023,82.65000153,83.34999847,82.26999664,82.91000366,79.52801514,475600
LDOS,6/12/2023,83.31999969,84.55000305,82.88999939,84.04000092,80.61191559,630200
LDOS,6/13/2023,83.80000305,84.55999756,83.70999908,83.73999786,80.32415009,1101000
LDOS,6/14/2023,83.23000336,83.69999695,82.58000183,83.02999878,79.98697662,725400
LDOS,6/15/2023,83.08000183,85.30999756,82.87999725,85.23999786,82.11598206,1254800
LDOS,6/16/2023,85.58000183,86.01000214,85.04000092,85.88999939,82.74216461,2761900
LDOS,6/20/2023,85.5,86.02999878,84.87999725,85.19000244,82.06782532,815100
LDOS,6/21/2023,84.94000244,86.54000092,84.15000153,86.47000122,83.30090332,1086000
LDOS,6/22/2023,86.55000305,86.55000305,85.79000092,86,82.84812927,696800
LDOS,6/23/2023,85.56999969,85.94999695,84.62000275,84.72000122,81.61504364,998200
LDOS,6/26/2023,84.44999695,85.95999908,84.23000336,85.94999695,82.7999649,723900
LDOS,6/27/2023,85.66000366,86.86000061,85.34999847,86.43000031,83.26238251,765700
LDOS,6/28/2023,86.48999786,86.84999847,85.62000275,86.66999817,83.49358368,823800
LDOS,6/29/2023,86.75,88.30999756,86.75,87.77999878,84.56291199,845500
LDOS,6/30/2023,88.18000031,88.91000366,88,88.48000336,85.23725128,818200
LDOS,7/3/2023,87.81999969,88.61000061,87.61000061,88.41999817,85.17944336,297100
LDOS,7/5/2023,88,89.13999939,87.72000122,88.65000153,85.40100861,796500
LDOS,7/6/2023,88.26000214,88.83999634,87.69999695,88.44000244,85.19870758,761900
LDOS,7/7/2023,88.19999695,89.08000183,87.77999878,88.04000092,84.81336975,928600
LDOS,7/10/2023,87.73000336,88.77999878,87.73000336,88.02999878,84.80374146,664200
LDOS,7/11/2023,88.08999634,89.73000336,88.05000305,89.51000214,86.22950745,763000
LDOS,7/12/2023,90,90.08000183,89.05000305,89.12999725,85.86341858,1021300
LDOS,7/13/2023,89.13999939,90.19999695,88.80999756,89.87000275,86.5763092,660900
LDOS,7/14/2023,89.51000214,90.01000214,88.91000366,89.83000183,86.53775787,858900
LDOS,7/17/2023,89.76000214,90.62000275,89.73999786,90.48000336,87.16395569,790600
LDOS,7/18/2023,90.69999695,91.51000214,89.91000366,90.34999847,87.03871155,762200
LDOS,7/19/2023,90.68000031,91.16000366,89.76000214,90.55000305,87.23139191,743100
LDOS,7/20/2023,90.62999725,91.41000366,90.51999664,91.36000061,88.0116806,554300
LDOS,7/21/2023,91.62999725,91.63999939,90.90000153,91.30999756,87.96351624,624200
LDOS,7/24/2023,91.63999939,91.94999695,91.16000366,91.43000031,88.07911682,526300
LDOS,7/25/2023,91.02999878,92.29000092,90.94999695,92.20999908,88.83052826,655900
LDOS,7/26/2023,92.44000244,93.84999847,92.44000244,93.68000031,90.24667358,822300
LDOS,7/27/2023,93.80000305,94.12999725,92.09999847,92.16000366,88.78238678,1202500
LDOS,7/28/2023,93.01999664,93.76000214,92.75,93.75,90.31409454,890000
LDOS,7/31/2023,94.20999908,94.68000031,93.40000153,93.52999878,90.10217285,1282100
LDOS,8/1/2023,96,101.6200027,95.58000183,99.98000336,96.31578064,2027000
LDOS,8/2/2023,99.98999786,100.3199997,98.30000305,98.55000305,94.93817902,935400
LDOS,8/3/2023,98.70999908,98.93000031,97.59999847,98.40000153,94.79367828,936400
LDOS,8/4/2023,99.08000183,99.16000366,96.80999756,97.09999847,93.54132843,859800
LDOS,8/7/2023,97.23999786,97.97000122,96.93000031,97.62999725,94.05188751,1161800
LDOS,8/8/2023,97.44000244,97.44000244,96.36000061,97,93.44499969,593300
LDOS,8/9/2023,96.94000244,97.84999847,96.68000031,97.55999756,93.98445129,454400
LDOS,8/10/2023,97.26000214,97.77999878,96.76999664,97.33000183,93.76290131,587300
LDOS,8/11/2023,97.38999939,97.98999786,96.73000336,97.66000366,94.08079529,594700
LDOS,8/14/2023,97.77999878,98.65000153,97.44999695,98.16999817,94.57210541,702400
LDOS,8/15/2023,97.86000061,98.48999786,97.45999908,97.59999847,94.02300262,637900
LDOS,8/16/2023,97.52999878,97.79000092,96.72000122,96.79000092,93.24268341,565100
LDOS,8/17/2023,96.90000153,97.80000305,96.23999786,96.30999756,92.78028107,819400
LDOS,8/18/2023,96.04000092,96.58000183,95.59999847,96.09999847,92.57798767,3388400
LDOS,8/21/2023,95.79000092,96.51999664,95.65000153,96.47000122,92.93441772,693000
LDOS,8/22/2023,96.02999878,96.40000153,95.09999847,95.38999939,91.89400482,1193800
LDOS,8/23/2023,95.56999969,95.73999786,94.98999786,95.5,91.99996185,732600
LDOS,8/24/2023,95,96.84999847,94.98999786,96.41000366,92.8766098,571700
LDOS,8/25/2023,96.91000366,96.91000366,95.52999878,95.79000092,92.27934265,350100
LDOS,8/28/2023,95.72000122,96.91999817,95.48999786,96.86000061,93.31012726,563600
LDOS,8/29/2023,97,97.12999725,96.12999725,96.83000183,93.28121948,375100
LDOS,8/30/2023,97.23000336,98.19000244,97.16999817,97.95999908,94.36980438,413100
LDOS,8/31/2023,98.44999695,98.66999817,97.45999908,97.51000214,93.93629456,1324900
LDOS,9/1/2023,98.44999695,100.3000031,98.44999695,98.83999634,95.21755219,785800
LDOS,9/5/2023,98.52999878,98.56999969,97.45999908,97.45999908,93.88813782,548300
LDOS,9/6/2023,97.30999756,97.52999878,96.40000153,96.51000214,92.97293854,545500
LDOS,9/7/2023,96.76000214,97,95.27999878,95.73999786,92.23117065,950700
LDOS,9/8/2023,95.69000244,96.06999969,95.31999969,95.80000305,92.28895569,512200
LDOS,9/11/2023,95.56999969,96.05000305,95.16000366,95.90000153,92.38530731,440400
LDOS,9/12/2023,95.37000275,96.12000275,95.01000214,95.77999878,92.26970673,461500
LDOS,9/13/2023,96.05000305,96.19000244,94.55999756,95.02999878,91.54718781,394600
LDOS,9/14/2023,95,95.76999664,94.56999969,95.12999725,91.99201202,657000
LDOS,9/15/2023,94.80000305,94.97000122,93.31999969,94.04000092,90.93798065,1908400
LDOS,9/18/2023,94.33000183,94.33000183,93.37999725,93.56999969,90.48347473,724200
LDOS,9/19/2023,93.69999695,93.87999725,93.11000061,93.69000244,90.59952545,761400
LDOS,9/20/2023,94.19000244,94.91000366,93.58999634,93.84999847,90.75423431,476000
LDOS,9/21/2023,93.68000031,93.68000031,92.36000061,92.40000153,89.35206604,485500
LDOS,9/22/2023,92.30000305,92.62999725,90.98000336,91.12999725,88.1239624,494800
LDOS,9/25/2023,90.94000244,91.77999878,90.81999969,91.36000061,88.34637451,413600
LDOS,9/26/2023,90.86000061,91.47000122,90.58999634,90.98000336,87.97890472,405100
LDOS,9/27/2023,91.20999908,92.44000244,90.98000336,91.98999786,88.95559692,428400
LDOS,9/28/2023,92.16000366,92.52999878,91.83999634,92.13999939,89.10063934,380700
LDOS,9/29/2023,92.37000275,93.01999664,91.48999786,92.16000366,89.11999512,555500
LDOS,10/2/2023,92.01999664,93.94000244,91.87999725,93.19999695,90.12567139,895300
LDOS,10/3/2023,93.61000061,94.43000031,92.52999878,92.65000153,89.59381866,664900
LDOS,10/4/2023,92.54000092,93,90.62999725,91.33000183,88.31737518,812800
LDOS,10/5/2023,91.19999695,91.62999725,89.90000153,90.44999695,87.46639252,491500
LDOS,10/6/2023,89.94999695,91.33999634,89.22000122,90.98000336,87.97890472,574100
LDOS,10/9/2023,91.83999634,95.05999756,91.83999634,94.41000366,91.29576874,931100
LDOS,10/10/2023,94.69999695,95.01999664,93.87999725,94.29000092,91.17973328,725700
LDOS,10/11/2023,94.37999725,95.76999664,94.31999969,95.63999939,92.48519135,637700
LDOS,10/12/2023,95.83999634,95.83999634,93.69999695,94.51000214,91.39247894,645900
LDOS,10/13/2023,95.29000092,95.76000214,94.12999725,94.88999939,91.75992584,698700
LDOS,10/16/2023,95.41000366,96.01000214,94.76999664,95.41000366,92.26277924,538200
LDOS,10/17/2023,95.43000031,96.66999817,95.23000336,95.47000122,92.32079315,582000
LDOS,10/18/2023,95.36000061,95.36000061,94.09999847,94.26999664,91.16038513,423900
LDOS,10/19/2023,94.27999878,94.83000183,93.19999695,93.41000366,90.32875061,439700
LDOS,10/20/2023,94,94.18000031,92.68000031,92.70999908,89.65181732,650500
LDOS,10/23/2023,92.38999939,93.16000366,91.87999725,91.87999725,88.84921265,393500
LDOS,10/24/2023,92.41999817,92.87999725,90.83000183,91.01000214,88.00792694,535400
LDOS,10/25/2023,91.06999969,92.33000183,91.06999969,91.31999969,88.30767822,473000
LDOS,10/26/2023,91.33000183,92.68000031,90.63999939,92.06999969,89.03295135,597900
LDOS,10/27/2023,91.55999756,92.11000061,90.30000305,90.48999786,87.50505829,538700
LDOS,10/30/2023,92.31999969,92.72000122,90.52999878,91.79000092,88.76218414,800900
LDOS,10/31/2023,95.51999664,99.75,94.56999969,99.12000275,95.8503952,2292100
LDOS,11/1/2023,100.0299988,101.9199982,98.29000092,101.1800003,97.842453,1729200
LDOS,11/2/2023,101.25,103.4800034,100.1699982,103.1800003,99.776474,1427200
LDOS,11/3/2023,103.6600037,105.3099976,103.5,103.9400024,100.5114059,1195600
LDOS,11/6/2023,103.7399979,103.8899994,102.8199997,103.3199997,99.91187286,787100
LDOS,11/7/2023,103.0199966,103.5999985,102.5800018,102.8099976,99.41867065,722300
LDOS,11/8/2023,102.7699966,103.3700027,102.2099991,103.0100021,99.61209106,683600
LDOS,11/9/2023,103.3499985,103.5800018,102.2699966,102.5100021,99.12859344,667600
LDOS,11/10/2023,103,103.8899994,102.75,103.5500031,100.1342926,656400
LDOS,11/13/2023,103.4599991,104.8399963,102.7200012,104.4100037,100.9659042,673200
LDOS,11/14/2023,104.9599991,105.4700012,103.8199997,104.9800034,101.5171051,786100
LDOS,11/15/2023,105.0100021,105.4599991,104.3000031,104.9599991,101.497757,687500
LDOS,11/16/2023,105.1500015,105.8499985,104.6299973,104.6699982,101.2173309,650900
LDOS,11/17/2023,105.9499969,105.9499969,104.9300003,105.2600021,101.7878571,731300
LDOS,11/20/2023,105,106.4199982,104.7200012,105.9199982,102.4260788,665500
LDOS,11/21/2023,105.9499969,106.4800034,105.3399963,105.6699982,102.1843414,456700
LDOS,11/22/2023,105.6800003,106.6900024,105.5,106.3199997,102.8128967,528000
LDOS,11/24/2023,106.7200012,107.2600021,106.4899979,106.7600021,103.2383957,237200
LDOS,11/27/2023,106.5299988,106.9100037,106.1399994,106.75,103.2287064,401400
LDOS,11/28/2023,106.8799973,107.4000015,106.3300018,106.3399963,102.8322372,513000
LDOS,11/29/2023,106.5899963,106.9400024,105.7399979,106.2200012,102.7162018,635000
LDOS,11/30/2023,106.2799988,107.3499985,105.7099991,107.3199997,103.7799149,1015200
LDOS,12/1/2023,107.1299973,108.9499969,106.8000031,108.9400024,105.3464813,703000
LDOS,12/4/2023,109.1500015,111.3899994,109,111.3000031,107.6286316,829900
LDOS,12/5/2023,111,111,109.7699966,110,106.3715134,492700
LDOS,12/6/2023,109.8099976,110.8700027,109.3399963,109.6999969,106.081398,658400
LDOS,12/7/2023,109.9800034,110.2900009,108.3700027,108.6800003,105.0950546,713400
LDOS,12/8/2023,108.9100037,109.3000031,108.2799988,108.4899979,104.9113235,1002600
LDOS,12/11/2023,108.6100006,108.8899994,107.7900009,108.3099976,104.7372513,906800
LDOS,12/12/2023,108.2600021,109.4499969,107.8899994,109.0100021,105.4141693,537400
LDOS,12/13/2023,109.0599976,110.2300034,108.7699966,110.1800003,106.5455704,665300
LDOS,12/14/2023,109.9800034,110.1699982,107.5199966,108.6900024,105.4684677,882100
LDOS,12/15/2023,107.6900024,108.5800018,106.9100037,107.5500031,104.3622589,1774500
LDOS,12/18/2023,108.1999969,108.6500015,107.1999969,107.8899994,104.6921921,525500
LDOS,12/19/2023,107.9300003,108.0899963,107.4000015,107.7099991,104.5175247,1053400
LDOS,12/20/2023,107.6500015,107.7099991,105.7099991,105.8799973,102.7417526,709700
LDOS,12/21/2023,106.3499985,106.8600006,105.5199966,106.5899963,103.4307098,526000
LDOS,12/22/2023,106.9199982,108.0599976,106.9199982,107.6299973,104.439888,449500
LDOS,12/26/2023,107.4899979,108.2399979,107.2099991,107.9000015,104.7018814,572900
LDOS,12/27/2023,107.8600006,108.5400009,107.5400009,107.8199997,104.6242599,304100
LDOS,12/28/2023,107.7099991,108.0400009,107.3600006,107.9400024,104.740715,295900
LDOS,12/29/2023,107.9599991,108.4199982,107.7300034,108.2399979,105.0318069,478400
LDOS,1/2/2024,107.9400024,108.5400009,107.2699966,108,104.7989273,709300
LDOS,1/3/2024,107.5400009,107.8199997,106.3799973,107.6600037,104.4690018,1084500
LDOS,1/4/2024,108.4199982,108.8199997,107.3700027,107.8199997,104.6242599,940300
LDOS,1/5/2024,109.1999969,109.5100021,107.5100021,108.7399979,105.5169907,1566500
LDOS,1/8/2024,109.0100021,110.2200012,108.1800003,110.1699982,106.9046021,764300
LDOS,1/9/2024,110.2699966,110.6299973,109.4400024,110.2200012,106.953125,546000
LDOS,1/10/2024,110.1399994,110.6200027,109.4300003,109.7099991,106.4582443,587300
LDOS,1/11/2024,109.6500015,109.7399979,108.3000031,108.8199997,105.5946198,551400
LDOS,1/12/2024,108.8000031,110.3199997,108.8000031,110.1900024,106.9240265,451900
LDOS,1/16/2024,109.8899994,110,108.1399994,108.7399979,105.5169907,542800
LDOS,1/17/2024,108.0199966,109.2799988,108.0199966,108.5100021,105.2938156,592500
LDOS,1/18/2024,108.6200027,109.8000031,107.7300034,109.7300034,106.4776459,701700
LDOS,1/19/2024,110,110.1900024,109.0699997,109.8799973,106.6231918,505700
LDOS,1/22/2024,110.1600037,111.5199966,110.1600037,111.2699966,107.9720078,459500
LDOS,1/23/2024,111.3700027,111.5400009,110.2799988,110.5699997,107.2927551,379800
LDOS,1/24/2024,111.0199966,111.3700027,110.0500031,110.1600037,106.8949051,348000
LDOS,1/25/2024,110.9199982,110.9199982,108.9499969,110.7300034,107.4480133,531000
LDOS,1/26/2024,111.6299973,113.5,110.9599991,111.5500031,108.2436905,666900
LDOS,1/29/2024,111.3300018,111.9000015,110.5800018,111.5100021,108.204895,544000
LDOS,1/30/2024,111.5699997,111.8099976,111.1999969,111.6100006,108.3019333,758700
LDOS,1/31/2024,111.9400024,111.9400024,110.1600037,110.4700012,107.1957169,571000
LDOS,2/1/2024,110.6699982,110.8899994,109.6600037,110.8499985,107.5644531,637400
LDOS,2/2/2024,110.6200027,111.4499969,110.0400009,110.9300003,107.6420822,428400
LDOS,2/5/2024,110.1500015,111.1600037,108.9700012,110.7300034,107.4480133,746800
LDOS,2/6/2024,110.6500015,112.9100037,110.6100006,112.1600037,108.8356247,609000
LDOS,2/7/2024,112.3300018,113.4100037,111.9499969,113.0800018,109.7283554,640600
LDOS,2/8/2024,112.9000015,113.7200012,112.5299988,113.2699966,109.9127274,779200
LDOS,2/9/2024,113.6299973,114.2300034,112.9899979,113.5299988,110.1650162,816700
LDOS,2/12/2024,113.8000031,115.4000015,113.6699982,114.5599976,111.1644897,1202000
LDOS,2/13/2024,119.6500015,122.5,118.4000015,121.2799988,117.6853104,2467200
LDOS,2/14/2024,121.9300003,122.4899979,119.3099976,121.5,117.8987961,1553500
LDOS,2/15/2024,122.3700027,123.1699982,120.9800034,122.1900024,118.5683594,1771600
LDOS,2/16/2024,122.1999969,124.9300003,121.0400009,123.8300018,120.159729,1377000
LDOS,2/20/2024,123.8399963,124.9599991,123.2399979,123.5,119.8395004,1319600
LDOS,2/21/2024,123.4899979,124.8899994,122.7600021,123.9499969,120.2761612,1086300
LDOS,2/22/2024,124,125.3499985,123.5800018,124.75,121.0524673,1032200
LDOS,2/23/2024,125.1999969,126.6600037,125.1999969,126.0599976,122.3236313,1111900
LDOS,2/26/2024,126.25,126.8799973,125.4400024,125.6900024,121.9645996,1049000
LDOS,2/27/2024,125.5,126.7099991,125.3399963,126.5800018,122.8282242,1066000
LDOS,2/28/2024,126.75,127.0999985,126.1500015,126.5599976,122.8088303,780700
LDOS,2/29/2024,126.6500015,128.0700073,126.4599991,127.8600006,124.0702896,1050000
LDOS,3/1/2024,129,129.0599976,126.7900009,127.4400024,123.662735,834700
LDOS,3/4/2024,127.8199997,129.7400055,127.4400024,129.5200043,125.6810837,661700
LDOS,3/5/2024,129.8000031,130.1000061,128.3800049,129.3000031,125.467598,688400
LDOS,3/6/2024,129.3099976,129.8699951,128.5299988,129.8300018,125.9819031,554200
LDOS,3/7/2024,130.2299957,130.3899994,128.3899994,129.7899933,125.9430695,917600
LDOS,3/8/2024,129.7100067,129.9499969,128.1100006,128.7599945,124.9436035,531100
LDOS,3/11/2024,127.9499969,128.1499939,126.6800003,127.25,123.4783783,656600
LDOS,3/12/2024,127.0699997,127.4800034,125.8700027,127.2399979,123.4686584,894000
LDOS,3/13/2024,127.6200027,128.5200043,127.1399994,128.0700073,124.274086,837500
LDOS,3/14/2024,127.4800034,127.8000031,125.8099976,127.7900009,124.3713837,746200
LDOS,3/15/2024,126.4800034,128.0099945,126.2099991,127.9199982,124.4978867,1799700
LDOS,3/18/2024,127.2200012,127.8799973,125.5599976,126.3499985,122.9699097,1471700
LDOS,3/19/2024,126.4300003,127.9199982,126.4300003,127.8799973,124.4589691,734300
LDOS,3/20/2024,127.9199982,129.0200043,127.3199997,127.8799973,124.4589691,749000
LDOS,3/21/2024,128.1100006,129.9700012,127.4499969,129.1499939,125.6949768,516400
LDOS,3/22/2024,129.5,129.6799927,128.6799927,129.1399994,125.6852798,617300
LDOS,3/25/2024,129.2100067,129.7700043,128.2200012,128.2200012,124.7898865,440000
LDOS,3/26/2024,128.0700073,129.5599976,128.0700073,129.3600006,125.8993835,588200
LDOS,3/27/2024,130.3000031,130.7299957,129.6100006,130.5399933,127.0477905,669400
LDOS,3/28/2024,130.9199982,131.5,130.1900024,131.0899963,127.5830994,682700
LDOS,4/1/2024,130.8099976,130.9199982,129.8399963,130.4199982,126.9310226,444500
LDOS,4/2/2024,130.4199982,130.4199982,128.7799988,128.9499969,125.5003357,556000
LDOS,4/3/2024,128.8699951,129.9900055,128.6900024,129.0099945,125.5587311,719800
LDOS,4/4/2024,129.8500061,130.1000061,128.3399963,128.7100067,125.2667542,547100
LDOS,4/5/2024,128.6900024,129.3999939,127.7799988,128.6600037,125.2181168,688300
LDOS,4/8/2024,128.6600037,130.2599945,128.2299957,129.2400055,125.782608,779800
LDOS,4/9/2024,129.4600067,129.6999969,126.7399979,127.0999985,123.6998444,714400
LDOS,4/10/2024,125.9000015,127.1399994,125.1200027,126.2200012,122.8433838,740300
LDOS,4/11/2024,126.3600006,127.8600006,125.5800018,126.6399994,123.2521439,717900
LDOS,4/12/2024,126.3099976,127.0800018,124.9300003,125.7300034,122.3665009,785100
LDOS,4/15/2024,127.0100021,127.3499985,124.1999969,124.8799973,121.5392303,817500
LDOS,4/16/2024,125.8199997,125.8199997,124.3199997,124.6399994,121.3056488,871800
LDOS,4/17/2024,125.0800018,125.0800018,123.2300034,124.3600006,121.0331421,1075700
LDOS,4/18/2024,124.5999985,125.2099991,123.2799988,123.7600021,120.4491959,868000
LDOS,4/19/2024,124.4700012,125.4499969,123.8000031,124.9100037,121.568428,940400
LDOS,4/22/2024,125.7399979,127.0599976,124.9899979,126.0299988,122.6584549,1021500
LDOS,4/23/2024,126.7600021,128.7799988,126.3799973,128.6799927,125.2375793,1220200
LDOS,4/24/2024,128.5399933,130.3500061,128.0399933,128.8999939,125.4516754,828700
LDOS,4/25/2024,128.3699951,130.1399994,128.2200012,129.8800049,126.4054642,703000
LDOS,4/26/2024,129.4299927,130.9499969,128.8000031,130.3600006,126.8726349,892000
LDOS,4/29/2024,130.3000031,132.3399963,130.2899933,131.6199951,128.0988922,1277700
LDOS,4/30/2024,139.0899963,140.9100037,135.1199951,140.2200012,136.4688263,3723800
LDOS,5/1/2024,139.7100067,142.8999939,138.6000061,142.1900024,138.3861694,1950200
LDOS,5/2/2024,142.3099976,143.3500061,140.7299957,142.6600037,138.8436127,1720100
LDOS,5/3/2024,142.6499939,143.0700073,141.2200012,141.6699982,137.8800354,1311200
LDOS,5/6/2024,142.3999939,143.2899933,141.6699982,142.6199951,138.8046722,1856300
LDOS,5/7/2024,143.8500061,144.1699982,142.75,142.8500061,139.0285187,1016900
LDOS,5/8/2024,143.5,145.5,143.5,145.5,141.607605,1221600
LDOS,5/9/2024,145.8500061,147,145.1300049,146.8300018,142.9020233,1066600
LDOS,5/10/2024,147.25,147.8000031,146.7299957,147.4799957,143.5346527,667500
LDOS,5/13/2024,147.5599976,147.7799988,146.0599976,146.0899963,142.1818237,969800
LDOS,5/14/2024,145.9900055,146.9299927,145.3699951,146.6000061,142.6781921,786600
LDOS,5/15/2024,146.6499939,148.1600037,146.6499939,147.25,143.3107758,941500
LDOS,5/16/2024,147.4199982,148.7299957,147.1600037,147.5599976,143.6124878,603000
LDOS,5/17/2024,147.9199982,148.7299957,147,148.6699982,144.6928101,674500
LDOS,5/20/2024,148.9100037,149.4900055,147.9199982,149.4400024,145.4421844,475700
LDOS,5/21/2024,149.6300049,150.3500061,149.5899963,150.2799988,146.2597504,608400
LDOS,5/22/2024,150.2700043,151.1100006,149.6300049,149.9199982,145.9093475,1007900
LDOS,5/23/2024,150.0800018,151.1600037,148.9199982,149.7700043,145.7634125,763700
LDOS,5/24/2024,150.9400024,151.3200073,150,151.1499939,147.1064606,691700
LDOS,5/28/2024,150.3300018,150.5800018,147.1699982,147.5800018,143.6319885,745600
LDOS,5/29/2024,146.7599945,147.3099976,145.4900055,145.7200012,141.8217468,673700
LDOS,5/30/2024,146.0500031,146.3500061,145.0099945,145.2799988,141.3934784,731300
LDOS,5/31/2024,145.3999939,147.1000061,144.7200012,147.0500031,143.1161346,1565200
LDOS,6/3/2024,146.6699982,146.8099976,143.6600037,145.5200043,141.6270599,1024400
LDOS,6/4/2024,145.2799988,145.3099976,143.8099976,144.5200043,140.6538086,1086800
LDOS,6/5/2024,144.5700073,145.9799957,143.6300049,145.6699982,141.7730713,545600
LDOS,6/6/2024,145.5899963,145.9400024,143.1100006,144.2400055,140.3813171,615100
LDOS,6/7/2024,144.4199982,145.7700043,144.0399933,144.8500061,140.9749756,664400
LDOS,6/10/2024,144.7599945,145.0599976,143.6600037,144.7200012,140.8484955,790700
LDOS,6/11/2024,144.3399963,144.3399963,143.1100006,143.7799988,139.9336243,705400
LDOS,6/12/2024,144.1499939,145.3800049,143.5399933,144.5800018,140.7122192,551300
LDOS,6/13/2024,144.1799927,144.8200073,143.6300049,144.1499939,140.2937164,618800
LDOS,6/14/2024,142.7799988,143.7299957,142.0899963,143.6999969,140.2254028,737300
LDOS,6/17/2024,143.2899933,144.1199951,141.7599945,143.8600006,140.3815613,859200
LDOS,6/18/2024,143.6399994,144.6600037,143.0700073,143.8699951,140.3912964,741100
LDOS,6/20/2024,143.6100006,146.5700073,143.6100006,146.0099945,142.4795532,801300
LDOS,6/21/2024,145.6900024,146.6300049,144.2100067,146.5700073,143.0260315,1852200
LDOS,6/24/2024,146.8699951,149.4900055,146.4799957,148.5599976,144.9678955,1216400
LDOS,6/25/2024,148.6000061,149.25,147.0299988,148.2899933,144.7044067,656700
LDOS,6/26/2024,147.7400055,147.9499969,145.8200073,146.3899994,142.8503723,1094800
LDOS,6/27/2024,146.75,147.4600067,145.8000031,147.1799927,143.6212616,762800
LDOS,6/28/2024,147.5899963,148.6600037,144.7700043,145.8800049,142.3527222,1835200
LDOS,7/1/2024,146.5800018,147.4900055,144.7299957,145.5599976,142.0404205,633900
LDOS,7/2/2024,145.4700012,146.6199951,145.0500031,145.8600006,142.3331909,517500
LDOS,7/3/2024,145.6399994,146.7400055,145.2700043,146.6399994,143.0943298,297300
LDOS,7/5/2024,146.6399994,147.1699982,144.8099976,145.5099945,141.9916382,411500
LDOS,7/8/2024,146,146.7599945,145.5099945,145.5599976,142.0404205,425900
LDOS,7/9/2024,145.7599945,146.5,144.7700043,145.0500031,141.5427856,550600
LDOS,7/10/2024,145.9100037,148.8899994,145.9100037,148.8399963,145.2411194,1018500
LDOS,7/11/2024,148.7400055,149.3000031,147.8600006,148.9499969,145.3484497,714200
LDOS,7/12/2024,148.9499969,151.4199982,148.5299988,149.9199982,146.2949982,964900
LDOS,7/15/2024,150.1499939,151.1399994,148.8800049,148.9600067,145.3582611,935300
LDOS,7/16/2024,149.6399994,152.6100006,149.4499969,151.8099976,148.1393127,616300
LDOS,7/17/2024,151.8099976,152.7400055,150.0500031,150.2400055,146.6072693,1243700
LDOS,7/18/2024,150.5299988,151.4799957,150.0399933,150.8000031,147.153717,704400
LDOS,7/19/2024,151.6000061,152.8000031,149.5700073,149.9400024,146.3145447,862600
LDOS,7/22/2024,150.3600006,153.0700073,150.1399994,153,149.3005371,861800
LDOS,7/23/2024,153.2400055,155.4499969,152.7899933,154.9400024,151.1936493,658600
LDOS,7/24/2024,154.5200043,154.5200043,150.0700073,150.1000061,146.4706573,1016400
LDOS,7/25/2024,150.6399994,153.7700043,150.3500061,152.0200043,148.3442383,1088900
LDOS,7/26/2024,152.1999969,152.2899933,148.6799927,149.8300018,146.2071991,1043800
LDOS,7/29/2024,150.4799957,153.6199951,150,152.9700012,149.2712555,1209400
LDOS,7/30/2024,153,153.6499939,145.8300018,145.9799957,142.4502869,1818800
LDOS,7/31/2024,148,149,142.6799927,144.3999939,140.908493,1831800
LDOS,8/1/2024,145.2299957,145.6399994,142.3500061,144.75,141.2500153,1217100
LDOS,8/2/2024,143.8099976,145.5399933,143.4799957,145.3899994,141.8745422,1063200
LDOS,8/5/2024,143.3600006,143.4799957,140.4199982,142.6600037,139.2105865,1089000
LDOS,8/6/2024,143.7700043,145.7799988,143.1999969,143.2899933,139.8253174,1059500
LDOS,8/7/2024,143.9600067,145.6799927,143.0399933,143.1799927,139.7180023,877800
LDOS,8/8/2024,143.0500031,145.3899994,142.2799988,144.3800049,140.8889618,832400
LDOS,8/9/2024,144.1600037,144.9900055,143.0399933,144.2100067,140.7230682,1018800
LDOS,8/12/2024,144,145.8000031,143.4799957,144.6900024,141.1914825,739600
LDOS,8/13/2024,144.4700012,145.6199951,143.5200043,144.8200073,141.3183289,950500
LDOS,8/14/2024,144.6199951,147.3999939,144.5099945,147.3399963,143.7774048,576400
LDOS,8/15/2024,147.5299988,148.6499939,146.6000061,147.9499969,144.3726501,456200
LDOS,8/16/2024,148.1600037,148.7100067,147.1300049,148.0200043,144.4409637,494200
LDOS,8/19/2024,147.9900055,150.1799927,147.4700012,150.1399994,146.5097046,524100
LDOS,8/20/2024,150.1999969,150.4900055,149.0500031,150.1399994,146.5097046,522900
LDOS,8/21/2024,150.25,151.4499969,149.5399933,150.8399963,147.1927795,486800
LDOS,8/22/2024,150.8699951,153.9799957,150.8699951,153.2799988,149.5737762,566800
LDOS,8/23/2024,153.5200043,154.9900055,153.5200043,154.8999939,151.1546173,539600
LDOS,8/26/2024,155,156.1999969,154.5,154.8699951,151.1253204,521600
LDOS,8/27/2024,154.8300018,156.1499939,154.2100067,156.0599976,152.2865448,521600
LDOS,8/28/2024,156.3500061,157.2700043,155.7400055,156.3500061,152.5695496,608800
LDOS,8/29/2024,156.4600067,158.8999939,156.1900024,157.4400024,153.6331787,691500
LDOS,8/30/2024,157.5099945,158.8200073,156.7700043,158.5099945,154.6773071,1072400
LDOS,9/3/2024,158.3200073,159.1000061,155.0099945,155.8000031,152.0328827,872600
LDOS,9/4/2024,155.5,156.5700073,155.1000061,156.0899963,152.3158417,1301000
LDOS,9/5/2024,156.0899963,156.3899994,153.4400024,155.8000031,152.0328827,886500
LDOS,9/6/2024,155.5200043,156.5399933,152.7200012,152.8500061,149.1541748,890500
LDOS,9/9/2024,153.7100067,154.5800018,153.1900024,153.4600067,149.7494507,807800
LDOS,9/10/2024,153.9299927,154.2799988,152.9799957,154.0599976,150.3349152,689600
LDOS,9/11/2024,153.4600067,153.4600067,149.5,152.4400024,148.7540894,774100
LDOS,9/12/2024,152.1499939,154.1900024,151.7700043,154.0899963,150.3641968,605600
LDOS,9/13/2024,154,156.9100037,153.5299988,155.5,152.1152039,756300
LDOS,9/16/2024,156.0700073,156.7200012,154.3999939,154.8099976,151.4402313,509500
LDOS,9/17/2024,154.5,155.5700073,154.1199951,154.3399963,150.9804688,530300
LDOS,9/18/2024,154.3200073,154.9700012,153.1900024,153.7899933,150.4424438,758600
LDOS,9/19/2024,154.5,156.3699951,153.3999939,156.0899963,152.6923676,622900
LDOS,9/20/2024,155.4199982,157.1000061,154.7899933,157.0599976,153.6412506,1484000
LDOS,9/23/2024,157.3800049,160.3200073,156.9199982,159.6799927,156.2042542,973900
LDOS,9/24/2024,160.0200043,160.0200043,157.4400024,158.4499969,155.0009918,750300
LDOS,9/25/2024,159.1799927,159.7100067,157.4299927,158,154.5608063,582100
LDOS,9/26/2024,157.1999969,158.8600006,157.1999969,158.4299927,154.9814453,672400
LDOS,9/27/2024,158.3800049,160,158.3800049,159.7200012,156.2433777,1080500
LDOS,9/30/2024,160,163.2700043,159.2700043,163,159.4519958,1084800
LDOS,10/1/2024,162.8399963,165.4900055,161.6300049,165.0099945,161.4182281,705400
LDOS,10/2/2024,164.5,166.0099945,163.3999939,165.1999969,161.6040955,635500
LDOS,10/3/2024,165.1699982,165.8099976,164.4299927,165.1499939,161.5551605,723400
LDOS,10/4/2024,165.9900055,166.4799957,164.1300049,166.3899994,162.7681732,583900
LDOS,10/7/2024,166,167.6399994,164.6999969,166.6600037,163.0323029,513000
LDOS,10/8/2024,167.3000031,168.0200043,165.8899994,166.6199951,162.9931793,575600
LDOS,10/9/2024,167.0599976,167.8899994,166.4299927,167.6699982,164.0203247,540000
LDOS,10/10/2024,167.4299927,167.5500031,163.5599976,164.5500031,160.9682312,698100
LDOS,10/11/2024,165.2899933,167.5099945,165.2400055,167.1999969,163.5605469,428500
LDOS,10/14/2024,167.75,169.1699982,167.3300018,168.6300049,164.9594269,477500
LDOS,10/15/2024,169.7700043,170.0800018,167.5,167.6999969,164.0496521,616400
LDOS,10/16/2024,167.4199982,168.6199951,167.1999969,168.0700073,164.4116364,611400
LDOS,10/17/2024,168.75,169.5200043,167.7400055,168.3500061,164.6855316,746800
LDOS,10/18/2024,168.7599945,169.7200012,166.6499939,169.5200043,165.8300629,579700
LDOS,10/21/2024,169.8399963,170.1499939,168.5399933,169.6799927,165.986557,365200
LDOS,10/22/2024,168.9299927,169.9499969,167.0599976,167.5500031,163.9029541,634200
LDOS,10/23/2024,167.1000061,168.4299927,166.75,168.3099976,164.6463776,570800
LDOS,10/24/2024,168.4100037,169.9400024,167.3200073,168.7899933,165.1159515,570900
LDOS,10/25/2024,170.25,171.3500061,168.5399933,168.7100067,165.0376892,592600
LDOS,10/28/2024,169.8300018,170.5399933,168.5200043,169.7299957,166.0354767,779200
LDOS,10/29/2024,182,186.8800049,177.25,185.8600006,181.8143463,2170700
LDOS,10/30/2024,188.1199951,188.3600006,184.1999969,185.7400055,181.696991,1421800
LDOS,10/31/2024,184.9400024,186.2200012,181.8000031,183.1600037,179.1731567,1363300
LDOS,11/1/2024,184.1699982,184.9799957,182.8300018,182.9700012,178.9872894,1053200
LDOS,11/4/2024,184.3500061,186.5700073,183.6600037,186.3200073,182.2643585,1006800
LDOS,11/5/2024,186.3300018,190.25,186.3200073,190.0700073,185.9327393,1006200
LDOS,11/6/2024,198.3999939,198.9900055,192.1699982,194.1999969,189.9728546,1423400
LDOS,11/7/2024,194.2400055,195.8500061,192.5800018,192.6300049,188.437027,1040900
LDOS,11/8/2024,194.5099945,199.1100006,193.6100006,198.4199982,194.1009827,923200
LDOS,11/11/2024,200.5899963,201.9900055,199.8000031,201.3899994,197.0063324,1133700
LDOS,11/12/2024,201.6000061,202.8999939,199.9400024,201.2700043,196.8889313,744000
LDOS,11/13/2024,201.3600006,202.5099945,193.8399963,194.3999939,190.1684875,1393900
LDOS,11/14/2024,194.2200012,194.9400024,166.4799957,167.9600067,164.3040466,4694400
LDOS,11/15/2024,167.8000031,168.7299957,156.75,160.6499939,157.1531372,5723200
LDOS,11/18/2024,161,162,156.8800049,158.8399963,155.3825226,2738100
LDOS,11/19/2024,158.7299957,163.2700043,157.4299927,158.2899933,154.8445129,1977900
LDOS,11/20/2024,158.3899994,162.2599945,158.0299988,162.1499939,158.6204834,1912300
LDOS,11/21/2024,163,167.7200012,162.1499939,164.6900024,161.1051788,2079700
LDOS,11/22/2024,165.3699951,166.3800049,163.3300018,165.5099945,161.9073334,1770500
LDOS,11/25/2024,166.0099945,166.3600006,160.5399933,163.6000061,160.0389252,1677200
LDOS,11/26/2024,163.5899963,166.8399963,162.4799957,166.1100006,162.494278,1278400
LDOS,11/27/2024,165.6999969,166.7299957,162.3200073,163.9700012,160.4008636,1148800
LDOS,11/29/2024,164.5500031,165.4600067,163.0399933,165.3999939,161.7997131,620300
LDOS,12/2/2024,166,166.4199982,163.25,164.1300049,160.557373,1407300
LDOS,12/3/2024,164.3999939,166.4600067,164.0399933,164.1300049,160.557373,1277200
LDOS,12/4/2024,163.8300018,165.75,162.8200073,165.0599976,161.4671326,980000
LDOS,12/5/2024,165.5700073,165.5700073,161.8399963,163.7599945,160.1954193,1240900
LDOS,12/6/2024,163.7599945,164.2700043,162.7299957,163.1499939,159.5986938,976700
LDOS,12/9/2024,163.0099945,163.0099945,159.1100006,160.3099976,156.8205261,1252600
LDOS,12/10/2024,161.0899963,161.8200073,159.8800049,160.1600037,156.6737976,1308400
LDOS,12/11/2024,160.6799927,160.7899933,152.6100006,153.5500031,150.2076874,1908000
LDOS,12/12/2024,150.1000061,154.1999969,147.2599945,152.9799957,149.6500854,1844900
LDOS,12/13/2024,152.9600067,154.6000061,152.5099945,153.1600037,149.8261566,1071200
LDOS,12/16/2024,152.7100067,154.0800018,150.7899933,152.5,149.5711517,1051400
LDOS,12/17/2024,151.5,151.9600067,148.8800049,150.1399994,147.256485,1205000
LDOS,12/18/2024,150.4600067,150.8099976,146,146.0500031,143.2450256,1307000
LDOS,12/19/2024,147.0899963,147.6499939,142.1600037,143.1999969,140.4497681,2565800
LDOS,12/20/2024,142.6000061,145.9799957,141.9400024,144.8099976,142.0288239,3054900
LDOS,12/23/2024,144.2899933,145.6499939,143.4700012,145.1999969,142.4113464,1065900
LDOS,12/24/2024,144.5500031,145.8500061,143.8000031,145.5800018,142.7840576,708200
LDOS,12/26/2024,145.2200012,146.3300018,144.3300018,145.7100067,142.9115753,654200
LDOS,12/27/2024,144.6999969,146.3699951,143.7100067,144.4900055,141.7150116,616000
LDOS,12/30/2024,143.0299988,143.8600006,142.0399933,143.1699982,140.4203491,666800
LDOS,12/31/2024,143.5599976,144.2899933,142.1499939,144.0599976,141.2932587,1131600
LDOS,1/2/2025,145.3500061,146.3999939,143.1999969,143.3000031,140.5478363,744700
LDOS,1/3/2025,143.1799927,147.9199982,143.0399933,147.1499939,144.3238983,1075200
LDOS,1/6/2025,147.0500031,150.5200043,146.6600037,148.2400055,145.3929901,1399300
LDOS,1/7/2025,148.8500061,149.9799957,146.0200043,147.3000031,144.470993,1063000
LDOS,1/8/2025,146.6100006,146.7400055,143.7899933,145.75,142.9507904,1314800
LDOS,1/10/2025,145.75,151.0299988,145.75,149.4400024,146.569931,1540800
LDOS,1/13/2025,148.8000031,153.3600006,148,152.6399994,149.7084503,1437000
LDOS,1/14/2025,152.0899963,153.2700043,150.6699982,152.7599945,149.8261414,769300
LDOS,1/15/2025,153.9499969,155.4100037,152.75,155.25,152.2683563,990400
LDOS,1/16/2025,154.9299927,156.0800018,153.6300049,155.0899963,152.1114044,649700
LDOS,1/17/2025,155.8800049,156.3800049,154.3500061,155.1799927,152.1996765,1318000
LDOS,1/21/2025,156.8099976,161.2899933,155.7299957,160.5800018,157.4959717,1414000
LDOS,1/22/2025,161.1699982,162.3000031,160.0700073,161.1100006,158.0157928,1436700
LDOS,1/23/2025,161.1100006,162.1000061,147.2899933,148.9100037,146.0501099,2386500
LDOS,1/24/2025,149.8699951,151.3699951,144.8000031,145.5899963,142.793869,1661400
LDOS,1/27/2025,145.9900055,149.2700043,145,148.4600067,145.6087341,1089000
LDOS,1/28/2025,148.5099945,148.5099945,137.5500031,141.4900055,138.7726135,1678900
LDOS,1/29/2025,142.4499969,143.7700043,139.9100037,140.2700043,137.5760345,1670900
LDOS,1/30/2025,140.7400055,142.2899933,138.4900055,142.1900024,139.4591675,1364300
LDOS,1/31/2025,141.4900055,143.6900024,138,142.0299988,139.3022156,1409800
LDOS,2/3/2025,140.6399994,142.5299988,138.25,141.6499939,138.9295349,1254000
LDOS,2/4/2025,142.1900024,143.2599945,140.4600067,141.9600067,139.2335815,1063800
LDOS,2/5/2025,143.5899963,143.5899963,140.0700073,141.2899933,138.5764465,1047600
LDOS,2/6/2025,141.1999969,142.3999939,138.4499969,140.8200073,138.1154938,1365800
LDOS,2/7/2025,141.7100067,142.8999939,140.1900024,142.2700043,139.5376129,1215700
LDOS,2/10/2025,142.4799957,144.1399994,141.6799927,142.7700043,140.0280151,1730800
LDOS,2/11/2025,147.5099945,148.6300049,132.7799988,137.6000061,134.9573059,3563300
LDOS,2/12/2025,136.4799957,137.7200012,134.3300018,136.8500061,134.2217102,1664300
LDOS,2/13/2025,136.2799988,137,129.5399933,130.6499939,128.1407928,2605600
LDOS,2/14/2025,131.4299927,133.6000061,130.5700073,132.2599945,129.7198639,1752300
LDOS,2/18/2025,132.1799927,134,129.8600006,131.2700043,128.7489014,1852700
LDOS,2/19/2025,131,133.0800018,130.1999969,131.5,128.9744568,1398100
LDOS,2/20/2025,130.5099945,131.2700043,128.1300049,130.0500031,127.55233,1953900
LDOS,2/21/2025,129.1600037,129.2299957,125.0599976,126.8199997,124.3843613,2570800
LDOS,2/24/2025,131.2599945,132.3699951,126.7900009,128.3000031,125.8359222,2290900
LDOS,2/25/2025,128.1799927,132.0700073,127.8199997,130.7400055,128.2290802,2175200
LDOS,2/26/2025,129.9499969,131.9799957,129.1900024,129.5899963,127.1011429,887900
LDOS,2/27/2025,129.4100037,131.0399933,128.75,129.6699982,127.1796188,1352100
LDOS,2/28/2025,127.8099976,130,123.6200027,129.9700012,127.4738464,2288300
LDOS,3/3/2025,131.3999939,131.4400024,127.8000031,129.1999969,126.7186432,1714300
LDOS,3/4/2025,128.8899994,134.8600006,127.3899994,132.2200012,129.6806335,1991100
LDOS,3/5/2025,131.8500061,135.5899963,131.25,133.7100067,131.1420288,1819500
LDOS,3/6/2025,132.1699982,133.6000061,131.0099945,133.0599976,130.5045166,1489400
LDOS,3/7/2025,131.9700012,140.2299957,130.6999969,139.2400055,136.5658417,2539300
LDOS,3/10/2025,138.6499939,143,136.4400024,137.3800049,134.7415314,2016600
LDOS,3/11/2025,136.6600037,137.2599945,132.75,134.1100006,131.5343475,1871100
LDOS,3/12/2025,133.8500061,134.8399963,131.0299988,133.6000061,131.0341644,1203800
LDOS,3/13/2025,133.1999969,134.7599945,132.2299957,132.8600006,130.3083344,1291200
LDOS,3/14/2025,133.2299957,135.5500031,132.6300049,134.5500031,132.3643951,803900
LDOS,3/17/2025,136.8699951,142.2700043,135.5500031,138.1999969,135.9551239,1711500
LDOS,3/18/2025,137.2299957,139,136.1499939,138.6600037,136.4076385,1382400
LDOS,3/19/2025,138.9499969,141.6999969,137.7899933,138.6000061,136.3486328,1416400
LDOS,3/20/2025,137.3099976,137.3099976,133.5099945,134.8500061,132.6595306,1955100
LDOS,3/21/2025,134.2700043,134.75,132.0800018,133.8300018,131.6560974,3989800
LDOS,3/24/2025,134.7400055,136.0500031,133.4400024,135.7899933,133.5842438,1078100
LDOS,3/25/2025,136.6699982,137.3300018,134.6699982,136.25,134.0368042,1341300
LDOS,3/26/2025,136.25,137.5299988,135.1699982,136.3399963,134.1253052,1032400
LDOS,3/27/2025,136.7400055,137.1999969,134.9900055,135.6799927,133.4760437,1002900
LDOS,3/28/2025,134.1999969,136.2700043,132.8000031,134.0599976,131.8823547,1592100
LDOS,3/31/2025,133.3600006,136.3099976,132.6699982,134.9400024,132.7480621,1843000
LDOS,4/1/2025,134.9400024,135.7400055,132.9499969,134.9600067,132.7677612,1512500
LDOS,4/2/2025,133.1699982,143.5500031,132.4299927,142.9400024,140.6181183,3736900
LDOS,4/3/2025,139.1399994,143.9600067,138.0099945,139.4900055,137.2241669,2090400
LDOS,4/4/2025,136.8000031,140.3099976,133.1100006,133.1399994,130.9773102,2770600
LDOS,4/7/2025,130.8099976,136.7899933,128.3200073,132.8999939,130.7411957,1703900
LDOS,4/8/2025,135,137.5,131.7299957,133.3600006,131.1937561,2019600
LDOS,4/9/2025,130.5200043,140.7400055,130.3500061,139.7299957,137.4602661,2684500
LDOS,4/10/2025,138.1199951,140.5700073,135.8000031,139.6699982,137.4012146,1581000
LDOS,4/11/2025,139.5700073,142.9299927,137.2599945,141.8800049,139.5753326,1073600
LDOS,4/14/2025,143.1999969,144.0700073,140.1300049,142.9799957,140.6574707,1281700
LDOS,4/15/2025,142.8800049,143.1399994,140.8300018,141.3999939,139.1031189,1453800
LDOS,4/16/2025,141.6000061,142.3600006,139.3099976,139.8999939,137.6274872,1508600
LDOS,4/17/2025,139.2599945,140.3999939,138.0399933,139.4199982,137.155304,1754500
LDOS,4/21/2025,140,140.6499939,136.9100037,138.2400055,135.9944763,962800
LDOS,4/22/2025,138.9199982,141.8500061,138.5500031,141.2599945,138.9653931,1194600
LDOS,4/23/2025,143.75,145,141.7200012,142,139.6933899,925700
LDOS,4/24/2025,142.8099976,146.4799957,141.2599945,145.5599976,143.1955566,1153500
LDOS,4/25/2025,145.8399963,146.8800049,144.4100037,145.7100067,143.3431244,1212800
LDOS,4/28/2025,145.8699951,146.9900055,144.0099945,145.75,143.3824768,1178200
LDOS,4/29/2025,145.9199982,148.0599976,145.3500061,147.5599976,145.1630707,1146600
LDOS,4/30/2025,146.8200073,147.6300049,145.1300049,147.1799927,144.7892456,1025500
LDOS,5/1/2025,146.7700043,147.6999969,144.8800049,146.6100006,144.2285004,1027400
LDOS,5/2/2025,148.7899933,149.4900055,146.3500061,148.7899933,146.3730621,1494300
LDOS,5/5/2025,147.6100006,150.1799927,147.6100006,147.9400024,145.5368958,1814700
LDOS,5/6/2025,145.8699951,155.7599945,144.6300049,154.75,152.2362976,2626900
LDOS,5/7/2025,153.8800049,155.4400024,152.2299957,154.7200012,152.2067719,1612000
LDOS,5/8/2025,155.9900055,156.7700043,153.0099945,154.7100067,152.1969452,1176900
LDOS,5/9/2025,155.1600037,156.9499969,154.1000061,155.6999969,153.1708679,1306400
LDOS,5/12/2025,157,157.2899933,154.0099945,156.0899963,153.5545197,1551200
LDOS,5/13/2025,155.6100006,156.2899933,154.6199951,155.4299927,152.9052124,958700
LDOS,5/14/2025,155.7299957,156,152.8300018,153.0599976,150.5737305,1278900
LDOS,5/15/2025,153.8000031,156.8099976,153.8000031,156.7599945,154.2136078,1170700
LDOS,5/16/2025,155.2799988,159.1499939,155.2799988,159,156.4172363,1007000
LDOS,5/19/2025,158.5,159.7299957,157.7899933,159.5299988,156.9386139,915400
LDOS,5/20/2025,159.0299988,161,158.5500031,160.3000031,157.696106,826800
LDOS,5/21/2025,159.9400024,159.9400024,157.8300018,158.9400024,156.3582153,1282500
LDOS,5/22/2025,158.8099976,159.4499969,157.0299988,158.3000031,155.7286224,1077600
LDOS,5/23/2025,155.1399994,156,150.5099945,152.4900055,150.0129852,1568100
LDOS,5/27/2025,150.6499939,152.9799957,149.2599945,152.5500031,150.0720215,1617300
LDOS,5/28/2025,152.6600037,153.4299927,148.6399994,149.3600006,146.9338226,2162400
LDOS,5/29/2025,149.7899933,149.8800049,146.6699982,147.5,145.1040344,1818800
LDOS,5/30/2025,147.8300018,148.5700073,146.1399994,148.5200043,146.1074829,2289100
LDOS,6/2/2025,147.3800049,147.3800049,140.2899933,141.6499939,139.3490753,2258100
LDOS,6/3/2025,141.6000061,145.3399963,139.6900024,144.4900055,142.1429596,1867200
LDOS,6/4/2025,144.1100006,145.6100006,143.6100006,144.4199982,142.0740814,1076100
LDOS,6/5/2025,145.1199951,145.3999939,143.7899933,145.3699951,143.0086517,989000
LDOS,6/6/2025,146.7299957,148.3000031,145.6699982,148.1399994,145.7336578,920300
LDOS,6/9/2025,148.6000061,148.8099976,144.5599976,146.3399963,143.9628906,873400
LDOS,6/10/2025,147,147.2400055,144.6499939,145.5899963,143.2250519,650400
LDOS,6/11/2025,145.3699951,146.0399933,143.5500031,145.9199982,143.5496979,950400
LDOS,6/12/2025,145.7799988,148.0399933,145.25,148.0200043,145.6156006,764100
LDOS,6/13/2025,148.7400055,151.0099945,146.8200073,149.1600037,146.7370758,1107700
LDOS,6/16/2025,148.6100006,148.9299927,145.4299927,148.25,146.234024,1075300
LDOS,6/17/2025,148.0599976,149.9199982,147.1199951,149.3899994,147.3585052,1201000
LDOS,6/18/2025,149.4499969,150.8800049,148.0399933,148.3500061,146.3326721,759700
LDOS,6/20/2025,148.4799957,148.9900055,145.8999939,148.4499969,146.4313202,3006200
LDOS,6/23/2025,149,151.6000061,147.4400024,150.6699982,148.621109,1187000
LDOS,6/24/2025,151,152.7100067,148.8000031,152.2299957,150.1598969,1220700
LDOS,6/25/2025,152.9400024,154.5899963,151.5399933,153.9600067,151.8663788,1113800
LDOS,6/26/2025,154.75,157.3500061,153.1699982,155.6799927,153.5629883,1253700
LDOS,6/27/2025,155.8000031,156.2599945,153.2799988,155.6799927,153.5629883,1141000
LDOS,6/30/2025,156.3000031,158,155.4400024,157.7599945,155.6147003,981300
LDOS,7/1/2025,157.4799957,161.1199951,157,160.9400024,158.7514496,1152800
LDOS,7/2/2025,159.7200012,162.7700043,158.4700012,162.6199951,160.4085999,1317700
LDOS,7/3/2025,163.0800018,165.9700012,162.6600037,164.5599976,162.3222351,950900
LDOS,7/7/2025,165.1100006,165.4900055,163.5500031,164.4600067,162.2236023,1280800
LDOS,7/8/2025,163.4100037,164.5299988,161.75,162.0899963,159.8858185,1054000
LDOS,7/9/2025,162.3300018,162.6600037,160.4299927,162.2100067,160.0041809,754500
LDOS,7/10/2025,162.0399933,163.7299957,161.6399994,163,160.783432,648000
LDOS,7/11/2025,162.8399963,163.0899963,160.5299988,162.0500031,159.8463593,698400
LDOS,7/14/2025,161.8099976,164.6799927,161,163.6699982,161.4443207,678200
LDOS,7/15/2025,163.8899994,164.5800018,160.1999969,160.2100067,158.0313873,702000
LDOS,7/16/2025,159.9600067,161.3500061,158.6399994,161.0399933,158.8500977,665700
LDOS,7/17/2025,161,163.1999969,160.8200073,162.7100067,160.4973755,563200
LDOS,7/18/2025,163.3500061,163.9400024,161.9400024,162.5399933,160.3296814,466400
LDOS,7/21/2025,162.5,162.5399933,160.4499969,160.7400055,158.5541687,503400
LDOS,7/22/2025,161.1600037,162.3399963,158.7700043,161.2799988,159.0868225,886100
LDOS,7/23/2025,162.0099945,164.1199951,161.7799988,163.9100037,161.6810608,605300
LDOS,7/24/2025,163.9100037,165.3500061,162.8999939,163.25,161.0300446,658000
LDOS,7/25/2025,163.9900055,164.1000061,160.5700073,163.25,161.0300446,704500
LDOS,7/28/2025,163.2200012,163.7100067,158.9100037,160.3500061,158.1694794,961000
LDOS,7/29/2025,161.9900055,162.3099976,160.3300018,161.5099945,159.3136902,544100
LDOS,7/30/2025,161.5299988,162.5,160.0899963,161.0500031,158.8599548,548100
LDOS,7/31/2025,160.7799988,161.8999939,159.25,159.6499939,157.4789886,871300
LDOS,8/1/2025,159.3600006,160.1999969,156.3099976,159.1999969,157.0351105,784000
LDOS,8/4/2025,159.2799988,161.2700043,158.5800018,160.9499969,158.761322,1303600
LDOS,8/5/2025,168.0099945,173.6000061,164.1499939,172.9400024,170.5882568,2216600
LDOS,8/6/2025,175,175.7700043,170.4100037,174.4900055,172.1171875,1749500
LDOS,8/7/2025,175.4799957,177.1799927,173.9499969,175.2700043,172.8865967,1135400
LDOS,8/8/2025,175.3399963,177.4199982,174.3699951,176.5,174.0998535,826500
LDOS,8/11/2025,176.2200012,178.9199982,175.8800049,177.1399994,174.7311401,907600
LDOS,8/12/2025,176.6499939,178.1499939,175.6600037,178.0200043,175.5991821,823800
LDOS,8/13/2025,177.75,182.1799927,177.4900055,181.9499969,179.4757385,902500
LDOS,8/14/2025,181.7700043,182.8800049,177.5899963,178.4400024,176.0134583,876700
LDOS,8/15/2025,178.5099945,178.6999969,176.1499939,177.6300049,175.2144928,849300
LDOS,8/18/2025,178.5399933,179.3200073,177.7599945,178.1199951,175.6978302,561600
LDOS,8/19/2025,177.7799988,179.9900055,176.5,178.7400055,176.3094025,716700
LDOS,8/20/2025,178.6499939,180.7799988,177.5700073,180.1600037,177.710083,789700
LDOS,8/21/2025,179.5399933,180.7100067,179.0399933,180.4400024,177.9862823,554900
LDOS,8/22/2025,180.5,183.5899963,180.3000031,181.7400055,179.2686157,608900
LDOS,8/25/2025,181.6000061,182.3699951,180.9600067,181.6100006,179.1403656,477000
LDOS,8/26/2025,181.2100067,182.4499969,180.3899994,182.3500061,179.8703003,686200
LDOS,8/27/2025,181.9299927,183.7299957,181.3500061,183.3899994,180.8961792,541700
LDOS,8/28/2025,183.0800018,183.5,180.0299988,181.3600006,178.8937531,592500
LDOS,8/29/2025,181.2700043,182.5,180.0399933,180.9199982,178.4597473,671000
LDOS,9/2/2025,180.9199982,181.5,179.3600006,180.8899994,178.4301453,596100
LDOS,9/3/2025,180.7700043,181.0500031,176.6600037,177.7100067,175.2934113,615500
LDOS,9/4/2025,177,178.5800018,174.6399994,178.5800018,176.1515808,1065100
LDOS,9/5/2025,179.4900055,180.1699982,177.4199982,179,176.5658569,697500
LDOS,9/8/2025,178.25,178.5700073,176.3399963,178.4100037,175.983902,641500
LDOS,9/9/2025,178.25,179.1799927,176.75,179.0299988,176.5954285,751100
LDOS,9/10/2025,178.9499969,180.4900055,178.2899933,180.3699951,177.9172211,525900
LDOS,9/11/2025,181,185.9199982,180.7100067,185.1300049,182.6124878,851300
LDOS,9/12/2025,184.8200073,185.4600067,183.7200012,183.8600006,181.3597717,541400
LDOS,9/15/2025,182.2599945,184.3800049,181.8399963,182.7299957,180.6381378,746100
LDOS,9/16/2025,182.5599976,183.7899933,180.8399963,182.5800018,180.4898376,904500
LDOS,9/17/2025,182.5899963,185,181.0800018,183.8000031,181.6958771,710600
LDOS,9/18/2025,183.3099976,187.5700073,181.2899933,187.1499939,185.0075073,832500
LDOS,9/19/2025,187.7599945,188.8999939,186.5099945,187.4499969,185.3040771,3133100
LDOS,9/22/2025,186.8899994,188.2799988,183.3899994,187.8699951,185.7192841,753600
LDOS,9/23/2025,188.5200043,190.6799927,185.1199951,187.1100006,184.9679871,778700
LDOS,9/24/2025,188.3300018,189.2100067,186.9100037,187.3999939,185.2546539,727300
LDOS,9/25/2025,187.2899933,188.3699951,179.1999969,182.3600006,180.2723694,1041600
LDOS,9/26/2025,183.3500061,185.8500061,181.4400024,184.8999939,182.7832794,838200
LDOS,9/29/2025,186.2200012,187.5,184.0899963,185.6100006,183.4851532,846900
LDOS,9/30/2025,186.2100067,189.7400055,186.0599976,188.9600067,186.7968292,844400
LDOS,10/1/2025,186.8099976,191.6600037,186.8099976,191.6300049,189.4362335,956000
LDOS,10/2/2025,191.25,193.6399994,190.0599976,192.8899994,190.6818237,744800
LDOS,10/3/2025,192.8099976,197.4600067,192,195.5800018,193.3410034,868100
LDOS,10/6/2025,195.5800018,198.8099976,195,198.0399933,195.7728424,885400
LDOS,10/7/2025,198.9499969,199.2799988,196.3899994,197,194.744751,669000
LDOS,10/8/2025,198,198.5599976,195.6399994,198.2299957,195.9606781,779800
LDOS,10/9/2025,198.1799927,198.6100006,193.8500061,194.0500031,191.828537,674300
LDOS,10/10/2025,194.4700012,194.8000031,187.8200073,188.0299988,185.8774567,763500
LDOS,10/13/2025,188.1000061,188.3800049,185.5200043,185.9400024,183.8113861,781000
LDOS,10/14/2025,185.1699982,188.8000031,184.3099976,187.2700043,185.1261597,512800
LDOS,10/15/2025,187.6699982,189.2799988,184.2899933,186.5700073,184.4341888,496000
LDOS,10/16/2025,186.1399994,187.3600006,183.9900055,184.4100037,182.2988892,628400
LDOS,10/17/2025,184.2599945,185.7599945,180.4499969,184.5099945,182.3977356,774800
LDOS,10/20/2025,186.2799988,191.2899933,185.1000061,190.4900055,188.3092957,536300
LDOS,10/21/2025,190.8099976,193.7200012,190.5,193.1600037,190.9487305,855500
LDOS,10/22/2025,192.6199951,193.3999939,188,188.4700012,186.3124237,832100
LDOS,10/23/2025,189.0700073,193.2299957,188.6300049,191.3899994,189.1989899,813600
LDOS,10/24/2025,191.3200073,191.3200073,183.7599945,189.9600067,187.7853699,779700
LDOS,10/27/2025,189.9600067,190.0200043,188.2299957,189.1100006,186.9450836,583100
LDOS,10/28/2025,189.1100006,189.7700043,186.9700012,187.8099976,185.6599731,581200
LDOS,10/29/2025,187.0099945,190.7100067,186.1000061,188.1600037,186.0059509,531500
LDOS,10/30/2025,188.5700073,192.2400055,188.0800018,190.9199982,188.7343597,835500
LDOS,10/31/2025,191.0099945,192.8000031,189.1199951,190.4700012,188.289505,749200
LDOS,11/3/2025,189.9400024,194.1199951,188.25,193.0500031,190.8399811,1639500
LDOS,11/4/2025,189.6499939,205.7700043,188.1000061,199.5500031,197.2655792,1509400
LDOS,11/5/2025,199.9799957,202,194.75,195.0700073,192.8368683,1018600
LDOS,11/6/2025,195.0700073,197.7799988,193.25,194.7599945,192.5303955,684000
LDOS,11/7/2025,195.1300049,198,193.0500031,196.9799957,194.7249908,605700
LDOS,11/10/2025,197.3200073,198.0899963,194.2400055,196.8699951,194.6162415,570300
LDOS,11/11/2025,196.4900055,200.4600067,195.5099945,198.25,195.9804688,591800
LDOS,11/12/2025,197.5,199.5500031,192.7400055,193.0200043,190.810318,876200
LDOS,11/13/2025,193.8800049,195.3899994,190.6699982,191.3200073,189.1298065,790100
LDOS,11/14/2025,191.1000061,191.7200012,188.9400024,191.4100037,189.2187653,823200
LDOS,11/17/2025,191.0500031,191.6499939,188.2400055,188.7899933,186.6287384,597000
LDOS,11/18/2025,188.9799957,190.9400024,187.5399933,189.1100006,186.9450836,677700
LDOS,11/19/2025,188.7400055,190.1399994,187.2200012,189.1799927,187.014267,649800
LDOS,11/20/2025,191.25,193,185.3600006,185.6600037,183.5345917,808600
LDOS,11/21/2025,186.3099976,189.5399933,185.5500031,186.4900055,184.3550873,1025800
LDOS,11/24/2025,185.8099976,187.75,183.8500061,186.8099976,184.6714172,1267400
LDOS,11/25/2025,187.8999939,192.1300049,187.4799957,191.5,189.307724,872800
LDOS,11/26/2025,191.8000031,192.9199982,190.1900024,190.3600006,188.1807861,760800
LDOS,11/28/2025,190.8500061,191.6699982,190.3000031,191.1000061,188.9123077,379600
LDOS,12/1/2025,190.4600067,191.7299957,188.3300018,188.4199982,186.2630005,769900
LDOS,12/2/2025,189.1100006,189.9799957,186.2700043,187.0700073,184.9284363,764800
LDOS,12/3/2025,187.8399963,189.0800018,186.8000031,188.4400024,186.2827606,585300
LDOS,12/4/2025,189.0399933,196.5599976,189.0399933,192.4199982,190.2171936,782900
LDOS,12/5/2025,191.6199951,191.6199951,183.9100037,186.8200073,184.6813049,917200
LDOS,12/8/2025,187.3300018,187.3300018,184.4199982,185.6199951,183.4950409,887600
LDOS,12/9/2025,185.6100006,186.9799957,184.6799927,184.9499969,182.8327026,872900
LDOS,12/10/2025,184.1600037,189.4100037,184.0099945,188.3099976,186.1542358,770100
LDOS,12/11/2025,189.0500031,191.5399933,187.3999939,190.5299988,188.3488159,659800
LDOS,12/12/2025,190.5299988,191.5299988,187.1100006,189.7299957,187.5579834,1152300
LDOS,12/15/2025,188.3600006,189.7299957,184.8800049,185.9499969,184.2388,955000
LDOS,12/16/2025,185.8600006,186.5,180.7400055,182.1600037,180.4837189,882200
LDOS,12/17/2025,181.0599976,183.6100006,180,181.3600006,179.6910553,852500
LDOS,12/18/2025,182.2200012,183.5700073,180.6300049,181.1900024,179.5226288,886800
LDOS,12/19/2025,181.2899933,184.7799988,180.2899933,184.6799927,182.9804993,2420900
LDOS,12/22/2025,185.1900024,187.3800049,184.1399994,186.0399933,184.3279877,700400
LDOS,12/23/2025,185.9799957,187.3500061,184.6399994,186.3200073,184.605423,553700
LDOS,12/24/2025,186.3200073,187.5,185.6100006,186.6300049,184.9125824,272700
LDOS,12/26/2025,187.1100006,187.4199982,185.3000031,185.8600006,184.1496429,278000
LDOS,12/29/2025,185.8200073,186.8600006,184.1999969,185.4900055,183.7830505,314900
LDOS,12/30/2025,185.0399933,185.6600037,182.4600067,183.3500061,181.6627502,658200
LDOS,12/31/2025,182.5299988,183.0599976,180.3200073,180.3999939,178.7398987,649300
LDOS,1/2/2026,179.6000061,183.7799988,178.8099976,183.4700012,181.7816467,654400
LDOS,1/5/2026,185.2299957,196.3999939,184,195.4900055,193.6910553,1197400
LDOS,1/6/2026,195.1999969,197.9299927,194.6499939,197.5,195.6825409,747300
LDOS,1/7/2026,198.8800049,202.2299957,195.9799957,196.6100006,194.8007202,1148300
LDOS,1/8/2026,198,205,187.7599945,195.2200012,193.4235229,1765400
LDOS,1/9/2026,193.6799927,201,193.6499939,198.3399963,196.514801,994800
LDOS,1/12/2026,198.8000031,200.6600037,194.8999939,195.6000061,193.8000183,965500
LDOS,1/13/2026,196.7700043,199.0899963,195.0599976,195.9600067,194.1567078,974700
LDOS,1/14/2026,196.0399933,197.1499939,188.2599945,190.8200073,189.0640106,1319100
LDOS,1/15/2026,190.3899994,193.5099945,189,193.3600006,191.5806274,1095700
LDOS,1/16/2026,192.2200012,194.7299957,190.8099976,194.6999969,192.9083099,889000
LDOS,1/20/2026,193.4900055,195.5200043,190.8000031,190.9199982,189.1630859,766300
LDOS,1/21/2026,191.3600006,193.6100006,189.2400055,192.1199951,190.3520355,920800
LDOS,1/22/2026,192.6999969,196.0599976,189.6699982,193.4499969,191.6697998,860900
LDOS,1/23/2026,194.9900055,198,190.1799927,191.2299957,189.4702148,659400
LDOS,1/26/2026,193,193,185.8999939,189.5,187.7561493,844600
LDOS,1/27/2026,188.6900024,189.3000031,186.4299927,187.1499939,185.4277802,804800
LDOS,1/28/2026,185.8500061,188.2100067,184,187.7700043,186.0420837,599000
LDOS,1/29/2026,188.4600067,190.4100037,185.6900024,187.1900024,185.4674072,585600
LDOS,1/30/2026,185.6699982,188.3899994,184.6900024,188.2799988,186.5473785,946300
LDOS,2/2/2026,187.5399933,188.6300049,185.8500061,188.0399933,186.3095856,697800
LDOS,2/3/2026,187.9700012,190.4499969,185.8300018,189.7899933,188.0434875,868000
LDOS,2/4/2026,189.2799988,191,186.8200073,188.4400024,186.7059174,877100
LDOS,2/5/2026,187.9499969,190.8699951,185.3600006,186.0800018,184.36763,1019600
LDOS,2/6/2026,187.6600037,194.2799988,186.3800049,192.9900055,191.214035,736000
LDOS,2/9/2026,194.3200073,195.9400024,193.2200012,194.5800018,192.7894135,659800
LDOS,2/10/2026,194.5700073,195.3399963,191.2200012,194.7200012,192.9281158,764100
LDOS,2/11/2026,194.7200012,196,172.4499969,173,171.4079895,1526500
LDOS,2/12/2026,175.2200012,179.4700012,169.1799927,171.4400024,169.8623505,1477400
LDOS,2/13/2026,172.3399963,176.6499939,171.6399994,176.3000031,174.6776276,1258600
LDOS,2/17/2026,178.2700043,179.1999969,161.5299988,161.5299988,160.0435486,2595900
LDOS,2/18/2026,163.4400024,172.0200043,161.0500031,171.5299988,169.9515228,2092300
LDOS,2/19/2026,170.6999969,177.4199982,170.0500031,176.2700043,174.6479034,1365300
LDOS,2/20/2026,175.0299988,175.2200012,171.5500031,173.5,171.9033813,936500
LDOS,2/23/2026,172.1799927,174,170.6000061,172,170.4171906,1113200
LDOS,2/24/2026,171.9400024,174.8000031,171.5,174.1300049,172.5275879,1512000
LDOS,2/25/2026,174.9700012,175.4400024,168.1499939,169.8899994,168.3266144,1483300
LDOS,2/26/2026,172.0099945,176.4900055,170.7100067,175.8600006,174.241684,1375900
LDOS,2/27/2026,174.7700043,177,173.6199951,175.1000061,173.4886627,1549300
LDOS,3/2/2026,177,179.5399933,174.75,179.3999939,177.7490845,1579800
LDOS,3/3/2026,177.1699982,181.1300049,176.0899963,180.6499939,178.9875946,1810100
LDOS,3/4/2026,180.6499939,181,176.5200043,176.6999969,175.0739441,1290900
LDOS,3/5/2026,175.4799957,176.8899994,173.2299957,175.6600037,174.0435181,1046000
LDOS,3/6/2026,175.6499939,179.1300049,174.2599945,177.8899994,176.2529907,978400
LDOS,3/9/2026,177.1799927,180.0099945,174.0299988,179.5399933,177.8878021,926800
LDOS,3/10/2026,177.9400024,177.9400024,170.0299988,172.5099945,170.9225006,1313400
LDOS,3/11/2026,171.8999939,175.8200073,170.5200043,173.3699951,171.7745819,933300
LDOS,3/12/2026,173.3099976,175.6799927,172.1600037,173.8099976,172.2105408,1152800
LDOS,3/13/2026,174.9799957,175.3999939,172.4700012,173.8600006,172.2600708,791600
LDOS,3/16/2026,172.5200043,172.7799988,166.3099976,167.4499969,166.3204041,1342500
LDOS,3/17/2026,168.3099976,170.6000061,166.3999939,168.9799957,167.8400879,1058200
LDOS,3/18/2026,168.7899933,170.2899933,166.6399994,166.75,165.6251373,948000
LDOS,3/19/2026,165.9299927,167.1199951,165,165.9499969,164.8305359,989200
LDOS,3/20/2026,164.6999969,166.8200073,164.6999969,165.8699951,164.7510834,4464700
LDOS,3/23/2026,166.4400024,167.9799957,162.5099945,162.5399933,161.4435425,1290200
LDOS,3/24/2026,161.1300049,163.2700043,157.25,158.9900055,157.9174957,1158200
LDOS,3/25/2026,160,161.0099945,156.8200073,158.8800049,157.8082275,714200
LDOS,3/26/2026,158.0500031,159.8699951,156.8500061,157.5800018,156.5169983,611300
LDOS,3/27/2026,157.5,157.5,154.9700012,155.5299988,154.4808197,675100
LDOS,3/30/2026,157.1000061,157.3999939,152.7400055,154.1900024,153.1498718,1023000
LDOS,3/31/2026,156.0200043,158.4900055,154.3800049,155.5200043,154.4709015,997600
LDOS,4/1/2026,154.4799957,157.3500061,154.4799957,156.0099945,154.9575806,852800
LDOS,4/2/2026,155.1900024,159.2599945,154.0800018,158.8200073,157.748642,688900
LDOS,4/6/2026,158.5200043,159.9900055,157.8000031,159.4700012,158.3942566,646700
LDOS,4/7/2026,159.2100067,160.3800049,157.7799988,158.8699951,157.7982788,635100
LDOS,4/8/2026,158.0599976,162,157.6900024,160.6399994,159.5563507,789400
LDOS,4/9/2026,160.1300049,160.1399994,155.5800018,155.6300049,154.5801544,645100
LDOS,4/10/2026,155.1699982,156.8099976,151.1100006,152.8800049,151.8487091,805300
LDOS,4/13/2026,155.1900024,157.9400024,153.6000061,157.5899963,156.5269318,1220300
LDOS,4/14/2026,157.9299927,158.3899994,156.0399933,156.1699982,155.1165009,862900
LDOS,4/15/2026,156.5399933,159.6900024,156.1000061,159.0399933,157.9671326,814800
LDOS,4/16/2026,159.7299957,160.7899933,155.9600067,156.4700012,155.4144897,767100
LDOS,4/17/2026,156.7599945,157.7299957,154.0500031,155.1699982,154.1232605,1043400
LDOS,4/20/2026,155.7299957,157,153.8300018,154.8200073,153.7756348,609500
LDOS,4/21/2026,153.8399963,156.2100067,152.8300018,153.1999969,152.1665344,700900
LDOS,4/22/2026,154.2100067,154.6199951,149.9799957,150.7100067,149.6933441,877500
LDOS,4/23/2026,150.7200012,150.7200012,146.4499969,147.6000061,146.6043243,1046900
LDOS,4/24/2026,146.75,146.8000031,144.1799927,146.0599976,145.074707,798100
LDOS,4/27/2026,146.4700012,147.8600006,143.3899994,144.2400055,143.266983,627500
LDOS,4/28/2026,145.8800049,147.1799927,143.0500031,146.1499939,145.1641083,869700
LDOS,4/29/2026,146.1600037,147.2899933,144.8999939,145.9100037,144.9257202,785800
LDOS,4/30/2026,145.4900055,149.5599976,144.9100037,149.2200012,148.2133789,853600
LDOS,5/1/2026,150,150.8000031,148.5599976,149.2299957,148.2233124,1163300
LDOS,5/4/2026,148.75,152.3699951,148.4900055,148.8099976,147.8061523,2071600
LDOS,5/5/2026,152.3500061,153.8999939,137.1100006,137.1900024,136.2645569,2252400
LDOS,5/6/2026,135.8999939,136.5299988,129.3600006,134.8999939,133.9899902,2230500
LDOS,5/7/2026,133.8399963,135.5,130,131.2599945,130.374527,1447300
LDOS,5/8/2026,131.1199951,131.1199951,127.8700027,130.1100006,129.2323151,1515800
LDOS,5/11/2026,128.6799927,129.9900055,125.3399963,127.6800003,126.8186951,1890300
LDOS,5/12/2026,128.9600067,130.9499969,126.5999985,128.3899994,127.5239029,2307600
LDOS,5/13/2026,126.6200027,127.7399979,121.5299988,124.1699982,123.3323746,1589600
LDOS,5/14/2026,124.5400009,126.6900024,123.5199966,125.5500031,124.703064,989600
LDOS,5/15/2026,126.4199982,127.7099991,122.75,123.6900024,122.8556137,1242800
LDOS,5/18/2026,123.3399963,125.9300003,122.6399994,124.8399963,123.9978485,1284900
LDOS,5/19/2026,125.0599976,127.4400024,124.0199966,125.9599991,125.1102982,907400
LDOS,5/20/2026,125.0899963,125.1200027,122.3799973,124.3899994,123.5508957,1115300
LDOS,5/21/2026,123.3600006,124.1699982,121.1999969,123.0400009,122.2099915,847400
LDOS,5/22/2026,123.3899994,126.9800034,123,126.0100021,125.1599655,774900
LDOS,5/26/2026,125.4700012,128.3800049,124,128.1199951,127.255722,1221800
LDOS,5/27/2026,128,132.5700073,127.5199966,130.6199951,129.7388611,1453300
LDOS,5/28/2026,130,134.4700012,129.6499939,131.5899963,130.7023163,1409100
LDOS,5/29/2026,131.3999939,132.2299957,127,127.8000031,126.9378891,2600800
LDOS,6/1/2026,129.1000061,131.1399994,127.6900024,127.7200012,126.858429,1290100
LDOS,6/2/2026,126,127.6600037,123.25,126.8199997,125.9644928,1506800
LDOS,6/3/2026,123.5599976,125.9400024,121.8499985,124.3499985,123.5111542,1245000
LDOS,6/4/2026,126.6399994,128.2299957,124.0599976,124.5699997,123.7296677,1092200
LDOS,6/5/2026,126.0599976,127.1999969,124.0199966,124.4300003,123.5906219,1258600
LDOS,6/8/2026,123.4400024,125,122.1500015,122.8000031,121.9716187,1028400
LDOS,6/9/2026,122.5,124.5500031,121.8799973,123.5199966,122.6867523,896900
LDOS,6/10/2026,123.5199966,124.5999985,121.4400024,121.6900024,120.8691025,1285500
LDOS,6/11/2026,121.6100006,123.8099976,121.3399963,122.0800018,121.2564697,746100
LDOS,6/12/2026,123,124.5,121.4499969,122.1600037,121.3359299,1199200
LDOS,6/15/2026,121.1600037,121.9100037,113.2799988,114.5999985,114.2290115,2581700
LDOS,6/16/2026,114.0199966,116.1299973,113.5100021,113.5800018,113.2123184,1863100
LDOS,6/17/2026,110.4300003,111.8300018,108,108.6699982,108.3182068,2530500
LDOS,6/18/2026,109.0199966,109.5,106.0800018,107.1200027,106.7732315,6872600
LDOS,6/22/2026,105.3099976,105.6699982,101.0899963,104.8399963,104.5006027,3058100
LDOS,6/23/2026,106.5500031,106.8600006,104.25,106.1100006,105.7664948,1754400
LDOS,6/24/2026,106.0500031,107.0699997,103.5,104.3199997,103.9822922,1426900
LDOS,6/25/2026,103.7099991,105.3899994,99.65000153,100,99.67627716,1601300
LDOS,6/26/2026,99.75,102.5400009,99.52999878,101.7600021,101.4305801,2473900
LDOS,6/29/2026,102.3000031,103.6699982,99.62999725,100.4400024,100.1148529,2650000
LDOS,6/30/2026,100,104.25,98.86000061,102.9700012,102.6366653,1988000
LDOS,7/1/2026,103.8899994,105.8099976,103.0500031,103.0699997,102.7363358,1645100
LDOS,7/2/2026,104.8799973,108.9000015,104.5199966,108.8399963,108.4876556,2315500
LDOS,7/6/2026,108.5,109.9700012,107.0400009,108.7200012,108.3680496,1844100
LDOS,7/7/2026,109.9700012,111,107.3300018,108.5699997,108.2185287,1375800
LDOS,7/8/2026,107.1299973,108.1399994,106.3600006,107.1800003,106.8330307,969400
LDOS,7/9/2026,105.5299988,107.1999969,104.2900009,106.6200027,106.2748489,1676100
LDOS,7/10/2026,108.9400024,109,105.2900009,107.0199966,106.6735458,1068000
LDOS,7/13/2026,108.4100037,108.6399994,105.2099991,106.5800018,106.2349777,1238800
LDOS,7/14/2026,104.0199966,108.0599976,104.0100021,106.5599976,106.2150345,1059300
LDOS,7/15/2026,107,110,107,108.2099991,107.8596954,1238200
LDOS,7/16/2026,108.8000031,109.6600037,107.2699966,108.2900009,107.9394379,1574500
LDOS,7/17/2026,108.6800003,110.9100037,105.75,106.4800034,106.1352997,2094400
LDOS,7/20/2026,106.1900024,107.6399994,105.0100021,107.0199966,106.6735458,1731300
LDOS,7/21/2026,104.5999985,106.1200027,103.9000015,104.9199982,104.5803452,1538100
LDOS,7/22/2026,106.4899979,107.5400009,105.7600021,107.2600021,106.9127731,1001500
LDOS,7/23/2026,107.6800003,111.3000031,107.25,110.3300018,109.9728394,1218200
LDOS,7/24/2026,112.0100021,115.8199997,111.5,112.1399994,111.7769775,1190600
LDOS,7/27/2026,112.3499985,115.5599976,112.0599976,114.9499969,114.5778732,1393900
LDOS,7/28/2026,116.1600037,119.1800003,116.1399994,118.3600006,117.9768372,1497800
LDOS,7/29/2026,117.75,117.8199997,113.9800034,114.3700027,113.9997559,1421200
LDOS,7/30/2026,112.75,113.1500015,110.2799988,112.4100037,112.0461044,1154300
LDOS,7/31/2026,111.1399994,115.7399979,111,115.5999985,115.225769,1180800
LDOS,8/3/2026,117.6900024,119.4700012,116.8399963,118.7200012,118.3356781,1838100
LDOS,8/4/2026,124.9599991,132.0700073,124.9599991,130.6000061,130.1772156,2831900
LDOS,8/5/2026,129.6399994,132.0200043,126.6699982,126.8499985,126.4393539,2478900
LDOS,8/6/2026,129.6300049,135.5,128.0500031,135.2599945,134.8221283,2007500
LDOS,8/7/2026,133.2299957,137.75,132.7100067,137.5700073,137.1246643,1955000
LDOS,8/10/2026,137.3300018,141,136.7899933,139.1000061,138.649704,1884700
LDOS,8/11/2026,137.8800049,143.1600037,137.3500061,140.8899994,140.4338989,1888800
LDOS,8/12/2026,138.3000031,140.4900055,138.0800018,140.3800049,139.9255676,1708100
LDOS,8/13/2026,140.25,143.1900024,139.7100067,142.6100006,142.1483307,1660400
LDOS,8/14/2026,143,144.3500061,141.1900024,143.8300018,143.3643951,1392800
LDOS,8/17/2026,143.1799927,143.5800018,141.5200043,142.25,141.789505,1096200
LDOS,8/18/2026,143.3999939,145.3699951,142.5200043,143.4799957,143.0155182,1232000
LDOS,8/19/2026,143.5599976,147.3300018,142.5200043,146.3099976,145.8363495,1171300
LDOS,8/20/2026,145.2299957,146.2899933,140.1000061,141.3699951,140.9123383,1160600
LDOS,8/21/2026,142.1199951,143.6000061,140.0200043,141.3899994,140.9322815,954900
LDOS,8/24/2026,140.9100037,141.1199951,137.9499969,138.4299927,137.9818573,737100
LDOS,8/25/2026,137.6799927,137.9299927,134.4400024,134.5399933,134.1044464,1248900
LDOS,8/26/2026,134.3200073,138.0599976,134.2700043,137.4299927,136.9850922,944500
LDOS,8/27/2026,137.8300018,140.5800018,137.0700073,139.8600006,139.4072418,880300
LDOS,8/28/2026,140.4499969,141.6199951,138.7299957,140.6600037,140.2046509,950200
LDOS,8/31/2026,140.5899963,142.4400024,139.4700012,140.2100067,139.7561188,1422600
LDOS,9/1/2026,140.4900055,142.4799957,138.0800018,139.1799927,138.7294312,1198900
LDOS,9/2/2026,138.2400055,138.5,133.2200012,133.7799988,133.3469238,1022100
LDOS,9/3/2026,134.4799957,136.8899994,131.1300049,132.3600006,131.9315186,1320500
LDOS,9/4/2026,131.4799957,134.5800018,131,133.0500031,132.6192932,1078700
LDOS,9/8/2026,131.0500031,132.9799957,128.4100037,129.2400055,128.8216248,1594900
LDOS,9/9/2026,129.4900055,130.6699982,128.0700073,128.1399994,127.7251816,1184000
LDOS,9/10/2026,128.6100006,130.7899933,128.0700073,129.5500031,129.1306152,1111300
LDOS,9/11/2026,129.75,129.8300018,126.7600021,128.8600006,128.4428558,1226400
LDOS,9/14/2026,130.4299927,133.9100037,129.1399994,132.8300018,132.3999939,1195900
LDOS,9/15/2026,130.4900055,133.9299927,127.5800018,129.2400055,129.2400055,1048700
LDOS,9/16/2026,128.4400024,131.0200043,128,129.3500061,129.3500061,1720000
LDOS,9/17/2026,130.9299927,131.6399994,129.8099976,130.9600067,130.9600067,1000000
LDOS,9/18/2026,130.5,130.8399963,127.25,127.6900024,127.6900024,3278100
LDOS,9/21/2026,127.7900009,129.1600037,126.9400024,128.2299957,128.2299957,1121600
LDOS,9/22/2026,129.25,129.25,122.7900009,123.3099976,123.3099976,1078100
LDOS,9/23/2026,123.9100037,126.1900024,122.9899979,124.6900024,124.6900024,1555000
LDOS,9/24/2026,124.5400009,125.5999985,123.3300018,123.3499985,123.3499985,1149700
LDOS,9/25/2026,122.8399963,124.9599991,122.2699966,123.6100006,123.6100006,939800
LDOS,9/28/2026,122.9899979,122.9899979,121.1100006,122.3499985,122.3499985,961200
LDOS,9/29/2026,121.7699966,125,121.6600037,123.0999985,123.0999985,1102400
LDOS,9/30/2026,123.0800018,123.9000015,121.6699982,121.8300018,121.8300018,1090000
LDOS,10/1/2026,124.0100021,125.4000015,121.9499969,121.9700012,121.9700012,1081000
LDOS,10/2/2026,121.9400024,121.9400024,117.6800003,117.7399979,117.7399979,892200
BAH,1/3/2022,84.88999939,88.31999969,84.88999939,88.19999695,80.24639893,1023400
BAH,1/4/2022,88.79000092,91,88.52999878,90.27999878,82.13882446,1179500
BAH,1/5/2022,89.94000244,90.80999756,88.48000336,88.70999908,80.71041107,546100
BAH,1/6/2022,88.63999939,88.98000336,86.79000092,87,79.15461731,523600
BAH,1/7/2022,87.34999847,88.18000031,86.88999939,87.41000366,79.52763367,536500
BAH,1/10/2022,87.34999847,87.68000031,85.98000336,86.51999664,78.71789551,1047500
BAH,1/11/2022,86.98999786,86.98999786,85.09999847,86.38999939,78.599617,1070000
BAH,1/12/2022,85.98999786,86.45999908,84.97000122,85.73000336,77.99913025,649500
BAH,1/13/2022,86.08999634,86.76000214,85.90000153,86.26999664,78.49043274,916700
BAH,1/14/2022,86.16999817,89.20999908,85.69999695,88.94999695,80.92877197,734900
BAH,1/18/2022,88.30000305,88.30000305,86.25,88.04000092,80.10081482,845400
BAH,1/19/2022,87.76000214,88.33000183,86.77999878,87.05000305,79.20010376,982000
BAH,1/20/2022,87.41000366,87.83999634,85.55000305,85.76000214,78.02644348,399000
BAH,1/21/2022,85.43000031,86.87999725,85.25,85.37000275,77.67160034,792300
BAH,1/24/2022,85.91000366,86.91000366,83.91999817,86.69000244,78.87257385,1453600
BAH,1/25/2022,85.55000305,86.72000122,82.84999847,85.41000366,77.70800018,1344100
BAH,1/26/2022,86.36000061,86.98999786,83.52999878,84.20999908,76.61619568,757100
BAH,1/27/2022,83.94999695,84.56999969,81.43000031,82.04000092,74.64189911,1357200
BAH,1/28/2022,75.11000061,77.88999939,73.31999969,75.25,68.46418762,3330700
BAH,1/31/2022,73.83999634,76.87000275,73.83999634,76.73000336,69.81072998,1711300
BAH,2/1/2022,76.94000244,77.58999634,75.56999969,76.66000366,69.74703979,1637200
BAH,2/2/2022,76.44999695,78.63999939,76.25,78.38999939,71.32102966,1531600
BAH,2/3/2022,77.41999817,77.94999695,76.56999969,76.56999969,69.6651535,1027100
BAH,2/4/2022,76.44999695,77.51999664,75.80000305,76.65000153,69.73795319,754200
BAH,2/7/2022,76.5,76.69000244,75.19000244,75.52999878,68.71894836,1523900
BAH,2/8/2022,75.37999725,75.83000183,74.81999969,74.94999695,68.19125366,1653400
BAH,2/9/2022,75.40000153,75.94999695,74.93000031,75.55000305,68.73713684,1019000
BAH,2/10/2022,74.51000214,75.55000305,74.37999725,74.83999634,68.48093414,1183900
BAH,2/11/2022,74.79000092,75.12999725,73.61000061,74.66000366,68.3162384,1459600
BAH,2/14/2022,74.98000336,74.98000336,73.56999969,74.33000183,68.01425934,827200
BAH,2/15/2022,74.48000336,74.73000336,73.52999878,73.70999908,67.44694519,1110200
BAH,2/16/2022,73.51000214,74.22000122,72.63999939,73.97000122,67.6848526,2394100
BAH,2/17/2022,73.76000214,74.38999939,72.63999939,73.87000275,67.59335327,1125000
BAH,2/18/2022,74.05000305,74.69000244,72.88999939,73.02999878,66.82471466,936800
BAH,2/22/2022,72.88999939,73.02999878,71.09999847,71.37999725,65.31491852,1351200
BAH,2/23/2022,71.36000061,72.61000061,70.48000336,70.48000336,64.49139404,1082500
BAH,2/24/2022,69.68000031,75.47000122,69.68000031,75.13999939,68.75541687,1418500
BAH,2/25/2022,75.61000061,77.16000366,75.5,76.38999939,69.89923859,1448300
BAH,2/28/2022,76.73000336,80.87999725,76.65000153,80.69000244,73.83386993,1714500
BAH,3/1/2022,80.97000122,83.30999756,80.83000183,82.48000336,75.47177124,1988600
BAH,3/2/2022,82.34999847,83.41999817,81.16000366,81.61000061,74.67569733,1472900
BAH,3/3/2022,82.01999664,82.75,81.19999695,82.63999939,75.61817932,1211300
BAH,3/4/2022,82.69999695,86.93000031,82.69999695,86.33000183,78.99463654,1850700
BAH,3/7/2022,86.40000153,89.58000183,85.41999817,86.94000244,79.55280304,2448700
BAH,3/8/2022,85.73999786,87.37000275,83.16000366,83.37000275,76.28614044,1481300
BAH,3/9/2022,82.23000336,83.87000275,81.69999695,83.5,76.4050827,1044000
BAH,3/10/2022,83.62000275,84.38999939,82.73999786,83.81999969,76.69790649,880700
BAH,3/11/2022,84.73000336,85.23999786,83.11000061,83.31999969,76.24037933,915300
BAH,3/14/2022,83.55999756,83.87000275,82.63999939,83.48999786,76.39594269,638700
BAH,3/15/2022,83.51000214,85.13999939,83.11000061,84.94999695,77.73190308,688700
BAH,3/16/2022,84.77999878,85.55999756,82.08000183,83.83999634,76.71620941,871300
BAH,3/17/2022,84.01999664,85.75,83.76000214,85.30000305,78.05216217,707400
BAH,3/18/2022,86.16000366,87.16999817,85.48000336,86.68000031,79.31489563,2367900
BAH,3/21/2022,86.55999756,88.30999756,85.33000183,85.44999695,78.18940735,1055200
BAH,3/22/2022,85.87000275,86.04000092,84.91000366,85.62999725,78.35410309,844700
BAH,3/23/2022,85.76999664,86.52999878,85.20999908,85.91000366,78.6103363,676000
BAH,3/24/2022,85.73000336,87.66999817,85.62000275,87.13999939,79.73581696,605100
BAH,3/25/2022,87.69999695,88.87999725,87.40000153,87.94000244,80.46782684,743900
BAH,3/28/2022,87.87000275,90.06999969,87.77999878,88.68000031,81.1449585,1059000
BAH,3/29/2022,89.45999908,89.58000183,86.41999817,86.69000244,79.32405853,2008000
BAH,3/30/2022,86.81999969,89.45999908,86.51999664,89.41000366,81.8129425,916200
BAH,3/31/2022,89.01000214,89.76000214,87.80000305,87.83999634,80.37632751,1003200
BAH,4/1/2022,87.79000092,89.84999847,87.62999725,89.30999756,81.72142029,949800
BAH,4/4/2022,89.43000031,89.84999847,88.01000214,88.26000214,80.76065063,1164000
BAH,4/5/2022,88.33999634,89.97000122,87.72000122,87.79000092,80.33057404,975400
BAH,4/6/2022,87.61000061,88.91999817,87.5,88.51000214,80.98940277,614500
BAH,4/7/2022,88.30000305,90,88.20999908,89.36000061,81.76718903,618100
BAH,4/8/2022,89.36000061,90.45999908,88.63999939,88.84999847,81.30052185,586700
BAH,4/11/2022,88.94999695,89.87999725,88.09999847,88.40000153,80.8887558,572100
BAH,4/12/2022,88.44999695,88.77999878,87.44999695,87.56999969,80.12927246,699000
BAH,4/13/2022,89.30000305,89.68000031,87.54000092,88.06999969,80.58678436,1160300
BAH,4/14/2022,88.56999969,89,87.58000183,87.77999878,80.32143402,878200
BAH,4/18/2022,87.69999695,87.94999695,86.77999878,87.01000214,79.61685181,624600
BAH,4/19/2022,87.01999664,87.90000153,86.73999786,87.37999725,79.95544434,1052300
BAH,4/20/2022,88,89.86000061,87.87000275,89.84999847,82.21553802,992900
BAH,4/21/2022,90,91.45999908,89.76000214,89.90000153,82.26129913,1027400
BAH,4/22/2022,89.43000031,90.13999939,87.84999847,88.01999664,80.54103851,656200
BAH,4/25/2022,87.27999878,87.51000214,85.77999878,87.37000275,79.94628143,816400
BAH,4/26/2022,87.30000305,87.81999969,85.66999817,85.72000122,78.43647003,663300
BAH,4/27/2022,85.47000122,86.61000061,84.48000336,84.80999756,77.60378265,972900
BAH,4/28/2022,85.63999939,85.63999939,83.41999817,83.45999908,76.36849976,1061200
BAH,4/29/2022,83.27999878,83.76999664,81.27999878,81.62999725,74.69397736,1236400
BAH,5/2/2022,81.47000122,83.47000122,81.47000122,82.44999695,75.44432068,1050000
BAH,5/3/2022,82.37000275,83.94000244,82.15000153,83.23999786,76.16717529,956400
BAH,5/4/2022,83.58999634,86.97000122,83.43000031,86.66999817,79.30574036,1001900
BAH,5/5/2022,86.13999939,86.43000031,84.16999817,85.41999817,78.16197205,1137500
BAH,5/6/2022,84.75,85.75,83.75,84.33999634,77.17372894,695100
BAH,5/9/2022,83.68000031,83.73999786,80.76000214,81.40000153,74.48353577,632300
BAH,5/10/2022,82.05999756,82.58999634,80,81.68000031,74.73975372,1011700
BAH,5/11/2022,81.29000092,82.31999969,79.80999756,79.93000031,73.13843536,640000
BAH,5/12/2022,80.18000031,80.66999817,78.94999695,79.62000275,72.85477448,1435300
BAH,5/13/2022,80.05000305,80.80000305,79.76999664,80.52999878,73.68743896,871200
BAH,5/16/2022,81.20999908,82.76999664,80.66999817,82.20999908,75.22470093,1286900
BAH,5/17/2022,82.70999908,83.47000122,82.02999878,83.37999725,76.29528809,901700
BAH,5/18/2022,82.79000092,83.16999817,79.08999634,79.72000122,72.94628143,1574600
BAH,5/19/2022,78.77999878,82.37999725,78.66999817,80.83999634,73.97111511,1460800
BAH,5/20/2022,80.68000031,81.25,76.59999847,78.83999634,72.14105225,1845100
BAH,5/23/2022,78.75,81.20999908,78.05000305,81.08000183,74.19072723,1201200
BAH,5/24/2022,80.56999969,84.98000336,80.56999969,84.86000061,77.64953613,1595500
BAH,5/25/2022,85.02999878,85.93000031,83.56999969,84.62999725,77.43907166,1177800
BAH,5/26/2022,85.33000183,87.84999847,85.33000183,86.44999695,79.10443115,1471000
BAH,5/27/2022,86.76000214,87.36000061,86.11000061,86.86000061,79.47960663,1005700
BAH,5/31/2022,86.40000153,86.40000153,84.95999908,85.86000061,78.56455994,1256700
BAH,6/1/2022,86.08000183,86.25,84.91999817,85.27999878,78.03385162,1029300
BAH,6/2/2022,85.51999664,87.70999908,84.81999969,87.47000122,80.03778076,1661300
BAH,6/3/2022,87.5,87.5,86.33000183,87.20999908,79.79986572,1015100
BAH,6/6/2022,87,88.48999786,87,88.02999878,80.55018616,610300
BAH,6/7/2022,85.43000031,88.91000366,85.23000336,88.79000092,81.24562836,956200
BAH,6/8/2022,88.30999756,88.30999756,86.62999725,86.93000031,79.5436554,686500
BAH,6/9/2022,86.81999969,87.34999847,85.93000031,86.13999939,78.82077789,595600
BAH,6/10/2022,85.66999817,85.93000031,84.73000336,84.91000366,77.69528961,1049600
BAH,6/13/2022,82.98999786,84.22000122,82.79000092,83.30000305,76.22209167,1222400
BAH,6/14/2022,82.72000122,83.38999939,81.26999664,82.01999664,75.44028473,987300
BAH,6/15/2022,82.69000244,83.91999817,82.23999786,83.19000244,76.51643372,722800
BAH,6/16/2022,82.18000031,82.31999969,80.16000366,80.68000031,74.20779419,889300
BAH,6/17/2022,81.18000031,81.47000122,79.84999847,81.12999725,74.62167358,2516800
BAH,6/21/2022,81.98000336,84.37000275,81.76000214,84.26000214,77.50059509,1070100
BAH,6/22/2022,84.18000031,85.62999725,83.72000122,84.66000366,77.86849976,955600
BAH,6/23/2022,84.95999908,85.40000153,83.58999634,84.98000336,78.16282654,697900
BAH,6/24/2022,85.86000061,89.63999939,85.54000092,89.54000092,82.35700226,1262900
BAH,6/27/2022,89.27999878,89.80000305,88.06999969,88.70999908,81.59358215,800800
BAH,6/28/2022,88.62999725,89.37000275,87.29000092,87.58000183,80.55423737,809000
BAH,6/29/2022,87.86000061,88.88999939,87.04000092,88.52999878,81.42804718,700300
BAH,6/30/2022,88.23999786,90.66999817,88.04000092,90.36000061,83.11123657,1550800
BAH,7/1/2022,90.36000061,93.44999695,89.51000214,92.83999634,85.39228058,1386700
BAH,7/5/2022,91.58999634,92.05000305,89.34999847,90.12000275,82.89048004,1626100
BAH,7/6/2022,90.66000366,93.27999878,89.90000153,91.91000366,84.53691864,1650700
BAH,7/7/2022,91.73999786,92.70999908,91.44999695,92.38999939,84.97838593,680300
BAH,7/8/2022,91.98999786,92.90000153,91.66999817,92.54000092,85.11634827,1196000
BAH,7/11/2022,91.93000031,92.58000183,90.55999756,91.93000031,84.55529022,875900
BAH,7/12/2022,91.91999817,93.23000336,90.15000153,90.44000244,83.18482208,1045700
BAH,7/13/2022,89.87999725,91.22000122,89.41999817,89.97000122,82.75252533,856000
BAH,7/14/2022,89.48000336,90.51999664,89.33000183,90.22000122,82.98247528,916600
BAH,7/15/2022,90.51999664,91.34999847,89.55999756,90.30000305,83.05606842,906400
BAH,7/18/2022,90.33999634,91.31999969,90,90.04000092,82.81689453,596400
BAH,7/19/2022,90.40000153,92.91000366,90.26999664,92.66999817,85.23591614,1137900
BAH,7/20/2022,93.34999847,93.52999878,92.13999939,93.04000092,85.5762558,863600
BAH,7/21/2022,93.09999847,93.33999634,92.31999969,93.26999664,85.78778076,587700
BAH,7/22/2022,93.84999847,94.61000061,93.38999939,94.26999664,86.70756531,1147200
BAH,7/25/2022,94.43000031,95.40000153,94.12000275,95.05999756,87.43419647,1423000
BAH,7/26/2022,94.68000031,95.31999969,94.19999695,95.15000153,87.51698303,796700
BAH,7/27/2022,95.36000061,95.36000061,93.97000122,94.20999908,86.65237427,787600
BAH,7/28/2022,94.55999756,96.09999847,93.73999786,95.63999939,87.96768188,1507800
BAH,7/29/2022,95.33000183,96.98000336,94.93000031,95.98000336,88.28040314,1572800
BAH,8/1/2022,96.23999786,97.93000031,95.73999786,95.80000305,88.11483765,1238700
BAH,8/2/2022,96.08999634,97,94.45999908,96.05999756,88.35398102,1157000
BAH,8/3/2022,96.47000122,96.95999908,95.20999908,96.20999908,88.49195099,884200
BAH,8/4/2022,95.94999695,96.05999756,94.80000305,95.02999878,87.40660095,788100
BAH,8/5/2022,94.38999939,95.12000275,94.04000092,95.02999878,87.40660095,480400
BAH,8/8/2022,95.36000061,96,94.33000183,94.41000366,86.83635712,508400
BAH,8/9/2022,95.16999817,96.58999634,94.5,95.76000214,88.07804871,737700
BAH,8/10/2022,96.19000244,96.90000153,95.37999725,96.15000153,88.43675232,620300
BAH,8/11/2022,96.09999847,96.58999634,94.41999817,94.76000214,87.15827942,725300
BAH,8/12/2022,94.83999634,95.95999908,94.69999695,95.83999634,88.55345154,409500
BAH,8/15/2022,95.73999786,98.33000183,95.25,98.19999695,90.73401642,565100
BAH,8/16/2022,98.05000305,98.43000031,96.77999878,98.05999756,90.60468292,1284600
BAH,8/17/2022,97.95999908,98.58000183,97.73999786,98.13999939,90.67858887,482200
BAH,8/18/2022,98.30000305,99.16000366,98.11000061,99.05000305,91.51940918,601900
BAH,8/19/2022,98.81999969,99.22000122,98.41000366,99,91.47319794,561800
BAH,8/22/2022,98.55999756,99.08000183,97.90000153,98.01000214,90.55847168,542400
BAH,8/23/2022,98.05000305,98.33000183,97.33000183,97.83999634,90.40139771,390200
BAH,8/24/2022,97.93000031,99.31999969,97.69999695,98.48999786,91.00198364,833900
BAH,8/25/2022,98.73000336,98.83000183,97.37999725,98.34999847,90.87260437,489100
BAH,8/26/2022,97.95999908,98.26999664,96.83999634,96.91000366,89.54211426,584400
BAH,8/29/2022,96.15000153,96.38999939,95.09999847,95.66000366,88.38716125,587100
BAH,8/30/2022,95.66000366,96.16999817,94.41999817,95.44000244,88.18388367,877500
BAH,8/31/2022,95.70999908,96.73000336,95.41000366,95.69999695,88.42411804,1037300
BAH,9/1/2022,95.61000061,96.36000061,95.08000183,96.25,88.93229675,1305300
BAH,9/2/2022,96.76000214,96.91999817,94.95999908,95.12999725,87.89743805,611000
BAH,9/6/2022,95.05999756,96.73000336,94.91999817,95.44999695,88.1931076,525200
BAH,9/7/2022,95.73999786,97,95.11000061,96.75,89.39427185,462800
BAH,9/8/2022,96.43000031,96.73999786,95.63999939,96.09999847,88.7937088,479800
BAH,9/9/2022,96.66000366,97.72000122,96.01999664,97.51000214,90.09648895,494100
BAH,9/12/2022,97.70999908,98.34999847,97.33999634,97.47000122,90.05953979,622900
BAH,9/13/2022,96.62000275,96.81999969,94.51999664,95.01999664,87.79579926,934200
BAH,9/14/2022,94.94999695,96.08999634,94.54000092,95.09999847,87.86972809,897300
BAH,9/15/2022,94.27999878,94.70999908,92.13999939,92.48999786,85.45815277,883700
BAH,9/16/2022,92.16999817,95.61000061,92.02999878,95.30999756,88.06375122,2048700
BAH,9/19/2022,94.66000366,96.29000092,94.25,96.04000092,88.73825836,597100
BAH,9/20/2022,95.58999634,96.02999878,94.02999878,95.73999786,88.4610672,612800
BAH,9/21/2022,96.69999695,97.98000336,95.08999634,95.08999634,87.86048126,609400
BAH,9/22/2022,94.66999817,95.23999786,93.72000122,94.65000153,87.45394135,694900
BAH,9/23/2022,94.19000244,94.25,91.84999847,93.29000092,86.19733429,667100
BAH,9/26/2022,92.94000244,93.90000153,92.34999847,92.69000244,85.64293671,681700
BAH,9/27/2022,93.33999634,93.62000275,91.30000305,92.15000153,85.14402008,725600
BAH,9/28/2022,92.44000244,93.58000183,91.30000305,93.45999908,86.35440826,1097500
BAH,9/29/2022,93.16999817,93.25,91.44000244,92.18000031,85.17171478,649700
BAH,9/30/2022,92.25,93.73999786,92.05999756,92.34999847,85.32881165,1027800
BAH,10/3/2022,93.08000183,96.61000061,92.80999756,95.97000122,88.67357635,1113100
BAH,10/4/2022,96.95999908,98.23000336,96.70999908,97.19000244,89.80082703,814000
BAH,10/5/2022,96.94000244,98.5,96.69000244,97.66000366,90.23508453,860600
BAH,10/6/2022,97.20999908,97.55999756,96.13999939,96.58000183,89.23719788,546800
BAH,10/7/2022,96.06999969,97.30000305,95.41000366,97.23999786,89.84703827,605700
BAH,10/10/2022,97.41000366,98.23999786,96.01999664,96.72000122,89.36656189,554600
BAH,10/11/2022,96.45999908,97.44000244,95.41999817,96.48999786,89.1540451,891600
BAH,10/12/2022,96.62999725,96.87000275,94.20999908,94.26999664,87.10281372,705400
BAH,10/13/2022,93.12000275,96.66000366,92.83999634,96.13999939,88.83065033,674200
BAH,10/14/2022,96.81999969,97.26000214,94.30000305,94.34999847,87.17673492,528700
BAH,10/17/2022,95.36000061,96.91999817,95.15000153,96.43000031,89.09860229,1022800
BAH,10/18/2022,97.52999878,101.0699997,97.52999878,100.8799973,93.21025848,1462000
BAH,10/19/2022,99,99.65000153,97.72000122,98.62000275,91.1220932,1302700
BAH,10/20/2022,98.80000305,100.0100021,98.18000031,99.55000305,91.98139191,1320800
BAH,10/21/2022,99.54000092,101.4100037,98.09999847,101.0299988,93.34886932,1277000
BAH,10/24/2022,101.9199982,102.0800018,100.1100006,100.5599976,92.91460419,1161400
BAH,10/25/2022,100.3399963,101.7099991,99.93000031,101.4800034,93.76467133,1176500
BAH,10/26/2022,102.0899963,103.4100037,101.5,102.8700027,95.04899597,1325900
BAH,10/27/2022,103.2799988,105.0599976,103.2799988,103.6100006,95.73272705,1012700
BAH,10/28/2022,104.9499969,110.0699997,104.8600006,108.6800003,100.4172668,1628100
BAH,10/31/2022,107.9700012,109.6299973,107.25,108.8499985,100.5743332,1161000
BAH,11/1/2022,109,109.1299973,107.3300018,108.1500015,99.9275589,1146400
BAH,11/2/2022,108.1100006,109.9300003,107.8199997,108.5199966,100.2694244,1544000
BAH,11/3/2022,107.5100021,109.2099991,107.5100021,108.6999969,100.4357529,1037400
BAH,11/4/2022,108.8000031,108.9000015,104.5699997,106.8300018,98.70791626,1806900
BAH,11/7/2022,107,109.7399979,106.8399963,109.2399979,100.9346848,1181400
BAH,11/8/2022,109.1600037,110.9400024,109.0999985,110.3499985,101.960289,753300
BAH,11/9/2022,110.3600006,110.6900024,109.6999969,109.9400024,101.5814667,1238300
BAH,11/10/2022,112,112.5500031,110.1500015,111.2799988,102.8195877,1143400
BAH,11/11/2022,110.6699982,111.4899979,102.4400024,103.6999969,95.81587219,2307800
BAH,11/14/2022,103.4300003,107.0100021,103.0699997,105.3499985,97.74575806,1758900
BAH,11/15/2022,105.9700012,106.0999985,103.8600006,104.3000031,96.77152252,1542000
BAH,11/16/2022,104.5199966,107.3600006,104.4899979,106.7099991,99.00756073,939400
BAH,11/17/2022,105.7799988,106.2399979,104.1399994,105.5899963,97.96842957,1060400
BAH,11/18/2022,106.6699982,108.0400009,106.3000031,107.2300034,99.49003601,1161200
BAH,11/21/2022,107.8099976,108.9800034,107.0800018,107.2399979,99.49930573,907700
BAH,11/22/2022,107.3399963,108.7799988,107.0999985,107.4199982,99.66632843,961600
BAH,11/23/2022,107.4000015,107.5500031,106.0999985,106.1100006,98.45087433,721800
BAH,11/25/2022,106.8199997,108.3700027,106.1200027,108.0100021,100.2137375,437900
BAH,11/28/2022,107.2399979,108.7600021,106.9300003,107.4599991,99.70343781,1163600
BAH,11/29/2022,106.8799973,107.4899979,106.0500031,106.0699997,98.41376495,1123000
BAH,11/30/2022,105.8300018,106.9700012,105.2900009,106.4000015,98.71994781,2101500
BAH,12/1/2022,107,107.0699997,106.1600037,106.8799973,99.16530609,882900
BAH,12/2/2022,106.6699982,109.3600006,106.6699982,108.4400024,100.6127167,1187600
BAH,12/5/2022,107.4800034,108.1500015,106.5500031,107.5100021,99.74983215,657300
BAH,12/6/2022,107.4199982,107.8300018,106.0400009,107.6100006,99.84261322,937600
BAH,12/7/2022,107.5699997,108.5599976,106.1600037,106.25,98.58078003,729900
BAH,12/8/2022,106.8300018,107.6500015,105.5299988,106.2600021,98.59007263,549900
BAH,12/9/2022,106.4100037,106.4300003,104.8099976,104.8300018,97.26327515,421700
BAH,12/12/2022,104.75,105.25,104.2799988,105.0699997,97.48595428,514300
BAH,12/13/2022,105.9599991,106.4800034,103.8899994,104.4100037,96.87360382,1188900
BAH,12/14/2022,104.8700027,106.0599976,103.8600006,105.8000031,98.16326904,962300
BAH,12/15/2022,104.9800034,105.3799973,103.3499985,104.2300034,96.70657349,1018600
BAH,12/16/2022,104,104.2600021,102.8799973,103.9199982,96.41895294,1688500
BAH,12/19/2022,103.8099976,104.9899979,102.8099976,103.6299973,96.14988708,670200
BAH,12/20/2022,103.8199997,105.0400009,103.4300003,103.6500015,96.16844177,516700
BAH,12/21/2022,104.1200027,105.1699982,103.1200027,104.9400024,97.36534882,584800
BAH,12/22/2022,104.5699997,104.8000031,102.5800018,103.9700012,96.46536255,552400
BAH,12/23/2022,103.8600006,104.6699982,103.5599976,104.4599991,96.91998291,363700
BAH,12/27/2022,104.5599976,105.1600037,104.2200012,104.6500015,97.09626007,384200
BAH,12/28/2022,104.6600037,105.5400009,103.5599976,103.7699966,96.27978516,540000
BAH,12/29/2022,103.6800003,104.9499969,103.6800003,104.1900024,96.66947174,349800
BAH,12/30/2022,104.2799988,104.8199997,103.4199982,104.5199966,96.97563934,470500
BAH,1/3/2023,104.2399979,105.3300018,103.3099976,104.5800018,97.03131866,798600
BAH,1/4/2023,104.0999985,105,102.9800034,103.8799973,96.38184357,724300
BAH,1/5/2023,103.5899963,104.3399963,101.7699966,102.4100037,95.01796722,704400
BAH,1/6/2023,102.9499969,104.8899994,101.3399963,102.8899994,95.46330261,1012800
BAH,1/9/2023,102.5800018,102.5800018,96.33000183,96.66999817,89.69226837,1838000
BAH,1/10/2023,96.97000122,98.80999756,96.76000214,97.13999939,90.12835693,1482200
BAH,1/11/2023,97.70999908,98.08000183,96.19000244,96.87000275,89.87784576,2334700
BAH,1/12/2023,96.80999756,96.80999756,94.55000305,95.44000244,88.55106354,2395500
BAH,1/13/2023,94.58000183,95.18000031,94.05999756,94.98999786,88.13352966,1322100
BAH,1/17/2023,95.51999664,95.91000366,94.83999634,94.90000153,88.0500412,1046500
BAH,1/18/2023,94.88999939,94.91000366,93.62999725,94.15000153,87.35417938,1444900
BAH,1/19/2023,94,94.12999725,92.44999695,92.51000214,85.83253479,1226400
BAH,1/20/2023,92.33999634,94.29000092,91.73000336,93.73999786,86.97376251,1060300
BAH,1/23/2023,93.83999634,94.80000305,93.15000153,94.33000183,87.5211792,946600
BAH,1/24/2023,94.45999908,96.31999969,94.02999878,96.19999695,89.2562027,1418100
BAH,1/25/2023,95.83000183,97.40000153,95.80999756,97.16000366,90.14689636,3682000
BAH,1/26/2023,97.27999878,98.41000366,96.83999634,97.18000031,90.16546631,1816900
BAH,1/27/2023,96.47000122,97.04000092,91.5,92.73000336,86.03666687,2542100
BAH,1/30/2023,93.88999939,95.12000275,91.95999908,93.5,86.75108337,1464500
BAH,1/31/2023,94.5,94.91999817,92.95999908,94.63999939,87.80880737,1419600
BAH,2/1/2023,94.63999939,95.72000122,93.97000122,95.37000275,88.4861145,1205700
BAH,2/2/2023,94.69999695,95.91999817,93.79000092,95.47000122,88.57888794,1359200
BAH,2/3/2023,95.80999756,97.40000153,95.61000061,96.83999634,89.84999847,1460600
BAH,2/6/2023,97.43000031,97.98999786,95.95999908,96.22000122,89.27474976,1001000
BAH,2/7/2023,95.80000305,96.94999695,94.80999756,96.90000153,89.9056778,680900
BAH,2/8/2023,96.84999847,96.84999847,96,96.37000275,89.4139328,727000
BAH,2/9/2023,95.86000061,96.30999756,95.25,95.51000214,89.05030823,587900
BAH,2/10/2023,95.77999878,96.77999878,95.69000244,96.66000366,90.12252808,747700
BAH,2/13/2023,96.94000244,97.38999939,95.54000092,95.83999634,89.35797882,1336300
BAH,2/14/2023,95.86000061,95.86000061,94.47000122,94.87000275,88.45360565,1251200
BAH,2/15/2023,94.79000092,96.70999908,93.87000275,96.41999817,89.89875793,932600
BAH,2/16/2023,96.29000092,97.12999725,95.90000153,96.48000336,89.95470428,854000
BAH,2/17/2023,96.79000092,97.20999908,96.30999756,96.91999817,90.36495209,1050200
BAH,2/21/2023,97.12999725,97.51999664,96.59999847,97,90.43952179,1138800
BAH,2/22/2023,96.70999908,97.56999969,95.88999939,96.56999969,90.03862,1020400
BAH,2/23/2023,97.29000092,97.58999634,95.61000061,95.91999817,89.43256378,732700
BAH,2/24/2023,95.91999817,96.09999847,95.01999664,95.69999695,89.22745514,468500
BAH,2/27/2023,95.91999817,96.51999664,94.94999695,95.36000061,88.91044617,591100
BAH,2/28/2023,95.23000336,95.55999756,94.69000244,94.73000336,88.32305145,889700
BAH,3/1/2023,94.41999817,95.93000031,94.41999817,95.45999908,89.00369263,740800
BAH,3/2/2023,95.33999634,96.51999664,95.33999634,96.25,89.74026489,683800
BAH,3/3/2023,96.33000183,96.56999969,95.19999695,96.43000031,89.90807343,641900
BAH,3/6/2023,96.12000275,96.97000122,95.81999969,96.27999878,89.76823425,582500
BAH,3/7/2023,96.37999725,96.95999908,95.06999969,95.52999878,89.0689621,1523700
BAH,3/8/2023,95.23000336,95.93000031,90.66999817,92.51999664,86.26252747,1671100
BAH,3/9/2023,93.12000275,93.13999939,91.18000031,91.51000214,85.32083893,1159900
BAH,3/10/2023,91.38999939,92.41999817,90.33000183,90.54000092,84.4164505,1182800
BAH,3/13/2023,90.01000214,91.08999634,89.20999908,89.73999786,83.67054749,1186600
BAH,3/14/2023,90.01000214,91.54000092,90.01000214,91.33000183,85.15302277,1517500
BAH,3/15/2023,90.62000275,91.52999878,88.66000366,90.23999786,84.13672638,1144300
BAH,3/16/2023,89.83000183,91.22000122,89.83000183,90.55999756,84.43508148,731300
BAH,3/17/2023,90.44999695,90.58999634,87.98999786,88.51000214,82.52372742,1827900
BAH,3/20/2023,88.63999939,90.86000061,88.58999634,90.41999817,84.30455017,1172300
BAH,3/21/2023,91.26000214,91.80999756,90.66000366,91.41000366,85.22761536,1048300
BAH,3/22/2023,91.48000336,91.66999817,90.12000275,90.18000031,84.08079529,752800
BAH,3/23/2023,90.12999725,90.80000305,89.23000336,90.06999969,83.97821808,802600
BAH,3/24/2023,89.95999908,90.93000031,89.22000122,90.88999939,84.7427597,992500
BAH,3/27/2023,91.22000122,91.94999695,90.54000092,91.69999695,85.4980011,1107500
BAH,3/28/2023,91.72000122,92.23000336,91.56999969,91.59999847,85.40475464,687200
BAH,3/29/2023,91.97000122,92.41999817,91.5,92.41000366,86.15997314,676300
BAH,3/30/2023,92.68000031,92.73000336,91.59999847,91.73999786,85.53527832,518200
BAH,3/31/2023,92.41000366,92.94999695,92.12999725,92.69000244,86.42102051,926700
BAH,4/3/2023,93.05999756,95.62999725,92.84999847,95.01000214,88.58412933,1017200
BAH,4/4/2023,94.94999695,95.52999878,94.25,94.91000366,88.49088287,1075800
BAH,4/5/2023,94.98999786,95.98000336,94.70999908,95.01999664,88.59344482,1242300
BAH,4/6/2023,95.23999786,96.23000336,94.95999908,95.62999725,89.16218567,1125400
BAH,4/10/2023,95.40000153,96.95999908,95.40000153,96.83000183,90.28102875,920900
BAH,4/11/2023,96.75,97.09999847,96.18000031,96.22000122,89.71228027,876100
BAH,4/12/2023,96.33000183,97.04000092,96.05000305,96.62000275,90.08524323,538900
BAH,4/13/2023,96.77999878,97.48999786,96.25,97.25,90.67261505,530500
BAH,4/14/2023,96.94999695,97.33000183,96.36000061,96.98999786,90.43019867,673200
BAH,4/17/2023,97.23999786,97.33999634,96.40000153,96.93000031,90.37426758,894300
BAH,4/18/2023,97.05000305,97.88999939,96.98999786,97.61000061,91.00827789,950600
BAH,4/19/2023,97.98000336,98.27999878,97.70999908,98.26999664,91.62361145,1032400
BAH,4/20/2023,98.48000336,98.98000336,98.01999664,98.51999664,91.85673523,876700
BAH,4/21/2023,98.98999786,99.51999664,98.19999695,98.98000336,92.28562927,1121400
BAH,4/24/2023,98.73000336,99.05000305,96.11000061,96.47000122,89.94538116,889500
BAH,4/25/2023,96.19999695,96.73000336,95.86000061,96.12999725,89.62836456,493000
BAH,4/26/2023,94.91000366,95.26000214,93.31999969,94.08999634,87.72632599,757500
BAH,4/27/2023,94.15000153,96.01000214,94.15000153,95.88999939,89.40459442,840600
BAH,4/28/2023,95.95999908,96.55000305,95.48000336,95.72000122,89.24610138,707000
BAH,5/1/2023,95.90000153,97.66999817,95.55999756,96.95999908,90.40222931,674200
BAH,5/2/2023,96.33999634,96.45999908,92.18000031,92.65000153,86.38374329,1030400
BAH,5/3/2023,92.69999695,95.09999847,92.69999695,93.44999695,87.12962341,1049400
BAH,5/4/2023,92.80999756,93,91.01999664,92.08000183,85.85227966,543100
BAH,5/5/2023,92.68000031,93.73999786,92.08999634,93.08000183,86.78465271,706300
BAH,5/8/2023,93.05000305,93.33000183,91.22000122,91.44999695,85.26488495,627500
BAH,5/9/2023,92.06999969,92.83999634,91.02999878,92.37999725,86.13199615,949100
BAH,5/10/2023,93.04000092,93.79000092,92.70999908,93.26999664,86.96179199,1286000
BAH,5/11/2023,92.83999634,92.83999634,91.70999908,92.12999725,85.89890289,549500
BAH,5/12/2023,92.44000244,92.87999725,91.55999756,92.84999847,86.57019806,562700
BAH,5/15/2023,92.90000153,93.43000031,92.31999969,92.81999969,86.54225159,785400
BAH,5/16/2023,92.36000061,92.66000366,91.69000244,91.69999695,85.4980011,760600
BAH,5/17/2023,91.98000336,93.33000183,91.55000305,93.06999969,86.77534485,903300
BAH,5/18/2023,92.91000366,93.43000031,92.23000336,93.34999847,87.03638458,582400
BAH,5/19/2023,93.73999786,94.12999725,92.41000366,92.66000366,86.39306641,567600
BAH,5/22/2023,92.48999786,93.81999969,92.19000244,93.16999817,86.86856842,693500
BAH,5/23/2023,93.45999908,94.18000031,93.04000092,93.5,87.17624664,715400
BAH,5/24/2023,93.62999725,93.76000214,91.55999756,91.66000366,85.46069336,590500
BAH,5/25/2023,90.90000153,91.54000092,89.80000305,89.84999847,83.77311707,1305400
BAH,5/26/2023,94.87999725,97.62999725,92.04000092,96.25,89.74026489,2470200
BAH,5/30/2023,97,98.27999878,96.09999847,97.94000244,91.31595612,1333700
BAH,5/31/2023,97.61000061,101.4199982,97.25,100.5800018,93.77740479,2900500
BAH,6/1/2023,100.1999969,101.8300018,99.79000092,100.7600021,93.94522858,1515100
BAH,6/2/2023,100.9899979,103.8399963,100.9599991,103.6999969,96.68639374,1150500
BAH,6/5/2023,103.7300034,104.25,102.8000031,103.1800003,96.20154572,765000
BAH,6/6/2023,103.3499985,103.5299988,102.3000031,103.3000031,96.31344604,770800
BAH,6/7/2023,103.3399963,103.6900024,102.7300034,103.3399963,96.3507309,912200
BAH,6/8/2023,103.5199966,104.2900009,102.9499969,104,96.96607971,973000
BAH,6/9/2023,104.0100021,104.7200012,103.3099976,103.5100021,96.5092392,741200
BAH,6/12/2023,103.8399963,104.4300003,103.3799973,104.1699982,97.1246109,534700
BAH,6/13/2023,104.1699982,106.4199982,103.8799973,106.2799988,99.09189606,928400
BAH,6/14/2023,105.4100037,106.25,104.4800034,105.75,99.03569031,1206400
BAH,6/15/2023,105.9400024,107.5899963,105.8600006,107.3799973,100.5621948,1438800
BAH,6/16/2023,107.3799973,108.9700012,107.3799973,108.6100006,101.7141113,1172100
BAH,6/20/2023,108.2300034,109.8600006,107.7799988,109.5500031,102.5944443,1058500
BAH,6/21/2023,109.1800003,110.1900024,108.8499985,109.5199966,102.56633,718500
BAH,6/22/2023,109.5199966,110.0800018,108.6800003,109.7300034,102.7630005,710100
BAH,6/23/2023,109.25,109.8600006,107.2300034,107.4400024,100.6184006,1228800
BAH,6/26/2023,106.7900009,108.9199982,106.5199966,108.8000031,101.8920593,482600
BAH,6/27/2023,109.0800018,109.6399994,108.1999969,109.0699997,102.1449051,720100
BAH,6/28/2023,109.0999985,109.0999985,108.1900024,108.6600037,101.7609634,690300
BAH,6/29/2023,108.8499985,110.8000031,108.7300034,110.0199966,103.0345917,632500
BAH,6/30/2023,110.3499985,111.9899979,110.0199966,111.5999985,104.5142746,1033000
BAH,7/3/2023,110.7699966,112.4000015,110.4400024,111.9899979,104.879509,543600
BAH,7/5/2023,111.3600006,112.7799988,111.1500015,112.2600021,105.1323776,897900
BAH,7/6/2023,111.9300003,112.3600006,111.2699966,111.5400009,104.4580841,777100
BAH,7/7/2023,111.0100021,112.6399994,110.2099991,112.0400009,104.9263306,892600
BAH,7/10/2023,111.9599991,113.1600037,111.9599991,112.6100006,105.460144,530800
BAH,7/11/2023,112.8499985,113.7900009,112.4199982,113.7200012,106.4996796,555100
BAH,7/12/2023,114.1900024,114.4300003,112.1699982,112.25,105.1230011,659000
BAH,7/13/2023,112.9000015,113.0999985,112.0800018,112.5899963,105.4413986,480200
BAH,7/14/2023,112.4899979,113.4800034,111.8600006,113.2900009,106.0969772,557200
BAH,7/17/2023,113.2900009,114.7399979,112.9400024,114.3399963,107.080307,500100
BAH,7/18/2023,114.0599976,115.8099976,114.0599976,115.5699997,108.232193,1067500
BAH,7/19/2023,115.9800034,116.7399979,115.4300003,116.0400009,108.6723633,945200
BAH,7/20/2023,115.5899963,116.4199982,115.4800034,116.25,108.8690491,573900
BAH,7/21/2023,116.8899994,116.8899994,115.6999969,115.8300018,108.4757004,916700
BAH,7/24/2023,115.6500015,116.5,115.1500015,115.8700027,108.5131683,512500
BAH,7/25/2023,115.2399979,116.2600021,115.0299988,116.2200012,108.8409424,649900
BAH,7/26/2023,116.1399994,117.0500031,115.9300003,116.5299988,109.1312485,603200
BAH,7/27/2023,116.6200027,116.8199997,113.7600021,113.9599991,106.7244339,1360500
BAH,7/28/2023,114.1500015,121.5999985,114.1500015,120.9400024,113.261261,1456900
BAH,7/31/2023,121.0699997,121.2300034,119.8700027,121.0800018,113.3923721,1003700
BAH,8/1/2023,121.9800034,124.0500031,120.7399979,123.3300018,115.4995041,1101600
BAH,8/2/2023,122.9599991,123.8099976,122.1200027,123.7099991,115.8553848,748100
BAH,8/3/2023,123.7099991,125.1900024,122.8000031,124.5400009,116.6326828,780100
BAH,8/4/2023,124.8899994,124.8899994,122.6399994,122.6900024,114.9001541,887300
BAH,8/7/2023,122.8399963,123.9700012,122.6299973,123.3300018,115.4995041,688100
BAH,8/8/2023,123.2399979,123.2399979,121,121.9700012,114.225853,1037400
BAH,8/9/2023,122.1500015,122.7799988,121.3899994,121.5699997,113.8512497,678900
BAH,8/10/2023,121.4100037,121.9199982,120.1299973,120.6900024,113.0271225,897100
BAH,8/11/2023,120.8000031,120.9499969,120.25,120.6699982,113.0084,1265600
BAH,8/14/2023,120.7099991,122.9400024,120.5999985,122.1200027,114.8135223,773900
BAH,8/15/2023,121.6699982,122.9499969,121.5999985,121.8099976,114.5220795,699800
BAH,8/16/2023,121.8099976,121.8099976,119.5599976,119.75,112.5853195,690600
BAH,8/17/2023,119.5400009,120.4100037,114.8399963,114.9000015,108.0255051,1110100
BAH,8/18/2023,114.9899979,115.2799988,113.4499969,113.7699966,106.9630966,1271700
BAH,8/21/2023,113.9000015,114.3199997,112.4899979,113.0500031,106.2861786,774200
BAH,8/22/2023,113.1200027,114.1100006,111.5599976,112.9400024,106.1827698,655200
BAH,8/23/2023,113.3099976,114.0299988,112.4000015,113.6999969,106.8972931,653000
BAH,8/24/2023,113.5999985,115.3799973,113.5999985,114.7600021,107.8938828,739600
BAH,8/25/2023,115.4199982,115.4199982,113.8099976,114.5400009,107.6870346,359500
BAH,8/28/2023,114.0999985,115.4700012,114.0999985,115.0500031,108.1665192,440600
BAH,8/29/2023,114.9400024,114.9899979,113.8499985,114.4199982,107.5742035,610600
BAH,8/30/2023,115.0299988,115.2699966,114.3899994,114.5599976,107.7058334,429300
BAH,8/31/2023,114.8700027,115.0699997,113.1200027,113.3099976,106.5306168,847400
BAH,9/1/2023,113.8600006,115.3000031,113.8600006,114.7799988,107.912674,913400
BAH,9/5/2023,114.1800003,115.4800034,113.9499969,114.7399979,107.875061,844100
BAH,9/6/2023,114.8099976,115.2399979,114.2699966,114.4000015,107.5554123,815400
BAH,9/7/2023,114.4899979,114.7600021,112.4400024,112.7099991,105.9665375,764500
BAH,9/8/2023,112.9700012,113.0500031,111.7799988,111.9499969,105.2519913,462600
BAH,9/11/2023,111.9499969,112.8600006,111.8799973,112.75,106.0041275,436200
BAH,9/12/2023,112.2600021,113.4199982,111.9100037,113.25,106.4742126,401700
BAH,9/13/2023,113.7300034,114.7900009,112.9599991,113.2300034,106.4554291,554500
BAH,9/14/2023,113.6900024,113.9300003,112.8899994,113.0899963,106.3237915,497200
BAH,9/15/2023,112.4400024,112.7799988,110.8000031,111.4300003,104.7631149,1191400
BAH,9/18/2023,111.6100006,112.9100037,111.4700012,111.6699982,104.9887543,463300
BAH,9/19/2023,111.5199966,111.6900024,110.6600037,111.4899979,104.819519,430500
BAH,9/20/2023,111.5999985,112.3799973,110.6699982,111.5800018,104.9041367,876700
BAH,9/21/2023,111.1200027,111.1200027,107.5800018,107.6399994,101.1998749,720200
BAH,9/22/2023,107.5,108.2600021,107.25,107.3700027,100.946022,475200
BAH,9/25/2023,107.0699997,108.1500015,107.0699997,108.0899963,101.6229401,463500
BAH,9/26/2023,107.7900009,108.5299988,106.9000015,108.3300018,101.8485794,678700
BAH,9/27/2023,108.7799988,110.4000015,108.5800018,109.7200012,103.1554184,1278700
BAH,9/28/2023,110.0400009,110.5500031,108.6399994,108.7399979,102.2340469,361300
BAH,9/29/2023,109.4400024,110.1800003,108.8899994,109.2699966,102.732338,740800
BAH,10/2/2023,110.1600037,113.8499985,109.8300018,113.5699997,106.7750626,1772300
BAH,10/3/2023,114.1299973,116.5500031,113.9499969,114.75,107.8844757,1698800
BAH,10/4/2023,115.1600037,116.7099991,114.4300003,115.8300018,108.8998566,1548500
BAH,10/5/2023,115.6699982,116.9700012,115.5500031,116.7099991,109.7272034,936300
BAH,10/6/2023,116.1299973,120.0299988,116.1299973,119.4800034,112.3314819,1247300
BAH,10/9/2023,120.25,122.7900009,120.0599976,122.7600021,115.4152222,966800
BAH,10/10/2023,122.6699982,125.1200027,122.6699982,124.4899979,117.0417175,1089200
BAH,10/11/2023,124.5,126.8000031,124.4899979,126.6500015,119.0724869,944400
BAH,10/12/2023,127.5699997,127.8899994,125.9000015,127.0100021,119.410965,905700
BAH,10/13/2023,127.6299973,127.9800034,126.9199982,127.9000015,120.2477188,853700
BAH,10/16/2023,127.8199997,129.0800018,127.4800034,128.6999969,120.9998322,747400
BAH,10/17/2023,128.5200043,130.3399963,128.0700073,128.6799927,120.981041,921600
BAH,10/18/2023,128.7899933,128.8600006,125.2300034,125.3000031,117.8032608,1303700
BAH,10/19/2023,126.7200012,128.0200043,123.0299988,123.3099976,115.9323196,1457300
BAH,10/20/2023,123.3199997,123.9800034,121.8399963,121.8499985,114.5596695,845100
BAH,10/23/2023,122.0299988,122.3499985,120.8700027,121.2699966,114.0143661,651400
BAH,10/24/2023,121.9400024,122.6200027,118.7799988,119.7300034,112.5665283,843800
BAH,10/25/2023,120.0400009,120.5100021,118.8700027,119.4100037,112.2656708,1637800
BAH,10/26/2023,119.4000015,121.7300034,119.4000015,121.3499985,114.0895767,1317700
BAH,10/27/2023,117.4800034,118.75,114.6900024,117.3600006,110.3383179,1821500
BAH,10/30/2023,118.4400024,118.6399994,116.5999985,117.8600006,110.808403,1249300
BAH,10/31/2023,118.4300003,120.4899979,118.0699997,119.9300003,112.7545624,1130500
BAH,11/1/2023,120.6600037,124.6699982,120.3000031,123.7600021,116.3554077,1325100
BAH,11/2/2023,123.5100021,124.2799988,122.6699982,122.7399979,115.3964157,747200
BAH,11/3/2023,122.9199982,124.9899979,122.9199982,123.0100021,115.6502762,729800
BAH,11/6/2023,123.1299973,124.0800018,122.5999985,123.6399994,116.2425919,564200
BAH,11/7/2023,123.25,124.1500015,122.5899963,123.1500015,115.7818909,730700
BAH,11/8/2023,123.0599976,124.8600006,123.0599976,124.7900009,117.3237686,592900
BAH,11/9/2023,124.6100006,125.1500015,123.9400024,124.5999985,117.1451416,562400
BAH,11/10/2023,125.0999985,126.5199966,124.9899979,126,118.4613724,521500
BAH,11/13/2023,126.1699982,128.5700073,125.9199982,127.3399963,119.721199,979500
BAH,11/14/2023,127.2300034,129.7899933,126.6999969,129.3200073,122.0331497,900200
BAH,11/15/2023,129.0700073,129.9199982,126.5699997,126.7600021,119.6173935,771600
BAH,11/16/2023,126.8000031,128.2599945,126.5,127.8300018,120.6271286,598000
BAH,11/17/2023,127.9899979,128.3200073,126.1999969,126.8199997,119.6740189,563300
BAH,11/20/2023,126.7300034,127.6800003,126.4700012,127.5400009,120.3534622,480200
BAH,11/21/2023,127.6299973,128.0800018,126.3199997,126.3799973,119.2588196,597200
BAH,11/22/2023,126.4899979,127.6600037,126.2600021,127.4199982,120.2402115,363400
BAH,11/24/2023,127.2799988,128.5399933,127.2799988,128.1499939,120.9290771,161300
BAH,11/27/2023,128.1499939,128.8800049,127.8399963,127.8799973,120.6742859,644200
BAH,11/28/2023,126.3700027,127.5800018,125.6299973,125.9400024,118.8436203,749200
BAH,11/29/2023,126.0100021,126.4899979,124.3399963,124.4700012,117.4564514,658200
BAH,11/30/2023,124.25,125.5199966,124.1600037,125.1299973,118.0792618,1289000
BAH,12/1/2023,125.4400024,128.2200012,124.5500031,128.1600037,120.9385071,690300
BAH,12/4/2023,128.4900055,131.2799988,128.0200043,131.2200012,123.8260956,813100
BAH,12/5/2023,131,131.0500031,128.0099945,128.0500031,120.8347244,633600
BAH,12/6/2023,128.0299988,128.9700012,125.8700027,126.9000015,119.7495193,626800
BAH,12/7/2023,126.5899963,127.3700027,124.0299988,125.3399963,118.2774124,492000
BAH,12/8/2023,125.5500031,125.6699982,123.7799988,125.2900009,118.2302322,562900
BAH,12/11/2023,125.5400009,127.0599976,125.5400009,126.6900024,119.5513458,446200
BAH,12/12/2023,126.5100021,127.9400024,125.8099976,127.8300018,120.6271286,489700
BAH,12/13/2023,127.8300018,129.8500061,127.3000031,128.9799957,121.712326,688100
BAH,12/14/2023,128.9600067,129.3200073,124.0800018,125.2200012,118.1641846,889000
BAH,12/15/2023,124.2600021,125.1600037,123.5699997,125.0199966,117.975441,1186900
BAH,12/18/2023,125.4599991,126.2300034,124.6699982,125.2799988,118.2207947,582400
BAH,12/19/2023,125.5999985,126.0699997,125.2699966,125.7699966,118.683197,559400
BAH,12/20/2023,125.5800018,126.9199982,124.75,124.8000031,117.7678375,406400
BAH,12/21/2023,125.2900009,126.0400009,125.0299988,125.7699966,118.683197,348000
BAH,12/22/2023,126.1900024,127.4899979,125.7600021,127,119.8438721,338000
BAH,12/26/2023,126.8899994,128.0599976,126.8000031,127.4100037,120.2307816,278800
BAH,12/27/2023,127.3399963,128.3699951,127.1500015,127.2900009,120.1175385,452500
BAH,12/28/2023,124.4499969,128.3500061,123.4800034,127.1500015,119.9854355,1099100
BAH,12/29/2023,127.1600037,128.0500031,126.8300018,127.9100037,120.7026215,403100
BAH,1/2/2024,127.1900024,128.3000031,126.5999985,127.4800034,120.2968445,519400
BAH,1/3/2024,127.1500015,127.4000015,125.5800018,126.1100006,119.0040207,563500
BAH,1/4/2024,126.7799988,127.75,125.3000031,125.3799973,118.315155,629200
BAH,1/5/2024,124.1200027,125.4400024,123.1699982,123.7699966,116.7958755,637000
BAH,1/8/2024,124.4400024,127.0199966,124.0400009,126.9700012,119.8155746,447300
BAH,1/9/2024,126.9700012,127.3000031,125.4199982,127.2600021,120.0892258,494500
BAH,1/10/2024,127.2600021,128.9799957,126.2799988,127.2200012,120.0514755,473000
BAH,1/11/2024,127.6299973,127.8899994,125.5800018,126.5199966,119.3909225,542400
BAH,1/12/2024,127.0199966,128.6900024,126.2600021,128.6300049,121.3820419,598400
BAH,1/16/2024,128.2599945,128.2599945,125.8899994,126.6699982,119.532486,515500
BAH,1/17/2024,126.2099991,127.8199997,126.2099991,126.5400009,119.4098053,513500
BAH,1/18/2024,126.5899963,127.7200012,125.8799973,127.6699982,120.4761353,569000
BAH,1/19/2024,128.0200043,128.2599945,127.0899963,127.4899979,120.3062668,656700
BAH,1/22/2024,127.8899994,130.4100037,127.6399994,129.9799957,122.6559677,747100
BAH,1/23/2024,129.8899994,130.2899933,128.6000061,128.8800049,121.6179428,497300
BAH,1/24/2024,129.4100037,130.25,128.7200012,129.1499939,121.8727264,536000
BAH,1/25/2024,129.1600037,130,128.0700073,128.8800049,121.6179428,1031000
BAH,1/26/2024,139.9100037,147.5200043,139.8800049,146.3800049,138.131897,2370100
BAH,1/29/2024,146.6000061,147.1900024,142.4799957,144.3999939,136.2634277,1297500
BAH,1/30/2024,145.1000061,145.1000061,142.4700012,144.6799927,136.5276794,1042700
BAH,1/31/2024,145.1499939,145.1499939,140.7400055,140.7700043,132.8379669,1306300
BAH,2/1/2024,140.9900055,142.1799927,139.3699951,142.1699982,134.1590881,1086600
BAH,2/2/2024,142.4100037,143.3300018,141.2400055,142.4499969,134.4233246,766400
BAH,2/5/2024,142.75,142.75,140.6000061,141.8699951,133.8759918,528900
BAH,2/6/2024,141.8699951,144.2200012,141.3200073,144.0500031,135.9331665,651900
BAH,2/7/2024,144.4299927,145.6499939,143.25,143.6600037,135.5651398,531700
BAH,2/8/2024,143.6100006,145.4900055,142.8600006,144.6199951,136.4710693,424500
BAH,2/9/2024,144.8999939,146.7799988,143.6900024,146.6900024,138.9142914,737900
BAH,2/12/2024,146.4499969,148.0700073,145.6600037,145.8899994,138.156662,705100
BAH,2/13/2024,145.3399963,146.9100037,144.1499939,144.3999939,136.7456665,540400
BAH,2/14/2024,145.9199982,146.5599976,143.9199982,145.1300049,137.4369812,855100
BAH,2/15/2024,145.3399963,146.4499969,144.8300018,145.3699951,137.6642456,621700
BAH,2/16/2024,145.5599976,147.0500031,144.3899994,145.5899963,137.8725891,591300
BAH,2/20/2024,145.1999969,146.7599945,144.5599976,145.1000061,137.4085541,614700
BAH,2/21/2024,144.4499969,145.8200073,143.0500031,144.8899994,137.2096863,533400
BAH,2/22/2024,145.9499969,147.9400024,145.7200012,147.5399933,139.7192383,796700
BAH,2/23/2024,148,149.3399963,147.4900055,148.9100037,141.0166168,532400
BAH,2/26/2024,149.5500031,149.7200012,147.5500031,147.7299957,139.8991394,447000
BAH,2/27/2024,146.6900024,147.2799988,145.1199951,146.5299988,138.7627716,536300
BAH,2/28/2024,146.3500061,147.8300018,146.0099945,147.3099976,139.5014191,512700
BAH,2/29/2024,147.3200073,148.8099976,147.2700043,147.7100067,139.8802338,689100
BAH,3/1/2024,147.3300018,148.2899933,146.9100037,148.1799927,140.3253174,649800
BAH,3/4/2024,148.5899963,150.5899963,148.2899933,149.0500031,141.1491852,491400
BAH,3/5/2024,149.0099945,149.3099976,147.9499969,149.1900024,141.2817535,497300
BAH,3/6/2024,149.2700043,150.2700043,148.7400055,148.8999939,141.0071411,744800
BAH,3/7/2024,149.4299927,149.9199982,147.0399933,148.3899994,140.5241394,639700
BAH,3/8/2024,148.5500031,149.3699951,146.5599976,147.1399994,139.3404388,380200
BAH,3/11/2024,146.5500031,146.6499939,144.1799927,144.5800018,136.9161224,550900
BAH,3/12/2024,144.8699951,146.2100067,143.8000031,145.6399994,137.9199524,520900
BAH,3/13/2024,145.6399994,146.3500061,144.8200073,146.1000061,138.3555756,403100
BAH,3/14/2024,146.5099945,146.7100067,144.2200012,145.1699982,137.4748383,500500
BAH,3/15/2024,144.2100067,145.8500061,144.2100067,144.7899933,137.1149902,622300
BAH,3/18/2024,144.7899933,145.8200073,144.2200012,144.4900055,136.8309174,583400
BAH,3/19/2024,144.7899933,146.2899933,144.2100067,146.1699982,138.4218292,576800
BAH,3/20/2024,146.2400055,147.1600037,145.6799927,146.8300018,139.0468597,380600
BAH,3/21/2024,147.25,148.4299927,146.2200012,148.25,140.391571,439300
BAH,3/22/2024,148.7899933,149.2899933,146.7299957,147.6100006,139.7855377,424900
BAH,3/25/2024,147.8399963,148.3099976,145.7299957,146.1300049,138.3839722,430400
BAH,3/26/2024,146.2100067,147.7700043,145.8600006,147.1799927,139.3782959,597600
BAH,3/27/2024,147.9400024,148.5200043,147.0700073,148.2200012,140.363205,415900
BAH,3/28/2024,148.3200073,149.8099976,148.3200073,148.4400024,140.5715485,418300
BAH,4/1/2024,148.3000031,149.1000061,147.4299927,149.0599976,141.1586456,569000
BAH,4/2/2024,148.7799988,149.4900055,146.8099976,146.8500061,139.0658112,407300
BAH,4/3/2024,146.6100006,148.3500061,146.5899963,147.7400055,139.9086151,438500
BAH,4/4/2024,148.4900055,149.3000031,146.1999969,146.3500061,138.5923157,557100
BAH,4/5/2024,146.6100006,148.1900024,145.8000031,146.8300018,139.0468597,655400
BAH,4/8/2024,146.6600037,147.8000031,145.8099976,147.3200073,139.5108948,589000
BAH,4/9/2024,147.1499939,147.7200012,143.3699951,143.5,135.8933563,490500
BAH,4/10/2024,142.1600037,143.9400024,141.9400024,142.7100067,135.1452789,465400
BAH,4/11/2024,143.8300018,144.9700012,142.0599976,144.1999969,136.5562592,574200
BAH,4/12/2024,143.5200043,145.1100006,143.2899933,144.0899963,136.4521027,553100
BAH,4/15/2024,144.7700043,146.0599976,142.1999969,142.2599945,134.7191162,637900
BAH,4/16/2024,143.2400055,143.6100006,141.8899994,142.1600037,134.6244049,521100
BAH,4/17/2024,142.3000031,142.3000031,139.9499969,140.2599945,132.825119,535800
BAH,4/18/2024,140.6900024,141.8000031,138.9199982,139.5099945,132.1148682,436800
BAH,4/19/2024,140.0099945,142.4400024,139.8399963,142.1399994,134.6054535,747500
BAH,4/22/2024,142.8399963,144.6799927,142.2299957,143.0099945,135.4293518,499600
BAH,4/23/2024,143.6399994,146.4299927,143.0099945,145.9600067,138.2229919,583900
BAH,4/24/2024,146.5800018,147.1600037,143.1799927,144.3899994,136.7361908,514700
BAH,4/25/2024,144.1699982,146.6300049,144.0299988,145.2700043,137.5695648,469600
BAH,4/26/2024,144.9799957,145.5500031,144.2899933,145.1300049,137.4369812,405600
BAH,4/29/2024,145.5200043,147.7599945,145.3699951,147.5800018,139.7571106,567100
BAH,4/30/2024,148.7899933,148.9900055,146.6399994,147.6699982,139.8423309,707400
BAH,5/1/2024,148.0899963,148.8699951,147.0399933,147.3300018,139.5203705,795500
BAH,5/2/2024,148.5200043,148.6600037,146.2299957,146.6999969,138.9237518,698700
BAH,5/3/2024,147.9299927,148.2700043,145.7700043,147.25,139.4445953,796800
BAH,5/6/2024,147.9299927,152.9900055,147.2799988,152.8800049,144.7761536,1525400
BAH,5/7/2024,153,154.8200073,151.2700043,151.3999939,143.3746185,804000
BAH,5/8/2024,151.5,152.3500061,148.5800018,151.0700073,143.0621338,1042200
BAH,5/9/2024,151.7100067,154.3600006,151.4600067,154.3399963,146.158783,872600
BAH,5/10/2024,155.3099976,156.1399994,154.4499969,156.0599976,147.7876282,802000
BAH,5/13/2024,156.0599976,156.8300018,151.6499939,151.8200073,143.7723694,722700
BAH,5/14/2024,151.4100037,152.2299957,147.8800049,149.0599976,141.1586456,1164100
BAH,5/15/2024,148.6499939,151.7100067,148.3999939,150.9499969,142.9484711,704400
BAH,5/16/2024,151.0099945,152.8899994,150.8200073,152.5500031,144.4636688,533600
BAH,5/17/2024,152.6600037,153.7400055,152.0399933,152.2899933,144.2174377,620000
BAH,5/20/2024,152.3000031,154,152,153.9799957,145.8178558,559000
BAH,5/21/2024,154.1399994,154.5,153.2899933,154.1499939,145.9788361,470000
BAH,5/22/2024,154.0700073,154.9199982,152.8899994,153.4600067,145.3254547,281500
BAH,5/23/2024,154.5500031,154.6999969,152.0500031,152.3600006,144.2837219,733500
BAH,5/24/2024,160.5899963,164.4299927,156.4900055,158.5099945,150.1077271,1466200
BAH,5/28/2024,160.0700073,160.8399963,154.2700043,154.6000061,146.4050293,885800
BAH,5/29/2024,153.6499939,155.0800018,152.3099976,154.4400024,146.253479,733800
BAH,5/30/2024,154.2100067,154.2100067,150.8600006,151.7299957,143.6871185,1091500
BAH,5/31/2024,152.3699951,152.8200073,151.1600037,152.2100067,144.1416779,1035800
BAH,6/3/2024,152.0800018,152.4799957,149.3999939,150.5099945,142.5317841,564900
BAH,6/4/2024,150.6699982,152.9299927,150.6699982,151.8800049,143.8291779,682300
BAH,6/5/2024,151.9600067,154.5,151.7100067,153.4199982,145.2875519,612500
BAH,6/6/2024,153.4400024,155,151.9499969,152.2799988,144.207962,617400
BAH,6/7/2024,152.6499939,153.6799927,151.5,151.7400055,143.696579,650200
BAH,6/10/2024,151.5500031,152.6699982,150.7899933,151.8399963,143.7913055,797200
BAH,6/11/2024,151.4600067,151.8000031,149.9299927,150.6999969,142.7117157,673700
BAH,6/12/2024,151.2599945,153.0399933,151,151.9199982,143.8670654,489600
BAH,6/13/2024,151.3899994,151.5,149.8099976,150.4100037,142.9168549,394400
BAH,6/14/2024,149.2799988,150.8600006,148.5800018,150.4199982,142.9263763,376000
BAH,6/17/2024,150.0200043,152.9400024,149.2200012,152.8999939,145.2828369,522500
BAH,6/18/2024,152.3399963,154.4299927,151.6499939,153.8600006,146.1950073,505600
BAH,6/20/2024,153.8800049,154.5500031,152.7299957,154.4499969,146.7556,565900
BAH,6/21/2024,154.4600067,155.1900024,152.6000061,154.8500061,147.1356812,1325200
BAH,6/24/2024,155.0099945,158.3000031,154.9700012,157.2200012,149.387619,620800
BAH,6/25/2024,157.4900055,158.0899963,155.9499969,157.3899994,149.5491333,503400
BAH,6/26/2024,156.4100037,156.8099976,155.2899933,156.2299957,148.4469452,677200
BAH,6/27/2024,155.7799988,156.3999939,153.8200073,156.25,148.4659424,586300
BAH,6/28/2024,156.8800049,157.5800018,153.0299988,153.8999939,146.2330322,1816800
BAH,7/1/2024,154.6000061,155.1100006,150.8300018,151,143.477478,944200
BAH,7/2/2024,150.8600006,153.0099945,150.3000031,152.7799988,145.168808,515400
BAH,7/3/2024,153.0500031,154.5299988,151.9299927,154.5099945,146.8126373,261000
BAH,7/5/2024,154.1699982,154.8099976,152.5899963,152.7899933,145.178299,401300
BAH,7/8/2024,153.5500031,155.0399933,153.4400024,153.6999969,146.0429688,490700
BAH,7/9/2024,153.6999969,154.6499939,153.2100067,154.3899994,146.6985626,437900
BAH,7/10/2024,155,155.6499939,153.8600006,155.6499939,147.8958282,339700
BAH,7/11/2024,156.1100006,157.4199982,156.1000061,156.9799957,149.1595612,369900
BAH,7/12/2024,157.9100037,159.0500031,157.5399933,158.1600037,150.2807922,373000
BAH,7/15/2024,157.5399933,159.4499969,157.0800018,157.2200012,149.387619,461500
BAH,7/16/2024,158.0200043,159.8099976,157.9700012,158.1900024,150.3092957,493600
BAH,7/17/2024,157.5800018,158.5899963,156.2200012,156.2599945,148.4754028,391600
BAH,7/18/2024,156.25,158.6399994,156.0200043,156.6999969,148.8935089,434000
BAH,7/19/2024,157.2100067,157.5200043,155.5200043,156.0599976,148.2854156,436500
BAH,7/22/2024,156.3300018,158.3300018,154.5399933,158.1699982,150.2902985,388500
BAH,7/23/2024,158.4799957,160.6199951,157.6399994,160.2899933,152.304657,565900
BAH,7/24/2024,159.5500031,159.6300049,153.9600067,154.0899963,146.4135132,617700
BAH,7/25/2024,154.6699982,156.7599945,153.5099945,153.5800018,145.9289551,797600
BAH,7/26/2024,140.75,143,134.6600037,139.8399963,132.8734589,2954200
BAH,7/29/2024,141.8200073,145,141.5200043,144.4900055,137.2918091,2045100
BAH,7/30/2024,145.3200073,146.1600037,137.8999939,138.8200073,131.9042664,1221300
BAH,7/31/2024,141.0299988,144.1199951,139.6199951,143.3099976,136.170578,1207700
BAH,8/1/2024,143.3099976,144.3300018,140.6300049,142.9499969,135.8284912,896900
BAH,8/2/2024,140.75,144,140.0700073,143.9799957,136.8072052,953500
BAH,8/5/2024,139.3500061,145,138.7200012,144.6399994,137.4343262,1420700
BAH,8/6/2024,145.5899963,149.5200043,144.9799957,146.1999969,138.9166107,1147900
BAH,8/7/2024,147.2700043,148.6100006,145.3600006,145.3699951,138.1279602,754000
BAH,8/8/2024,146.0099945,147.8200073,144.9700012,147.7899933,140.4273987,700500
BAH,8/9/2024,147.5200043,148.0200043,146.1100006,147.6100006,140.2563782,425300
BAH,8/12/2024,147.6699982,148.1900024,146.0700073,146.3399963,139.0496368,522200
BAH,8/13/2024,146.7700043,148.2700043,145.6699982,146.2599945,138.9736176,653700
BAH,8/14/2024,146.0099945,148.1799927,145.4799957,147.9799957,141.0999298,739400
BAH,8/15/2024,148.5200043,149.0200043,147.0399933,147.9499969,141.0713196,456000
BAH,8/16/2024,147.7400055,149.7400055,147.6199951,147.6699982,140.8043518,561500
BAH,8/19/2024,147.8000031,149.8500061,147.8000031,148.7100067,141.7960052,664300
BAH,8/20/2024,148.7899933,150.6799927,148.7899933,150.6499939,143.6457977,436200
BAH,8/21/2024,151.0299988,153.7899933,150.5700073,153.6100006,146.4682007,584100
BAH,8/22/2024,154,155.7100067,153,154.1300049,146.9640198,627300
BAH,8/23/2024,154.5899963,155,153.3200073,154.9400024,147.7363586,375100
BAH,8/26/2024,155.6300049,156.2899933,153.6199951,153.9700012,146.8114319,525900
BAH,8/27/2024,153.7799988,156.0200043,152.9199982,155.75,148.508667,378900
BAH,8/28/2024,156.0500031,156.9900055,154.2200012,155.5,148.2703247,607100
BAH,8/29/2024,156.3699951,158.9100037,155.5299988,157.3699951,150.0533752,408600
BAH,8/30/2024,157.2299957,158.9900055,156.8800049,158.7799988,151.3977966,577300
BAH,9/3/2024,158.7400055,159.3699951,155.8699951,156.4600067,149.1856842,393400
BAH,9/4/2024,156.25,157.4100037,155.5599976,156.8000031,149.5098877,627500
BAH,9/5/2024,157.6699982,157.9499969,155.1499939,155.8800049,148.6326599,577300
BAH,9/6/2024,156.1000061,157.2799988,151.1799927,152.1100006,145.0379333,558000
BAH,9/9/2024,152.9499969,154.1399994,151.3899994,151.9600067,144.8949127,1038500
BAH,9/10/2024,152.4499969,153.1999969,151.0399933,151.8500061,144.7900085,572300
BAH,9/11/2024,151.5399933,151.9199982,149.0599976,151.6300049,144.5802307,665700
BAH,9/12/2024,151.6600037,155.1000061,151.6600037,154.7299957,147.5361023,653900
BAH,9/13/2024,155.2100067,157.8699951,154.9700012,156.9900055,149.69104,466600
BAH,9/16/2024,158,158.8099976,157.3899994,158.4499969,151.0831757,410500
BAH,9/17/2024,157,158.2299957,155.0399933,155.4600067,148.2321777,569900
BAH,9/18/2024,155.7700043,157.1100006,154.5,154.5099945,147.3263397,426700
BAH,9/19/2024,156.6399994,156.6399994,154.9199982,156.1600037,148.8996277,662600
BAH,9/20/2024,155.4100037,158.1300049,154.7799988,157.8899994,150.5491943,1001700
BAH,9/23/2024,158.0500031,160.3899994,158.0500031,159.8600006,152.4275818,526000
BAH,9/24/2024,159.9299927,160.4499969,158.8099976,159.7400055,152.3132019,444900
BAH,9/25/2024,160.25,160.25,158.8399963,159.9100037,152.475296,388000
BAH,9/26/2024,159.6100006,160.3800049,158.6199951,159.6300049,152.2082977,495200
BAH,9/27/2024,159.8800049,162.5,159.2400055,162.0500031,154.5157928,778800
BAH,9/30/2024,162.3699951,162.8300018,160.8699951,162.7599945,155.1927643,595700
BAH,10/1/2024,162.8200073,164.0899963,160.4900055,163.3899994,155.7934723,612800
BAH,10/2/2024,160,162.3500061,159.1900024,161.3099976,153.8101807,459700
BAH,10/3/2024,161.5500031,161.7599945,160.2400055,160.9600067,153.4764404,777100
BAH,10/4/2024,161.4799957,161.6499939,160.0800018,160.8000031,153.3238983,632400
BAH,10/7/2024,160.3899994,162.4799957,160.0200043,161.2599945,153.7625122,670500
BAH,10/8/2024,161.1699982,161.75,159.8500061,161.3999939,153.8959808,657100
BAH,10/9/2024,162,162.7200012,160.5399933,161.5899963,154.0771637,1667500
BAH,10/10/2024,162.0099945,162.6300049,158.25,159.0899963,151.6933899,834500
BAH,10/11/2024,159.5200043,161.1199951,159.5200043,160.8200073,153.3429718,726200
BAH,10/14/2024,160.9799957,163.1300049,160.4400024,162.6499939,155.0878906,577600
BAH,10/15/2024,163.9900055,164.3999939,162.0399933,162.3399963,154.7922974,1362000
BAH,10/16/2024,162.8399963,164.1900024,162.6699982,164.1300049,156.4990692,900100
BAH,10/17/2024,164.5500031,164.5800018,162.8000031,163.3000031,155.7076721,588800
BAH,10/18/2024,163.1199951,164.2799988,161.7200012,163.9100037,156.2892914,1009100
BAH,10/21/2024,163.6300049,163.7299957,162.3300018,163.2400055,155.6504517,755800
BAH,10/22/2024,161.8500061,162.6799927,161.0800018,162.4299927,154.8781128,867900
BAH,10/23/2024,161.5299988,163.7200012,161.0500031,163.2599945,155.6695251,620000
BAH,10/24/2024,163.5599976,167.0899963,162.9900055,166.5500031,158.8065643,1308800
BAH,10/25/2024,181.0099945,189.1300049,176.5899963,181.9299927,173.4714966,2387400
BAH,10/28/2024,184.0800018,186.0599976,182.0200043,186,177.3522644,1493000
BAH,10/29/2024,186.8099976,187.4900055,183.8999939,184.1799927,175.6168823,1204600
BAH,10/30/2024,183.6000061,184.5899963,182.5200043,183.4799957,174.9494171,896700
BAH,10/31/2024,183.4600067,184.5200043,181.1000061,181.6600037,173.2140656,998000
BAH,11/1/2024,182.8300018,183.7400055,180.8399963,181.2799988,172.8517151,816700
BAH,11/4/2024,180.6499939,182.6499939,180.1300049,182.6199951,174.1293945,778900
BAH,11/5/2024,182.4799957,185.2899933,180.6799927,185.2799988,176.665741,963500
BAH,11/6/2024,190.4700012,190.5899963,179.9100037,179.9600067,171.5930939,2456500
BAH,11/7/2024,181.0500031,181.3399963,175.5099945,175.8000031,167.6264801,2339700
BAH,11/8/2024,179.5200043,183.8899994,177,183.5,174.9684906,1537500
BAH,11/11/2024,183.7599945,186.5899963,182.9400024,183.3999939,174.8731537,944000
BAH,11/12/2024,183.3099976,184.3500061,180.2200012,181.4499969,173.0138092,1146600
BAH,11/13/2024,182.3000031,182.3500061,171.6399994,172,164.0031738,2272800
BAH,11/14/2024,170.0500031,170.0500031,154.0399933,154.5700073,147.3835449,4469400
BAH,11/15/2024,153.6600037,154.4299927,148.6999969,149.3899994,142.9159393,3898100
BAH,11/18/2024,147.8999939,148.7899933,139,140.5399933,134.4494781,4290900
BAH,11/19/2024,140.5399933,142.8999939,137.5099945,137.9199982,131.9430084,3980900
BAH,11/20/2024,138.9700012,144.4400024,137,144.1900024,137.9412994,2895500
BAH,11/21/2024,143.3699951,151.0399933,142.9400024,149.8800049,143.3847046,3797200
BAH,11/22/2024,149,150.0899963,146.3200073,149.2200012,142.7533112,2296600
BAH,11/25/2024,149.5200043,150.5299988,145.8699951,147.4600067,141.0695648,2349400
BAH,11/26/2024,149.3399963,149.8099976,147.6399994,148.6300049,142.1888428,1661900
BAH,11/27/2024,149.0200043,150.1199951,146.9100037,147.3500061,140.9643555,1026600
BAH,11/29/2024,148.4299927,149.6699982,147.3899994,148.1799927,141.7583618,540900
BAH,12/2/2024,147.0700073,149.9199982,146.0800018,148.7200012,142.2749939,1864000
BAH,12/3/2024,149.0599976,150,145.9700012,146.0399933,139.7111053,1575700
BAH,12/4/2024,145.7299957,146.1799927,143.6999969,144.4700012,138.2091675,1911800
BAH,12/5/2024,145.1100006,145.6799927,142.3399963,142.6999969,136.5158539,1667400
BAH,12/6/2024,147.6600037,149.2700043,144.25,145.7400055,139.4241028,1898200
BAH,12/9/2024,145.2899933,146.8300018,140.4199982,140.8000031,134.6982117,1955200
BAH,12/10/2024,141.8099976,143.3800049,139.7100067,141.7799988,135.6357117,1671200
BAH,12/11/2024,142.1399994,142.6199951,134.0200043,134.9900055,129.1399841,2753500
BAH,12/12/2024,133.5200043,136.25,130.3200073,135.6000061,129.7235565,1666700
BAH,12/13/2024,135,135.8200073,133.3699951,134.4600067,128.6329346,1177200
BAH,12/16/2024,135.4400024,136.4299927,133.5299988,135.5599976,129.6852722,1262800
BAH,12/17/2024,135.1600037,136.8500061,134.2599945,135.8000031,129.9148865,1798600
BAH,12/18/2024,135.9299927,136.8500061,133.1799927,133.3699951,127.5901947,1677600
BAH,12/19/2024,134,135.2299957,127.7900009,128.6600037,123.0842972,2571000
BAH,12/20/2024,128.5099945,132.0899963,128.1900024,131.1900024,125.5046539,2892800
BAH,12/23/2024,130.8500061,131.3300018,129.0200043,131.1100006,125.4281311,873700
BAH,12/24/2024,130.8099976,131.2599945,128.8699951,129.6999969,124.0792236,524600
BAH,12/26/2024,129.2700043,130.5800018,128.6199951,130.3999939,124.7488937,672600
BAH,12/27/2024,129.4600067,130.6999969,128.5,129.6499939,124.031395,474700
BAH,12/30/2024,128.2100067,129.5099945,127.2900009,128.3600006,122.7973099,981100
BAH,12/31/2024,128.9700012,130.1799927,127.1100006,128.6999969,123.1225586,1097300
BAH,1/2/2025,129.6000061,131.7400055,127.9000015,128.1199951,122.5677109,2194700
BAH,1/3/2025,127.5,132.1799927,127.5,131.9299927,126.2125702,1526200
BAH,1/6/2025,132.5500031,134.1699982,129.7899933,130.7400055,125.0741653,1588400
BAH,1/7/2025,130.5,131.5599976,128.1699982,129.2400055,123.6391602,1515800
BAH,1/8/2025,129.3500061,130.0899963,127.0899963,130.0800018,124.4427719,1623500
BAH,1/10/2025,129.6300049,134.8200073,129.5500031,132.4700012,126.729187,2054100
BAH,1/13/2025,131.8600006,137.3500061,131.3899994,135.1199951,129.2643433,1819200
BAH,1/14/2025,134.9199982,136.3800049,133.1499939,136.1399994,130.2401428,1327500
BAH,1/15/2025,136.8999939,137.3800049,134.25,136.0700073,130.173172,1208500
BAH,1/16/2025,136.0099945,137.7299957,135.0099945,136.3000031,130.3931885,1456700
BAH,1/17/2025,137.3600006,137.4600067,135.5899963,136.0599976,130.1635895,1455500
BAH,1/21/2025,137.0800018,143.9499969,137.0800018,142.4499969,136.2767029,2197800
BAH,1/22/2025,142.5899963,145.25,141.6300049,143.0599976,136.8602448,3481100
BAH,1/23/2025,144.5,146.9499969,132.1199951,136.1900024,130.2879944,3229900
BAH,1/24/2025,137.0599976,137.6900024,133.0399933,133.4400024,127.6571655,1791400
BAH,1/27/2025,134.8000031,136.3999939,133.4400024,135.3800049,129.5130768,1874800
BAH,1/28/2025,135.7799988,135.7799988,127.6399994,128.9100037,123.3234634,2247800
BAH,1/29/2025,129.8600006,131.2299957,127.0100021,127.0599976,121.5536346,1735400
BAH,1/30/2025,127.4700012,129.3399963,125.9100037,128.9299927,123.3425903,2560600
BAH,1/31/2025,124.8099976,130.8699951,121.0199966,129,123.4095612,3619100
BAH,2/3/2025,129.3399963,133.8500061,127.5,129.4100037,123.801796,2964100
BAH,2/4/2025,130.8300018,133.5399933,129.75,131.9700012,126.2508469,1930900
BAH,2/5/2025,133,134.2700043,129.1199951,129.3500061,123.7444077,1302100
BAH,2/6/2025,129.5899963,130.3500061,127.4000015,129.1600037,123.5626297,1659700
BAH,2/7/2025,129.3699951,130.2599945,126.8300018,127.9400024,122.3955002,1977000
BAH,2/10/2025,128.7200012,129.3500061,127.5599976,128.1000061,122.5485687,1313300
BAH,2/11/2025,128.6600037,128.8600006,123.5500031,124.4100037,119.018486,2235200
BAH,2/12/2025,123.3099976,124.3000031,120.9199982,121.8799973,116.5981293,1875200
BAH,2/13/2025,121.8799973,122.3499985,116.0699997,117.8799973,112.7714691,3305400
BAH,2/14/2025,118.0800018,119.2600021,115.9700012,117.7300034,113.1559296,1695200
BAH,2/18/2025,119.1500015,119.4700012,115.6699982,119.1900024,114.5592041,1793100
BAH,2/19/2025,118.5,120.4400024,117.0500031,117.8000031,113.2232132,1510100
BAH,2/20/2025,116.4700012,117.3300018,110.5699997,113.6200027,109.2056198,3479800
BAH,2/21/2025,112.5699997,113.1699982,106.6900024,112.3000031,107.9368973,4374800
BAH,2/24/2025,112.75,114.8600006,111.7300034,112.4300003,108.0618439,3898500
BAH,2/25/2025,111.8799973,115.6800003,111.2200012,114.6500015,110.1955872,2879700
BAH,2/26/2025,114.2900009,117.1900024,113.0699997,113.4899979,109.080658,2505300
BAH,2/27/2025,113.5100021,114.4899979,110.3199997,111.0400009,106.725853,2946400
BAH,2/28/2025,104.9000015,108.6399994,104.0500031,106.0599976,101.9393234,5222800
BAH,3/3/2025,106.4800034,106.6800003,101.8199997,102.7200012,98.72909546,3783900
BAH,3/4/2025,103.5199966,109.1999969,102.5100021,105.7900009,101.6798325,6752600
BAH,3/5/2025,106,110.9700012,106,109.9400024,105.6685944,3527200
BAH,3/6/2025,109,110.0599976,106.0199966,108.3300018,104.1211395,2670400
BAH,3/7/2025,107.7600021,118.1600037,107.1900024,116.4700012,111.9448853,4249100
BAH,3/10/2025,116.4300003,119.3399963,112.3099976,112.6399994,108.2636871,3237600
BAH,3/11/2025,110.9899979,112.3099976,108.4599991,110.0400009,105.7646942,2420900
BAH,3/12/2025,110.4499969,112.3099976,107.4199982,111.5500031,107.2160339,2063500
BAH,3/13/2025,110.9400024,112.6600037,109.5899963,111.3199997,106.9949722,1586200
BAH,3/14/2025,111.0299988,112.8000031,109.9599991,112.25,107.8888321,1322300
BAH,3/17/2025,113.3700027,117.0800018,113,115.3399963,110.8587799,1809900
BAH,3/18/2025,114.1800003,116.7099991,112.7300034,116.5199966,111.9929352,2117200
BAH,3/19/2025,116.3000031,118.4300003,112,112.7099991,108.3309631,3523700
BAH,3/20/2025,109.2799988,109.9199982,103.3499985,103.5800018,99.55567932,4997500
BAH,3/21/2025,103.5999985,104.4000015,101.0500031,104.1399994,100.0939178,5201100
BAH,3/24/2025,104,105.5999985,101.5400009,105.1699982,101.0839005,2710700
BAH,3/25/2025,105.4499969,107.2699966,103.2699966,106.3199997,102.1892395,1950200
BAH,3/26/2025,106.3199997,107.4499969,105.0500031,106.3199997,102.1892395,1553300
BAH,3/27/2025,106.75,107.0500031,104.5999985,105.8600006,101.7471085,2013400
BAH,3/28/2025,105.2799988,105.9899979,104.3199997,105.2799988,101.1896362,1394400
BAH,3/31/2025,104.2099991,105.6399994,102.7900009,104.5800018,100.5168381,1979200
BAH,4/1/2025,104.4899979,107.5500031,103.0999985,107.3600006,103.1888275,2565100
BAH,4/2/2025,104.3600006,115.9800034,103.2399979,112.8300018,108.4462967,9497200
BAH,4/3/2025,110.9899979,114.9700012,109.8499985,111.7399979,107.3986511,3094400
BAH,4/4/2025,109.0699997,113.0800018,107.1200027,109.1999969,104.9573364,3591500
BAH,4/7/2025,104.7799988,110.9300003,104.5400009,107.3700027,103.1984329,2648700
BAH,4/8/2025,109.5899963,111.6600037,105.1699982,106.6900024,102.5448608,3091300
BAH,4/9/2025,105.0500031,111,101.2600021,108.0699997,103.8712387,6554600
BAH,4/10/2025,107.7799988,109.5999985,105.2399979,108.8099976,104.582489,2990900
BAH,4/11/2025,105.1600037,110.5100021,103.2200012,108.7799988,104.5536499,2670600
BAH,4/14/2025,110.2799988,113.1299973,108.7900009,112.0299988,107.6773911,2118500
BAH,4/15/2025,110.1600037,112.5,109.4800034,110.2900009,106.004982,1538900
BAH,4/16/2025,110.1999969,113,109.6200027,111.2900009,106.9661255,1799600
BAH,4/17/2025,110.3899994,114.2900009,110.3899994,113.6800003,109.2632751,1582200
BAH,4/21/2025,113.7799988,114.0599976,110.8199997,111.9499969,107.6004791,1523500
BAH,4/22/2025,112.2799988,115.3700027,112.25,115.1299973,110.6569366,2465200
BAH,4/23/2025,117.5,118.2300034,115.7900009,116.4199982,111.8968201,3223900
BAH,4/24/2025,117.6600037,119.6600037,116.4000015,119.3300018,114.6937714,2504100
BAH,4/25/2025,119.7699966,120.5100021,117.4100037,119.5899963,114.9436493,1706700
BAH,4/28/2025,119.0400009,120.75,116.7799988,118.8099976,114.1939621,1142300
BAH,4/29/2025,118.8300018,120.7900009,117.8899994,119.3000031,114.6649323,1196200
BAH,4/30/2025,119,120.25,117.7699966,120.0199966,115.3569489,1530400
BAH,5/1/2025,119.6399994,120.5599976,117.3000031,119.5299988,114.885994,1403000
BAH,5/2/2025,121.4300003,122.0299988,118.4499969,119.8099976,115.1551056,1418400
BAH,5/5/2025,120.0999985,121.4199982,118.8099976,119.1699982,114.539978,1225800
BAH,5/6/2025,118.3499985,123.7200012,118.3499985,123.3499985,118.557579,2009100
BAH,5/7/2025,122.8899994,123.6200027,121.5100021,123.1900024,118.4037933,1151100
BAH,5/8/2025,124.3300018,124.9400024,123.1699982,123.6299973,118.826683,1050000
BAH,5/9/2025,124.4700012,124.7799988,123.25,123.7900009,118.9804916,991100
BAH,5/12/2025,125.1100006,125.6600037,122.2900009,124.6699982,119.8262939,1294900
BAH,5/13/2025,124.9000015,125,122.9199982,123.7200012,118.913208,1240300
BAH,5/14/2025,124.3000031,124.6399994,122.4300003,123.4499969,118.6536789,1573900
BAH,5/15/2025,123.6200027,128.0500031,123.2099991,127.6699982,122.7097321,1438800
BAH,5/16/2025,126.6200027,129.1000061,126.2699966,128.8099976,123.8054352,2185000
BAH,5/19/2025,129.0399933,130.8099976,127.9300003,129.3000031,124.2763977,1641000
BAH,5/20/2025,129.3000031,130.9100037,129.1999969,129.6900024,124.6512527,1011800
BAH,5/21/2025,128.5299988,129.5,127.8300018,128.4199982,123.4305954,1575700
BAH,5/22/2025,127.9400024,129.3699951,126.5899963,129.1300049,124.1130142,1821000
BAH,5/23/2025,106.8000031,113.5,104.0500031,107.7900009,103.6021271,8972200
BAH,5/27/2025,109.1800003,110.6100006,105.9599991,109.8099976,105.5436249,3195900
BAH,5/28/2025,106.0800018,108.7799988,104,104.6600037,100.5937271,3386900
BAH,5/29/2025,106.2200012,106.9400024,104,105.7200012,101.6125488,2613000
BAH,5/30/2025,105.9199982,106.25,105.0400009,106.25,102.1219482,2370400
BAH,6/2/2025,105.7200012,106.0500031,102.3499985,103.3099976,99.2961731,2565000
BAH,6/3/2025,103.3300018,105.4499969,101.3000031,104.9199982,100.8436203,2251500
BAH,6/4/2025,104.7900009,105.4300003,102.3300018,102.5100021,98.52725983,2375200
BAH,6/5/2025,103.2600021,103.2600021,101.0500031,102.1399994,98.17163086,2075900
BAH,6/6/2025,102.4300003,104.5599976,102.3399963,103.25,99.2385025,1691800
BAH,6/9/2025,103.7900009,103.7900009,101.2699966,101.9000015,97.94095612,2080400
BAH,6/10/2025,102.4899979,102.6800003,100.3399963,100.6500015,96.73953247,1779700
BAH,6/11/2025,100.5,100.7600021,99.12999725,100.6500015,97.27107239,1790800
BAH,6/12/2025,100.2799988,102.0999985,99.93000031,102.0999985,98.67237091,1850800
BAH,6/13/2025,102.1900024,104.7099991,101.3099976,103.3000031,99.83209991,2209400
BAH,6/16/2025,102.7900009,103.0800018,100.8099976,102.1699982,98.74002838,2051300
BAH,6/17/2025,101.7799988,103.7300034,101.0299988,102.2200012,98.7883606,1667900
BAH,6/18/2025,102.1900024,103.5299988,101.1500015,102,98.575737,1382600
BAH,6/20/2025,101.9400024,101.9400024,99.48000336,99.97000122,96.61388397,3315100
BAH,6/23/2025,99.97000122,101.8899994,99.61000061,100.6900024,97.30971527,1609200
BAH,6/24/2025,100.5400009,101.1299973,98.94999695,100.1600037,96.79750824,1903900
BAH,6/25/2025,100.7699966,102.7900009,99.81999969,101.3399963,97.9378891,1532200
BAH,6/26/2025,101.9300003,103.6500015,101.1900024,103.2699966,99.80310059,2031100
BAH,6/27/2025,103.3700027,103.6299973,101.75,102.8600006,99.40686798,3780600
BAH,6/30/2025,102.75,104.5699997,101.9899979,104.1299973,100.6342392,2710700
BAH,7/1/2025,104.1100006,107.3600006,103.6800003,107.3099976,103.7074738,1957500
BAH,7/2/2025,106.9800034,108.9400024,106.6699982,108.2699966,104.6352386,1900500
BAH,7/3/2025,108.6500015,110.6699982,108.2699966,108.9300003,105.2730865,1584400
BAH,7/7/2025,109.2900009,110.7200012,108.8000031,110.4300003,106.7227325,1825000
BAH,7/8/2025,109.7900009,109.9000015,107.4700012,107.5699997,103.9587555,2215700
BAH,7/9/2025,107.8199997,107.8499985,105.8300018,107.0199966,103.4272079,1470800
BAH,7/10/2025,107.2200012,109.2200012,106.25,107.6800003,104.0650558,1172400
BAH,7/11/2025,107.0899963,107.8499985,106.1200027,106.9400024,103.3498917,1116100
BAH,7/14/2025,106.3199997,108.4199982,106.3199997,107.75,104.1327057,1491900
BAH,7/15/2025,107.7699966,107.8600006,104.7600021,104.7699966,101.2527466,1923600
BAH,7/16/2025,105.1699982,106.2900009,103.4700012,105,101.4750214,2221300
BAH,7/17/2025,104.9300003,109.6500015,104.9100037,108.8499985,105.1957703,2035200
BAH,7/18/2025,109.5,110.2799988,108.7300034,109.3300018,105.659668,1105800
BAH,7/21/2025,109.1500015,110.7200012,108.5199966,109.3199997,105.6499939,1430100
BAH,7/22/2025,111.2399979,112.2900009,109.1600037,111.8899994,108.1337204,2638700
BAH,7/23/2025,112.6500015,116.0899963,112.2399979,115.9499969,112.0574112,2231300
BAH,7/24/2025,115.5599976,116.6399994,113.5899963,115.1200027,111.2552948,2239200
BAH,7/25/2025,116.9899979,120.0500031,109.5599976,113.0500031,109.254776,4378400
BAH,7/28/2025,112.5,113,105.8399963,107.1200027,103.5238571,3806600
BAH,7/29/2025,108.8700027,108.8700027,106.0999985,108.2099991,104.5772629,2637000
BAH,7/30/2025,107.5,109.3300018,106.3399963,107.4800034,103.8717728,3043600
BAH,7/31/2025,106.7200012,108.7900009,106.5,107.3300018,103.7268066,1767600
BAH,8/1/2025,107.3099976,109.7900009,106.4700012,109.6999969,106.0172424,2106800
BAH,8/4/2025,109.6800003,111.6699982,108.8499985,111.4300003,107.6891556,1147600
BAH,8/5/2025,111.7900009,112.9899979,110,111.4499969,107.7084961,1636600
BAH,8/6/2025,111.0899963,111.9000015,110.4499969,111.8700027,108.1143875,1245900
BAH,8/7/2025,112.8099976,114.4800034,110.25,110.7900009,107.0706482,1813400
BAH,8/8/2025,110.9400024,111.8399963,109.9700012,110.3799973,106.674408,1304500
BAH,8/11/2025,110.3499985,111.8000031,109.0999985,109.1800003,105.5147018,1256900
BAH,8/12/2025,109.25,109.4800034,107.6699982,109.0299988,105.3697281,1950500
BAH,8/13/2025,108.3700027,111.6800003,107,111.6299973,107.8824463,2502100
BAH,8/14/2025,109.9599991,110.9000015,107.0999985,108.1500015,105.0367966,1660600
BAH,8/15/2025,107.8499985,110.2900009,107.1699982,109.3199997,106.173111,1943400
BAH,8/18/2025,110.4400024,110.8700027,109.0299988,109.0299988,105.8914566,1357300
BAH,8/19/2025,109.5500031,111.0299988,108.4300003,109.6399994,106.4838943,1181800
BAH,8/20/2025,109.6600037,109.6999969,107.7699966,109.2099991,106.0662689,1116700
BAH,8/21/2025,108.7900009,109.25,108.1299973,108.9700012,105.8331909,964300
BAH,8/22/2025,108.9899979,112.2200012,108.75,109.9300003,106.7655487,959700
BAH,8/25/2025,110.1100006,111.0100021,108.6299973,109.4400024,106.2896576,926300
BAH,8/26/2025,109.2699966,110.3099976,108.7699966,110.2699966,107.0957642,2476900
BAH,8/27/2025,110.0699997,111.1999969,109.8300018,110.7699966,107.5813675,1045500
BAH,8/28/2025,110.4199982,110.4199982,107.8499985,108.2200012,105.1047745,1153600
BAH,8/29/2025,108.2200012,109.2699966,108.1800003,108.7200012,105.5903778,798900
BAH,9/2/2025,108.0699997,110.1600037,107.9499969,110.0800018,106.9112396,1061100
BAH,9/3/2025,110,110.5500031,106.2399979,106.75,103.6770935,1417700
BAH,9/4/2025,104.4499969,105.7300034,102.2399979,103.1999969,100.2292786,2163300
BAH,9/5/2025,104,105.0699997,101.5599976,102.4499969,99.50086212,2395100
BAH,9/8/2025,102.2699966,102.4499969,100.5,101.6900024,98.76274872,2015800
BAH,9/9/2025,101.4700012,103.1500015,101.1699982,103.1200027,100.1515808,1458700
BAH,9/10/2025,102.6399994,103.6299973,101.4100037,102.5,99.54943085,1711800
BAH,9/11/2025,102.8899994,104.4400024,102.2399979,103.8399963,100.850853,1970800
BAH,9/12/2025,103.7200012,105.2399979,103.6999969,104.6200027,101.6084061,1427400
BAH,9/15/2025,104.5199966,104.6100006,101.2900009,101.6200027,98.69477081,1772800
BAH,9/16/2025,102.1299973,102.6900024,101.2099991,101.8300018,98.89871979,1718100
BAH,9/17/2025,102.1399994,103.0800018,101.3000031,101.5800018,98.65591431,1529200
BAH,9/18/2025,101.7099991,103.0199966,100.7300034,101.2099991,98.29656219,1692300
BAH,9/19/2025,101.8300018,102.6999969,100.2300034,102.1399994,99.19979095,3558200
BAH,9/22/2025,102.1299973,102.1299973,98.75,99.79000092,96.91744232,2538500
BAH,9/23/2025,100.0299988,100.6100006,98.12999725,98.33000183,95.49947357,1912100
BAH,9/24/2025,99.23000336,100.2099991,98.70999908,99.27999878,96.42211914,1903800
BAH,9/25/2025,98.87999725,99.58000183,96.95999908,97.52999878,94.72249603,2128200
BAH,9/26/2025,98.15000153,99.26999664,97.55000305,99.08000183,96.22788239,1364400
BAH,9/29/2025,99.37000275,99.91000366,98.33000183,98.88999939,96.04335022,2176800
BAH,9/30/2025,99.70999908,100.1900024,98.69999695,99.94999695,97.07283783,1345900
BAH,10/1/2025,99.75,102.8499985,99.18000031,102.5999985,99.64655304,1995100
BAH,10/2/2025,102,103.5199966,101.5,103.1100006,100.1418686,1546600
BAH,10/3/2025,103.5800018,105.7600021,103.1100006,104.0199966,101.0256653,1812200
BAH,10/6/2025,103.2799988,105.0100021,103.1500015,103.6399994,100.6566086,1274400
BAH,10/7/2025,103.6699982,104.6900024,102.3499985,104.0400009,101.045105,1650100
BAH,10/8/2025,104.9400024,105.5500031,102.6600037,102.9300003,99.96705627,1242500
BAH,10/9/2025,103.5,103.5,99.44999695,99.73000336,96.85916901,1202700
BAH,10/10/2025,100.3300018,100.9599991,97.11000061,97.13999939,94.34372711,1827100
BAH,10/13/2025,97,97.73000336,95.5,96.29000092,93.51819611,1631700
BAH,10/14/2025,96.19000244,98.73000336,95.68000031,97.80000305,94.98473358,1219300
BAH,10/15/2025,97.69999695,98.33999634,95.05000305,96.34999847,93.57646179,1469900
BAH,10/16/2025,97,98.52999878,95.91000366,97.27999878,94.47969055,1727500
BAH,10/17/2025,95,98.19000244,95,98.04000092,95.21781921,1658100
BAH,10/20/2025,98.44999695,101.5,98.22000122,100.9499969,98.04405212,1332600
BAH,10/21/2025,101.7900009,102.1800003,100.1800003,100.6500015,97.75269318,1394600
BAH,10/22/2025,100.2399979,101.7399979,98.62000275,98.73999786,95.89766693,1856600
BAH,10/23/2025,99.66999817,101.8000031,99.05000305,100.2900009,97.40305328,2665100
BAH,10/24/2025,93.59999847,96.12999725,88.11000061,91.40000153,88.76895905,8706100
BAH,10/27/2025,90.77999878,92.38999939,86,86.52999878,84.03913879,4774200
BAH,10/28/2025,86,86.55000305,84.81999969,85.55999756,83.09705353,4293100
BAH,10/29/2025,84.80999756,85.79000092,82.48999786,82.83000183,80.44565582,3433600
BAH,10/30/2025,82.86000061,85.04000092,82.23000336,82.81999969,80.43593597,2814400
BAH,10/31/2025,84.23000336,88.05999756,83.15000153,87.16000366,84.65100861,4511200
BAH,11/3/2025,86.19000244,86.65000153,84.95999908,85.5,83.03879547,2901300
BAH,11/4/2025,85.62000275,86.84999847,84.83999634,85.45999908,82.99994659,2122400
BAH,11/5/2025,85.66000366,87.72000122,85.66000366,86.61000061,84.11684418,2211100
BAH,11/6/2025,86.16999817,86.94000244,85.02999878,85.56999969,83.10678101,1845900
BAH,11/7/2025,85.73000336,87.51999664,85.33999634,87.44999695,84.93266296,2291100
BAH,11/10/2025,87.44999695,89.04000092,86.08000183,87.30000305,84.7869873,2094500
BAH,11/11/2025,87.45999908,88.01999664,86.48000336,87.06999969,84.56359863,1849100
BAH,11/12/2025,86.98000336,88.19999695,84.77999878,84.84999847,82.40750885,2223900
BAH,11/13/2025,85.05999756,85.61000061,84.08999634,84.20999908,81.78592682,1804600
BAH,11/14/2025,83.30999756,84.20999908,82.26999664,82.91000366,81.05273438,1847600
BAH,11/17/2025,82.59999847,83.25,81.62999725,81.66000366,79.83073425,2469400
BAH,11/18/2025,81.34999847,82.09999847,80.72000122,80.95999908,79.14640808,1457100
BAH,11/19/2025,81.01999664,81.02999878,79.83000183,80.43000031,78.62828064,1608300
BAH,11/20/2025,80.77999878,81.54000092,79.37000275,79.90000153,78.1101532,2300000
BAH,11/21/2025,80.01000214,82.87999725,79.23000336,80.77999878,78.97044373,1646600
BAH,11/24/2025,80.02999878,81.05000305,79.48999786,80.76000214,78.95089722,2319000
BAH,11/25/2025,81.08000183,83.91999817,80.75,83.65000153,81.77615356,1877400
BAH,11/26/2025,83.45999908,84.34999847,83.19999695,83.25,81.38511658,1405700
BAH,11/28/2025,83.16999817,83.77999878,82.56999969,83.45999908,81.5904007,501600
BAH,12/1/2025,83.04000092,83.66000366,82.38999939,82.44000244,80.59326172,1682300
BAH,12/2/2025,81.95999908,82.5,81.38999939,81.63999939,79.81118011,1996700
BAH,12/3/2025,81.94999695,82.5,80.80999756,82.48999786,80.64212799,1745700
BAH,12/4/2025,82.91000366,89.11000061,82.88999939,87.65000153,85.68654633,3417100
BAH,12/5/2025,87.5,88.58999634,86.55000305,88.01000214,86.03848267,2140500
BAH,12/8/2025,91.84999847,93.84999847,90.33999634,91.33999634,89.29388428,5177500
BAH,12/9/2025,91.13999939,91.56999969,89.97000122,90.52999878,88.50202942,3124000
BAH,12/10/2025,91,93.16000366,90.15000153,93.01999664,90.93624878,3515700
BAH,12/11/2025,93.5,94.62000275,93.36000061,94.37999725,92.26578522,2393500
BAH,12/12/2025,94.55000305,95.33999634,92.61000061,92.77999878,90.70162964,1941100
BAH,12/15/2025,93.02999878,93.25,91.61000061,91.87000275,89.81201172,2551600
BAH,12/16/2025,86.5,89.94999695,84.05000305,85.40000153,83.48695374,4772500
BAH,12/17/2025,84.94000244,88.72000122,84.76000214,86.55000305,84.61119843,2886600
BAH,12/18/2025,86.12999725,88.05000305,85.98999786,86.01000214,84.0832901,2343200
BAH,12/19/2025,86.08000183,86.79000092,85.13999939,85.26000214,83.35009003,19506200
BAH,12/22/2025,86.01000214,87.58000183,85.33000183,86.48999786,84.55252838,2859300
BAH,12/23/2025,85.58999634,85.73999786,83.95999908,84.65000153,82.75375366,2160800
BAH,12/24/2025,84.54000092,85.23999786,83.95999908,85.15000153,83.24255371,645100
BAH,12/26/2025,85.16000366,85.52999878,84.51000214,85.38999939,83.47718048,1339500
BAH,12/29/2025,85.58000183,86.18000031,84.73999786,85.12000275,83.21322632,1523200
BAH,12/30/2025,85.12000275,85.51999664,84.26000214,85.15000153,83.24255371,1573000
BAH,12/31/2025,84.91000366,85.23999786,84.09999847,84.36000061,82.47024536,1071600
BAH,1/2/2026,84.23999786,85.83000183,83.41000366,84.88999939,82.9883728,1501100
BAH,1/5/2026,84.31999969,89.98000336,84.31999969,89.33999634,87.33869171,2090100
BAH,1/6/2026,89.26000214,90.5,88.5,90.04000092,88.02301025,1968300
BAH,1/7/2026,90.76999664,90.98999786,89.12999725,90.26000214,88.23808289,1719200
BAH,1/8/2026,91.73000336,96.90000153,90.83000183,94.22000122,92.109375,2855300
BAH,1/9/2026,93.63999939,96.19999695,92.87000275,96.18000031,94.02546692,1938700
BAH,1/12/2026,96.75,97.97000122,96.5,96.76999664,94.60224915,1716400
BAH,1/13/2026,98.08999634,98.08999634,94.98999786,95.30999756,93.17495728,1613100
BAH,1/14/2026,95.72000122,97.20999908,95.19999695,96.34999847,94.19165802,1787900
BAH,1/15/2026,95.84999847,98.19000244,94.73000336,97.11000061,94.93463135,1918300
BAH,1/16/2026,96.93000031,97.69999695,95.91999817,97.40000153,95.21813965,2243800
BAH,1/20/2026,96.73000336,96.94000244,93.37999725,93.45999908,91.36640167,1791000
BAH,1/21/2026,93.72000122,95.84999847,93.27999878,95.56999969,93.42913055,2089500
BAH,1/22/2026,95.87999725,97.31999969,95.30999756,95.76000214,93.61487579,2173500
BAH,1/23/2026,106.0999985,109.0999985,100.5899963,102.2300034,99.93994141,6129000
BAH,1/26/2026,103,103,89.37999725,93.93000031,91.82587433,8261000
BAH,1/27/2026,93.08000183,94.90000153,89.40000153,89.55999756,87.55375671,4213300
BAH,1/28/2026,89.98000336,91.69000244,88.25,91.09999847,89.05926514,3055600
BAH,1/29/2026,91.08999634,91.69999695,88.30999756,88.73000336,86.74235535,2705800
BAH,1/30/2026,87.98000336,88.58999634,87.19999695,88.41999817,86.43930054,2601400
BAH,2/2/2026,88.19999695,88.26000214,86.29000092,87.5,85.53990936,2393800
BAH,2/3/2026,86.05999756,87,82.5,83,81.14070892,2793200
BAH,2/4/2026,82.93000031,85.91000366,81.15000153,85.04000092,83.1350174,3032700
BAH,2/5/2026,84.73999786,86.69000244,83.69999695,84.51999664,82.62666321,1772800
BAH,2/6/2026,84.51999664,89.45999908,84.51999664,89.01000214,87.01608276,1979700
BAH,2/9/2026,89.31999969,90.54000092,88.87000275,90.12999725,88.1109848,1718500
BAH,2/10/2026,90.30999756,90.44999695,88.48000336,89.94999695,87.93502045,1368200
BAH,2/11/2026,89.18000031,89.98999786,79.38999939,79.79000092,78.00262451,4000300
BAH,2/12/2026,80.01000214,82.12999725,76.83000183,77.93000031,76.18428802,3242900
BAH,2/13/2026,78.30000305,80.18000031,77.81999969,79.31999969,78.13469696,1928000
BAH,2/17/2026,79.44000244,79.59999847,76.37999725,76.41999817,75.27803802,2273200
BAH,2/18/2026,76.76000214,78.84999847,76.26999664,78.29000092,77.1200943,1466100
BAH,2/19/2026,78,80.01999664,77.27999878,79.94000244,78.74543762,1591300
BAH,2/20/2026,79.40000153,79.58000183,75.80000305,77.20999908,76.05622864,1968100
BAH,2/23/2026,76.51999664,76.95999908,73.98999786,74.26000214,73.15031433,2181200
BAH,2/24/2026,74.22000122,76.69000244,73.93000031,75.69999695,74.56879425,1582000
BAH,2/25/2026,75.91999817,75.98999786,74.26999664,75.11000061,73.98761749,1485000
BAH,2/26/2026,76.09999847,79.97000122,75.55000305,79.76999664,78.57797241,3139200
BAH,2/27/2026,79.12000275,79.65000153,77.5,78.83000183,77.65202332,9752500
BAH,3/2/2026,79.95999908,80.62000275,77.61000061,77.80999756,76.64726257,1795600
BAH,3/3/2026,77,79.51000214,76.69999695,79.19999695,78.01648712,2412500
BAH,3/4/2026,78.80000305,79.38999939,77.91000366,78.34999847,77.17919159,2078200
BAH,3/5/2026,78.09999847,80.43000031,77.91000366,79.80000305,78.60753632,1562100
BAH,3/6/2026,79.87000275,82.11000061,79.01999664,81.88999939,80.66629791,2558900
BAH,3/9/2026,82.23999786,82.23999786,79.33000183,81.43000031,80.21317291,2242100
BAH,3/10/2026,80.95999908,81.47000122,75.84999847,77.51999664,76.36159515,2261100
BAH,3/11/2026,77.62000275,78.02999878,75.73000336,75.94000244,74.80521393,2076900
BAH,3/12/2026,75.83000183,79.20999908,75.47000122,77.11000061,75.95772552,2327800
BAH,3/13/2026,77.44000244,78.33999634,76.51000214,78.26999664,77.10038757,1532300
BAH,3/16/2026,77.86000061,78.87000275,75.13999939,75.76000214,74.6279068,1987500
BAH,3/17/2026,76.30999756,78.25,76.11000061,77.12000275,75.96757507,1422600
BAH,3/18/2026,76.79000092,79.65000153,76.79000092,78.66000366,77.48456573,1747200
BAH,3/19/2026,78.86000061,81.37999725,78.43000031,80.83000183,79.62213898,1981600
BAH,3/20/2026,81.08000183,81.72000122,79.91000366,79.94999695,78.75528717,9122900
BAH,3/23/2026,79.81999969,80.88999939,78.31999969,79.90000153,78.7060318,1410900
BAH,3/24/2026,79.48000336,79.81999969,78.04000092,78.87999725,77.70127106,1350200
BAH,3/25/2026,79.5,80.15000153,76.69000244,80.12000275,78.92274475,1104800
BAH,3/26/2026,79.94000244,81.51999664,79.41999817,80.33000183,79.12960815,1096900
BAH,3/27/2026,80.04000092,80.31999969,78.05000305,78.48999786,77.31710052,1092200
BAH,3/30/2026,78.80000305,80.76000214,78.26000214,78.94999695,77.77022552,2132900
BAH,3/31/2026,79.43000031,80.77999878,77.72000122,78.02999878,76.86398315,2081500
BAH,4/1/2026,77.97000122,80.48999786,77.22000122,80.37000275,79.16900635,1732500
BAH,4/2/2026,80.79000092,83.16999817,80.13999939,83.12999725,81.88776398,1562500
BAH,4/6/2026,82.83999634,84.34999847,82.34999847,83.70999908,82.45909882,1313600
BAH,4/7/2026,83.58999634,85.62999725,82.51999664,84.08000183,82.82357025,1528000
BAH,4/8/2026,84.20999908,85.16999817,81.55999756,81.59999847,80.38063049,2130400
BAH,4/9/2026,81.44000244,81.55000305,78.48000336,79.52999878,78.34156036,1368400
BAH,4/10/2026,79.5,79.73999786,77.79000092,78.16999817,77.00187683,1269100
BAH,4/13/2026,78.30000305,82.33000183,78.30000305,81.80999756,80.58748627,1127700
BAH,4/14/2026,81.65000153,83.11000061,80.75,81.41999817,80.20332336,1110000
BAH,4/15/2026,81.76000214,83.29000092,81.15000153,82.30000305,81.07017517,1087900
BAH,4/16/2026,83.20999908,83.97000122,82.33999634,82.69000244,81.4543457,727800
BAH,4/17/2026,82.47000122,83.58000183,81.08000183,81.76999664,80.54808044,1003000
BAH,4/20/2026,81.62999725,82.55000305,80.30000305,80.70999908,79.50392914,833700
BAH,4/21/2026,80.86000061,82.29000092,80.26000214,81,79.78959656,949600
BAH,4/22/2026,81.27999878,81.81999969,76.01000214,77.37000275,76.2138443,3267800
BAH,4/23/2026,76.37999725,79.11000061,75.5,79.01000214,77.82933807,1679900
BAH,4/24/2026,78.29000092,79.54000092,77.40000153,78.73999786,77.56336212,913100
BAH,4/27/2026,78.81999969,79.62999725,75.83999634,76.19000244,75.0514679,1230900
BAH,4/28/2026,76.30000305,77.44000244,75.5,76.23999786,75.10072327,863400
BAH,4/29/2026,76.56999969,77.08000183,75.90000153,76.44999695,75.30758667,1068200
BAH,4/30/2026,76.37999725,77.98999786,75.58999634,77.76999664,76.60785675,1141100
BAH,5/1/2026,78.5,79.06999969,77.65000153,78.30999756,77.13978577,1008100
BAH,5/4/2026,78.11000061,79.94999695,77.5,77.83999634,76.67681122,1173800
BAH,5/5/2026,78.25,78.83999634,75.5,76.26000214,75.12042236,1253600
BAH,5/6/2026,75.59999847,76.79000092,74.05999756,76.27999878,75.14012909,1480000
BAH,5/7/2026,76.98999786,78.12999725,76.04000092,76.84999847,75.70160675,1544400
BAH,5/8/2026,76.23000336,77.13999939,74.87999725,77.04000092,75.88877106,1253500
BAH,5/11/2026,77.09999847,77.09999847,74.55000305,74.94999695,73.83000183,1441300
BAH,5/12/2026,75.20999908,77.80999756,75.20999908,75.43000031,74.30282593,2448400
BAH,5/13/2026,75.43000031,75.54000092,68.83999634,71.58999634,70.52021027,3551800
BAH,5/14/2026,71.83999634,74.13999939,71.83999634,73.37999725,72.28346252,1983300
BAH,5/15/2026,74,74.5,72.34999847,72.66999817,71.58407593,1744800
BAH,5/18/2026,72.62999725,75.31999969,72.5,74.91000366,73.79060364,1755200
BAH,5/19/2026,76.12999725,78.93000031,74.98999786,77,75.84937286,2129700
BAH,5/20/2026,76.54000092,77.61000061,74.63999939,77.44999695,76.29264069,1373200
BAH,5/21/2026,77.04000092,77.62000275,75.40000153,76.34999847,75.20908356,1770600
BAH,5/22/2026,77.25,78.91000366,74.11000061,78.68000031,77.50426483,1876100
BAH,5/26/2026,80.02999878,81.09999847,78.47000122,79.91000366,78.71588898,2679600
BAH,5/27/2026,79.75,81.76000214,78.91000366,80.98000336,79.76989746,2110300
BAH,5/28/2026,81.58000183,82.01999664,80.54000092,81.05000305,79.83885193,1870000
BAH,5/29/2026,80.23000336,80.98999786,78.30000305,79.18000031,77.99678802,2993600
BAH,6/1/2026,80.76000214,84.36000061,80.44999695,84.05000305,82.79402161,2848900
BAH,6/2/2026,82.51000214,83.11000061,79.02999878,80.33000183,79.12960815,1999100
BAH,6/3/2026,79.13999939,79.59999847,77.70999908,78.5,77.3269577,1493900
BAH,6/4/2026,80.37000275,81.94000244,79.44000244,80.01000214,78.81439209,1191800
BAH,6/5/2026,80.95999908,80.95999908,78.51999664,79.48000336,78.29231262,1543300
BAH,6/8/2026,78.58999634,79.55000305,78.04000092,79.23000336,78.04605103,1982900
BAH,6/9/2026,78.88999939,80.34999847,77.87999725,78.94000244,77.76038361,1440300
BAH,6/10/2026,78.16000366,79.56999969,77.16000366,77.29000092,76.70835114,1336700
BAH,6/11/2026,77.02999878,77.91000366,76.44000244,77.19999695,76.61902618,1253500
BAH,6/12/2026,77.30999756,77.95999908,75.69000244,77.41000366,76.82745361,1298600
BAH,6/15/2026,76.08000183,77.87000275,73.55000305,74.55000305,73.98897552,2221300
BAH,6/16/2026,74.5,75.79000092,73.69999695,73.98000336,73.42326355,1472300
BAH,6/17/2026,73.48999786,74.91999817,70.79000092,71.09999847,70.56493378,2140600
BAH,6/18/2026,70.29000092,70.38999939,66.34999847,66.36000061,65.86061096,5811700
BAH,6/22/2026,66,66.11000061,62.59000015,63.33000183,62.85341263,3472800
BAH,6/23/2026,64.47000122,65,63.15000153,63.88000107,63.39927292,2956700
BAH,6/24/2026,64.01000214,64.94000244,61.91999817,62.68000031,62.20830154,3455800
BAH,6/25/2026,62.50999832,62.86000061,59.63000107,59.70999908,59.26065063,2387000
BAH,6/26/2026,59.5,62.27999878,59.5,62.22000122,61.7517662,5689200
BAH,6/29/2026,63.09999847,64.52999878,61.41999817,62.02999878,61.56319046,2746800
BAH,6/30/2026,61.95999908,62.22999954,59.56999969,60.66999817,60.21342468,2576100
BAH,7/1/2026,61.02999878,62.04000092,59.88000107,60.00999832,59.55839157,2780200
BAH,7/2/2026,61.40999985,63,60.99000168,62.45000076,61.98003387,3365500
BAH,7/6/2026,62.45000076,62.86000061,60.5,62.31000137,61.84108734,2161500
BAH,7/7/2026,63.04999924,64.15000153,62.31000137,63.31000137,62.83356094,2003200
BAH,7/8/2026,63.45000076,63.83000183,62.15000153,62.68000031,62.20830154,2036000
BAH,7/9/2026,62.68000031,63.25,60.65999985,63.15999985,62.68468857,2483000
BAH,7/10/2026,64,64.41000366,62.00999832,62.75999832,62.28769684,1517600
BAH,7/13/2026,64,64.91000366,63.36000061,64.80000305,64.31234741,1933500
BAH,7/14/2026,63.18000031,65.06999969,62.79999924,63.56000137,63.0816803,1525700
BAH,7/15/2026,63.81000137,65.55999756,63.22999954,63.93999863,63.45881653,1692000
BAH,7/16/2026,64.86000061,65.45999908,62.72999954,65.26000214,64.76889038,1696800
BAH,7/17/2026,65.76000214,67.87999725,64.84999847,65.20999908,64.71926117,2899100
BAH,7/20/2026,64.70999908,65.91000366,63.54000092,64.51999664,64.03445435,2205900
BAH,7/21/2026,64,64.55999756,63.36000061,63.84999847,63.36949539,1479200
BAH,7/22/2026,65.12000275,66.23999786,64.76999664,66.12999725,65.63233948,2416400
BAH,7/23/2026,66.5,67.91999817,64.66000366,65.87000275,65.3742981,3649100
BAH,7/24/2026,69.98999786,76.19999695,69.08999634,72.52999878,71.98417664,4284600
BAH,7/27/2026,72.55999756,73.55999756,71.18000031,71.63999939,71.10087585,3637900
BAH,7/28/2026,72.98999786,73.55000305,70.5,73.19000244,72.63921356,3711300
BAH,7/29/2026,72.5,72.75,69.80000305,70.16999817,69.64193726,2389200
BAH,7/30/2026,68.80000305,69.20999908,65.87999725,68.30999756,67.79592896,2445100
BAH,7/31/2026,67.29000092,70.12999725,66.86000061,69.72000122,69.19532013,2276600
BAH,8/3/2026,70.58000183,71.61000061,70.30000305,71.15000153,70.61456299,1406700
BAH,8/4/2026,70.45999908,73.72000122,70.45999908,73.58999634,73.03619385,1521700
BAH,8/5/2026,74.04000092,74.36000061,71.61000061,71.91000366,71.36884308,2070100
BAH,8/6/2026,72.37999725,74.54000092,71.80999756,73.93000031,73.37364197,1525600
BAH,8/7/2026,73.81999969,76.73000336,73.63999939,76.05000305,75.47769165,1532600
BAH,8/10/2026,75.68000031,78.23999786,75.68000031,77.90000153,77.31376648,1573000
BAH,8/11/2026,77.65000153,80.34999847,77.65000153,78.56999969,77.97872162,2161400
BAH,8/12/2026,76.98999786,78.75,76.51000214,78.40000153,77.81000519,3357400
BAH,8/13/2026,78.55999756,79.44999695,77.05999756,78.40000153,77.81000519,1581400
BAH,8/14/2026,78.5,79.37999725,76.83999634,77.45999908,77.45999908,1036200
BAH,8/17/2026,76.79000092,77.36000061,74.83999634,74.97000122,74.97000122,1543200
BAH,8/18/2026,75.98000336,77.05000305,75.36000061,75.76000214,75.76000214,1201300
BAH,8/19/2026,75.55999756,80.40000153,75.55999756,78.83999634,78.83999634,2586200
BAH,8/20/2026,78.54000092,79.62999725,75.72000122,76.36000061,76.36000061,1645300
BAH,8/21/2026,76.43000031,77.86000061,76.19999695,77.05000305,77.05000305,915600
BAH,8/24/2026,76.77999878,76.83000183,74.90000153,75.22000122,75.22000122,1908100
BAH,8/25/2026,75.33999634,75.91999817,73.79000092,73.83000183,73.83000183,1423300
BAH,8/26/2026,73.83000183,75.41000366,73.83000183,74.23999786,74.23999786,887800
BAH,8/27/2026,74.26999664,75.33000183,73.54000092,74.87999725,74.87999725,1750100
BAH,8/28/2026,75.45999908,75.97000122,74.59999847,75.23999786,75.23999786,1030400
BAH,8/31/2026,75.05000305,76.66999817,74.81999969,75.65000153,75.65000153,1650700
BAH,9/1/2026,75.48000336,76.43000031,74.84999847,75.37999725,75.37999725,1314500
BAH,9/2/2026,74.73000336,74.75,72.70999908,73.16999817,73.16999817,1632400
BAH,9/3/2026,73.86000061,75.90000153,72.65000153,73.87999725,73.87999725,1723100
BAH,9/4/2026,72.76999664,74.05999756,72.41000366,72.80000305,72.80000305,1253400
BAH,9/8/2026,72.40000153,73.43000031,71.73000336,72.11000061,72.11000061,1683200
BAH,9/9/2026,72.59999847,73.36000061,71.13999939,72.19999695,72.19999695,1541500
BAH,9/10/2026,73.05000305,76.05000305,72.66999817,75.68000031,75.68000031,2369700
BAH,9/11/2026,75.55000305,75.91999817,74.30999756,75.90000153,75.90000153,1950900
BAH,9/14/2026,78,79.73000336,77.68000031,79.11000061,79.11000061,1813600
BAH,9/15/2026,78.01000214,81.19000244,77.62000275,80.05999756,80.05999756,1865600
BAH,9/16/2026,78.91000366,79.48000336,77.31999969,78.41000366,78.41000366,1419700
BAH,9/17/2026,79.20999908,79.47000122,78.52999878,78.88999939,78.88999939,1037200
BAH,9/18/2026,78.80999756,78.87000275,77.06999969,77.06999969,77.06999969,1997700
BAH,9/21/2026,77,77.98999786,76.80999756,77.37999725,77.37999725,1474800
BAH,9/22/2026,78,78.05999756,75.37999725,76.27999878,76.27999878,1688700
BAH,9/23/2026,76.69999695,77.94999695,75.51000214,75.65000153,75.65000153,1509200
BAH,9/24/2026,75.59999847,76.63999939,73.34999847,73.81999969,73.81999969,1565300
BAH,9/25/2026,73.51999664,73.86000061,72.33000183,72.94999695,72.94999695,1240800
BAH,9/28/2026,72.08000183,72.44999695,69.30999756,70.25,70.25,2062000
BAH,9/29/2026,69.91000366,70.61000061,69.33000183,69.70999908,69.70999908,1548200
BAH,9/30/2026,69.97000122,70.95999908,69.11000061,69.41999817,69.41999817,1464100
BAH,10/1/2026,72.13999939,73.05999756,70.41000366,70.47000122,70.47000122,3009600
BAH,10/2/2026,70,70.56999969,67.01999664,67.34999847,67.34999847,2770900
PSN,1/3/2022,33.65000153,34.68999863,33.47000122,34.63000107,34.63000107,333100
PSN,1/4/2022,34.70000076,35.15999985,34.5,34.77999878,34.77999878,194200
PSN,1/5/2022,34.77000046,34.90999985,33.5,33.54999924,33.54999924,258100
PSN,1/6/2022,33.50999832,33.68999863,33.22000122,33.43000031,33.43000031,337900
PSN,1/7/2022,33.24000168,33.88999939,33.09000015,33.18000031,33.18000031,193400
PSN,1/10/2022,33.29999924,33.59999847,32.75,33.59999847,33.59999847,211800
PSN,1/11/2022,33.72000122,33.77999878,33.13999939,33.5,33.5,169900
PSN,1/12/2022,32.93999863,33.14300156,32.77000046,32.83000183,32.83000183,156500
PSN,1/13/2022,32.79000092,33.25,32.65000153,32.84999847,32.84999847,210900
PSN,1/14/2022,32.52999878,33.06999969,32.27999878,33.06999969,33.06999969,214500
PSN,1/18/2022,32.59999847,33.22999954,32.43500137,32.79999924,32.79999924,271500
PSN,1/19/2022,32.93999863,32.93999863,32.13000107,32.16999817,32.16999817,209500
PSN,1/20/2022,32.31000137,33.25999832,32.25,32.43999863,32.43999863,256200
PSN,1/21/2022,32.24000168,32.63000107,31.39999962,31.54000092,31.54000092,370600
PSN,1/24/2022,31.25,32.72000122,31.01000023,32.54999924,32.54999924,408900
PSN,1/25/2022,31.95000076,32.31000137,31.14999962,31.45000076,31.45000076,250000
PSN,1/26/2022,31.10000038,32.00999832,30.87000084,31.06999969,31.06999969,199400
PSN,1/27/2022,31.42000008,31.63100052,30.04999924,30.19000053,30.19000053,317400
PSN,1/28/2022,30.10000038,30.19000053,29.25,29.84000015,29.84000015,1320000
PSN,1/31/2022,29.84000015,30.61499977,29.56999969,30.45000076,30.45000076,588800
PSN,2/1/2022,30.5,31.11000061,29.93000031,30.97999954,30.97999954,430800
PSN,2/2/2022,30.81999969,31.44000053,30.60300064,31.36000061,31.36000061,414800
PSN,2/3/2022,31.22999954,31.44099998,30.62999916,30.69000053,30.69000053,190000
PSN,2/4/2022,30.37000084,30.77700043,29.93000031,30.47999954,30.47999954,177200
PSN,2/7/2022,30.40999985,31.05500031,30.25799942,30.78000069,30.78000069,360900
PSN,2/8/2022,30.95999908,31.29999924,30.45999908,30.46999931,30.46999931,377300
PSN,2/9/2022,30.62999916,31.01399994,30.61100006,30.90999985,30.90999985,219300
PSN,2/10/2022,30.40999985,31.32500076,30.40999985,31.04000092,31.04000092,271700
PSN,2/11/2022,31.15999985,31.36000061,30.77000046,31.21999931,31.21999931,307500
PSN,2/14/2022,31.39999962,31.95999908,31.23500061,31.84000015,31.84000015,398300
PSN,2/15/2022,32.09000015,32.81499863,32.04600143,32.70000076,32.70000076,375200
PSN,2/16/2022,32.61000061,33.41999817,32.59999847,33.40000153,33.40000153,312400
PSN,2/17/2022,33.22000122,33.38000107,32.77999878,33.02000046,33.02000046,333100
PSN,2/18/2022,32.86000061,33.13499832,32.52000046,32.77999878,32.77999878,404800
PSN,2/22/2022,32.47000122,33.43000031,32.29000092,33.09999847,33.09999847,510300
PSN,2/23/2022,33.75,34.38000107,30.71999931,30.76000023,30.76000023,1118800
PSN,2/24/2022,30,33.25999832,29.90999985,33.25,33.25,737800
PSN,2/25/2022,33.45999908,33.72999954,32.97999954,33.52999878,33.52999878,575400
PSN,2/28/2022,33.81000137,34.74000168,33.52999878,34.65999985,34.65999985,571800
PSN,3/1/2022,34.45000076,34.79000092,33.70000076,33.91999817,33.91999817,432700
PSN,3/2/2022,35,35.16999817,34.45000076,34.81999969,34.81999969,445900
PSN,3/3/2022,34.77999878,35.06999969,34.34999847,35.04999924,35.04999924,362900
PSN,3/4/2022,35.20000076,36.04999924,34.75,35.95000076,35.95000076,737800
PSN,3/7/2022,36.45000076,37.10900116,36.06999969,36.81000137,36.81000137,843500
PSN,3/8/2022,36.65999985,37.24000168,35.77000046,35.86999893,35.86999893,819400
PSN,3/9/2022,36.13999939,36.84999847,35.75,36.29000092,36.29000092,838300
PSN,3/10/2022,35.83000183,36.65000153,35.83000183,36.56000137,36.56000137,445400
PSN,3/11/2022,37.09999847,37.28499985,36.47000122,36.70000076,36.70000076,363800
PSN,3/14/2022,36.74000168,36.97000122,36.11999893,36.72000122,36.72000122,488300
PSN,3/15/2022,36.72999954,37.40000153,36.25099945,37.33000183,37.33000183,596200
PSN,3/16/2022,37.22999954,37.68700027,36.31999969,37,37,492800
PSN,3/17/2022,36.88999939,37.93999863,36.59999847,37.84999847,37.84999847,883700
PSN,3/18/2022,38,38,36.84000015,37.56000137,37.56000137,2394500
PSN,3/21/2022,37.79999924,39,37.64500046,38.77999878,38.77999878,744200
PSN,3/22/2022,38.63000107,39.09000015,38.22000122,38.52000046,38.52000046,496100
PSN,3/23/2022,38.52999878,38.86000061,38.11999893,38.59000015,38.59000015,278600
PSN,3/24/2022,38.61999893,38.93000031,38.43000031,38.86000061,38.86000061,167900
PSN,3/25/2022,38.59999847,39.06000137,38.36000061,38.65999985,38.65999985,244200
PSN,3/28/2022,38.38999939,38.5,37.90999985,38.40000153,38.40000153,221300
PSN,3/29/2022,38.40999985,38.54000092,37.58000183,37.95000076,37.95000076,303600
PSN,3/30/2022,38,39.15999985,37.97000122,39.04000092,39.04000092,727400
PSN,3/31/2022,38.97000122,39.25,38.65000153,38.70000076,38.70000076,415400
PSN,4/1/2022,38.66999817,38.90999985,38.11000061,38.70000076,38.70000076,356800
PSN,4/4/2022,38.66999817,39.34999847,38.29499817,39.31000137,39.31000137,311700
PSN,4/5/2022,39.29999924,39.68999863,38.49000168,39.36999893,39.36999893,741200
PSN,4/6/2022,39.16999817,39.58000183,38.99000168,39.29999924,39.29999924,364600
PSN,4/7/2022,39.40000153,39.72000122,39.11000061,39.29000092,39.29000092,353800
PSN,4/8/2022,39.27000046,39.27999878,38.77999878,39.09000015,39.09000015,592400
PSN,4/11/2022,39.08000183,39.97999954,38.79000092,39.56000137,39.56000137,549400
PSN,4/12/2022,39.72999954,40.29000092,39.06499863,39.18999863,39.18999863,468900
PSN,4/13/2022,39.31000137,40.08000183,39.16999817,40.02000046,40.02000046,537700
PSN,4/14/2022,40,40.18999863,39.41999817,39.68000031,39.68000031,582700
PSN,4/18/2022,39.74000168,39.97000122,39.20500183,39.43000031,39.43000031,201800
PSN,4/19/2022,39.47999954,40,39.34000015,39.52999878,39.52999878,327900
PSN,4/20/2022,39.77999878,40.22999954,39.45999908,40.11999893,40.11999893,350700
PSN,4/21/2022,40.27000046,40.45999908,39.40000153,39.49000168,39.49000168,232300
PSN,4/22/2022,38.84999847,39.01499939,36.79999924,36.91999817,36.91999817,456000
PSN,4/25/2022,36.77000046,36.93999863,35.86999893,36.84000015,36.84000015,300900
PSN,4/26/2022,36.5,37.06000137,36.13000107,36.13999939,36.13999939,321800
PSN,4/27/2022,35.97999954,36.59000015,35.70999908,35.93999863,35.93999863,285900
PSN,4/28/2022,36.34999847,36.97999954,35.77500153,36.84999847,36.84999847,286300
PSN,4/29/2022,36.65999985,37.41999817,36.59000015,36.93000031,36.93000031,381400
PSN,5/2/2022,36.88000107,37.45999908,36.45000076,36.97000122,36.97000122,338400
PSN,5/3/2022,37.02999878,37.20999908,36.52000046,36.70999908,36.70999908,313200
PSN,5/4/2022,36.81000137,38.58000183,36.02000046,38.31999969,38.31999969,426900
PSN,5/5/2022,37.81999969,38.06999969,37.18000031,37.70000076,37.70000076,337200
PSN,5/6/2022,37.72000122,37.77000046,36.86999893,37.20000076,37.20000076,308600
PSN,5/9/2022,36.84999847,37.13999939,34.90999985,35.11000061,35.11000061,667900
PSN,5/10/2022,35.56999969,36.59999847,35.40000153,36.22999954,36.22999954,446300
PSN,5/11/2022,36.13000107,37.34999847,35.56000137,35.66999817,35.66999817,401700
PSN,5/12/2022,35.61999893,36,34.45999908,35.25999832,35.25999832,635700
PSN,5/13/2022,35.43000031,36.95999908,35.40999985,36.88000107,36.88000107,457200
PSN,5/16/2022,36.91999817,37.84000015,36.88000107,37.61999893,37.61999893,576400
PSN,5/17/2022,38,38.61999893,37.65999985,38.22000122,38.22000122,412500
PSN,5/18/2022,37.77000046,38.15000153,36.79000092,37.02000046,37.02000046,336000
PSN,5/19/2022,36.40000153,36.90499878,35.52999878,35.81000137,35.81000137,566000
PSN,5/20/2022,36,36.34500122,35.52000046,36.24000168,36.24000168,374900
PSN,5/23/2022,36.88000107,37.81999969,36.45100021,37.58000183,37.58000183,322900
PSN,5/24/2022,37.25,37.38499832,36.09000015,36.95000076,36.95000076,370800
PSN,5/25/2022,36.97000122,37.40000153,36.58000183,37.13999939,37.13999939,288600
PSN,5/26/2022,37.74000168,38.52999878,37.52000046,38.11000061,38.11000061,385200
PSN,5/27/2022,38.40000153,39.49000168,38.0530014,39.47000122,39.47000122,420500
PSN,5/31/2022,39,39.13999939,38.54499817,39.04000092,39.04000092,487900
PSN,6/1/2022,39.29999924,39.95000076,39.09999847,39.77000046,39.77000046,373000
PSN,6/2/2022,39.79000092,40.45000076,39.50999832,40.40999985,40.40999985,452900
PSN,6/3/2022,40.18000031,40.75,40.06399918,40.54999924,40.54999924,333800
PSN,6/6/2022,40.65000153,41.34999847,40.31000137,40.58000183,40.58000183,332100
PSN,6/7/2022,40.5,41.84000015,40.29999924,41.81000137,41.81000137,545100
PSN,6/8/2022,41.66999817,41.75,40.56000137,40.61999893,40.61999893,297300
PSN,6/9/2022,40.16999817,41.25999832,40.16999817,40.34000015,40.34000015,285800
PSN,6/10/2022,39.86999893,39.88499832,38.43000031,38.45999908,38.45999908,371300
PSN,6/13/2022,37.88999939,38.15499878,36.95999908,37.65000153,37.65000153,856000
PSN,6/14/2022,37.70000076,37.99000168,36.83000183,37.29000092,37.29000092,428200
PSN,6/15/2022,37.59000015,38.29000092,37.41799927,37.86000061,37.86000061,559600
PSN,6/16/2022,37.11999893,37.75999832,36.33000183,36.66999817,36.66999817,541700
PSN,6/17/2022,37.08000183,37.13000107,36.09999847,36.79000092,36.79000092,1181400
PSN,6/21/2022,37.08000183,38.36199951,37.06000137,37.95000076,37.95000076,448800
PSN,6/22/2022,37.47000122,38.88000107,37.34000015,38.31000137,38.31000137,533100
PSN,6/23/2022,38.18999863,38.91999817,37.79000092,38.33000183,38.33000183,560800
PSN,6/24/2022,38.58000183,40.5,38.47000122,40.38999939,40.38999939,1739400
PSN,6/27/2022,40.5,40.90000153,40.08499908,40.40999985,40.40999985,304600
PSN,6/28/2022,40.65000153,41.11999893,40.09999847,40.29999924,40.29999924,357000
PSN,6/29/2022,40.16999817,40.16999817,39.30500031,39.75,39.75,356500
PSN,6/30/2022,39.52000046,40.59000015,39.31999969,40.41999817,40.41999817,292700
PSN,7/1/2022,40.16999817,40.99000168,39.95999908,40.91999817,40.91999817,388600
PSN,7/5/2022,40.40999985,40.40999985,39.11999893,40.31000137,40.31000137,395700
PSN,7/6/2022,40.29999924,41.25,40.25999832,40.66999817,40.66999817,528800
PSN,7/7/2022,40.52000046,41.47999954,40.52000046,41.27000046,41.27000046,439000
PSN,7/8/2022,41.00999832,41.27000046,40.41999817,41.06999969,41.06999969,328600
PSN,7/11/2022,40.70999908,41.08000183,40.29999924,40.59999847,40.59999847,303300
PSN,7/12/2022,40.77000046,41.15999985,40.09000015,40.29000092,40.29000092,302600
PSN,7/13/2022,39.65000153,40.61999893,39.31999969,39.77999878,39.77999878,408700
PSN,7/14/2022,39.40999985,39.88000107,38.97999954,39.65000153,39.65000153,364600
PSN,7/15/2022,40.40999985,40.40999985,39.59999847,39.88000107,39.88000107,584400
PSN,7/18/2022,40,40.52999878,39.74000168,40.04000092,40.04000092,363700
PSN,7/19/2022,40.13999939,40.95999908,40.04999924,40.65000153,40.65000153,315000
PSN,7/20/2022,40.65999985,41.45999908,40.59000015,41.43000031,41.43000031,431000
PSN,7/21/2022,41.49000168,41.5,40.59999847,41.5,41.5,272000
PSN,7/22/2022,41.72999954,42.40000153,41.22999954,41.52000046,41.52000046,558900
PSN,7/25/2022,41.45000076,42.54999924,40.97999954,42.16999817,42.16999817,368100
PSN,7/26/2022,42.16999817,42.31999969,41.61999893,42.04999924,42.04999924,234200
PSN,7/27/2022,42.54000092,42.61999893,41.90999985,42.38000107,42.38000107,264300
PSN,7/28/2022,42.49000168,42.79000092,42.00999832,42.77000046,42.77000046,219700
PSN,7/29/2022,42.79999924,43.45399857,42.74000168,43.22999954,43.22999954,515000
PSN,8/1/2022,43.49000168,43.84000015,43.11999893,43.65000153,43.65000153,312100
PSN,8/2/2022,43.49000168,43.49000168,42.45100021,42.56000137,42.56000137,311400
PSN,8/3/2022,43.18999863,43.18999863,40.22000122,41.72000122,41.72000122,582000
PSN,8/4/2022,42.06999969,42.06999969,41.29999924,41.5,41.5,431200
PSN,8/5/2022,41.40000153,42.22999954,41.06999969,41.99000168,41.99000168,448500
PSN,8/8/2022,41.97000122,42.5,40.93000031,41.22999954,41.22999954,481500
PSN,8/9/2022,43,43,41.79999924,41.99000168,41.99000168,571400
PSN,8/10/2022,42.25999832,42.65000153,42.13999939,42.5,42.5,324100
PSN,8/11/2022,42.5,42.66999817,41.56000137,41.65000153,41.65000153,437500
PSN,8/12/2022,41.88999939,42.79999924,41.52999878,42.63999939,42.63999939,260500
PSN,8/15/2022,42.45000076,43.31000137,41.75999832,43.27999878,43.27999878,356200
PSN,8/16/2022,42.95999908,43.29999924,42.83000183,42.97000122,42.97000122,235800
PSN,8/17/2022,42.86000061,43.16999817,42.52999878,42.81999969,42.81999969,261000
PSN,8/18/2022,42.68000031,42.97999954,42.56000137,42.93000031,42.93000031,274700
PSN,8/19/2022,42.70000076,43.8390007,42.70000076,43.20000076,43.20000076,391700
PSN,8/22/2022,42.72000122,42.88999939,42,42.36000061,42.36000061,275100
PSN,8/23/2022,42.45000076,42.81999969,42.22000122,42.66999817,42.66999817,323600
PSN,8/24/2022,42.77000046,43.09000015,42.61999893,42.88000107,42.88000107,267600
PSN,8/25/2022,42.95999908,43.49000168,42.86000061,42.93999863,42.93999863,256100
PSN,8/26/2022,42.72999954,42.90000153,41.93000031,42.00999832,42.00999832,226900
PSN,8/29/2022,41.77999878,42.27999878,41.13000107,41.97999954,41.97999954,199300
PSN,8/30/2022,42.04999924,42.11000061,41.20999908,41.41999817,41.41999817,362300
PSN,8/31/2022,41.43999863,41.90499878,41.25,41.38000107,41.38000107,210000
PSN,9/1/2022,41.34999847,41.34999847,40.77000046,41.06000137,41.06000137,289100
PSN,9/2/2022,41.15000153,41.41500092,40.34999847,40.54000092,40.54000092,198300
PSN,9/6/2022,40.40000153,40.97999954,40.38000107,40.88999939,40.88999939,287900
PSN,9/7/2022,40.79000092,41.56999969,40.59999847,41.38999939,41.38999939,320800
PSN,9/8/2022,41.29000092,41.61500168,40.95999908,41.43000031,41.43000031,260300
PSN,9/9/2022,41.61000061,42.15999985,41.49499893,41.99000168,41.99000168,262800
PSN,9/12/2022,42.04000092,42.22999954,41.83000183,42.09000015,42.09000015,227500
PSN,9/13/2022,41.52000046,41.81000137,40.81999969,41.15000153,41.15000153,333600
PSN,9/14/2022,41.33000183,41.99000168,40.93999863,41.77999878,41.77999878,488200
PSN,9/15/2022,41.54999924,41.93999863,41.22000122,41.65999985,41.65999985,649500
PSN,9/16/2022,41.15999985,41.38999939,40.54999924,40.79999924,40.79999924,1088600
PSN,9/19/2022,40.5,41.84999847,40.5,41.70000076,41.70000076,505700
PSN,9/20/2022,42.22999954,42.22999954,41.34000015,41.77999878,41.77999878,425900
PSN,9/21/2022,42.04999924,42.60499954,41.70999908,41.72999954,41.72999954,579900
PSN,9/22/2022,41.54000092,41.54000092,40.36000061,40.54999924,40.54999924,322500
PSN,9/23/2022,40.11999893,40.18999863,38.66999817,39.34999847,39.34999847,331400
PSN,9/26/2022,39.09000015,39.93000031,38.95999908,39.22999954,39.22999954,278700
PSN,9/27/2022,39.59999847,39.90000153,38.79999924,39.04000092,39.04000092,357600
PSN,9/28/2022,39.38000107,40.20000076,38.97000122,40.04000092,40.04000092,249800
PSN,9/29/2022,39.86999893,39.86999893,38.97000122,39.33000183,39.33000183,193500
PSN,9/30/2022,39.40999985,39.97999954,39.15999985,39.20000076,39.20000076,233600
PSN,10/3/2022,39.56000137,40.79999924,39.49599838,40.68000031,40.68000031,542200
PSN,10/4/2022,40.97000122,41.70999908,40.97000122,41.54999924,41.54999924,332000
PSN,10/5/2022,41.13999939,41.95000076,41.09999847,41.65999985,41.65999985,273100
PSN,10/6/2022,41.47000122,42,41.29000092,41.52000046,41.52000046,220300
PSN,10/7/2022,41.13000107,41.59000015,40.93999863,41.50999832,41.50999832,197300
PSN,10/10/2022,41.93000031,42.27000046,41.58000183,41.65999985,41.65999985,251200
PSN,10/11/2022,41.75,42.31000137,41.38999939,41.77000046,41.77000046,344000
PSN,10/12/2022,41.59999847,41.59999847,40.49000168,40.58000183,40.58000183,226200
PSN,10/13/2022,40.13000107,41.58000183,40.04000092,41.47000122,41.47000122,199000
PSN,10/14/2022,41.5,41.61999893,40.38000107,40.52000046,40.52000046,180200
PSN,10/17/2022,41.08000183,42,40.85499954,41.70999908,41.70999908,304500
PSN,10/18/2022,41.75,43.13000107,41.65000153,42.95000076,42.95000076,339100
PSN,10/19/2022,42.91999817,42.97900009,42.09999847,42.77999878,42.77999878,275400
PSN,10/20/2022,42.90000153,43.15000153,42.47999954,42.75,42.75,323600
PSN,10/21/2022,42.81999969,43.63000107,42.23799896,43.45000076,43.45000076,359900
PSN,10/24/2022,43.79000092,44.18000031,43.56000137,44,44,411000
PSN,10/25/2022,43.93000031,45,43.86500168,44.24000168,44.24000168,716900
PSN,10/26/2022,44.41999817,44.79000092,44.22999954,44.38000107,44.38000107,459500
PSN,10/27/2022,44.56999969,44.95999908,44.27999878,44.61999893,44.61999893,554200
PSN,10/28/2022,44.86000061,46.43999863,44.52299881,46.34000015,46.34000015,740800
PSN,10/31/2022,46.02000046,47.10499954,45.70000076,46.88000107,46.88000107,765200
PSN,11/1/2022,47.20000076,47.40999985,46.45999908,46.63999939,46.63999939,394800
PSN,11/2/2022,46.99000168,48.65999985,46.31999969,47.59000015,47.59000015,966600
PSN,11/3/2022,47.68999863,48.40000153,47.27999878,47.66999817,47.66999817,804500
PSN,11/4/2022,47.70000076,48.45000076,47.02500153,48.41999817,48.41999817,684000
PSN,11/7/2022,48.41999817,49.74900055,47.65999985,49.36999893,49.36999893,595900
PSN,11/8/2022,49.65000153,49.95000076,49.04000092,49.68000031,49.68000031,439200
PSN,11/9/2022,49.20999908,49.81000137,48.84000015,49.06000137,49.06000137,435400
PSN,11/10/2022,49.70999908,49.77000046,49.00999832,49.65000153,49.65000153,371200
PSN,11/11/2022,49.83000183,50.15000153,48.43000031,48.52999878,48.52999878,491100
PSN,11/14/2022,48.54000092,49.68000031,48.15000153,48.15000153,48.15000153,569900
PSN,11/15/2022,48.45000076,48.65999985,47.77999878,47.90000153,47.90000153,761300
PSN,11/16/2022,47.84999847,48.36999893,47.56000137,48.06000137,48.06000137,423700
PSN,11/17/2022,47.45000076,48.34000015,47.25999832,48.22999954,48.22999954,328900
PSN,11/18/2022,48.66999817,48.84999847,48.22999954,48.54000092,48.54000092,730100
PSN,11/21/2022,48.43000031,49.38000107,48.15999985,49.09000015,49.09000015,424300
PSN,11/22/2022,49.00999832,49.49000168,48.38999939,48.65000153,48.65000153,517400
PSN,11/23/2022,48.54000092,49.06999969,47.86999893,48.04999924,48.04999924,422100
PSN,11/25/2022,48.20999908,49.36999893,48.20999908,48.95000076,48.95000076,166000
PSN,11/28/2022,48.63000107,48.99000168,48.00999832,48.18999863,48.18999863,492600
PSN,11/29/2022,48.11000061,48.52000046,47.84999847,48.38000107,48.38000107,445000
PSN,11/30/2022,48.59999847,49.52999878,48.27000046,49.5,49.5,457700
PSN,12/1/2022,49,49.77799988,48.88000107,49.22999954,49.22999954,424700
PSN,12/2/2022,49.11999893,49.68000031,48.6230011,49.29000092,49.29000092,371900
PSN,12/5/2022,48.99000168,49.15000153,48.40000153,48.86999893,48.86999893,298400
PSN,12/6/2022,48.93000031,48.93000031,47.97000122,48.59000015,48.59000015,273300
PSN,12/7/2022,48.58000183,48.64500046,47.68999863,47.86999893,47.86999893,258600
PSN,12/8/2022,48.20000076,48.31499863,47.52999878,47.93000031,47.93000031,373500
PSN,12/9/2022,47.63999939,47.84999847,46.79999924,46.95000076,46.95000076,253200
PSN,12/12/2022,47.31000137,47.49000168,46.70000076,47.13999939,47.13999939,272200
PSN,12/13/2022,47.86999893,47.86999893,46.63999939,46.72999954,46.72999954,317300
PSN,12/14/2022,46.84999847,47.58000183,46.77000046,47.36000061,47.36000061,398200
PSN,12/15/2022,47.08000183,47.34000015,46.45500183,46.99000168,46.99000168,574100
PSN,12/16/2022,46.68000031,47.04000092,45.83000183,46.63000107,46.63000107,745400
PSN,12/19/2022,46.61000061,46.90000153,46.09000015,46.20000076,46.20000076,288600
PSN,12/20/2022,45.97000122,46.50999832,45.63999939,45.90999985,45.90999985,317800
PSN,12/21/2022,45.90999985,46.63499832,45.52000046,46.54000092,46.54000092,351900
PSN,12/22/2022,46.34000015,46.43999863,45.24000168,45.99000168,45.99000168,295200
PSN,12/23/2022,46.00999832,46.16999817,45.77000046,46.06000137,46.06000137,193300
PSN,12/27/2022,46.25,46.31999969,45.88000107,45.97999954,45.97999954,165700
PSN,12/28/2022,46.04000092,46.25,45.40999985,45.43000031,45.43000031,273500
PSN,12/29/2022,45.54000092,46.41999817,45.47000122,45.93000031,45.93000031,205900
PSN,12/30/2022,45.91999817,46.29000092,45.68000031,46.25,46.25,198200
PSN,1/3/2023,44.81999969,45.50999832,44.56000137,45.22000122,45.22000122,572300
PSN,1/4/2023,45.25,45.64899826,44.75,44.95000076,44.95000076,327500
PSN,1/5/2023,44.93999863,44.93999863,43.79999924,43.83000183,43.83000183,344400
PSN,1/6/2023,44.09000015,44.77999878,43.93999863,44.11000061,44.11000061,294500
PSN,1/9/2023,44.22000122,44.22000122,43.00999832,43.41999817,43.41999817,623700
PSN,1/10/2023,43.65000153,43.97999954,43.04999924,43.84999847,43.84999847,717600
PSN,1/11/2023,43.95000076,44.13000107,43.65000153,44.04999924,44.04999924,281300
PSN,1/12/2023,44.43000031,44.86999893,44,44.83000183,44.83000183,271700
PSN,1/13/2023,44.61000061,44.81999969,44.40999985,44.81999969,44.81999969,243700
PSN,1/17/2023,44.91999817,45.08000183,43.99000168,44.04999924,44.04999924,431000
PSN,1/18/2023,43.97999954,44.04999924,43.11999893,43.22000122,43.22000122,511900
PSN,1/19/2023,43.02000046,43.45500183,42.02000046,42.09000015,42.09000015,541500
PSN,1/20/2023,42.33000183,42.33000183,41.65000153,41.93000031,41.93000031,740400
PSN,1/23/2023,42.04999924,42.95000076,41.83599854,42.84999847,42.84999847,445000
PSN,1/24/2023,42.49000168,43.02500153,42.49000168,42.84999847,42.84999847,444500
PSN,1/25/2023,42.74000168,43.25999832,42.51499939,43.22999954,43.22999954,247000
PSN,1/26/2023,43.47000122,43.70899963,42.95999908,43.24000168,43.24000168,456400
PSN,1/27/2023,43.31000137,43.5,42.45000076,42.81000137,42.81000137,346700
PSN,1/30/2023,42.79000092,43.38999939,42.70999908,42.81999969,42.81999969,226600
PSN,1/31/2023,42.95999908,43.52000046,42.68999863,43.52000046,43.52000046,385800
PSN,2/1/2023,43.43000031,44.08000183,43.22000122,43.84000015,43.84000015,560600
PSN,2/2/2023,43.95999908,44.47000122,43.52999878,44.20999908,44.20999908,1043400
PSN,2/3/2023,44.24000168,44.91999817,44.09999847,44.68000031,44.68000031,1017800
PSN,2/6/2023,44.70000076,44.93999863,44.27999878,44.56999969,44.56999969,362600
PSN,2/7/2023,44.5,44.86000061,43.81000137,44.84999847,44.84999847,396800
PSN,2/8/2023,44.74000168,45.18999863,44.63999939,45.09000015,45.09000015,413500
PSN,2/9/2023,45.43000031,45.47000122,44.43000031,44.43000031,44.43000031,521600
PSN,2/10/2023,44.43999863,45.59000015,44.11199951,45.43999863,45.43999863,533500
PSN,2/13/2023,45.33000183,45.79999924,45.24000168,45.52999878,45.52999878,381900
PSN,2/14/2023,45.52999878,45.97000122,45.09999847,45.61999893,45.61999893,671900
PSN,2/15/2023,45.04000092,45.04000092,43.36000061,43.65000153,43.65000153,1176300
PSN,2/16/2023,43.22999954,44.56999969,43.15000153,44.16999817,44.16999817,684700
PSN,2/17/2023,44.43999863,45.18000031,43.90000153,44.86000061,44.86000061,905700
PSN,2/21/2023,44.70999908,44.77399826,44.15499878,44.74000168,44.74000168,396500
PSN,2/22/2023,45.16999817,45.84000015,44.86999893,45.75,45.75,986000
PSN,2/23/2023,46.04999924,46.58000183,45.88000107,46.52000046,46.52000046,638300
PSN,2/24/2023,46.43999863,46.88999939,46.18999863,46.84000015,46.84000015,544700
PSN,2/27/2023,46.97000122,46.97000122,45.13000107,45.45999908,45.45999908,675300
PSN,2/28/2023,45.40000153,45.72999954,45.00500107,45.02999878,45.02999878,695200
PSN,3/1/2023,44.79999924,45.22999954,44.54000092,44.88000107,44.88000107,581500
PSN,3/2/2023,44.66999817,45.31000137,44.61999893,45.20000076,45.20000076,407500
PSN,3/3/2023,45.38999939,45.43999863,44.95999908,45.40999985,45.40999985,409200
PSN,3/6/2023,45.40000153,45.72999954,44.99000168,45.20000076,45.20000076,346800
PSN,3/7/2023,45.33000183,45.49499893,44.86999893,44.95999908,44.95999908,245500
PSN,3/8/2023,44.86999893,44.88000107,43.67499924,44.06999969,44.06999969,437100
PSN,3/9/2023,44.34000015,44.47999954,43.61000061,43.65000153,43.65000153,462300
PSN,3/10/2023,43.36999893,43.70000076,43,43.18999863,43.18999863,453100
PSN,3/13/2023,42.79999924,43.34999847,42.41999817,42.70999908,42.70999908,500600
PSN,3/14/2023,43.5,43.65999985,42.60499954,42.81999969,42.81999969,800700
PSN,3/15/2023,42.25,42.43500137,40.95999908,41.47999954,41.47999954,1007700
PSN,3/16/2023,41.13999939,42.36000061,41.13999939,41.95999908,41.95999908,588700
PSN,3/17/2023,41.83000183,42.04999924,40.61000061,40.88999939,40.88999939,1151900
PSN,3/20/2023,41.24000168,41.68999863,40.86999893,40.90000153,40.90000153,781800
PSN,3/21/2023,41.41999817,41.77999878,41.27999878,41.75999832,41.75999832,634900
PSN,3/22/2023,41.84000015,42.11999893,41.38999939,41.41999817,41.41999817,507300
PSN,3/23/2023,41.5,42.22000122,41.43000031,42.09999847,42.09999847,698200
PSN,3/24/2023,42,42.88499832,41.83000183,42.86999893,42.86999893,456600
PSN,3/27/2023,43.16999817,43.29000092,42.58000183,43.11000061,43.11000061,282500
PSN,3/28/2023,44.83000183,45.95000076,44.13499832,44.18000031,44.18000031,1108800
PSN,3/29/2023,44.36000061,44.875,44.27999878,44.75999832,44.75999832,503900
PSN,3/30/2023,44.72999954,44.93000031,44.49000168,44.54999924,44.54999924,554800
PSN,3/31/2023,44.68000031,44.93600082,44.47999954,44.74000168,44.74000168,450500
PSN,4/3/2023,44.70999908,45.65599823,44.70999908,45.43999863,45.43999863,897600
PSN,4/4/2023,45.33000183,45.72000122,44.90000153,45.11999893,45.11999893,356900
PSN,4/5/2023,44.99000168,45.59999847,44.99000168,45.54000092,45.54000092,730800
PSN,4/6/2023,45.66999817,46.15999985,45.59999847,45.86000061,45.86000061,370200
PSN,4/10/2023,45.75,46.41999817,45.75,46.24000168,46.24000168,329600
PSN,4/11/2023,46.5,46.52999878,45.83000183,45.91999817,45.91999817,348800
PSN,4/12/2023,46.06000137,46.63999939,46.02000046,46.43999863,46.43999863,603200
PSN,4/13/2023,46.5,46.95299911,46.16999817,46.77999878,46.77999878,282800
PSN,4/14/2023,46.63999939,46.82500076,45.91999817,46.08000183,46.08000183,510300
PSN,4/17/2023,46.09000015,46.63999939,45.93999863,46.25999832,46.25999832,296000
PSN,4/18/2023,46.31000137,46.72000122,46.18000031,46.43000031,46.43000031,272700
PSN,4/19/2023,46.43000031,46.43000031,45.75999832,46.06999969,46.06999969,280600
PSN,4/20/2023,46,46.08000183,45.38000107,45.77000046,45.77000046,387500
PSN,4/21/2023,45.95000076,45.95000076,45.27099991,45.31000137,45.31000137,315000
PSN,4/24/2023,45.27999878,45.52000046,44.68999863,44.79000092,44.79000092,320300
PSN,4/25/2023,44.50999832,44.59000015,44.04499817,44.04999924,44.04999924,348600
PSN,4/26/2023,43.70999908,43.88999939,43.04999924,43.18000031,43.18000031,399400
PSN,4/27/2023,43.27000046,43.68399811,43.13999939,43.54999924,43.54999924,294400
PSN,4/28/2023,43.70000076,43.88499832,43.36999893,43.5,43.5,275900
PSN,5/1/2023,43.40999985,44.25,43.18999863,43.72000122,43.72000122,394400
PSN,5/2/2023,43.54000092,43.54000092,42.22499847,42.75999832,42.75999832,588800
PSN,5/3/2023,44.5,45.77000046,43.61000061,45.22999954,45.22999954,885300
PSN,5/4/2023,44.95000076,45.00500107,43.54999924,44.15999985,44.15999985,482900
PSN,5/5/2023,44.38999939,44.81999969,43.99499893,44.50999832,44.50999832,279000
PSN,5/8/2023,44.50999832,44.68999863,43.68999863,44.06000137,44.06000137,371700
PSN,5/9/2023,44.18000031,44.65000153,43.93000031,44.41999817,44.41999817,281000
PSN,5/10/2023,44.75999832,45.04999924,44.36000061,45,45,367300
PSN,5/11/2023,44.65000153,44.86999893,44.06999969,44.36000061,44.36000061,219900
PSN,5/12/2023,44.56000137,44.77000046,44.02999878,44.34000015,44.34000015,198300
PSN,5/15/2023,44.29000092,44.72999954,44.29000092,44.63999939,44.63999939,339400
PSN,5/16/2023,44.84999847,45,44.47999954,44.50999832,44.50999832,326700
PSN,5/17/2023,44.63000107,45.31000137,44.43000031,45.02999878,45.02999878,365800
PSN,5/18/2023,45,45.58000183,44.72999954,45.45000076,45.45000076,480000
PSN,5/19/2023,45.63000107,45.65000153,44.50999832,44.50999832,44.50999832,437900
PSN,5/22/2023,44.49000168,44.81999969,44.18999863,44.38999939,44.38999939,301100
PSN,5/23/2023,44.34999847,44.36999893,43.47000122,43.56999969,43.56999969,437600
PSN,5/24/2023,43.49000168,43.86000061,43.31999969,43.36999893,43.36999893,393200
PSN,5/25/2023,43.40000153,43.5,42.79000092,43.22999954,43.22999954,361500
PSN,5/26/2023,43.22000122,43.45500183,42.88999939,43.33000183,43.33000183,315100
PSN,5/30/2023,43.45999908,43.84000015,43.20999908,43.74000168,43.74000168,266200
PSN,5/31/2023,44.31000137,44.77999878,43.875,44.68999863,44.68999863,748700
PSN,6/1/2023,44.83000183,45.06000137,44.11000061,44.93000031,44.93000031,348000
PSN,6/2/2023,45.29999924,46.13999939,45.04000092,45.97999954,45.97999954,703500
PSN,6/5/2023,46,46.24000168,45.68999863,45.88000107,45.88000107,680900
PSN,6/6/2023,45.72000122,46.56000137,45.72000122,46.38999939,46.38999939,483100
PSN,6/7/2023,46.34000015,46.79000092,46.16999817,46.63000107,46.63000107,405900
PSN,6/8/2023,46.59000015,46.99000168,46.43000031,46.88999939,46.88999939,245200
PSN,6/9/2023,47,47,46.52099991,46.81999969,46.81999969,173300
PSN,6/12/2023,47,47.25,46.83000183,47.09000015,47.09000015,338200
PSN,6/13/2023,47.24000168,47.88000107,47.00999832,47.79000092,47.79000092,353400
PSN,6/14/2023,47.65999985,47.75,47.20999908,47.70999908,47.70999908,352900
PSN,6/15/2023,47.45000076,47.72000122,47.09000015,47.43999863,47.43999863,1046000
PSN,6/16/2023,47.75,48.40000153,47.36999893,47.79000092,47.79000092,943700
PSN,6/20/2023,47.5,47.93999863,47.31999969,47.83000183,47.83000183,428100
PSN,6/21/2023,47.79999924,48.29000092,47.48500061,48.20000076,48.20000076,398400
PSN,6/22/2023,48.13999939,48.34000015,47.79999924,48.27000046,48.27000046,276900
PSN,6/23/2023,48.06999969,48.17499924,47.02000046,47.27999878,47.27999878,1789800
PSN,6/26/2023,47.04999924,47.65999985,46.68000031,47.45000076,47.45000076,335800
PSN,6/27/2023,47.31000137,48.25,47.31000137,47.84999847,47.84999847,309900
PSN,6/28/2023,47.95000076,47.95000076,47.49700165,47.74000168,47.74000168,200400
PSN,6/29/2023,47.70999908,48.40000153,47.70000076,48.27999878,48.27999878,276000
PSN,6/30/2023,48.33000183,48.43999863,48.11999893,48.13999939,48.13999939,276000
PSN,7/3/2023,47.79000092,48.43899918,47.79000092,48.18999863,48.18999863,108500
PSN,7/5/2023,47.83000183,47.97999954,47.49000168,47.83000183,47.83000183,297100
PSN,7/6/2023,47.68999863,47.74000168,47.20000076,47.36000061,47.36000061,183600
PSN,7/7/2023,47.16999817,47.60499954,46.84999847,47.31000137,47.31000137,479700
PSN,7/10/2023,47.25,47.97000122,47.25,47.75999832,47.75999832,260100
PSN,7/11/2023,47.72000122,48.22999954,47.68500137,48.20000076,48.20000076,192400
PSN,7/12/2023,48.40000153,48.40999985,47.77000046,47.77999878,47.77999878,192400
PSN,7/13/2023,47.83000183,47.95700073,47.52500153,47.59000015,47.59000015,439000
PSN,7/14/2023,47.70999908,47.70999908,47.11999893,47.47000122,47.47000122,256400
PSN,7/17/2023,47.54999924,47.84000015,47.43999863,47.63999939,47.63999939,171300
PSN,7/18/2023,47.66999817,48,47.54999924,47.70999908,47.70999908,229700
PSN,7/19/2023,47.95000076,48,47.22000122,47.38999939,47.38999939,494600
PSN,7/20/2023,47.47000122,47.65000153,47.36000061,47.63999939,47.63999939,194000
PSN,7/21/2023,47.75,47.93000031,47.36999893,47.40000153,47.40000153,231300
PSN,7/24/2023,47.38000107,47.70000076,47.27000046,47.45000076,47.45000076,234800
PSN,7/25/2023,47.20000076,48.11000061,46.97000122,48.09000015,48.09000015,426400
PSN,7/26/2023,48.25,48.3409996,47.88000107,47.95000076,47.95000076,241000
PSN,7/27/2023,48.02999878,48.02999878,47.22999954,47.31000137,47.31000137,248500
PSN,7/28/2023,48.45000076,49.58000183,48.24900055,49.40000153,49.40000153,639100
PSN,7/31/2023,49.40000153,50.09999847,49.13999939,49.41999817,49.41999817,606300
PSN,8/1/2023,49.09999847,49.93999863,49.09999847,49.50999832,49.50999832,638900
PSN,8/2/2023,50.5,54.86000061,50.47800064,54.41999817,54.41999817,1773700
PSN,8/3/2023,54.41999817,54.41999817,53.41500092,53.99000168,53.99000168,1550200
PSN,8/4/2023,54.31000137,54.88999939,53.63999939,53.84999847,53.84999847,1239400
PSN,8/7/2023,54.49000168,55.27999878,54.38000107,54.54000092,54.54000092,507000
PSN,8/8/2023,54.81999969,55.04000092,54.02999878,54.68999863,54.68999863,453300
PSN,8/9/2023,54.63000107,54.97000122,54.36999893,54.63000107,54.63000107,362400
PSN,8/10/2023,54.45999908,54.88000107,53.86999893,54.18999863,54.18999863,429100
PSN,8/11/2023,54.47999954,55.08000183,54.43000031,54.72000122,54.72000122,422200
PSN,8/14/2023,56.00999832,56.1629982,55.04000092,55.31000137,55.31000137,585800
PSN,8/15/2023,55.11999893,56.03900146,55.11999893,55.77999878,55.77999878,770900
PSN,8/16/2023,55.83000183,56.11999893,55.52000046,55.56000137,55.56000137,380700
PSN,8/17/2023,55.70999908,55.88800049,54.84000015,54.86000061,54.86000061,699700
PSN,8/18/2023,54.88000107,55.61000061,54.79999924,55.45000076,55.45000076,518400
PSN,8/21/2023,55.38000107,56.12900162,55.34500122,55.90999985,55.90999985,461500
PSN,8/22/2023,55.91999817,56.15000153,55.81499863,55.93999863,55.93999863,268100
PSN,8/23/2023,56.27999878,57.06999969,56.27999878,56.65000153,56.65000153,577300
PSN,8/24/2023,56.49000168,56.86000061,56.29999924,56.34000015,56.34000015,495400
PSN,8/25/2023,56.54000092,56.81999969,56.06000137,56.29000092,56.29000092,325700
PSN,8/28/2023,56.18000031,57.06999969,56.18000031,56.97999954,56.97999954,328000
PSN,8/29/2023,56.95999908,56.97999954,56.11000061,56.54000092,56.54000092,379900
PSN,8/30/2023,56.65000153,57.27000046,56.58000183,56.86000061,56.86000061,245200
PSN,8/31/2023,56.86999893,57.45000076,56.86000061,57.02000046,57.02000046,418700
PSN,9/1/2023,57.22999954,57.49000168,57.06999969,57.18999863,57.18999863,308000
PSN,9/5/2023,57.11999893,57.16999817,56.36999893,56.63999939,56.63999939,605800
PSN,9/6/2023,56.65000153,56.70999908,56.11000061,56.40000153,56.40000153,504700
PSN,9/7/2023,56.38999939,56.56999969,55.45000076,55.5,55.5,994400
PSN,9/8/2023,55.56999969,55.90999985,54.58000183,54.88999939,54.88999939,747700
PSN,9/11/2023,54.41999817,54.88999939,53.88000107,54.81000137,54.81000137,896200
PSN,9/12/2023,54.70000076,55.72000122,54.33000183,55.70999908,55.70999908,888800
PSN,9/13/2023,55.59999847,55.74000168,55.04000092,55.54000092,55.54000092,639200
PSN,9/14/2023,55.99000168,56.04999924,55.31000137,55.88999939,55.88999939,954100
PSN,9/15/2023,55.59999847,55.66999817,54.97000122,55.47000122,55.47000122,2967900
PSN,9/18/2023,55.45999908,56.86000061,55.36999893,56.25,56.25,553800
PSN,9/19/2023,56.15999985,56.40000153,55.84999847,56.18999863,56.18999863,340800
PSN,9/20/2023,56.25,56.63000107,55.81999969,55.95000076,55.95000076,365500
PSN,9/21/2023,55.84999847,55.84999847,54.82500076,54.97000122,54.97000122,944400
PSN,9/22/2023,55.02999878,55.40000153,54.65000153,54.68999863,54.68999863,295600
PSN,9/25/2023,54.68000031,55.11999893,54.52500153,54.84000015,54.84000015,417300
PSN,9/26/2023,54.66999817,54.84999847,53.93000031,54.04999924,54.04999924,391800
PSN,9/27/2023,54.18999863,54.52999878,54,54.09000015,54.09000015,360700
PSN,9/28/2023,54.09999847,54.83000183,54.09999847,54.59000015,54.59000015,376300
PSN,9/29/2023,54.75999832,54.79000092,54.22000122,54.34999847,54.34999847,928400
PSN,10/2/2023,54.22000122,54.79000092,54.22000122,54.45000076,54.45000076,460000
PSN,10/3/2023,54.36999893,54.57500076,53.56000137,53.91999817,53.91999817,583000
PSN,10/4/2023,53.90000153,54.54999924,53.70000076,54.47999954,54.47999954,568300
PSN,10/5/2023,54.5,54.89300156,54.5,54.68000031,54.68000031,495700
PSN,10/6/2023,54.61000061,55.20999908,54.45999908,54.88999939,54.88999939,733500
PSN,10/9/2023,55.36000061,56.70000076,55.24499893,56.45000076,56.45000076,585100
PSN,10/10/2023,56.75,57.0719986,56.40000153,56.41999817,56.41999817,912900
PSN,10/11/2023,56.58000183,57.81999969,56.56000137,57.72000122,57.72000122,1064600
PSN,10/12/2023,58,58.54999924,57.5,57.83000183,57.83000183,984200
PSN,10/13/2023,57.79999924,57.80500031,56.84000015,57.58000183,57.58000183,680700
PSN,10/16/2023,57.77999878,58.81000137,57.27999878,58.02000046,58.02000046,898000
PSN,10/17/2023,58.11000061,58.86500168,57.93000031,58.00999832,58.00999832,408800
PSN,10/18/2023,57.79999924,58.27000046,57.36999893,57.65000153,57.65000153,731900
PSN,10/19/2023,57.72999954,58.31999969,57.52000046,57.93000031,57.93000031,866400
PSN,10/20/2023,57.81000137,57.81000137,56.93000031,56.95000076,56.95000076,719000
PSN,10/23/2023,57.06000137,57.66999817,56.84000015,56.84999847,56.84999847,598900
PSN,10/24/2023,57.15999985,57.24000168,56.31000137,56.33000183,56.33000183,622400
PSN,10/25/2023,56.40999985,56.66999817,55.88000107,56.25999832,56.25999832,544500
PSN,10/26/2023,56.31000137,56.68999863,55.65999985,55.79999924,55.79999924,693100
PSN,10/27/2023,55.72000122,56.08000183,55.21500015,55.5,55.5,584000
PSN,10/30/2023,55.77999878,56.18999863,55.375,55.84999847,55.84999847,781500
PSN,10/31/2023,56.04000092,57.13000107,56.04000092,56.54999924,56.54999924,727000
PSN,11/1/2023,58.43000031,61.72600174,58,61.06999969,61.06999969,2264600
PSN,11/2/2023,61.24000168,61.65999985,60.38000107,60.97999954,60.97999954,1453700
PSN,11/3/2023,61.5,62.06000137,61.27500153,61.61999893,61.61999893,954200
PSN,11/6/2023,61.77000046,61.99000168,61.09000015,61.65000153,61.65000153,1353000
PSN,11/7/2023,61.90999985,62.40000153,61.34000015,61.68999863,61.68999863,711000
PSN,11/8/2023,61.61999893,61.86000061,61.20000076,61.40000153,61.40000153,458900
PSN,11/9/2023,61.79000092,62.00500107,61.27999878,61.86999893,61.86999893,688200
PSN,11/10/2023,62.02000046,62.97000122,61.90000153,62.59999847,62.59999847,1141700
PSN,11/13/2023,62.72000122,63.5,62.45000076,63.08000183,63.08000183,1081700
PSN,11/14/2023,63.34000015,63.82500076,62.75999832,63.61000061,63.61000061,1199000
PSN,11/15/2023,63.45999908,63.68000031,62.31000137,62.33000183,62.33000183,773500
PSN,11/16/2023,62.75,63.02000046,62.33000183,62.59000015,62.59000015,784000
PSN,11/17/2023,62.65999985,62.91999817,62.38000107,62.43000031,62.43000031,460200
PSN,11/20/2023,62.36999893,62.88000107,62.27999878,62.79999924,62.79999924,401800
PSN,11/21/2023,62.65999985,63.09000015,62.5,62.91999817,62.91999817,688100
PSN,11/22/2023,63.15999985,63.65000153,63.08000183,63.24000168,63.24000168,433800
PSN,11/24/2023,63.18000031,63.55500031,63.04999924,63.47000122,63.47000122,144100
PSN,11/27/2023,63.20999908,63.49000168,62.95000076,63.27000046,63.27000046,387100
PSN,11/28/2023,63.25999832,63.40000153,62.29999924,62.34999847,62.34999847,644600
PSN,11/29/2023,62.65000153,62.90000153,61.72999954,62.18000031,62.18000031,919800
PSN,11/30/2023,62.11999893,62.43999863,61.91899872,62.29000092,62.29000092,521900
PSN,12/1/2023,62.25,63.58000183,62.125,63.47999954,63.47999954,523000
PSN,12/4/2023,63.72000122,64.62999725,63.54000092,64.62999725,64.62999725,619600
PSN,12/5/2023,64.27999878,64.31999969,63.75999832,63.97999954,63.97999954,526400
PSN,12/6/2023,64.01999664,64.30000305,63.11000061,63.15999985,63.15999985,340500
PSN,12/7/2023,63.22999954,63.52000046,62.68000031,63.02000046,63.02000046,424100
PSN,12/8/2023,63.13999939,63.34500122,62.5,62.95999908,62.95999908,348200
PSN,12/11/2023,63.09999847,63.61999893,62.97000122,63.06999969,63.06999969,481100
PSN,12/12/2023,62.99000168,63.76499939,62.84000015,63.74000168,63.74000168,651500
PSN,12/13/2023,63.84999847,64.12999725,63.40999985,63.63999939,63.63999939,381200
PSN,12/14/2023,64,64.19000244,61.56000137,62.04000092,62.04000092,1402200
PSN,12/15/2023,61.84999847,62.59000015,61.09999847,61.93999863,61.93999863,843400
PSN,12/18/2023,62.25,62.63000107,61.74499893,62.15000153,62.15000153,709900
PSN,12/19/2023,62.59999847,62.68999863,62.15000153,62.36000061,62.36000061,631200
PSN,12/20/2023,62.36000061,63.18999863,62.20000076,62.20999908,62.20999908,545700
PSN,12/21/2023,62.52999878,63.10499954,62.18999863,62.88999939,62.88999939,361800
PSN,12/22/2023,63.06999969,63.70000076,62.97999954,63.18000031,63.18000031,421700
PSN,12/26/2023,63.36999893,63.36999893,62.77999878,62.88999939,62.88999939,227200
PSN,12/27/2023,62.84000015,63.11000061,62.43000031,62.95000076,62.95000076,229300
PSN,12/28/2023,62.86000061,63.09500122,62.63999939,62.86999893,62.86999893,246300
PSN,12/29/2023,62.68000031,62.95999908,62.47000122,62.70999908,62.70999908,272000
PSN,1/2/2024,62.25,62.88999939,62.22999954,62.59999847,62.59999847,302300
PSN,1/3/2024,62.24000168,62.55500031,61.35499954,61.56999969,61.56999969,416700
PSN,1/4/2024,61.88999939,62.16999817,61.51200104,61.59000015,61.59000015,545400
PSN,1/5/2024,61.72999954,61.83000183,61.40000153,61.65999985,61.65999985,347500
PSN,1/8/2024,61.95999908,62.72999954,61.66999817,62.66999817,62.66999817,449300
PSN,1/9/2024,62.47000122,62.97999954,62.13000107,62.93999863,62.93999863,413900
PSN,1/10/2024,63.25999832,63.55899811,63.09999847,63.45999908,63.45999908,507600
PSN,1/11/2024,63.52000046,63.95000076,63.11999893,63.49000168,63.49000168,527200
PSN,1/12/2024,64,65.26999664,63.77600098,65.22000122,65.22000122,700900
PSN,1/16/2024,66.77999878,67.12000275,64.83000183,64.87999725,64.87999725,720200
PSN,1/17/2024,64.73999786,65.55999756,64.44999695,65.15000153,65.15000153,660800
PSN,1/18/2024,65.41999817,66.30999756,65.26999664,66.15000153,66.15000153,616000
PSN,1/19/2024,66.38999939,66.54699707,65.29000092,66.05999756,66.05999756,511900
PSN,1/22/2024,66.38999939,66.87000275,66.27400208,66.44999695,66.44999695,417200
PSN,1/23/2024,66.68000031,66.97000122,65.52999878,65.88999939,65.88999939,467000
PSN,1/24/2024,66.05000305,66.5,65.48000336,65.59999847,65.59999847,327300
PSN,1/25/2024,66.33999634,66.45999908,64.61000061,65.36000061,65.36000061,509700
PSN,1/26/2024,65.80000305,66.62999725,65.78500366,66.36000061,66.36000061,906700
PSN,1/29/2024,66.19999695,66.59999847,65.42099762,66.33999634,66.33999634,482800
PSN,1/30/2024,66.30999756,66.58999634,65.48000336,65.84999847,65.84999847,1188900
PSN,1/31/2024,66,66.83999634,65.08000183,65.15000153,65.15000153,533800
PSN,2/1/2024,65.08000183,65.68000031,64.88999939,65.5,65.5,502800
PSN,2/2/2024,65.36000061,65.69000244,64.80999756,65.61000061,65.61000061,439900
PSN,2/5/2024,65.26000214,65.61000061,64.33000183,65.16000366,65.16000366,380200
PSN,2/6/2024,65.16000366,65.83999634,64.90000153,65.83000183,65.83000183,313500
PSN,2/7/2024,65.88999939,66.48999786,65.76000214,65.80999756,65.80999756,477700
PSN,2/8/2024,65.80999756,67.30999756,65.44999695,67.02999878,67.02999878,543500
PSN,2/9/2024,67.44000244,67.96499634,67.25,67.87000275,67.87000275,1067000
PSN,2/12/2024,68.09999847,68.55000305,67.73999786,68.25,68.25,641100
PSN,2/13/2024,67.58999634,68.20999908,67.18000031,67.44999695,67.44999695,661500
PSN,2/14/2024,73.83000183,73.83000183,70.40000153,72.41000366,72.41000366,2411300
PSN,2/15/2024,73.22000122,74.95999908,73.22000122,74.37000275,74.37000275,1085800
PSN,2/16/2024,74.41999817,75.91000366,73.58100128,74.90000153,74.90000153,1169600
PSN,2/20/2024,74.90000153,75.93000031,74.31999969,74.94999695,74.94999695,723000
PSN,2/21/2024,74.55999756,75.72000122,74.25,75.29000092,75.29000092,660800
PSN,2/22/2024,76.41000366,79.48000336,75.58000183,79.44000244,79.44000244,4736900
PSN,2/23/2024,79.54000092,79.98999786,78,79.26999664,79.26999664,2328600
PSN,2/26/2024,79.76999664,81.26999664,79.45500183,80.54000092,80.54000092,1873300
PSN,2/27/2024,80.48000336,81.91999817,80.01999664,80.98000336,80.98000336,1413200
PSN,2/28/2024,81.27999878,81.87000275,80.59999847,81.16999817,81.16999817,1272700
PSN,2/29/2024,81.5,81.95999908,80.05999756,80.61000061,80.61000061,1619000
PSN,3/1/2024,80.65000153,81.48500061,80.30000305,80.81999969,80.81999969,1235600
PSN,3/4/2024,81.95999908,84.19000244,81.51999664,82.83999634,82.83999634,1425800
PSN,3/5/2024,82.81999969,84.08499908,82.44999695,83.11000061,83.11000061,922100
PSN,3/6/2024,83.48000336,84.15000153,83.01999664,83.38999939,83.38999939,611000
PSN,3/7/2024,83.30000305,83.95500183,82.26999664,82.76999664,82.76999664,901300
PSN,3/8/2024,83.08000183,83.45999908,80.83999634,81.41999817,81.41999817,529100
PSN,3/11/2024,80.93000031,81.41999817,79.26000214,80.33000183,80.33000183,946900
PSN,3/12/2024,80.70999908,81.31999969,80.09999847,81.12000275,81.12000275,627600
PSN,3/13/2024,80.80999756,82.58000183,80.80000305,82.44999695,82.44999695,1016600
PSN,3/14/2024,82.59999847,82.66000366,81.14299774,81.40000153,81.40000153,687600
PSN,3/15/2024,81.11000061,81.87000275,81.01999664,81.56999969,81.56999969,654800
PSN,3/18/2024,81.70999908,81.91000366,80.91999817,81.09999847,81.09999847,575700
PSN,3/19/2024,81.11000061,81.48000336,80.56999969,81.13999939,81.13999939,763400
PSN,3/20/2024,81.12000275,81.83999634,80.79000092,81.69999695,81.69999695,518600
PSN,3/21/2024,82.20999908,83.36000061,81.69999695,83.26999664,83.26999664,836300
PSN,3/22/2024,83.36000061,83.95999908,82.27999878,82.30999756,82.30999756,549100
PSN,3/25/2024,82.41999817,82.69000244,81.54000092,82.33999634,82.33999634,2637100
PSN,3/26/2024,82.41999817,82.94000244,80.91999817,81.23999786,81.23999786,2634200
PSN,3/27/2024,81.80000305,82.77999878,81.19000244,82.68000031,82.68000031,2331100
PSN,3/28/2024,82.54000092,83.80999756,82.33999634,82.94999695,82.94999695,1002700
PSN,4/1/2024,83.27999878,83.97000122,82.94000244,83.19999695,83.19999695,573500
PSN,4/2/2024,83.08000183,83.79000092,82.51999664,82.58999634,82.58999634,743400
PSN,4/3/2024,82.16000366,82.91999817,82.01000214,82.43000031,82.43000031,895800
PSN,4/4/2024,83.33000183,83.79000092,82.65000153,83.01000214,83.01000214,1084700
PSN,4/5/2024,82.87999725,84.98999786,82.87999725,84.27999878,84.27999878,1044100
PSN,4/8/2024,84.44999695,85.44000244,83.62999725,83.69000244,83.69000244,866500
PSN,4/9/2024,83.69000244,83.70999908,80.04000092,80.48000336,80.48000336,1181200
PSN,4/10/2024,79.66999817,81.05500031,79,80.26999664,80.26999664,931400
PSN,4/11/2024,80.69000244,81.09999847,80.02999878,80.66999817,80.66999817,394500
PSN,4/12/2024,80.48999786,80.90000153,79.95999908,80.41000366,80.41000366,494600
PSN,4/15/2024,81,81.23000336,78.52999878,78.91000366,78.91000366,735900
PSN,4/16/2024,79.13999939,79.20999908,78.18000031,78.94000244,78.94000244,635100
PSN,4/17/2024,79.27999878,79.48999786,78.36000061,78.55999756,78.55999756,517600
PSN,4/18/2024,78.62999725,79.33000183,77.45999908,77.80000305,77.80000305,607500
PSN,4/19/2024,77.80000305,77.88999939,77.13999939,77.48999786,77.48999786,691300
PSN,4/22/2024,77.88999939,78.51999664,77.33000183,77.87999725,77.87999725,452900
PSN,4/23/2024,78.33999634,79.48000336,78.26000214,79.31999969,79.31999969,434000
PSN,4/24/2024,79.87999725,79.91999817,78.66000366,78.90000153,78.90000153,341100
PSN,4/25/2024,78.41000366,79.86000061,77.76000214,79.27999878,79.27999878,474700
PSN,4/26/2024,79.05999756,80.16000366,78.82499695,79.73000336,79.73000336,430200
PSN,4/29/2024,80,80.55000305,79.15000153,79.36000061,79.36000061,595900
PSN,4/30/2024,79.37000275,79.90000153,78.48000336,78.51000214,78.51000214,796400
PSN,5/1/2024,80,80.26499939,74.04000092,77.62999725,77.62999725,2363800
PSN,5/2/2024,78.54000092,78.88999939,76.65000153,77.30000305,77.30000305,1255200
PSN,5/3/2024,78.80000305,79.15000153,77.31999969,78.47000122,78.47000122,801600
PSN,5/6/2024,78.56999969,79.86000061,78.5,79.59999847,79.59999847,801300
PSN,5/7/2024,79.01000214,79.51499939,78.08000183,78.25,78.25,595600
PSN,5/8/2024,78.23999786,78.625,77.02999878,77.59999847,77.59999847,725700
PSN,5/9/2024,77.37000275,77.37000275,76.44999695,77.01000214,77.01000214,880400
PSN,5/10/2024,77.48000336,78.62999725,77.08000183,78.58000183,78.58000183,957600
PSN,5/13/2024,78.70999908,78.80000305,76.69000244,76.76000214,76.76000214,590700
PSN,5/14/2024,76.51999664,77.05000305,75.73000336,76.83000183,76.83000183,753100
PSN,5/15/2024,77.01000214,78.26000214,76.80000305,77.40000153,77.40000153,818800
PSN,5/16/2024,77.25,78,76.44000244,76.55000305,76.55000305,766000
PSN,5/17/2024,76.66000366,77.09999847,76.08999634,76.51000214,76.51000214,515100
PSN,5/20/2024,76.51999664,77.26999664,76.46600342,77.20999908,77.20999908,441700
PSN,5/21/2024,77.26999664,77.75499725,76.76000214,77.12999725,77.12999725,469900
PSN,5/22/2024,77.05000305,77.31999969,76.69000244,77.09999847,77.09999847,854900
PSN,5/23/2024,77.65000153,78.69000244,77.22000122,77.48999786,77.48999786,729900
PSN,5/24/2024,78.12999725,79.62999725,77.66999817,79.25,79.25,822400
PSN,5/28/2024,79.65000153,79.73000336,77.25499725,77.37000275,77.37000275,744800
PSN,5/29/2024,76.79000092,77.73999786,76.66000366,77.69999695,77.69999695,725300
PSN,5/30/2024,77.30000305,77.95999908,76.5,76.68000031,76.68000031,870000
PSN,5/31/2024,76.81999969,77.45999908,74.40000153,76.15000153,76.15000153,1063700
PSN,6/3/2024,76.30999756,76.30999756,72.97000122,74.83000183,74.83000183,1053600
PSN,6/4/2024,74.72000122,74.83499908,73.97000122,74.27999878,74.27999878,706100
PSN,6/5/2024,74.66999817,74.80999756,73.72000122,74.58999634,74.58999634,592700
PSN,6/6/2024,74.73000336,75.41999817,73.68000031,74.01000214,74.01000214,578500
PSN,6/7/2024,74.19000244,76.40000153,73.26000214,74.51999664,74.51999664,1238300
PSN,6/10/2024,74.08999634,75.94000244,73.84999847,75.30000305,75.30000305,713900
PSN,6/11/2024,75.12999725,76.01999664,73.87000275,75.58999634,75.58999634,571700
PSN,6/12/2024,76.19000244,77.45999908,76.04000092,76.94000244,76.94000244,745600
PSN,6/13/2024,76.83999634,76.83999634,75.08000183,76.38999939,76.38999939,832100
PSN,6/14/2024,75.65000153,76.58000183,75.04000092,76.30999756,76.30999756,574100
PSN,6/17/2024,76.23000336,76.91999817,75.65000153,76.81999969,76.81999969,436300
PSN,6/18/2024,76.65000153,78.44999695,76.23000336,77.73999786,77.73999786,510500
PSN,6/20/2024,78.47000122,79.47000122,78.16999817,78.62999725,78.62999725,831300
PSN,6/21/2024,78.55000305,78.83999634,77.70999908,78.08999634,78.08999634,999500
PSN,6/24/2024,78.31999969,79.77500153,78.05000305,79.48999786,79.48999786,507800
PSN,6/25/2024,81.44999695,82,80,81.27999878,81.27999878,1176700
PSN,6/26/2024,80.76999664,82.19000244,80.62000275,81.18000031,81.18000031,858800
PSN,6/27/2024,81.40000153,82.19999695,80.48000336,81.98999786,81.98999786,673900
PSN,6/28/2024,82.44999695,83.16999817,81.25499725,81.80999756,81.80999756,6002700
PSN,7/1/2024,82.11000061,82.59999847,80.18000031,80.19999695,80.19999695,731300
PSN,7/2/2024,80.01999664,80.69999695,79.55000305,79.98000336,79.98000336,926700
PSN,7/3/2024,79.98000336,80.72000122,79.44000244,80.61000061,80.61000061,246800
PSN,7/5/2024,80.09999847,80.52200317,79.16999817,79.63999939,79.63999939,533500
PSN,7/8/2024,79.97000122,80.36000061,78.59999847,78.69000244,78.69000244,535800
PSN,7/9/2024,78.58999634,78.8010025,77.87999725,78.12999725,78.12999725,483600
PSN,7/10/2024,78.37999725,79.41000366,78.04000092,79.40000153,79.40000153,476600
PSN,7/11/2024,79.90000153,79.93800354,78.56999969,79.41999817,79.41999817,928300
PSN,7/12/2024,79.87999725,80.30000305,78.69999695,78.87000275,78.87000275,702700
PSN,7/15/2024,79.34999847,80,77.77500153,77.80000305,77.80000305,788200
PSN,7/16/2024,78.31999969,80.20999908,78.29000092,80.13999939,80.13999939,826600
PSN,7/17/2024,79.69000244,79.75,77.01000214,77.01999664,77.01999664,724300
PSN,7/18/2024,77.16999817,77.66500092,76.66999817,76.75,76.75,601200
PSN,7/19/2024,77.05999756,77.59999847,76.52999878,77.48000336,77.48000336,471000
PSN,7/22/2024,77.61000061,78.62999725,77.37000275,78.41000366,78.41000366,436000
PSN,7/23/2024,78.44999695,79.66000366,78.05799866,79.26000214,79.26000214,603400
PSN,7/24/2024,78.87999725,79.08999634,77.55999756,77.80999756,77.80999756,575000
PSN,7/25/2024,77.87999725,78.57499695,77.1210022,77.75,77.75,700900
PSN,7/26/2024,78.18000031,78.18000031,76.08000183,76.51999664,76.51999664,1116100
PSN,7/29/2024,76.97000122,77.70999908,76.30500031,77.69000244,77.69000244,764000
PSN,7/30/2024,78,78.69999695,76.41000366,77.18000031,77.18000031,1714900
PSN,7/31/2024,83.62999725,91.44000244,83.62999725,91.37000275,91.37000275,4126800
PSN,8/1/2024,90.63999939,91.30999756,87.5,88.52999878,88.52999878,1970200
PSN,8/2/2024,87.12999725,89.55999756,86.19000244,88.81999969,88.81999969,1065100
PSN,8/5/2024,85.91999817,90,85.30000305,89.16000366,89.16000366,1222100
PSN,8/6/2024,89.58999634,91.36000061,88.84999847,89.27999878,89.27999878,795400
PSN,8/7/2024,90.5,90.5,88.48000336,88.51000214,88.51000214,1046700
PSN,8/8/2024,89.72000122,92.37000275,89.37000275,91.65000153,91.65000153,841700
PSN,8/9/2024,91.72000122,92.98999786,91.51999664,92.81999969,92.81999969,846600
PSN,8/12/2024,92.83999634,93.69000244,92.19999695,92.80000305,92.80000305,802600
PSN,8/13/2024,93.26999664,93.74500275,91.91999817,92.73000336,92.73000336,754500
PSN,8/14/2024,92.73000336,93.37000275,91.85900116,93.33999634,93.33999634,783300
PSN,8/15/2024,93.38999939,93.5,92.48999786,93.08999634,93.08999634,378300
PSN,8/16/2024,92.94999695,93.93000031,92.33000183,93.11000061,93.11000061,588800
PSN,8/19/2024,93.23999786,94.33000183,93.23999786,93.97000122,93.97000122,695700
PSN,8/20/2024,94.09999847,94.5,93.23000336,94.05000305,94.05000305,418800
PSN,8/21/2024,94.06999969,95.65000153,93.75499725,95.33999634,95.33999634,638100
PSN,8/22/2024,95.33999634,95.87999725,94.43000031,94.75,94.75,413500
PSN,8/23/2024,95.20999908,95.25,93.93000031,94.61000061,94.61000061,737400
PSN,8/26/2024,94.87999725,95.53500366,94.23000336,94.66999817,94.66999817,466500
PSN,8/27/2024,94.30000305,95.33999634,94.20500183,94.84999847,94.84999847,443500
PSN,8/28/2024,94.80000305,95.20400238,93.375,94.23999786,94.23999786,515400
PSN,8/29/2024,94.44999695,95.40499878,93.91999817,94.30999756,94.30999756,436300
PSN,8/30/2024,94.30000305,95.5,93.81999969,95.45999908,95.45999908,503200
PSN,9/3/2024,95.01000214,95.26999664,93.01799774,93.44000244,93.44000244,771900
PSN,9/4/2024,92.68000031,93.54000092,91.98000336,93.37000275,93.37000275,441300
PSN,9/5/2024,93.33999634,93.58999634,92.80000305,93.54000092,93.54000092,443300
PSN,9/6/2024,93.51000214,94.16999817,91.16999817,91.88999939,91.88999939,662700
PSN,9/9/2024,95.97000122,98.11000061,95.84500122,96.01999664,96.01999664,1997600
PSN,9/10/2024,96.52999878,96.84999847,94.73999786,95.30999756,95.30999756,870200
PSN,9/11/2024,94.76000214,96.01000214,93.79499817,95.13999939,95.13999939,679300
PSN,9/12/2024,94.81999969,95.86000061,94.62000275,95.45999908,95.45999908,533500
PSN,9/13/2024,95.97000122,98.62999725,95.65000153,98.22000122,98.22000122,1108300
PSN,9/16/2024,99,100.0800018,97.69999695,97.76000214,97.76000214,822100
PSN,9/17/2024,97.55999756,98.62000275,96.91999817,98.09999847,98.09999847,1240200
PSN,9/18/2024,98.12000275,99.60500336,97.54000092,97.77999878,97.77999878,948900
PSN,9/19/2024,98.62999725,100.1800003,97.68000031,99.91999817,99.91999817,1323600
PSN,9/20/2024,99.19000244,101.6900024,98.61000061,99.88999939,99.88999939,7399600
PSN,9/23/2024,99.69999695,101.5599976,99.69999695,101.3499985,101.3499985,930400
PSN,9/24/2024,101.1699982,101.4199982,100.4199982,100.9700012,100.9700012,703400
PSN,9/25/2024,101.3300018,102.9550018,100.9700012,102.9000015,102.9000015,856200
PSN,9/26/2024,103.3000031,104.0599976,102.9100037,103.5999985,103.5999985,1389200
PSN,9/27/2024,103.5199966,104.3300018,103.1380005,103.6299973,103.6299973,682600
PSN,9/30/2024,103.8099976,104.3600006,102.5,103.6800003,103.6800003,807200
PSN,10/1/2024,103.7600021,104.8700027,103.1800003,104.8000031,104.8000031,1128800
PSN,10/2/2024,104.5100021,105.8099976,104.1110001,105.4899979,105.4899979,581000
PSN,10/3/2024,105.5800018,106.8050003,105.2699966,105.9100037,105.9100037,915100
PSN,10/4/2024,106.8600006,107,106.1050034,106.6999969,106.6999969,578300
PSN,10/7/2024,106.6699982,106.9550018,105.3700027,106.0899963,106.0899963,838700
PSN,10/8/2024,106.7799988,107.6699982,106.2170029,106.8899994,106.8899994,768900
PSN,10/9/2024,107.0199966,107.5100021,106.75,107.2099991,107.2099991,641800
PSN,10/10/2024,106.6900024,107.0400009,104.1699982,105.0800018,105.0800018,838400
PSN,10/11/2024,105.0699997,107.0899963,104.7559967,107.0500031,107.0500031,722600
PSN,10/14/2024,107.0500031,108.0999985,106.8799973,107.8300018,107.8300018,392900
PSN,10/15/2024,108.0199966,109.2600021,107.7200012,108.5999985,108.5999985,885700
PSN,10/16/2024,109.2699966,109.5469971,108.0500031,108.1399994,108.1399994,619300
PSN,10/17/2024,108.6699982,109,107.8799973,108.2699966,108.2699966,400200
PSN,10/18/2024,108.2399979,108.3600006,107.2099991,107.9800034,107.9800034,440400
PSN,10/21/2024,107.2200012,107.5500031,105.9000015,107.4300003,107.4300003,826100
PSN,10/22/2024,106.8899994,108.0299988,106.5500031,107.4199982,107.4199982,614900
PSN,10/23/2024,106.0500031,106.9300003,103.9530029,104.3799973,104.3799973,971700
PSN,10/24/2024,105.8300018,105.8850021,104.0800018,104.4100037,104.4100037,844200
PSN,10/25/2024,105.0599976,105.5999985,103.8899994,104.2099991,104.2099991,732000
PSN,10/28/2024,104.5999985,105.1200027,104.2099991,104.6900024,104.6900024,673700
PSN,10/29/2024,105.0500031,105.5299988,103.9199982,105.0299988,105.0299988,899100
PSN,10/30/2024,108.6399994,112.1900024,104.5699997,110,110,1987200
PSN,10/31/2024,110,111.1449966,108.0999985,108.1600037,108.1600037,910600
PSN,11/1/2024,109.0299988,109.9550018,107.8199997,108.6900024,108.6900024,822700
PSN,11/4/2024,108.6900024,109.8600006,108.2399979,109.6100006,109.6100006,970200
PSN,11/5/2024,109.7300034,111.9100037,109.0800018,111.3799973,111.3799973,706400
PSN,11/6/2024,114.6800003,114.6800003,110.2050018,110.6900024,110.6900024,971900
PSN,11/7/2024,111.1100006,111.7399979,110.1699982,110.2699966,110.2699966,619100
PSN,11/8/2024,111.6600037,113.0299988,111,112.6900024,112.6900024,771900
PSN,11/11/2024,113.9199982,114.1999969,113.1549988,113.3099976,113.3099976,475800
PSN,11/12/2024,113.2300034,113.9199982,112.1699982,112.9599991,112.9599991,540800
PSN,11/13/2024,113.3799973,114.1900024,111.9800034,112.0100021,112.0100021,413000
PSN,11/14/2024,112.1900024,113,99.25,100.2799988,100.2799988,2945800
PSN,11/15/2024,99.33999634,99.66999817,95.92500305,97.40000153,97.40000153,1831500
PSN,11/18/2024,97.02999878,97.26499939,94.05000305,94.37000275,94.37000275,1855000
PSN,11/19/2024,94.48000336,96.19000244,93.31999969,94.41999817,94.41999817,1524200
PSN,11/20/2024,94.66000366,95.37000275,93.23300171,95.30000305,95.30000305,763600
PSN,11/21/2024,95.40000153,100.6900024,95.05999756,99.38999939,99.38999939,1417400
PSN,11/22/2024,99.40000153,99.87000275,98.20999908,99.05000305,99.05000305,778900
PSN,11/25/2024,99,99.34500122,96.66000366,96.73000336,96.73000336,868800
PSN,11/26/2024,97,98.25,96.02500153,96.33000183,96.33000183,808000
PSN,11/27/2024,96.59999847,97.34899902,95.41000366,95.86000061,95.86000061,604700
PSN,11/29/2024,96.63999939,96.83999634,95.59999847,95.91000366,95.91000366,395200
PSN,12/2/2024,95.91000366,96.77999878,95.29000092,95.98000336,95.98000336,723100
PSN,12/3/2024,95.72000122,96.36000061,94.29000092,94.75,94.75,954400
PSN,12/4/2024,95,101.9199982,94.75,99.05000305,99.05000305,1892900
PSN,12/5/2024,99.18000031,100.4550018,97.81500244,98.87999725,98.87999725,948900
PSN,12/6/2024,99.52999878,99.52999878,97.41999817,98.02999878,98.02999878,571000
PSN,12/9/2024,98.08000183,98.66000366,96.51999664,96.77999878,96.77999878,974800
PSN,12/10/2024,97.26000214,97.26000214,95.73000336,95.91999817,95.91999817,748900
PSN,12/11/2024,96.52999878,96.88999939,94.04000092,95.19000244,95.19000244,1233400
PSN,12/12/2024,96.01999664,97.70999908,93.93000031,97,97,1001000
PSN,12/13/2024,97.02999878,97.56800079,95.65000153,96.55999756,96.55999756,521500
PSN,12/16/2024,96.44999695,99.04000092,96.04000092,97.91999817,97.91999817,508600
PSN,12/17/2024,97.15000153,97.44999695,95.58000183,96.33000183,96.33000183,650400
PSN,12/18/2024,96.80999756,96.96499634,94.5,94.91000366,94.91000366,692900
PSN,12/19/2024,95.41999817,96.41999817,94.23000336,95.09999847,95.09999847,795800
PSN,12/20/2024,94.20999908,96.91999817,93.61000061,95.68000031,95.68000031,1525900
PSN,12/23/2024,95.38999939,95.56500244,93.26000214,93.80999756,93.80999756,793100
PSN,12/24/2024,93.76000214,93.76000214,92.59999847,93.43000031,93.43000031,323200
PSN,12/26/2024,93.09999847,93.98000336,92.98000336,93.83000183,93.83000183,473200
PSN,12/27/2024,93.51999664,94.06500244,92.23000336,93.12999725,93.12999725,368000
PSN,12/30/2024,92.23000336,93.63999939,91.58000183,92.69000244,92.69000244,510300
PSN,12/31/2024,92.91000366,93.48500061,92,92.25,92.25,512000
PSN,1/2/2025,92.25,92.70999908,89.72000122,90.51000214,90.51000214,1233300
PSN,1/3/2025,90.15000153,92.5059967,90.15000153,92.30000305,92.30000305,775200
PSN,1/6/2025,92.51999664,94.01200104,91.54000092,92.08000183,92.08000183,1060700
PSN,1/7/2025,92.33000183,92.58000183,90.12999725,90.54000092,90.54000092,854700
PSN,1/8/2025,90.66000366,91.98000336,89.65000153,91.86000061,91.86000061,893500
PSN,1/10/2025,91.66999817,94.38999939,91.66999817,92.54000092,92.54000092,831200
PSN,1/13/2025,91.66000366,94.16999817,91.36000061,93.48999786,93.48999786,776000
PSN,1/14/2025,93.84999847,94.52999878,93,94.47000122,94.47000122,828500
PSN,1/15/2025,95.33999634,96,94.63999939,95.38999939,95.38999939,672400
PSN,1/16/2025,95.23999786,95.67199707,93.91999817,95.38999939,95.38999939,414200
PSN,1/17/2025,96,96.36000061,94.98000336,95.23000336,95.23000336,678700
PSN,1/21/2025,96.15000153,97.91000366,96.01000214,96.44000244,96.44000244,893100
PSN,1/22/2025,96.94000244,97.65000153,94.16999817,94.86000061,94.86000061,949800
PSN,1/23/2025,92.76999664,93.19499969,84.34999847,85.33000183,85.33000183,5646900
PSN,1/24/2025,86,86.63999939,83.33499908,83.79000092,83.79000092,2200500
PSN,1/27/2025,83.84999847,85.68000031,83.31300354,84.40000153,84.40000153,1248500
PSN,1/28/2025,84.19999695,84.48000336,78.81999969,80.05000305,80.05000305,1974700
PSN,1/29/2025,80.26000214,81.44999695,79.09999847,79.84999847,79.84999847,1588100
PSN,1/30/2025,79.98999786,80.34999847,77.91999817,78.80999756,78.80999756,2020700
PSN,1/31/2025,78.59999847,80.04000092,76.44000244,79.26999664,79.26999664,2367200
PSN,2/3/2025,77.66000366,79.15000153,76.98999786,77.36000061,77.36000061,1439500
PSN,2/4/2025,78.56999969,78.56999969,77.01999664,78.13999939,78.13999939,1197100
PSN,2/5/2025,78.98999786,79.32499695,77.38999939,77.58000183,77.58000183,1145300
PSN,2/6/2025,77.59999847,78.41999817,76.88999939,77.54000092,77.54000092,884700
PSN,2/7/2025,77.48999786,78.00499725,76.81999969,76.91000366,76.91000366,1051700
PSN,2/10/2025,77.08000183,78.58999634,77.02999878,77.97000122,77.97000122,1108400
PSN,2/11/2025,78,78,75.87000275,76.83999634,76.83999634,1320000
PSN,2/12/2025,75.90000153,77.51999664,75.49500275,75.94999695,75.94999695,839400
PSN,2/13/2025,76.06999969,76.37999725,72.98999786,73.40000153,73.40000153,1389700
PSN,2/14/2025,73.40000153,73.69000244,72.12000275,73.45999908,73.45999908,1401900
PSN,2/18/2025,75.15000153,76.20999908,73.11000061,73.5,73.5,1673600
PSN,2/19/2025,62.36000061,67.44499969,61.70500183,65.08000183,65.08000183,5201900
PSN,2/20/2025,64.52999878,64.98999786,59.90000153,61.95000076,61.95000076,4644600
PSN,2/21/2025,61.24000168,61.29000092,57.86000061,59.49000168,59.49000168,2974300
PSN,2/24/2025,59.5,59.74000168,57.22000122,58.75,58.75,2080700
PSN,2/25/2025,58.83000183,61.11000061,58.61500168,60.24000168,60.24000168,1874000
PSN,2/26/2025,60.5,61.68000031,58.72000122,59.08000183,59.08000183,1523700
PSN,2/27/2025,59.15000153,59.56999969,58.06999969,58.93999863,58.93999863,1168100
PSN,2/28/2025,58.45000076,59.59700012,56.86999893,58.22000122,58.22000122,1324100
PSN,3/3/2025,57.88999939,58.49000168,54.90000153,55.34999847,55.34999847,2094500
PSN,3/4/2025,54.75999832,58.84999847,54.56000137,57.50999832,57.50999832,2270200
PSN,3/5/2025,57.83000183,59.59000015,57.81000137,58.38000107,58.38000107,1969100
PSN,3/6/2025,57.68999863,58.20000076,56.20000076,57.41999817,57.41999817,1503200
PSN,3/7/2025,56.95999908,61.43999863,56.85400009,60.16999817,60.16999817,2161600
PSN,3/10/2025,59.95000076,61.36999893,58.18000031,58.52000046,58.52000046,1808800
PSN,3/11/2025,58.27999878,59.25,57.27999878,57.58000183,57.58000183,1298000
PSN,3/12/2025,58.54499817,58.54499817,56.36999893,57.40999985,57.40999985,1368500
PSN,3/13/2025,56.77999878,57.27999878,56.29000092,56.65000153,56.65000153,1494800
PSN,3/14/2025,57.15000153,58.47499847,56.79999924,58.22000122,58.22000122,1541900
PSN,3/17/2025,58.61999893,60.31999969,57.99000168,59.22000122,59.22000122,952200
PSN,3/18/2025,58.79000092,60.29999924,57.88999939,60.08000183,60.08000183,1100100
PSN,3/19/2025,60.22999954,61.29999924,60.04999924,60.84999847,60.84999847,1347000
PSN,3/20/2025,60.02999878,60.75999832,58.38999939,59.02000046,59.02000046,1113000
PSN,3/21/2025,58.50999832,59.38999939,57.56999969,59.04999924,59.04999924,1254400
PSN,3/24/2025,59.25999832,60.59999847,59.16500092,60.45999908,60.45999908,891800
PSN,3/25/2025,61.65999985,62.30500031,61.07600021,61.56000137,61.56000137,1076000
PSN,3/26/2025,61.61999893,62.06999969,60.89500046,61.18999863,61.18999863,1049000
PSN,3/27/2025,61.31000137,61.66999817,60.29999924,60.54999924,60.54999924,666100
PSN,3/28/2025,60.54999924,60.54999924,59.11500168,59.41999817,59.41999817,599100
PSN,3/31/2025,58.59000015,59.84999847,57.86999893,59.20999908,59.20999908,851100
PSN,4/1/2025,59.5,59.99000168,58.75,59.56000137,59.56000137,818400
PSN,4/2/2025,58.65000153,64.23000336,58.65000153,63.04999924,63.04999924,2805300
PSN,4/3/2025,60.79999924,62.50999832,59.77999878,61.08000183,61.08000183,1797900
PSN,4/4/2025,59.77500153,61.00999832,57.90000153,58.88000107,58.88000107,1601500
PSN,4/7/2025,57.13999939,60.04000092,56.27000046,58.88000107,58.88000107,1542900
PSN,4/8/2025,60.16999817,61.43000031,58.81999969,59.36000061,59.36000061,1769200
PSN,4/9/2025,58.40999985,64.48999786,57.50500107,63.15000153,63.15000153,2581700
PSN,4/10/2025,62.13000107,63.93999863,61.49700165,63.27000046,63.27000046,1527100
PSN,4/11/2025,63,65.12999725,61.90000153,64.61000061,64.61000061,1125300
PSN,4/14/2025,64.81999969,65.12999725,63.63000107,64.91999817,64.91999817,1071300
PSN,4/15/2025,64.59999847,64.90000153,63.15999985,64.08000183,64.08000183,1143700
PSN,4/16/2025,64.01999664,65.30999756,63.92499924,64.52999878,64.52999878,1261000
PSN,4/17/2025,64.25,65.69999695,64.20999908,65.12000275,65.12000275,1255600
PSN,4/21/2025,65.37999725,65.37999725,62.47999954,63.04000092,63.04000092,786100
PSN,4/22/2025,63.72000122,64.33999634,62.95000076,64.08000183,64.08000183,949400
PSN,4/23/2025,65.83000183,66.56999969,64.73999786,65.06999969,65.06999969,959100
PSN,4/24/2025,65.62000275,67.81999969,65.37000275,67.33000183,67.33000183,1619700
PSN,4/25/2025,67.37999725,68.04000092,66.63999939,67.61000061,67.61000061,1096000
PSN,4/28/2025,67.61000061,68.56999969,67.11499786,68.31999969,68.31999969,1750600
PSN,4/29/2025,68.09999847,69.13500214,67.8219986,68.66000366,68.66000366,1755000
PSN,4/30/2025,69.02999878,71.09500122,64.91000366,66.86000061,66.86000061,3242200
PSN,5/1/2025,65.87000275,66.31500244,62.94499969,63.90000153,63.90000153,2513500
PSN,5/2/2025,65.40000153,65.58000183,62.47000122,62.81000137,62.81000137,2335800
PSN,5/5/2025,62.02500153,62.31000137,60.97999954,61.02000046,61.02000046,2138600
PSN,5/6/2025,60.58000183,62.78499985,60.09000015,62.70999908,62.70999908,1619800
PSN,5/7/2025,62.56999969,63.25999832,62.06000137,62.90000153,62.90000153,906100
PSN,5/8/2025,63.41999817,64.62000275,63.27000046,64.04000092,64.04000092,1026900
PSN,5/9/2025,64.20999908,64.20999908,63.06999969,64.08999634,64.08999634,771200
PSN,5/12/2025,65.22000122,65.31999969,63.90999985,65.08999634,65.08999634,857700
PSN,5/13/2025,65.26999664,65.78500366,64.81600189,65.30000305,65.30000305,620700
PSN,5/14/2025,65.59999847,70.11000061,65,66.91000366,66.91000366,4271200
PSN,5/15/2025,67.20999908,68.54000092,66.48000336,68.25,68.25,1835100
PSN,5/16/2025,68.05000305,69.26000214,67.73999786,69,69,1325100
PSN,5/19/2025,68.30000305,69,68.08000183,68.41000366,68.41000366,1001700
PSN,5/20/2025,68.25,69.45999908,67.98999786,68.26999664,68.26999664,921900
PSN,5/21/2025,67.73000336,68.05999756,66.51000214,67.22000122,67.22000122,970500
PSN,5/22/2025,66.91999817,68.52999878,66.77999878,67.91000366,67.91000366,902200
PSN,5/23/2025,66.81999969,67.36499786,65.58000183,66.16999817,66.16999817,1343400
PSN,5/27/2025,66.66000366,68.00499725,66.26999664,67.91999817,67.91999817,1197100
PSN,5/28/2025,68.01999664,68.66999817,65.52999878,65.59999847,65.59999847,1523000
PSN,5/29/2025,65.79000092,66.43000031,65.24500275,65.94000244,65.94000244,1266200
PSN,5/30/2025,65.94999695,66.03500366,61.49900055,64.83999634,64.83999634,2330600
PSN,6/2/2025,64.38999939,64.38999939,62.72000122,63.31000137,63.31000137,1469700
PSN,6/3/2025,62,68.12000275,61.75,67.73999786,67.73999786,5064700
PSN,6/4/2025,67.98999786,70.55999756,67.76000214,68.76999664,68.76999664,2353200
PSN,6/5/2025,69.06999969,69.08000183,67.69999695,68.08000183,68.08000183,1361700
PSN,6/6/2025,68.56999969,69.87000275,68.41500092,69.06999969,69.06999969,1317400
PSN,6/9/2025,69.27999878,70.26499939,68.05999756,69.51999664,69.51999664,1343800
PSN,6/10/2025,69.98999786,70.58999634,69.20500183,69.75,69.75,917400
PSN,6/11/2025,69.80999756,70,68.55500031,69.69000244,69.69000244,787800
PSN,6/12/2025,69.26999664,70.46499634,68.86000061,70.37999725,70.37999725,773200
PSN,6/13/2025,70.15000153,71.09999847,69.45999908,69.73999786,69.73999786,1093200
PSN,6/16/2025,70.06999969,70.64600372,68.48000336,69.20999908,69.20999908,1563200
PSN,6/17/2025,69.11000061,70.125,68.12000275,68.19000244,68.19000244,1093000
PSN,6/18/2025,68.29000092,69.20999908,67.30999756,68,68,1097000
PSN,6/20/2025,68.22000122,68.23000336,66.62000275,67.01000214,67.01000214,1288600
PSN,6/23/2025,66.90000153,67.8690033,66.05999756,66.37000275,66.37000275,747200
PSN,6/24/2025,67.30999756,68.26999664,66.52999878,68.19000244,68.19000244,1104800
PSN,6/25/2025,68.62000275,69.0530014,67.75900269,68.51000214,68.51000214,1403700
PSN,6/26/2025,69.58999634,72.33000183,69.18000031,71.25,71.25,1831500
PSN,6/27/2025,71,71.67500305,70.12999725,70.56999969,70.56999969,1703800
PSN,6/30/2025,71,72.01499939,70.58000183,71.76999664,71.76999664,1029600
PSN,7/1/2025,71.68000031,73.16999817,71.52999878,72.76999664,72.76999664,1142100
PSN,7/2/2025,73,73.97000122,72.01999664,73.91000366,73.91000366,1479500
PSN,7/3/2025,74.44000244,75.19999695,74.33499908,74.80999756,74.80999756,771400
PSN,7/7/2025,74.69999695,75.01000214,73.84999847,74.33999634,74.33999634,799900
PSN,7/8/2025,75.80000305,77.98000336,74.83000183,74.88999939,74.88999939,1917800
PSN,7/9/2025,74.91000366,75.73999786,74.08999634,75.68000031,75.68000031,974200
PSN,7/10/2025,75.47000122,76.43000031,74.58999634,75.26999664,75.26999664,1158300
PSN,7/11/2025,75.16000366,75.58000183,74.16000366,74.77999878,74.77999878,995700
PSN,7/14/2025,74.48999786,75.72000122,74.01000214,74.87000275,74.87000275,1087700
PSN,7/15/2025,75.36000061,75.36000061,73.34999847,73.34999847,73.34999847,859100
PSN,7/16/2025,73.55999756,74.5,73,74.43000031,74.43000031,898600
PSN,7/17/2025,74.56999969,77.26999664,74.51000214,76.58999634,76.58999634,1253700
PSN,7/18/2025,77.18000031,77.36499786,75.61000061,76.20999908,76.20999908,853700
PSN,7/21/2025,76.41999817,76.58000183,74.69000244,74.69999695,74.69999695,1078200
PSN,7/22/2025,75.02999878,75.98000336,73.5,75,75,1068600
PSN,7/23/2025,75.83000183,76.97000122,75.42500305,76.05000305,76.05000305,851400
PSN,7/24/2025,75.83999634,76.47000122,75.27500153,75.55000305,75.55000305,668700
PSN,7/25/2025,76.24500275,76.33499908,75.16999817,76.05999756,76.05999756,701500
PSN,7/28/2025,76.20999908,76.40899658,74.43000031,75.25,75.25,782300
PSN,7/29/2025,75.72000122,75.98699951,74.97000122,75.48000336,75.48000336,701500
PSN,7/30/2025,75.52999878,76.47499847,74.44000244,75.04000092,75.04000092,736800
PSN,7/31/2025,75.06999969,75.58000183,74.04000092,74.19999695,74.19999695,607100
PSN,8/1/2025,73.69000244,74.19999695,72.33999634,73.72000122,73.72000122,845500
PSN,8/4/2025,73.83000183,74.62999725,73.62999725,74.59999847,74.59999847,1150900
PSN,8/5/2025,74.48000336,77.16999817,74.23000336,77,77,1694700
PSN,8/6/2025,75.69999695,77.5,73.9509964,75.91999817,75.91999817,1479100
PSN,8/7/2025,78.29000092,79,75.43000031,76.87000275,76.87000275,1376100
PSN,8/8/2025,76.66999817,78.29799652,76.66999817,77.61000061,77.61000061,964600
PSN,8/11/2025,78.5,79.91000366,78.06999969,78.44999695,78.44999695,1081700
PSN,8/12/2025,78.58000183,80.27999878,78.40000153,80.01000214,80.01000214,866700
PSN,8/13/2025,79.87000275,82.13999939,79.73999786,81.84999847,81.84999847,1220000
PSN,8/14/2025,81.31999969,82.25,79.58999634,79.63999939,79.63999939,1524900
PSN,8/15/2025,79.44999695,79.85500336,78.15000153,79.55000305,79.55000305,1175800
PSN,8/18/2025,79.94000244,80.34999847,79.33000183,79.41000366,79.41000366,617300
PSN,8/19/2025,79.37999725,79.86000061,78.30000305,78.66000366,78.66000366,709000
PSN,8/20/2025,78.51000214,78.79000092,77.29000092,77.93000031,77.93000031,665600
PSN,8/21/2025,77.58000183,78.66999817,77.37000275,78.62999725,78.62999725,426900
PSN,8/22/2025,78.80000305,81.01999664,78.33000183,79.81999969,79.81999969,1015700
PSN,8/25/2025,79.80999756,80.31999969,79.39600372,79.69999695,79.69999695,718600
PSN,8/26/2025,79.5,80.41000366,79.5,79.91000366,79.91000366,906000
PSN,8/27/2025,79.77999878,80.80999756,79.77999878,80.33999634,80.33999634,731100
PSN,8/28/2025,80.27999878,80.43199921,78.45999908,79.90000153,79.90000153,777500
PSN,8/29/2025,80.13999939,80.56999969,78.90000153,80.09999847,80.09999847,848600
PSN,9/2/2025,79.47000122,80.88999939,79.375,80.66000366,80.66000366,1143000
PSN,9/3/2025,80.69000244,80.97399902,78.65499878,78.68000031,78.68000031,1121400
PSN,9/4/2025,78.23000336,78.23000336,73.87000275,73.90000153,73.90000153,2001000
PSN,9/5/2025,74.44000244,75.875,74.02999878,75.65000153,75.65000153,1110500
PSN,9/8/2025,75.41999817,75.51999664,73.61000061,75,75,918300
PSN,9/9/2025,74.94000244,74.94000244,73.5,74.5,74.5,879800
PSN,9/10/2025,74.79000092,75.31999969,73.84999847,74.76000214,74.76000214,969700
PSN,9/11/2025,74.84999847,76.16500092,74.77300262,76.09999847,76.09999847,910600
PSN,9/12/2025,76.01999664,76.91999817,75.94999695,76.62000275,76.62000275,679000
PSN,9/15/2025,76.58999634,76.88899994,75.57499695,76.18000031,76.18000031,794300
PSN,9/16/2025,76.12000275,76.52500153,74.33000183,75.41999817,75.41999817,858700
PSN,9/17/2025,76.72000122,83.16999817,76.26999664,82.87999725,82.87999725,2923700
PSN,9/18/2025,82.90000153,83.48999786,80.96099854,81.43000031,81.43000031,1376400
PSN,9/19/2025,81.72000122,82.73000336,80.68900299,81.90000153,81.90000153,2796600
PSN,9/22/2025,81.37999725,81.5,79.81999969,81.33000183,81.33000183,719200
PSN,9/23/2025,81.91000366,83.12999725,80.09999847,80.12999725,80.12999725,962600
PSN,9/24/2025,80.63999939,81.5,80.23000336,80.66999817,80.66999817,942500
PSN,9/25/2025,80.40000153,81,79.07099915,79.69999695,79.69999695,1113500
PSN,9/26/2025,79.44999695,81.76999664,79.23000336,81.45999908,81.45999908,751200
PSN,9/29/2025,81.94999695,82.89499664,81.66999817,81.87000275,81.87000275,792700
PSN,9/30/2025,82.33999634,83.38999939,81.94999695,82.91999817,82.91999817,1134100
PSN,10/1/2025,82.52999878,85.29000092,82.19000244,85.23999786,85.23999786,1609800
PSN,10/2/2025,85.23999786,87.73999786,85,87.41000366,87.41000366,1514500
PSN,10/3/2025,87.34999847,88.52999878,86.76499939,87.48000336,87.48000336,802600
PSN,10/6/2025,87.5,89.26999664,87.0490036,88.33000183,88.33000183,907500
PSN,10/7/2025,88.65000153,88.98000336,86.66999817,87.76999664,87.76999664,689700
PSN,10/8/2025,88.25,89.30999756,87.51499939,89.29000092,89.29000092,896500
PSN,10/9/2025,89.29000092,89.5,86.97000122,87.41000366,87.41000366,672800
PSN,10/10/2025,87.41000366,87.91000366,85.68000031,85.84999847,85.84999847,811800
PSN,10/13/2025,86,87.43000031,85.56999969,86.36000061,86.36000061,682300
PSN,10/14/2025,85.76999664,86.97000122,84.59999847,86.01000214,86.01000214,657300
PSN,10/15/2025,86.38999939,86.81099701,83.55999756,84.11000061,84.11000061,786700
PSN,10/16/2025,84.44999695,84.94999695,82.79000092,83.16999817,83.16999817,931700
PSN,10/17/2025,82.34999847,83.55500031,81.87000275,82.73999786,82.73999786,739200
PSN,10/20/2025,83.69999695,85.5,83.51999664,84.98000336,84.98000336,833100
PSN,10/21/2025,85.05000305,85.95999908,84.34500122,84.87000275,84.87000275,649200
PSN,10/22/2025,84.04000092,84.91000366,82.13999939,82.16000366,82.16000366,828600
PSN,10/23/2025,82.63999939,84.72000122,82.63999939,84.31999969,84.31999969,532100
PSN,10/24/2025,84.62000275,85.34999847,82.10299683,84.16000366,84.16000366,645200
PSN,10/27/2025,84.45999908,84.87999725,83.29000092,83.93000031,83.93000031,775200
PSN,10/28/2025,84,84.25,82.91000366,83.41000366,83.41000366,606900
PSN,10/29/2025,83.37999725,84.88999939,82.38999939,82.73999786,82.73999786,508400
PSN,10/30/2025,82.62000275,83.88999939,82.51999664,82.97000122,82.97000122,503800
PSN,10/31/2025,82.77999878,83.84999847,82.31999969,83.13999939,83.13999939,768800
PSN,11/3/2025,83.13999939,83.14499664,78.69999695,79.73999786,79.73999786,1202200
PSN,11/4/2025,79.12000275,81.07800293,78.05999756,79.55999756,79.55999756,1043300
PSN,11/5/2025,77.44999695,85.41000366,77.44999695,82.91000366,82.91000366,1991800
PSN,11/6/2025,81.91000366,82.41999817,79.66999817,82.08000183,82.08000183,1188300
PSN,11/7/2025,81.55000305,86.37999725,81.31999969,85.93000031,85.93000031,1716800
PSN,11/10/2025,87.54000092,88,84.44999695,85.87000275,85.87000275,1186900
PSN,11/11/2025,85.69000244,86.94000244,85.31999969,86.61000061,86.61000061,646100
PSN,11/12/2025,86.72000122,88,84.94999695,86.44999695,86.44999695,1005100
PSN,11/13/2025,86.90000153,87.04000092,83.43000031,85.25,85.25,1433000
PSN,11/14/2025,83.73000336,84.51699829,82.18000031,82.62999725,82.62999725,1163800
PSN,11/17/2025,82.13999939,82.65000153,81.40000153,81.52999878,81.52999878,945100
PSN,11/18/2025,81.43000031,82.82800293,80.54499817,82.62000275,82.62000275,592000
PSN,11/19/2025,82.20999908,84.68499756,82.20999908,83.29000092,83.29000092,793100
PSN,11/20/2025,84.76000214,85.87000275,81.62999725,82,82,1050600
PSN,11/21/2025,81.79000092,82.73999786,80.51999664,81.68000031,81.68000031,886200
PSN,11/24/2025,81.58999634,83.19000244,80.44499969,83.05999756,83.05999756,712600
PSN,11/25/2025,84.16000366,84.85500336,83.08999634,84.20999908,84.20999908,1208900
PSN,11/26/2025,84.08999634,85,83.81500244,84.12999725,84.12999725,697400
PSN,11/28/2025,83.27999878,85,83.27999878,84.68000031,84.68000031,536300
PSN,12/1/2025,84.12000275,84.98999786,82.61000061,82.69000244,82.69000244,798100
PSN,12/2/2025,82.83000183,84.18000031,82.27999878,82.87999725,82.87999725,822700
PSN,12/3/2025,83.75,83.75,81.55000305,82.90000153,82.90000153,791600
PSN,12/4/2025,84.20999908,86.69999695,83.04499817,84.45999908,84.45999908,1002800
PSN,12/5/2025,67,68.98999786,62.33000183,66.65000153,66.65000153,11658900
PSN,12/8/2025,67,67.11499786,61.84999847,63.16999817,63.16999817,5674200
PSN,12/9/2025,62.86999893,65.36000061,62.68500137,65.16000366,65.16000366,3302600
PSN,12/10/2025,65.66000366,67.36000061,65.08000183,67.01999664,67.01999664,2622300
PSN,12/11/2025,66.81999969,67,64.65000153,65.88999939,65.88999939,1701500
PSN,12/12/2025,66.20999908,66.20999908,63.15999985,63.33000183,63.33000183,2149100
PSN,12/15/2025,63.61999893,63.66999817,60.91999817,61.61000061,61.61000061,2873800
PSN,12/16/2025,61.54000092,62.04000092,60.59999847,61.68999863,61.68999863,1815800
PSN,12/17/2025,61.15999985,62.20999908,60.11000061,60.20000076,60.20000076,1665200
PSN,12/18/2025,60.79999924,61.25,60,60.54999924,60.54999924,1399600
PSN,12/19/2025,61.45000076,62.41999817,60.70500183,61.38000107,61.38000107,2192800
PSN,12/22/2025,62.02999878,62.43999863,61.36000061,62.16999817,62.16999817,1004700
PSN,12/23/2025,63.5,64.79000092,62.47000122,62.74000168,62.74000168,1733700
PSN,12/24/2025,62.59999847,63.13999939,62.22000122,62.84000015,62.84000015,464600
PSN,12/26/2025,62.90000153,63.02000046,62.41999817,62.56000137,62.56000137,527900
PSN,12/29/2025,62.45000076,62.75999832,62.02000046,62.70999908,62.70999908,753600
PSN,12/30/2025,62.79999924,63.24000168,62.06000137,62.25,62.25,656600
PSN,12/31/2025,62.09000015,62.88499832,61.77000046,61.79999924,61.79999924,584000
PSN,1/2/2026,61.79999924,62.86000061,61.55500031,62.20999908,62.20999908,633800
PSN,1/5/2026,63.40999985,66.98999786,62.81000137,66.52999878,66.52999878,2336000
PSN,1/6/2026,66.27999878,67.11000061,65.05999756,65.88999939,65.88999939,1924200
PSN,1/7/2026,65.95999908,66.26000214,65.01000214,65.75,65.75,1097900
PSN,1/8/2026,66.33999634,68.83999634,66.26999664,68.16999817,68.16999817,2186200
PSN,1/9/2026,68.54000092,70.02999878,68.14900208,69.93000031,69.93000031,1104600
PSN,1/12/2026,70.01999664,70.98000336,68.84999847,69.12999725,69.12999725,1001400
PSN,1/13/2026,69.66000366,69.98500061,69,69.18000031,69.18000031,1175700
PSN,1/14/2026,69.69000244,70.83999634,68.91000366,70.37000275,70.37000275,984800
PSN,1/15/2026,70.23000336,72.375,70.02300262,72.22000122,72.22000122,733800
PSN,1/16/2026,71.62000275,72.80899811,71.07900238,72.47000122,72.47000122,678500
PSN,1/20/2026,71.84999847,72.69999695,70.73999786,71.23999786,71.23999786,1495400
PSN,1/21/2026,71.70999908,73.62000275,71.23999786,72.69999695,72.69999695,821200
PSN,1/22/2026,72.98999786,73.83000183,71.44999695,72.36000061,72.36000061,725100
PSN,1/23/2026,73.83000183,74.62999725,72,72.73000336,72.73000336,570200
PSN,1/26/2026,73.26000214,73.26000214,69.18499756,70.51999664,70.51999664,1391800
PSN,1/27/2026,70.44999695,71.51000214,70.01000214,71.41000366,71.41000366,992200
PSN,1/28/2026,71.12000275,72,70.78500366,71.70999908,71.70999908,1003000
PSN,1/29/2026,71.86000061,72.73000336,69.99500275,70.90000153,70.90000153,1078900
PSN,1/30/2026,70.41999817,71.75,69.23999786,70.05999756,70.05999756,824800
PSN,2/2/2026,69.48999786,69.98000336,67.98000336,68.33999634,68.33999634,1045600
PSN,2/3/2026,69.05999756,69.47499847,67.19999695,68.33999634,68.33999634,1053400
PSN,2/4/2026,68.34999847,68.91000366,67.55999756,68.51000214,68.51000214,674100
PSN,2/5/2026,68.93000031,69.56999969,67.11000061,67.51999664,67.51999664,776800
PSN,2/6/2026,68.15000153,69.98999786,67.76999664,69.44000244,69.44000244,818500
PSN,2/9/2026,69.56999969,70.26999664,69.21499634,69.48000336,69.48000336,654600
PSN,2/10/2026,69.87000275,70.60500336,69.18000031,70.20999908,70.20999908,1318500
PSN,2/11/2026,60.77500153,65,59.13000107,60.25,60.25,4725500
PSN,2/12/2026,60.27000046,63.10499954,59.88000107,62.66999817,62.66999817,2638200
PSN,2/13/2026,63.38000107,64.72000122,62.48500061,63.38000107,63.38000107,1493800
PSN,2/17/2026,64.01999664,64.05999756,61.33000183,61.40999985,61.40999985,1265400
PSN,2/18/2026,61.95999908,64.23500061,61.65999985,63.72000122,63.72000122,1441500
PSN,2/19/2026,63.45000076,66.02999878,63.45000076,65.93000031,65.93000031,1395900
PSN,2/20/2026,65.80000305,67,65.16500092,65.52999878,65.52999878,1147700
PSN,2/23/2026,64.79000092,65.38999939,63.90000153,64.29000092,64.29000092,1081300
PSN,2/24/2026,64.48000336,65.41000366,64.35500336,64.69000244,64.69000244,1293000
PSN,2/25/2026,65.38999939,65.64900208,63.81000137,65.18000031,65.18000031,1834300
PSN,2/26/2026,65.54000092,66.51000214,64.56999969,66.30999756,66.30999756,1101200
PSN,2/27/2026,65.68000031,66.25,64.76499939,66,66,1042200
PSN,3/2/2026,66.22000122,67.92500305,65.51999664,67.86000061,67.86000061,1193000
PSN,3/3/2026,66.70999908,67.42500305,65.51000214,66.66000366,66.66000366,861100
PSN,3/4/2026,66.62000275,66.94000244,65.34999847,66.02999878,66.02999878,545000
PSN,3/5/2026,65.58999634,66.44999695,64.58999634,65.44999695,65.44999695,896300
PSN,3/6/2026,64.66999817,65.61000061,63.97000122,65.19000244,65.19000244,382700
PSN,3/9/2026,64.86000061,65.11000061,61.79999924,62.54999924,62.54999924,1884300
PSN,3/10/2026,63.20999908,63.22000122,59.24000168,59.33000183,59.33000183,1627200
PSN,3/11/2026,59.15000153,59.81000137,58.40000153,58.72000122,58.72000122,1858600
PSN,3/12/2026,58.86999893,60.5,56.79000092,56.81000137,56.81000137,1333300
PSN,3/13/2026,56.97999954,57.40499878,54.63999939,54.95000076,54.95000076,1463000
PSN,3/16/2026,54.93500137,55.5,52.36999893,52.59999847,52.59999847,1569200
PSN,3/17/2026,53,54.29999924,52.95000076,54.18000031,54.18000031,1562800
PSN,3/18/2026,53.36999893,53.77500153,51.06999969,51.11000061,51.11000061,1461600
PSN,3/19/2026,50.5,51.24000168,49.70999908,50.15999985,50.15999985,1890200
PSN,3/20/2026,49.97000122,50.89500046,49.38000107,50.04000092,50.04000092,2144000
PSN,3/23/2026,50.52000046,53.29499817,50.5,51.43000031,51.43000031,2020500
PSN,3/24/2026,50.22999954,51.26499939,49.88999939,50.43000031,50.43000031,1927700
PSN,3/25/2026,50.84000015,54.08000183,50.15999985,53.84000015,53.84000015,1421900
PSN,3/26/2026,53.54999924,54.54700089,52.64500046,53.61999893,53.61999893,1132400
PSN,3/27/2026,53,53.72000122,52.38999939,52.50999832,52.50999832,992900
PSN,3/30/2026,53,53.29000092,51.91999817,52.20999908,52.20999908,1013700
PSN,3/31/2026,52.70000076,54.48899841,52.06499863,54.16999817,54.16999817,1590800
PSN,4/1/2026,54.63000107,56.02999878,54.15000153,55.09000015,55.09000015,1070700
PSN,4/2/2026,54.38999939,57.38000107,54.38999939,56.31999969,56.31999969,1019000
PSN,4/6/2026,56.31000137,56.90499878,55.97999954,56.38000107,56.38000107,981200
PSN,4/7/2026,56.02999878,56.47000122,55.47000122,56.25,56.25,723600
PSN,4/8/2026,58.06000137,59,57.75999832,58,58,917400
PSN,4/9/2026,57.65000153,57.65000153,56.22999954,57.13000107,57.13000107,891300
PSN,4/10/2026,56.56000137,57.63000107,55.70000076,56.00999832,56.00999832,920200
PSN,4/13/2026,54.79999924,57.11000061,54.59999847,56.13000107,56.13000107,909500
PSN,4/14/2026,56.36999893,57.41999817,55.91999817,56,56,645600
PSN,4/15/2026,55.91999817,57.09000015,55.81999969,56.56999969,56.56999969,827300
PSN,4/16/2026,56.88000107,57.58000183,55.56999969,56.02000046,56.02000046,933600
PSN,4/17/2026,56.29999924,57.34999847,54.90000153,55.75,55.75,1419400
PSN,4/20/2026,55.84999847,56.24000168,54.49000168,54.91999817,54.91999817,1069700
PSN,4/21/2026,55.00999832,55.79000092,54.08000183,54.36999893,54.36999893,867000
PSN,4/22/2026,54.95999908,55.11000061,53.13999939,53.66999817,53.66999817,1006000
PSN,4/23/2026,53.54999924,54.20999908,50.9109993,51.83000183,51.83000183,1494000
PSN,4/24/2026,51.70999908,53.50999832,51.40000153,53.45000076,53.45000076,1250100
PSN,4/27/2026,53.43999863,54.33000183,51.45000076,51.5,51.5,1182600
PSN,4/28/2026,51.68999863,52.31000137,50.65000153,51.84000015,51.84000015,2142100
PSN,4/29/2026,52.79999924,54.43000031,49.40000153,50.29999924,50.29999924,2618900
PSN,4/30/2026,50.45999908,50.99000168,49.84000015,50.40999985,50.40999985,2004400
PSN,5/1/2026,51.16999817,51.52999878,49.70999908,50.86999893,50.86999893,1676100
PSN,5/4/2026,50.77000046,52.25,49.81000137,50.02000046,50.02000046,1295700
PSN,5/5/2026,50.54999924,50.81999969,49.27700043,49.79999924,49.79999924,992100
PSN,5/6/2026,50.29999924,51.86000061,49.52999878,51.68000031,51.68000031,1380700
PSN,5/7/2026,52,52.59500122,51.02999878,51.22000122,51.22000122,1532800
PSN,5/8/2026,51.25,51.75999832,48.79999924,49.18000031,49.18000031,1134300
PSN,5/11/2026,49.13999939,49.77999878,48.22999954,48.74000168,48.74000168,1117300
PSN,5/12/2026,50.20000076,52.95000076,50.06000137,52.70000076,52.70000076,1536900
PSN,5/13/2026,52.75999832,52.75999832,48.75999832,50.34000015,50.34000015,1439300
PSN,5/14/2026,51.09999847,51.47000122,50.43999863,51.15000153,51.15000153,1321800
PSN,5/15/2026,51.54000092,51.54000092,50,50.38000107,50.38000107,987600
PSN,5/18/2026,50,51.56999969,49.36000061,51.47999954,51.47999954,1714100
PSN,5/19/2026,51.59999847,52.42499924,50.70500183,50.95000076,50.95000076,1309200
PSN,5/20/2026,50.24000168,51.95500183,49.64500046,51.65000153,51.65000153,742800
PSN,5/21/2026,50.81999969,52.06000137,49.90000153,51.81000137,51.81000137,556200
PSN,5/22/2026,52.22999954,53.81999969,51.59999847,53.70999908,53.70999908,966300
PSN,5/26/2026,53.02999878,56.86999893,52.68799973,56.34000015,56.34000015,1560800
PSN,5/27/2026,56.18000031,57.40999985,55.50999832,56.84000015,56.84000015,1549500
PSN,5/28/2026,56.52000046,60.71500015,56.18999863,58.83000183,58.83000183,2205000
PSN,5/29/2026,58.52000046,59.72999954,57.56900024,59.09999847,59.09999847,2093700
PSN,6/1/2026,59.16999817,61.90000153,59.16999817,60.65999985,60.65999985,1731100
PSN,6/2/2026,59.72999954,60.9620018,59.02999878,60.84000015,60.84000015,1355700
PSN,6/3/2026,60,60.29999924,58.82899857,59.95000076,59.95000076,1113800
PSN,6/4/2026,60.99000168,62.10499954,60.33000183,60.63999939,60.63999939,1263900
PSN,6/5/2026,61.06000137,61.91999817,58.49000168,58.72000122,58.72000122,783900
PSN,6/8/2026,58.5,59.77999878,57.83000183,57.83000183,57.83000183,674300
PSN,6/9/2026,58.34999847,59.04000092,56.68399811,58.50999832,58.50999832,803500
PSN,6/10/2026,58.00999832,58.66999817,56.41999817,56.47000122,56.47000122,804900
PSN,6/11/2026,56.18999863,58.02000046,55.77999878,57.27999878,57.27999878,781000
PSN,6/12/2026,57.31999969,58.33000183,56.27999878,56.70000076,56.70000076,807400
PSN,6/15/2026,57.27999878,58,55.42499924,55.49000168,55.49000168,816300
PSN,6/16/2026,55.59000015,56.59000015,54.86999893,55.65999985,55.65999985,640100
PSN,6/17/2026,55.29000092,57.43999863,54.72299957,54.81999969,54.81999969,790800
PSN,6/18/2026,54.45999908,54.99000168,51.72000122,52.20999908,52.20999908,1612900
PSN,6/22/2026,51.45000076,52.22999954,48.13000107,48.65000153,48.65000153,1665000
PSN,6/23/2026,49.36999893,50.25999832,48.99000168,49.24000168,49.24000168,1269700
PSN,6/24/2026,49.04999924,49.91999817,48.20000076,48.84000015,48.84000015,1164300
PSN,6/25/2026,49.33000183,49.40000153,46.88000107,47.04999924,47.04999924,1553800
PSN,6/26/2026,46.91999817,51,46.91999817,50.93999863,50.93999863,2730000
PSN,6/29/2026,50.24000168,51.97000122,50.18999863,51.31999969,51.31999969,1081100
PSN,6/30/2026,51.06999969,52.61999893,50.75,52.38999939,52.38999939,899300
PSN,7/1/2026,53.22999954,54.38999939,52.95999908,53.15999985,53.15999985,985600
PSN,7/2/2026,54.29999924,56.31999969,53.95500183,56.29000092,56.29000092,1150600
PSN,7/6/2026,55.75,57.75,55.28300095,57.45000076,57.45000076,1307300
PSN,7/7/2026,58.09000015,58.75899887,56.45999908,56.47999954,56.47999954,976400
PSN,7/8/2026,55.83000183,56.91999817,55.70000076,56.63000107,56.63000107,1064000
PSN,7/9/2026,55.29000092,56.13999939,54.81999969,55.88000107,55.88000107,711600
PSN,7/10/2026,56.40999985,56.84999847,54.63999939,55.61999893,55.61999893,1025100
PSN,7/13/2026,55.06000137,56.93500137,54.47999954,54.86000061,54.86000061,681200
PSN,7/14/2026,54.38999939,54.91999817,53.81000137,54.02999878,54.02999878,772600
PSN,7/15/2026,54.47999954,57.18500137,54.47999954,56.61999893,56.61999893,941700
PSN,7/16/2026,55.97999954,58,55.49300003,57.88000107,57.88000107,654700
PSN,7/17/2026,57.63000107,58.34500122,55.50999832,56.04999924,56.04999924,1250900
PSN,7/20/2026,55.95000076,56.69499969,55.00999832,55.47999954,55.47999954,645200
PSN,7/21/2026,54.63999939,55.90999985,54.59999847,55.18000031,55.18000031,535800
PSN,7/22/2026,55.81999969,57.86000061,55.45999908,57.58000183,57.58000183,778700
PSN,7/23/2026,57.45000076,60.06000137,57.45000076,58.45999908,58.45999908,1419500
PSN,7/24/2026,59.11999893,61.59000015,58.63000107,58.72999954,58.72999954,1104000
PSN,7/27/2026,59.99000168,60.24000168,58.79999924,59.47000122,59.47000122,835600
PSN,7/28/2026,60.25999832,62.29899979,60,62.02999878,62.02999878,1245600
PSN,7/29/2026,46.99000168,47.99000168,36.25999832,40.31999969,40.31999969,12088500
PSN,7/30/2026,40.68000031,43.45999908,40.25999832,43.16999817,43.16999817,4519900
PSN,7/31/2026,42.83000183,45.47000122,42.34600067,44.20999908,44.20999908,2775700
PSN,8/3/2026,45,47.90800095,45,47.61000061,47.61000061,2445200
PSN,8/4/2026,48,49,47.42499924,48.59000015,48.59000015,2039400
PSN,8/5/2026,49.11999893,49.11999893,46.33000183,47.77999878,47.77999878,2000000
PSN,8/6/2026,47.79000092,49.31999969,47.27000046,47.90999985,47.90999985,1721900
PSN,8/7/2026,48.59999847,48.79000092,46.79999924,47.54999924,47.54999924,1101700
PSN,8/10/2026,47.25999832,47.36999893,45.91999817,46.13000107,46.13000107,1211900
PSN,8/11/2026,47.43999863,48.49000168,47.04999924,48.25,48.25,1114200
PSN,8/12/2026,47.45000076,48.31000137,46.93000031,48.27999878,48.27999878,961300
PSN,8/13/2026,48.27999878,48.95000076,46.58499908,47.59000015,47.59000015,1036300
PSN,8/14/2026,47.83000183,48.06999969,46.88000107,47.90000153,47.90000153,660300
PSN,8/17/2026,47.45000076,47.84400177,45.64500046,45.75999832,45.75999832,1105500
PSN,8/18/2026,45.93999863,46.70000076,45.70999908,46.45000076,46.45000076,752400
PSN,8/19/2026,46.93000031,47.61999893,46.54000092,47.11999893,47.11999893,941800
PSN,8/20/2026,46.72000122,47.17499924,45.18500137,46.06000137,46.06000137,891400
PSN,8/21/2026,48.04999924,49.11000061,47.375,49.04999924,49.04999924,1393700
PSN,8/24/2026,49.11999893,49.89400101,48.24000168,48.81000137,48.81000137,1252000
PSN,8/25/2026,48.79999924,48.93500137,47.77000046,48.04000092,48.04000092,601600
PSN,8/26/2026,48.40000153,49.54999924,48.40000153,48.63999939,48.63999939,833200
PSN,8/27/2026,48.75999832,49.81000137,48.59000015,49.27999878,49.27999878,553800
PSN,8/28/2026,49.5,49.75,48.31999969,49,49,965000
PSN,8/31/2026,48.45000076,49.16500092,48.11000061,48.63999939,48.63999939,1244100
PSN,9/1/2026,48.20000076,48.75,46.09000015,46.36999893,46.36999893,1201500
PSN,9/2/2026,46.00999832,46.47499847,45.32500076,45.36999893,45.36999893,1326600
PSN,9/3/2026,46.15999985,46.98500061,45.15000153,46.34999847,46.34999847,1257000
PSN,9/4/2026,46,47.72999954,45.61000061,47.58000183,47.58000183,1290200
PSN,9/8/2026,47.29999924,48.38000107,47.00999832,47.59000015,47.59000015,1233000
PSN,9/9/2026,47.41999817,47.58000183,46.02000046,46.29000092,46.29000092,861100
PSN,9/10/2026,45.90000153,46.56999969,45.52999878,45.88000107,45.88000107,1584300
PSN,9/11/2026,45.99000168,46.47999954,44.81000137,45.75,45.75,1471000
PSN,9/14/2026,46.43999863,47.54999924,46.38999939,46.93999863,46.93999863,1018000
PSN,9/15/2026,46.36000061,47.09999847,45.74499893,46.65000153,46.65000153,766900
PSN,9/16/2026,46.47999954,47.08499908,45.90000153,46.49000168,46.49000168,1006800
PSN,9/17/2026,47.24000168,47.40000153,46.08000183,46.16999817,46.16999817,785700
PSN,9/18/2026,46.22999954,46.72999954,44.79999924,44.81999969,44.81999969,3078000
PSN,9/21/2026,45.00999832,45.54000092,44.50999832,45.33000183,45.33000183,853700
PSN,9/22/2026,46,46,43.77000046,44.09000015,44.09000015,987500
PSN,9/23/2026,43.84999847,44.72000122,43.70600128,43.81999969,43.81999969,890800
PSN,9/24/2026,44.40000153,44.40000153,42.36999893,42.43999863,42.43999863,783400
PSN,9/25/2026,42.34000015,43.47999954,42.04999924,43.06999969,43.06999969,1068500
PSN,9/28/2026,42.5,42.63999939,41.02000046,41.59999847,41.59999847,1247500
PSN,9/29/2026,41.38000107,42.18000031,41.08000183,41.54999924,41.54999924,983800
PSN,9/30/2026,41.68999863,41.93799973,40.76499939,40.97000122,40.97000122,1398500
PSN,10/1/2026,41.5,42.06999969,40.46500015,41.00999832,41.00999832,1299800
PSN,10/2/2026,41.13999939,41.65999985,40.06999969,40.79000092,40.79000092,2157800
ACN,1/3/2022,414.6600037,415.5299988,405.0400085,407.2099915,375.9645691,2129900
ACN,1/4/2022,408.8099976,411.3699951,403.2000122,404.2999878,373.2779236,2516300
ACN,1/5/2022,403.9299927,403.9700012,397.1000061,397.1799927,366.7041931,2471400
ACN,1/6/2022,384.6900024,392.2000122,375.7600098,378,348.9959106,4386600
ACN,1/7/2022,379.0899963,379.9899902,370.1400146,370.75,342.3022156,3469000
ACN,1/10/2022,363.4200134,373.3699951,360.2200012,373,344.3796082,2952400
ACN,1/11/2022,369.5100098,375.7799988,363.8599854,375.1099854,346.3276672,2407000
ACN,1/12/2022,377.8500061,383.4400024,376.6199951,377.1900024,349.1509094,3143400
ACN,1/13/2022,378.2200012,379.2799988,360.7600098,361.3699951,334.506958,2944100
ACN,1/14/2022,357.0400085,359.3800049,349.7200012,353.3599854,327.0923767,3949800
ACN,1/18/2022,348.6099854,351.019989,344.9700012,348.2799988,322.3899536,3425600
ACN,1/19/2022,351,356.0700073,343.5,343.7399902,318.1874695,3374700
ACN,1/20/2022,345.4500122,355.9400024,342.0400085,342.6900024,317.2155151,2817300
ACN,1/21/2022,341.3900146,344.0799866,335.25,335.6300049,310.6803589,2830700
ACN,1/24/2022,328.2999878,339.5799866,319.1000061,339,313.7998047,4544500
ACN,1/25/2022,331.9100037,339.6900024,327.2099915,334.9500122,310.0509338,3625400
ACN,1/26/2022,341.4200134,343.9599915,328.0499878,329.8900146,305.3670654,4422200
ACN,1/27/2022,337.5299988,341.730011,331.0100098,333.3599854,308.5791626,2778000
ACN,1/28/2022,333.8999939,343.0599976,327.1700134,342.8500061,317.3636475,2457400
ACN,1/31/2022,345,353.7000122,343.5400085,353.5799866,327.29599,3159300
ACN,2/1/2022,354.2200012,356.7000122,348.8800049,353.4200134,327.1479492,2087200
ACN,2/2/2022,354.3999939,360.1000061,353.5100098,359.4700012,332.7481689,2603200
ACN,2/3/2022,345.2799988,351.9299927,343.980011,345.5499878,319.862915,2706300
ACN,2/4/2022,344.8900146,350.5400085,340.8500061,347.5,321.6679688,2142800
ACN,2/7/2022,346.1799927,348.269989,343.0100098,343.9599915,318.3910828,1265100
ACN,2/8/2022,339.980011,345.9299927,339.8599854,345.0700073,319.4186401,2197700
ACN,2/9/2022,351.6300049,356.5299988,351.519989,355.5299988,329.1011047,2430500
ACN,2/10/2022,346.0899963,351.5799866,339.9899902,342.3900146,316.9378357,2457700
ACN,2/11/2022,343.9400024,344.980011,327.2900085,329.1799927,304.7098389,3091600
ACN,2/14/2022,323.0799866,327.8699951,321.4599915,326.1300049,301.8865967,2689900
ACN,2/15/2022,332.7200012,333.3299866,327.3500061,329.4100037,304.9227905,2395600
ACN,2/16/2022,325.8699951,335.4400024,325.1099854,333.7200012,308.9123535,2867500
ACN,2/17/2022,332.9200134,332.9200134,322.25,322.9100037,298.9059143,2148000
ACN,2/18/2022,322.4100037,326.4899902,320.1000061,321.1799927,297.3045044,2421800
ACN,2/22/2022,320.0100098,327.980011,317.7900085,321.1099854,297.2397156,2794300
ACN,2/23/2022,322.769989,324.8200073,312.5899963,313.1600037,289.8806763,2192200
ACN,2/24/2022,302.3500061,316.5799866,300.7099915,316.1700134,292.6670532,3785900
ACN,2/25/2022,317.3299866,323.1700134,316.3900146,322.5100098,298.5356445,2552600
ACN,2/28/2022,318.6900024,319.4500122,311.9100037,316.019989,292.5280151,3419300
ACN,3/1/2022,317,317.3800049,309.7600098,311.3500061,288.2052307,2525400
ACN,3/2/2022,315.4200134,320.2600098,312.5499878,318.3299866,294.6663513,2220800
ACN,3/3/2022,322.8399963,323.6900024,315.6000061,318.9500122,295.2403564,2120900
ACN,3/4/2022,314.5499878,316.3200073,310,314.1600037,290.806427,1917300
ACN,3/7/2022,313.1799927,314,304.6000061,305.019989,282.3457642,2908100
ACN,3/8/2022,303.7099915,309.0100098,297.3599854,301.6199951,279.1985474,2902600
ACN,3/9/2022,311.0299988,312.6900024,307.75,309.4200134,286.4187622,2825900
ACN,3/10/2022,305,310.1600037,304.019989,309.519989,286.511261,2049000
ACN,3/11/2022,314.4100037,318.7200012,311.2099915,311.5799866,288.4181519,3811900
ACN,3/14/2022,309.0700073,313.1499939,303.8999939,307.6799927,284.8081055,3156600
ACN,3/15/2022,311.2999878,316.9200134,310.25,316.230011,292.7225647,2695200
ACN,3/16/2022,320.6700134,325.4599915,315.5400085,324.9100037,300.7573242,3473100
ACN,3/17/2022,338.8999939,344.4599915,318.3299866,319.5,295.7494507,4661600
ACN,3/18/2022,321.8699951,324.480011,316.5100098,323.9500122,299.8685913,7566200
ACN,3/21/2022,323.3699951,326.3500061,320.9200134,324.5,300.3776855,2290500
ACN,3/22/2022,324,328.75,323.2600098,327.4700012,303.1269226,2022800
ACN,3/23/2022,325,327.1799927,320.2900085,320.5,296.6750793,1837500
ACN,3/24/2022,320.3599854,325.4200134,320,325.2900085,301.1090088,1430400
ACN,3/25/2022,327.5799866,329.5100098,324.2600098,327.7099915,303.3491211,1814000
ACN,3/28/2022,326.5799866,330.8900146,325.3299866,330.7399902,306.1537781,1984400
ACN,3/29/2022,339,341.0599976,337,340.6900024,315.3642273,2223000
ACN,3/30/2022,336.5700073,340.7099915,336.480011,338.4599915,313.2999268,1721600
ACN,3/31/2022,337.5,343.75,337.230011,337.230011,312.161377,2752600
ACN,4/1/2022,338.5899963,341.2999878,336.3500061,340.6400146,315.3179932,2090300
ACN,4/4/2022,341.9899902,344.7600098,340.0499878,344.4700012,318.8632813,2317500
ACN,4/5/2022,341.5,345.2999878,341.5,342.8200073,317.335907,3058100
ACN,4/6/2022,338.2900085,341.9299927,334.5400085,340.2600098,314.966217,2299000
ACN,4/7/2022,338.9899902,344.8099976,337.8099976,341.769989,316.3640137,2313100
ACN,4/8/2022,342.4299927,344.2999878,338.269989,338.9200134,313.7257385,2170000
ACN,4/11/2022,336.1000061,337.4200134,324.8599854,327.269989,302.941864,2445400
ACN,4/12/2022,329.730011,333.9500122,326.25,326.730011,302.4419861,1835000
ACN,4/13/2022,324.3399963,327.3500061,323.2399902,325.5899963,302.2840881,2081400
ACN,4/14/2022,326.8800049,328.2799988,319.2900085,319.4700012,296.6022034,2964800
ACN,4/18/2022,318.519989,321,310.8299866,313.6000061,291.1523743,2479300
ACN,4/19/2022,312.7099915,320.7999878,312.1499939,320.5700073,297.6234436,1758200
ACN,4/20/2022,324.0299988,328.3800049,322.6199951,323.6700134,300.5015869,2273600
ACN,4/21/2022,326.1900024,330.3200073,321.3399963,322.3099976,299.2388916,1910200
ACN,4/22/2022,321.019989,323.8399963,310.3099976,310.7999878,288.5527954,1906800
ACN,4/25/2022,309.3900146,317.1300049,306.2399902,316.8200073,294.1418457,2049600
ACN,4/26/2022,311.6199951,315.1099854,302.1000061,303.1000061,281.4039307,2101400
ACN,4/27/2022,302.980011,309.3099976,302.3800049,303.1000061,281.4039307,1821200
ACN,4/28/2022,308.1600037,316.1400146,305.6199951,313.8399963,291.3751831,2215200
ACN,4/29/2022,310,311.980011,299.7999878,300.3599854,278.8601074,2972100
ACN,5/2/2022,300.4599915,306.0499878,297.25,304.6000061,282.7966003,2528900
ACN,5/3/2022,306.6799927,307.6300049,302.7099915,304.8200073,283.000885,2121700
ACN,5/4/2022,303.1499939,315.8800049,300.8099976,314.8599854,292.3222046,1900200
ACN,5/5/2022,310.7099915,312.2000122,294.6099854,298.7000122,277.3189087,2231700
ACN,5/6/2022,295.6499939,297.0599976,289.7099915,295.7399902,274.5708008,2477000
ACN,5/9/2022,290.6600037,292.4899902,285.8599854,287.4899902,266.9113464,2584100
ACN,5/10/2022,290,292.3999939,283.75,287.5899963,267.0042725,2634600
ACN,5/11/2022,285.730011,288.4899902,280.4599915,280.9400024,260.8302002,2398600
ACN,5/12/2022,278,281.6600037,274.7900085,281.2099915,261.0809021,2284600
ACN,5/13/2022,283.0400085,288.6700134,280.9899902,286.769989,266.2428589,2373600
ACN,5/16/2022,284.6799927,288.9700012,282.0499878,286.1700134,265.6858521,1598000
ACN,5/17/2022,294.6799927,294.6799927,288.2000122,291.0700073,270.2351074,1598000
ACN,5/18/2022,286.8699951,287.25,272.4200134,274.1600037,254.5355072,2666000
ACN,5/19/2022,270.1499939,278,269.7000122,273.6099854,254.0248413,2679500
ACN,5/20/2022,275.5799866,278.3999939,268.1700134,276.6499939,256.8473206,3007800
ACN,5/23/2022,281.2799988,283.9299927,276.1600037,283.3900146,263.1048584,2128900
ACN,5/24/2022,279.8200073,281.0299988,273.0499878,279.3099976,259.3168335,2088700
ACN,5/25/2022,278.3299866,281.3399963,275.2399902,279.6400146,259.6231995,1812600
ACN,5/26/2022,282.4400024,292.8800049,281.1099854,291.5499878,270.6806946,2742800
ACN,5/27/2022,293.4400024,304.1700134,293.4400024,304.1499939,282.3787537,2759000
ACN,5/31/2022,302.3999939,303.3200073,296.7000122,298.4599915,277.0961304,4143700
ACN,6/1/2022,304.1300049,306.7099915,297.3800049,298.6499939,277.2724609,1784600
ACN,6/2/2022,299.9599915,306.7600098,297.8800049,306.6199951,284.6719971,1318500
ACN,6/3/2022,302.2999878,306.8200073,301.9200134,304.9500122,283.1214905,1714500
ACN,6/6/2022,310,312.3200073,303.769989,304.730011,282.9173279,1401000
ACN,6/7/2022,300.4299927,306.8900146,300.4100037,306.5299988,284.5884094,2311100
ACN,6/8/2022,305,307.4100037,301.730011,302.6400146,280.9768982,1428600
ACN,6/9/2022,300.6499939,302.6199951,294.75,295.4299927,274.2828979,2497900
ACN,6/10/2022,290.8900146,291.2200012,285.980011,286.0100098,265.537262,2169900
ACN,6/13/2022,276.6600037,281.3099976,274.8599854,276.5,256.7079773,2414200
ACN,6/14/2022,274.6499939,277.25,272.6099854,275.1199951,255.4268341,2052600
ACN,6/15/2022,276.980011,285.8500061,276.1000061,281.1900024,261.0622864,2536000
ACN,6/16/2022,275.3500061,275.3999939,269.0899963,270.8999939,251.5088348,2741800
ACN,6/17/2022,272.6099854,278.5899963,270.9299927,275.3800049,255.6681976,4446100
ACN,6/21/2022,278.1499939,284.3099976,277.6700134,282.730011,262.4920654,2550200
ACN,6/22/2022,279.0899963,290.3599854,279.0899963,286.3999939,265.899353,2939000
ACN,6/23/2022,276,286.2799988,275,285.8299866,265.3701782,3482100
ACN,6/24/2022,285.4100037,299.6099854,284.9700012,299.3699951,277.940918,4647900
ACN,6/27/2022,298.9400024,301,291.6400146,292.6199951,271.6741028,2107500
ACN,6/28/2022,293.0899963,296.5299988,283.4899902,283.7999878,263.4854431,2167500
ACN,6/29/2022,278.4200134,281.1499939,275.25,279.8099976,259.7810364,2405800
ACN,6/30/2022,277.3299866,280.6600037,275.3200073,277.6499939,257.7756653,2562200
ACN,7/1/2022,277.5799866,282.3699951,276.2799988,280.6499939,260.5609436,2400200
ACN,7/5/2022,276.2799988,276.4100037,269.6799927,275.1700134,255.4732361,3181300
ACN,7/6/2022,277.9599915,279.2099915,274.9599915,275.9400024,256.1881409,2260300
ACN,7/7/2022,277.2600098,279.7600098,274.4100037,279.3999939,259.4004211,2169100
ACN,7/8/2022,277.6499939,279.8099976,275.1799927,279.0700073,259.0940247,1987600
ACN,7/11/2022,276.769989,278.0400085,273.3200073,274.8699951,255.1947327,1850000
ACN,7/12/2022,274.6000061,279.2900085,272.4400024,273.6700134,254.0806274,2280400
ACN,7/13/2022,268.2000122,275.1000061,267.3299866,272.1700134,253.5867157,2185200
ACN,7/14/2022,268.5100098,270,261.769989,268.6700134,250.3257446,1877700
ACN,7/15/2022,272.1000061,272.8500061,266.8599854,271.519989,252.9810791,1741100
ACN,7/18/2022,273,275.2999878,267.9899902,268.6499939,250.3070984,2048900
ACN,7/19/2022,272.3900146,280.5,271.7399902,280.0400085,260.9194336,1942100
ACN,7/20/2022,280,283.6600037,279.4500122,281.6600037,262.4288025,2158500
ACN,7/21/2022,281.1799927,288.230011,280.7600098,288.0100098,268.3452454,1546800
ACN,7/22/2022,287.5,291.0799866,285.7999878,288.0100098,268.3452454,1502400
ACN,7/25/2022,288.2399902,289.5599976,285.4500122,289.2900085,269.5378418,1354700
ACN,7/26/2022,287.9100037,288.7099915,283.6600037,285.1799927,265.7084656,1710700
ACN,7/27/2022,288.8399963,299.5100098,287.9500122,297.5299988,277.215271,1821500
ACN,7/28/2022,296.980011,304.5,294.769989,303.6799927,282.9453735,1845400
ACN,7/29/2022,304.5299988,307.7600098,302.9200134,306.2600098,285.3491821,1868000
ACN,8/1/2022,302.5299988,306.7799988,301.0400085,304.7399902,283.9329529,1425700
ACN,8/2/2022,302.3800049,306.5799866,299.4100037,302.480011,281.8272095,1772100
ACN,8/3/2022,302.0799866,309.4100037,301.6199951,308.1700134,287.1288147,1359800
ACN,8/4/2022,309.1900024,310.8099976,307.3999939,310.6099854,289.4021606,1624600
ACN,8/5/2022,304.8699951,309.5899963,304.3099976,309.3500061,288.2281494,1504500
ACN,8/8/2022,310.5,312.8099976,308.519989,310.3299866,289.1412659,1604700
ACN,8/9/2022,308.1000061,311.0799866,307.8200073,309.7900085,288.6381836,1761100
ACN,8/10/2022,315,317.769989,314.3699951,316.480011,294.8713989,1474800
ACN,8/11/2022,317.75,319.8699951,313.7900085,314.4200134,292.9520264,1570100
ACN,8/12/2022,316.7600098,320.9400024,314.4400024,320.4400024,298.5610046,1774400
ACN,8/15/2022,317.6799927,320.9599915,317.5899963,320.3299866,298.4584961,1125300
ACN,8/16/2022,318.1900024,322.8800049,318.1199951,320.7799988,298.8777771,1596000
ACN,8/17/2022,317.4200134,320.3299866,315.6300049,318.4500122,296.7069702,1505900
ACN,8/18/2022,319,320.8599854,316.4200134,319.4599915,297.6478271,1386200
ACN,8/19/2022,316.8999939,317.75,313.5700073,315.2900085,293.7626038,1672500
ACN,8/22/2022,309.3299866,312.8500061,308.5100098,310,288.8338318,1648100
ACN,8/23/2022,308.0799866,311.269989,306.5,306.7000122,285.7590942,1217900
ACN,8/24/2022,306.6799927,307.980011,303.8599854,306.2600098,285.3491821,1695500
ACN,8/25/2022,307.1199951,310.6900024,305.8800049,309.769989,288.6194458,1722900
ACN,8/26/2022,309.8299866,309.9100037,298,298.1300049,277.774292,1701600
ACN,8/29/2022,295,297.8699951,293.2000122,295.1400146,274.9884338,1662800
ACN,8/30/2022,297.5400085,298,289.6700134,292.5,272.5286255,1661100
ACN,8/31/2022,294.6499939,295.9200134,287.4299927,288.4599915,268.7644958,2455000
ACN,9/1/2022,287.7999878,289.0299988,284.1300049,288.7900085,269.071991,2021400
ACN,9/2/2022,292.5700073,293.1600037,282.8200073,284.0700073,264.6742554,1889400
ACN,9/6/2022,283.9400024,286.2200012,281.3500061,283.4599915,264.105957,2354500
ACN,9/7/2022,282.1600037,288.0400085,279.3900146,286.7600098,267.1806641,1899300
ACN,9/8/2022,284.2000122,288.2999878,282.3599854,287.9599915,268.298645,1790700
ACN,9/9/2022,289.3999939,292.0899963,288.8999939,290.5499878,270.711792,2005100
ACN,9/12/2022,293.8699951,296.8099976,292.6700134,295.2600098,275.1002197,2026400
ACN,9/13/2022,288.1000061,289.9400024,280.3399963,281.519989,262.2983093,1789200
ACN,9/14/2022,280.9400024,282.5799866,276.0299988,278.5299988,259.5125732,2397600
ACN,9/15/2022,277.230011,280.4899902,271.6300049,273.8599854,255.1613159,2198700
ACN,9/16/2022,273.0700073,274.1099854,270.1300049,272.6799927,254.0619202,3838900
ACN,9/19/2022,270.3800049,275.3399963,270.2000122,274.980011,256.204895,2165200
ACN,9/20/2022,271.6099854,271.8999939,267.6300049,270.2399902,251.7885132,2390100
ACN,9/21/2022,270,274.9400024,265.2399902,265.4200134,247.2976227,2746500
ACN,9/22/2022,264.0899963,271.4599915,261.9400024,262.3200073,244.4092865,3462900
ACN,9/23/2022,259.1400146,260.3599854,256.2000122,259.980011,242.2290802,3100000
ACN,9/26/2022,258.0400085,262.3599854,257.0599976,257.5400085,239.9556885,2349800
ACN,9/27/2022,259.4700012,263.2000122,254.2700043,256.3399963,238.8376007,2495800
ACN,9/28/2022,257,263.7099915,256.0299988,261.9299927,244.0459442,2552600
ACN,9/29/2022,258.9200134,261.1099854,255.6900024,258.269989,240.6358185,2559100
ACN,9/30/2022,258.7099915,264.0499878,256.9500122,257.2999878,239.7320557,2924400
ACN,10/3/2022,260.269989,267.1000061,258.6700134,264.8900146,246.8038483,1893900
ACN,10/4/2022,270.3999939,274.9400024,269.9200134,274.3099976,255.5806885,3143700
ACN,10/5/2022,271.3500061,276.9400024,269.5799866,274.3399963,255.6086121,1843000
ACN,10/6/2022,273.5899963,275.7099915,269.2000122,269.4700012,251.0710449,2336800
ACN,10/7/2022,266.480011,266.8599854,258.2900085,259.7099915,241.9775391,1951200
ACN,10/10/2022,261.4899902,261.4899902,255.9299927,257.8500061,240.2445221,1526800
ACN,10/11/2022,256.2000122,257.3099976,251.2700043,252.9799957,235.7070313,2261800
ACN,10/12/2022,252.3800049,253.9299927,249.9299927,250.0700073,234.0318451,1699400
ACN,10/13/2022,243.6699982,259.1700134,242.9499969,257.4599915,240.9478302,3435100
ACN,10/14/2022,261.1300049,261.7900085,252.0599976,252.7200012,236.5118713,1723100
ACN,10/17/2022,257.9100037,262.8699951,257.6199951,262.2200012,245.4025879,2534800
ACN,10/18/2022,269.019989,269.75,261.9599915,264.0499878,247.1152344,2114500
ACN,10/19/2022,262.1799927,264.6799927,259.7799988,264.0599976,247.124588,2412600
ACN,10/20/2022,264.2799988,269.6600037,260.6300049,261.7799988,244.990799,1970100
ACN,10/21/2022,261.5299988,269.8900146,260.6799927,269.5700073,252.2812195,3206600
ACN,10/24/2022,272.769989,276.9400024,270.1199951,275.3099976,257.6530457,2201900
ACN,10/25/2022,275.4899902,281.1499939,275.4899902,280.6099854,262.6131287,1701400
ACN,10/26/2022,278,283.6300049,278,279.8699951,261.9205933,1772500
ACN,10/27/2022,281.1799927,282.7999878,278.4500122,278.8399963,260.956665,1927800
ACN,10/28/2022,279.0599976,288.2200012,279.0599976,287.7799988,269.3233032,2306300
ACN,10/31/2022,283.480011,287.9299927,283.269989,283.8999939,265.6921387,2364500
ACN,11/1/2022,287.0599976,288.1900024,280.5599976,281.4700012,263.4179688,1537200
ACN,11/2/2022,279.769989,283.2099915,272.1000061,272.4500122,254.976532,1727200
ACN,11/3/2022,266.6400146,268.4100037,256.019989,256.8800049,240.4050751,3225500
ACN,11/4/2022,259.9299927,264.1600037,256.1300049,261.1600037,244.410553,2496300
ACN,11/7/2022,262.75,269.1099854,261.3699951,269.0700073,251.8132629,2170000
ACN,11/8/2022,271.0899963,274.8999939,266.1199951,269.0299988,251.7758942,2444000
ACN,11/9/2022,266.3200073,269.1900024,265.3699951,266.4400024,249.3519897,1831600
ACN,11/10/2022,278.1799927,287.3099976,277.3699951,287.019989,268.61203,3121400
ACN,11/11/2022,287.2099915,291.7399902,280.6300049,290.0899963,271.4851379,2620500
ACN,11/14/2022,286.1499939,292.8299866,284.980011,288.9100037,270.3808289,2493000
ACN,11/15/2022,293,296.4500122,290.0299988,292.6499939,273.8809814,1960700
ACN,11/16/2022,292.75,293.0799866,290.1099854,291.5100098,272.8141174,1607900
ACN,11/17/2022,285.8099976,289.6900024,283.3500061,287.1400146,268.7243958,1555400
ACN,11/18/2022,290.6099854,290.8999939,283.0400085,286.5,268.1253967,1322900
ACN,11/21/2022,285.5,288.8299866,285.0899963,287.019989,268.61203,1308100
ACN,11/22/2022,288.8500061,293.75,287.1600037,292.8900146,274.1055603,1417500
ACN,11/23/2022,293.0799866,296.3900146,292.3999939,294.5299988,275.6404114,1229100
ACN,11/25/2022,294.2999878,297.519989,294.2999878,296.3999939,277.3905029,677900
ACN,11/28/2022,293.2600098,294.9700012,289.7799988,290.6000061,271.9624329,1253100
ACN,11/29/2022,289.3099976,290.6199951,286.6199951,287.980011,269.5104675,1055000
ACN,11/30/2022,286.6199951,300.9700012,286.230011,300.9299927,281.6299744,2767100
ACN,12/1/2022,302.4500122,305.1300049,300,302.8299866,283.4081116,1767200
ACN,12/2/2022,299.0499878,302.1499939,296.4599915,300.1300049,280.8811951,1744500
ACN,12/5/2022,295.769989,297.2000122,290.5799866,292.7399902,273.9651489,1800300
ACN,12/6/2022,291.269989,292.480011,282.269989,285.4100037,267.1053162,1920300
ACN,12/7/2022,285.1000061,287.0599976,282.1900024,286.6900024,268.3031921,1861600
ACN,12/8/2022,288,294.0599976,286.8399963,292.1499939,273.4130859,2046000
ACN,12/9/2022,289.3900146,291.769989,287.8800049,288.4100037,269.9129333,1827200
ACN,12/12/2022,286.1400146,292.9500122,284.480011,292.3399963,273.5908508,2429900
ACN,12/13/2022,302.9599915,303.9299927,292.9299927,295.3500061,276.4078064,3516800
ACN,12/14/2022,294.0499878,297.2900085,287.8599854,291.4500122,272.7579651,2552200
ACN,12/15/2022,287.4299927,288.3900146,279.2799988,281.1199951,263.0903931,2870000
ACN,12/16/2022,274.6700134,275,263.25,264.480011,247.5176849,6532500
ACN,12/19/2022,263.1600037,264.2600098,254.1600037,255.3999939,239.0199738,4147500
ACN,12/20/2022,253.7400055,262.4299927,253.5,261.8999939,245.1031189,3102500
ACN,12/21/2022,264.480011,270.7099915,264.4100037,268.9200134,251.6729126,3580100
ACN,12/22/2022,264.4400024,265.9299927,260.6400146,264.7600098,247.7796631,2276200
ACN,12/23/2022,265.7900085,266.7099915,263.3099976,266.0899963,249.0243835,1213300
ACN,12/27/2022,265.9200134,267.2200012,263.7000122,265.3099976,248.2943878,1009600
ACN,12/28/2022,266.1000061,269.1400146,262.6700134,263.1199951,246.2448425,1387000
ACN,12/29/2022,265.5899963,270.8699951,265.5899963,268.3800049,251.1675415,1516800
ACN,12/30/2022,265.5400085,266.8900146,262.6000061,266.8399963,249.7262573,1339500
ACN,1/3/2023,269.2000122,273.4200134,267.0499878,270.2600098,252.927002,2250100
ACN,1/4/2023,273.4299927,274.980011,267.0100098,269.3399963,252.0659332,2052400
ACN,1/5/2023,267.4200134,268.1400146,261.3999939,262.980011,246.1138458,2477100
ACN,1/6/2023,263.980011,270.4899902,261.3699951,269.2099915,251.9442902,1587000
ACN,1/9/2023,271.9200134,278.4899902,271.5100098,273.75,256.1930542,2181500
ACN,1/10/2023,273.3399963,276.2900085,271.269989,274.9299927,257.2974548,1853000
ACN,1/11/2023,274.9299927,281.1900024,274.7099915,281.0799866,264.1289978,2382400
ACN,1/12/2023,282.7399902,287.9700012,282.3699951,283.8399963,266.7225952,2482500
ACN,1/13/2023,280.3200073,282.6600037,278.980011,282.1400146,265.125061,2226800
ACN,1/17/2023,283.0400085,287.75,282.3399963,284.8800049,267.6998596,2863700
ACN,1/18/2023,284.5799866,287.2799988,276.980011,277.8999939,261.1407166,2192700
ACN,1/19/2023,277.2799988,278.9500122,272.5899963,272.8900146,256.4329834,2212500
ACN,1/20/2023,274.5,281.0700073,272.8099976,280.4700012,263.5558167,3306600
ACN,1/23/2023,278.5599976,282.8699951,277.4299927,279.3399963,262.493927,2593300
ACN,1/24/2023,276.7099915,278.1199951,272.980011,274.8699951,258.2935181,2205300
ACN,1/25/2023,270.7399902,273.75,265.6600037,273.1600037,256.6865845,2576300
ACN,1/26/2023,277.1700134,277.3299866,270.8699951,274.2600098,257.7203369,1942600
ACN,1/27/2023,273.2600098,279.4200134,272.9400024,277.269989,260.5486755,2101100
ACN,1/30/2023,273.5700073,277.4500122,273.3099976,274.3200073,257.7767334,1732900
ACN,1/31/2023,274.9400024,279.0499878,273.9100037,279.0499878,262.221405,1841800
ACN,2/1/2023,276.6000061,285.269989,275.7000122,283.6000061,266.4970398,1797000
ACN,2/2/2023,289.4200134,295.7900085,286.8599854,294.1000061,276.3638306,2715900
ACN,2/3/2023,288.2200012,289.6799927,286.7600098,289.2200012,271.7781067,2168000
ACN,2/6/2023,286,287.7999878,283.4400024,284.480011,267.3240051,1262400
ACN,2/7/2023,282.7000122,288.8500061,282.5,287.8200073,270.4625549,1401100
ACN,2/8/2023,285.8800049,289.1799927,283.980011,284.7099915,267.5401001,1381800
ACN,2/9/2023,287.4200134,289.3800049,284.4200134,285.1600037,267.9629517,1752000
ACN,2/10/2023,281.7000122,284.5700073,281.019989,283.9599915,266.8353271,1347600
ACN,2/13/2023,284.3699951,288.4100037,284.3699951,288.3500061,270.9606018,1284500
ACN,2/14/2023,285.4700012,288.1400146,283.3500061,284.769989,267.5963745,1821100
ACN,2/15/2023,282,287.8299866,281.9700012,287.6499939,270.3027649,1890200
ACN,2/16/2023,283.0299988,285.4599915,278.6400146,281.2200012,264.2605591,1899200
ACN,2/17/2023,278.7799988,279.3999939,274.9100037,277.0499878,260.3420105,2722400
ACN,2/21/2023,272,273.1499939,268.7799988,269.1499939,252.9184418,2446200
ACN,2/22/2023,270.6300049,272.4899902,268.1600037,269.6300049,253.3694763,1823800
ACN,2/23/2023,270.769989,272.2999878,267.8099976,271.230011,254.8730316,1885500
ACN,2/24/2023,267.3999939,267.3999939,264.2399902,266.5299988,250.4564362,1735000
ACN,2/27/2023,268.9100037,269.9899902,265.4700012,266.25,250.1932983,1512900
ACN,2/28/2023,264.6900024,268.4899902,262.75,265.5499878,249.535553,2160400
ACN,3/1/2023,265.0100098,265.9700012,261.75,263.5899963,247.6937408,1700500
ACN,3/2/2023,263.8800049,266.1900024,261.6199951,265.2600098,249.2631073,2278300
ACN,3/3/2023,267.9100037,269.7200012,265.9899902,269.2000122,252.9654541,1596100
ACN,3/6/2023,270.2000122,272.0499878,269.0799866,269.6300049,253.3694763,1649100
ACN,3/7/2023,269.2200012,270.0400085,263.7099915,264.2000122,248.2669983,2219300
ACN,3/8/2023,263.4299927,265.5899963,262.4899902,263.6600037,247.7595825,1462700
ACN,3/9/2023,265.8299866,266.7000122,258.7200012,259.7600098,244.0947418,1949800
ACN,3/10/2023,260.1400146,260.3399963,251.6000061,252.9499969,237.6954193,2924600
ACN,3/13/2023,253.1100006,255.2599945,249.2400055,251.3099976,236.1543121,3232100
ACN,3/14/2023,256.3699951,256.730011,249.9600067,252.4799957,237.2537842,2925600
ACN,3/15/2023,247.9600067,247.9700012,242.8000031,246.1699982,231.3243103,4508000
ACN,3/16/2023,244.9499969,253.8000031,243.5299988,252.9199982,237.6672211,4119600
ACN,3/17/2023,254.3300018,255.7299957,248.4199982,250,234.9233093,6470800
ACN,3/20/2023,250.7200012,253.8899994,250.0099945,252.5500031,237.3195953,3182100
ACN,3/21/2023,254.8800049,258.5,253.9400024,257.6199951,242.0838013,2831200
ACN,3/22/2023,257.2600098,261.3200073,253.0299988,253.2700043,237.9961395,3059300
ACN,3/23/2023,259.4500122,274.6099854,259.2999878,271.6600037,255.2771759,5166900
ACN,3/24/2023,270.4500122,272.0799866,264.8200073,272,255.5966034,4123600
ACN,3/27/2023,270.730011,274.3599854,270.6400146,273.9599915,257.438385,3743800
ACN,3/28/2023,273.9200134,276.1600037,272.6000061,275,258.4156799,2869400
ACN,3/29/2023,276,280.2600098,276,279.9400024,263.0578003,2431500
ACN,3/30/2023,281,283.0400085,280.7799988,282.6600037,265.613678,2293600
ACN,3/31/2023,283.1199951,285.9599915,282.6099854,285.8099976,268.5737305,3009300
ACN,4/3/2023,283.3900146,286.4599915,283.1600037,285.8399963,268.6019287,2417300
ACN,4/4/2023,284.4400024,287.4299927,284.2200012,285.8399963,268.6019287,2331700
ACN,4/5/2023,286.2399902,286.8999939,280.9100037,281.3299866,264.3639221,2443200
ACN,4/6/2023,280.6600037,282.2399902,278.8599854,281.7000122,264.7115784,2125300
ACN,4/10/2023,277.9899902,281.730011,276.3599854,281.6799927,264.6928406,1575900
ACN,4/11/2023,283.0100098,287.6600037,282.5499878,286.3299866,269.0623779,3122500
ACN,4/12/2023,288.3900146,288.6499939,282.9400024,283.7600098,267.694519,2656000
ACN,4/13/2023,283,285.4200134,279.7200012,285.269989,269.1189575,3164200
ACN,4/14/2023,283.2900085,284.9500122,277.7799988,279.25,263.4398193,2871700
ACN,4/17/2023,278.7799988,281.8200073,278.7799988,279.980011,264.128479,2899000
ACN,4/18/2023,281.3599854,281.4100037,278.4100037,279.9599915,264.1096497,1893800
ACN,4/19/2023,278.7999878,280,277.5100098,279.8999939,264.0530396,2204700
ACN,4/20/2023,277.2799988,277.5700073,274,275.5499878,259.9493103,2686100
ACN,4/21/2023,275.730011,277.8299866,275.3999939,276.3299866,260.6851501,1600700
ACN,4/24/2023,275.7999878,277.6199951,274.8599854,277.25,261.5530701,1359700
ACN,4/25/2023,275.8599854,276.7099915,270.5899963,270.7000122,255.3738861,1935400
ACN,4/26/2023,271.8500061,273.5700073,270.2000122,271.2099915,255.8549652,2009400
ACN,4/27/2023,273.8500061,276.4899902,270.8299866,275.4500122,259.85495,1983600
ACN,4/28/2023,273.7200012,280.4299927,273.7200012,280.2900085,264.420929,2084500
ACN,5/1/2023,279.0899963,279.9100037,277.4500122,279.4200134,263.6002197,1165600
ACN,5/2/2023,279.8599854,280.3800049,274.0299988,276.7399902,261.0719299,1728300
ACN,5/3/2023,278.1199951,279.5799866,274.8200073,275.1799927,259.6002502,1951200
ACN,5/4/2023,273.2799988,273.7799988,265.6799927,266.5,251.4116974,2586200
ACN,5/5/2023,269.2200012,270.3800049,264.3900146,265.6499939,250.6098328,2592700
ACN,5/8/2023,266.019989,267,263.4599915,264.8200073,249.826828,1843000
ACN,5/9/2023,262.9500122,264.4899902,261.6799927,263.480011,248.5626984,2712000
ACN,5/10/2023,265.8500061,269.9100037,264.4200134,268.8900146,253.6664124,2800200
ACN,5/11/2023,270.3099976,272.4400024,268.1799927,272.269989,256.8550415,2915700
ACN,5/12/2023,273.1300049,277.2999878,272.5,277.1900024,261.4964905,2664400
ACN,5/15/2023,276.3099976,278.5299988,274.6199951,277.5100098,261.7984009,2762700
ACN,5/16/2023,277.0899963,280.7000122,276.3599854,279.1900024,263.3832397,2079000
ACN,5/17/2023,281.1900024,286.3699951,280.230011,284.6300049,268.5152283,2486600
ACN,5/18/2023,284.5400085,287.9200134,284.2600098,287.480011,271.2038879,1869700
ACN,5/19/2023,288.6000061,291.3500061,287.3500061,289.9100037,273.4962769,2213300
ACN,5/22/2023,289.3699951,291.769989,288.8699951,290.9500122,274.477417,2044100
ACN,5/23/2023,289.1600037,291.0400085,287.1199951,288.1000061,271.7887573,2219800
ACN,5/24/2023,286.0299988,288.2900085,284.8999939,286.8200073,270.5812988,2815100
ACN,5/25/2023,288.5100098,293.1499939,285.1799927,291.7600098,275.2415466,3689600
ACN,5/26/2023,294,308.6000061,293.6400146,303.6000061,286.4111633,4578800
ACN,5/30/2023,306.2099915,318.9100037,305,308.4299927,290.9677734,6238600
ACN,5/31/2023,304.6799927,310.3500061,303,305.9200134,288.5998535,5270100
ACN,6/1/2023,305.730011,306.0899963,300.0899963,305.2000122,287.9206238,2393700
ACN,6/2/2023,307.5,312.2000122,306.6199951,311.3900146,293.7601624,2272500
ACN,6/5/2023,305.3399963,307.3999939,301.8900146,304.4500122,287.2131042,3008000
ACN,6/6/2023,302.8800049,309.3099976,301.7600098,308.0400085,290.599823,2419400
ACN,6/7/2023,309.480011,312,307.1600037,311.0299988,293.4205933,2490000
ACN,6/8/2023,310.8699951,310.8699951,306.7099915,307.3299866,289.9299927,1870300
ACN,6/9/2023,309.1300049,311.1700134,306.6400146,308.7200012,291.241333,2202600
ACN,6/12/2023,307.8299866,311.8500061,307.5400085,311.480011,293.8450012,2642300
ACN,6/13/2023,315.3200073,317.4700012,313.3900146,315.1600037,297.3167114,3981900
ACN,6/14/2023,316.019989,318.3599854,313.2999878,315.0499878,297.2128906,2421100
ACN,6/15/2023,319.1799927,325.0799866,315.3399963,323.769989,305.439209,3288900
ACN,6/16/2023,325.9200134,327.9299927,319.0899963,319.5400085,301.4487305,5266300
ACN,6/20/2023,317.2600098,320.6400146,315.0100098,317.3999939,299.4299011,3349400
ACN,6/21/2023,316.4899902,317.6700134,313.0899963,313.2000122,295.4677124,3121400
ACN,6/22/2023,298.2099915,307.5700073,296,307.25,289.8546143,4889000
ACN,6/23/2023,300.019989,302.6900024,297.7000122,298.4299927,281.533905,4233800
ACN,6/26/2023,296.5899963,300.8599854,296.5100098,297.4100037,280.5716553,2826900
ACN,6/27/2023,297.1199951,301.0299988,296.1099854,300.8099976,283.7792053,2054200
ACN,6/28/2023,300.480011,302.1499939,297.7799988,301.7200012,284.6376648,2061700
ACN,6/29/2023,301.3999939,310.5700073,300.1000061,308.3299866,290.8734131,2739400
ACN,6/30/2023,309.4899902,312.6900024,308.3299866,308.5799866,291.1092834,2668500
ACN,7/3/2023,308,311.269989,307.4100037,310.9700012,293.3639832,1172800
ACN,7/5/2023,306.1400146,311.980011,305.0299988,309.8999939,292.3545532,1924800
ACN,7/6/2023,306.9200134,308.4500122,304.6499939,307.9700012,290.5338135,1375800
ACN,7/7/2023,306.730011,311.2600098,305.2799988,305.7600098,288.4489441,1902800
ACN,7/10/2023,305.2099915,309.1099854,304.1199951,308.4500122,290.9866028,1684500
ACN,7/11/2023,308.4500122,310.7999878,305.8299866,309.7200012,292.1846313,1347800
ACN,7/12/2023,312.3399963,314.6799927,310.75,313.8800049,297.1838379,1788200
ACN,7/13/2023,315,316.4899902,314.2799988,315.2099915,298.4430847,1822700
ACN,7/14/2023,316.0700073,317.8900146,315.0100098,315.769989,298.9732971,1295500
ACN,7/17/2023,315.6799927,320.730011,315.0100098,319.7799988,302.7700806,2033400
ACN,7/18/2023,319.519989,322.7399902,319.3999939,322.4299927,305.2790222,1574200
ACN,7/19/2023,323,324.1900024,318.7000122,318.7999878,301.8421021,2170900
ACN,7/20/2023,316.25,316.25,310.7200012,312.4700012,295.8488464,2097000
ACN,7/21/2023,313.1900024,316.4899902,312.5499878,314.7999878,298.0549316,3265700
ACN,7/24/2023,314.6099854,316.8599854,312.6799927,313.2900085,296.6252441,1341500
ACN,7/25/2023,313.4700012,319.3999939,313.019989,317.5899963,300.6965027,2163900
ACN,7/26/2023,316.3900146,318.5599976,314.3800049,316.5100098,299.6739197,1512500
ACN,7/27/2023,320,323.5599976,317.9500122,318.8200073,301.861084,2981200
ACN,7/28/2023,319.730011,322.1499939,313.9700012,315.5499878,298.7650146,1920900
ACN,7/31/2023,315,318.3800049,315,316.3500061,299.5224915,1351400
ACN,8/1/2023,315.4400024,321.3800049,314.25,320.9700012,303.8967285,1913800
ACN,8/2/2023,317.5400085,320.9200134,316.6900024,317.7799988,300.8764038,1799700
ACN,8/3/2023,316.0799866,318.3599854,314.1499939,317.1300049,300.2609558,1355900
ACN,8/4/2023,315.5799866,317.8800049,311.25,312,295.4038086,2140600
ACN,8/7/2023,314.0899963,316.1300049,312.0499878,315.8699951,299.0680237,1530600
ACN,8/8/2023,312.9299927,315.2999878,309.6199951,315.1499939,298.386261,1550300
ACN,8/9/2023,314.5799866,315.1900024,310.2099915,311.5299988,294.9588013,1504500
ACN,8/10/2023,311.5,314.8200073,308.8699951,310.4100037,293.8984375,1862400
ACN,8/11/2023,307.9700012,310.5,306.1300049,309.0499878,292.6108093,1351200
ACN,8/14/2023,308.0400085,312.4700012,307.7600098,311.7099915,295.1292725,1334200
ACN,8/15/2023,310.8500061,311.5,306.5,307.3999939,291.0485535,1256100
ACN,8/16/2023,305.5499878,310.3999939,305.2600098,307.6400146,291.2758179,1212500
ACN,8/17/2023,308.3399963,309.2099915,304.769989,305.6400146,289.3822021,1653700
ACN,8/18/2023,302.8399963,304.8399963,301.3099976,302.9400024,286.8258057,1997100
ACN,8/21/2023,304.2200012,307.2900085,303.0400085,306.5100098,290.2059021,1072400
ACN,8/22/2023,309.6000061,310.9299927,307.8699951,308.8999939,292.46875,1139700
ACN,8/23/2023,310,316.6900024,309.25,315.3399963,298.5661926,1486100
ACN,8/24/2023,316.3999939,317.8500061,313.6400146,314.1400146,297.4299927,2077500
ACN,8/25/2023,316.6700134,319.7399902,314.1600037,318.7600098,301.8042603,1451500
ACN,8/28/2023,318.7600098,322.2399902,318.7399902,320.9100037,303.8399353,1236400
ACN,8/29/2023,320.3900146,324.3699951,319.5599976,323.4500122,306.2448425,1525000
ACN,8/30/2023,323.8099976,323.9200134,321.5100098,323.25,306.0554504,1470400
ACN,8/31/2023,324.8699951,326.230011,323.7099915,323.769989,306.547699,1986300
ACN,9/1/2023,326.0499878,328.7200012,325.1000061,327.7399902,310.3065796,1732700
ACN,9/5/2023,327.7399902,328.8800049,324.480011,326.1600037,308.8106384,1736600
ACN,9/6/2023,324.25,327.7399902,323.7099915,326.2999878,308.9431458,1247900
ACN,9/7/2023,323.8999939,329.0400085,323.230011,328.2000122,310.742157,1533000
ACN,9/8/2023,329.5299988,330.4400024,324.5299988,325.4700012,308.1573181,1416800
ACN,9/11/2023,327.4899902,328.230011,324.4899902,325.8699951,308.5361023,1551300
ACN,9/12/2023,321.4500122,322.4899902,313.1099854,314.8900146,298.1401672,3205000
ACN,9/13/2023,314.230011,316.7099915,312.9200134,313.9100037,297.2122498,2496200
ACN,9/14/2023,315.6300049,316.9899902,313.2999878,316.5899963,299.7496948,1904000
ACN,9/15/2023,316.230011,316.6900024,311.4599915,312.5299988,295.9056702,3339300
ACN,9/18/2023,312,316.75,311,315.8800049,299.0774841,1350700
ACN,9/19/2023,311.1000061,317.7799988,311,317.3299866,300.4503479,1898800
ACN,9/20/2023,318.75,323.3200073,316.4500122,316.7999878,299.9485168,1693100
ACN,9/21/2023,314.3299866,316.519989,311.6700134,312,295.4038086,1911600
ACN,9/22/2023,314.0400085,318.6600037,312.9299927,316.0899963,299.2763062,1994400
ACN,9/25/2023,315.5599976,318.6799927,314.8800049,316.9899902,300.128418,2054600
ACN,9/26/2023,312.7200012,314.4899902,308.730011,310.6099854,294.0877686,2343600
ACN,9/27/2023,312.2099915,314.980011,310.6499939,314.3800049,297.6572571,2435400
ACN,9/28/2023,301.75,306.6900024,294.4899902,300.769989,284.7711487,4326800
ACN,9/29/2023,304.3500061,309.2999878,302.8699951,307.1099854,290.7739258,3171700
ACN,10/2/2023,307.5700073,308.4599915,305.1099854,308.2600098,291.862793,2063300
ACN,10/3/2023,307.0599976,311.5499878,305.5499878,306.230011,289.9407654,2454800
ACN,10/4/2023,310.7399902,311,306.8699951,309.3900146,292.9327087,2153800
ACN,10/5/2023,308.8099976,310.4100037,305.3699951,309.6600037,293.1882935,2095400
ACN,10/6/2023,308.2799988,315.1099854,306.7200012,312.1900024,295.5837097,2441500
ACN,10/9/2023,309.8200073,313.0899963,308.3599854,312.0100098,295.4133301,1407600
ACN,10/10/2023,313.3599854,315.4299927,311.5599976,312.3200073,295.7068481,1904600
ACN,10/11/2023,312.3200073,314.75,309.9500122,312.5400085,297.1424255,1298000
ACN,10/12/2023,311.7900085,311.7900085,304.2099915,304.3599854,289.365387,2295500
ACN,10/13/2023,302.2999878,306,300.1000061,301.8299866,286.960083,1672500
ACN,10/16/2023,304.019989,307.8299866,301.9500122,305.3399963,290.2971497,1491600
ACN,10/17/2023,302.7799988,309.8299866,302.4200134,308.25,293.0637512,1576200
ACN,10/18/2023,306.7200012,309.3699951,303.3099976,303.769989,288.8044739,1373800
ACN,10/19/2023,304.9299927,307,301.5799866,302.9400024,288.0154114,1384700
ACN,10/20/2023,302.3800049,302.9200134,295.9299927,297,282.367981,2385700
ACN,10/23/2023,295,298.4899902,294.7000122,294.9400024,280.4095459,1314900
ACN,10/24/2023,296.269989,298,294.0499878,296.0899963,281.5028381,1849200
ACN,10/25/2023,293.5299988,295.5,291.1199951,292.6799927,278.2608643,2174900
ACN,10/26/2023,293.8099976,295.8999939,290.3699951,292.0400085,277.6524353,2692500
ACN,10/27/2023,291.9299927,293.0400085,288.4599915,290.0400085,275.7509155,1480300
ACN,10/30/2023,291.7399902,293.8200073,289.6600037,292.7000122,278.2799072,1843500
ACN,10/31/2023,293.0799866,297.2799988,293.0799866,297.0899963,282.4536133,1953400
ACN,11/1/2023,298.1700134,302.1799927,298.1700134,300.6400146,285.8286743,1973000
ACN,11/2/2023,303.6700134,308.8800049,301.2999878,308.1199951,292.9401855,2152800
ACN,11/3/2023,309.6400146,316.730011,309.0100098,313.4899902,298.0456238,2145600
ACN,11/6/2023,312.3200073,314.1799927,311.0400085,313.0899963,297.6653442,1426200
ACN,11/7/2023,313,318.3699951,312.7099915,315.1900024,299.6618958,1860400
ACN,11/8/2023,316.8699951,319.4599915,315.3800049,317.8200073,302.162262,1815000
ACN,11/9/2023,317.2799988,317.3900146,313.4500122,314.2200012,298.739624,1574900
ACN,11/10/2023,315.5400085,320.269989,314.7600098,319.6900024,303.9401245,1433500
ACN,11/13/2023,316.0100098,316.9599915,314.3099976,315.6300049,300.0802307,1448600
ACN,11/14/2023,319.8200073,322.1900024,318.8299866,320.4899902,304.7007751,1823700
ACN,11/15/2023,319.6199951,325.7200012,318.7399902,325.5,309.4639282,2347100
ACN,11/16/2023,327.1000061,329.6700134,326.0799866,327.3200073,311.1942749,2142100
ACN,11/17/2023,327.6600037,328.9299927,326.2200012,327.8299866,311.6791687,1561500
ACN,11/20/2023,326.4599915,332.0499878,326.2200012,330.8999939,314.5979309,1413900
ACN,11/21/2023,331.2999878,332.4400024,328.7600098,330.2600098,313.9894409,1602800
ACN,11/22/2023,334.2399902,335.5299988,332.8099976,333.1300049,316.7180481,1425700
ACN,11/24/2023,333.1499939,334.8999939,332.0899963,334.0400085,317.5832214,708500
ACN,11/27/2023,333.8200073,334.4299927,332.1900024,332.4299927,316.0524902,1586900
ACN,11/28/2023,331.6000061,333.1900024,329.9899902,332.5599976,316.1761169,1377800
ACN,11/29/2023,335,335.7999878,332.7799988,333.3399963,316.9177246,1307300
ACN,11/30/2023,334.2000122,335,332.1600037,333.1400146,316.7275391,4298100
ACN,12/1/2023,333.7999878,338.5,333.1600037,338.0599976,321.4051514,1688800
ACN,12/4/2023,335.1900024,338.8099976,334.1700134,336.4299927,319.8554688,2349500
ACN,12/5/2023,334.6300049,337.3299866,333.3099976,335.8299866,319.2850037,1516500
ACN,12/6/2023,337.769989,339.4599915,334.980011,335.4100037,318.8857422,1502100
ACN,12/7/2023,336.5599976,336.5599976,334.2200012,335.1000061,318.5909729,1870200
ACN,12/8/2023,335.1000061,337.7099915,334.5599976,337.230011,320.6160889,1274500
ACN,12/11/2023,335.2099915,342.3900146,335.2000122,342.3099976,325.4458008,1814100
ACN,12/12/2023,341.9299927,343.25,341.2000122,343.2200012,326.3109131,1935300
ACN,12/13/2023,343.3999939,345.2000122,339.8699951,343.6400146,326.7102661,2461000
ACN,12/14/2023,342.7399902,345.3900146,340.7399902,342.730011,325.8450623,2551300
ACN,12/15/2023,338.4400024,346.9599915,336.25,344.1499939,327.1951294,3880200
ACN,12/18/2023,342.6600037,343.980011,340.6400146,341.8500061,325.0084839,3208000
ACN,12/19/2023,332.730011,344.7999878,332.019989,341.5100098,324.6851807,3252800
ACN,12/20/2023,345.5599976,346.6300049,339.2099915,339.5,322.7742615,3406200
ACN,12/21/2023,340.1700134,349.5,340.1700134,348.75,331.5685425,3304200
ACN,12/22/2023,350,354.8200073,347.9100037,354.4500122,336.9877625,2313900
ACN,12/26/2023,354.1400146,354.9299927,351.5100098,353.4299927,336.0179443,1535700
ACN,12/27/2023,354.5,355.3800049,351.6300049,353.8200073,336.3887329,1309700
ACN,12/28/2023,354.1400146,354.5,351.25,351.5899963,334.2685852,1300800
ACN,12/29/2023,351.7900085,352.9100037,349.4299927,350.9100037,333.6220703,1233500
ACN,1/2/2024,348.1900024,350.2999878,345.2900085,346.9200134,329.8287048,2319500
ACN,1/3/2024,342.5299988,343.769989,337.5299988,337.9200134,321.2720642,3060900
ACN,1/4/2024,337.9200134,339.7999878,336.5299988,337.0899963,320.4829712,2750600
ACN,1/5/2024,338,339.75,335.5400085,336.6199951,320.0361633,1510800
ACN,1/8/2024,335,340.4700012,335,340.3500061,323.5823669,1909500
ACN,1/9/2024,339.269989,342.7600098,338.0299988,342.75,325.8641052,1625900
ACN,1/10/2024,344.5799866,345.6300049,342.7799988,345.3299866,328.3169861,1569100
ACN,1/11/2024,343.5,348.4299927,343.0499878,347.9700012,330.8269653,1785800
ACN,1/12/2024,350,357.6600037,348.7099915,356.3299866,338.7750549,2405900
ACN,1/16/2024,352.3699951,356.480011,351.1099854,354.5599976,337.0922546,2097500
ACN,1/17/2024,351.8099976,357.3299866,351.8099976,353.6499939,337.454895,1917100
ACN,1/18/2024,356.019989,359.7799988,355.1700134,359.5499878,343.0846863,2064100
ACN,1/19/2024,361.5299988,364.8200073,360.1199951,363.8999939,347.2355347,2506500
ACN,1/22/2024,364,368.6499939,363.5,367.2099915,350.3938904,2302500
ACN,1/23/2024,367.3599854,370,365.6400146,369.8599854,352.9225464,1693100
ACN,1/24/2024,371,372.2399902,367.8299866,368.8999939,352.0065002,2250100
ACN,1/25/2024,372.3800049,375.730011,370.1199951,371.9400024,354.9072876,2227400
ACN,1/26/2024,371.9200134,374.1400146,369.8099976,371.0700073,354.0771484,1404800
ACN,1/29/2024,370.519989,375.4299927,370.0799866,373.3500061,356.2527466,1683100
ACN,1/30/2024,374,375.25,370.980011,371.2999878,354.2966309,1849500
ACN,1/31/2024,371,372.7200012,363.4400024,363.8800049,347.2164001,2320100
ACN,2/1/2024,364,371.2099915,363.4500122,370.9100037,353.924469,1500000
ACN,2/2/2024,372.1900024,374.8099976,369.480011,372.9500122,355.8710632,1590500
ACN,2/5/2024,372.5,374,369.0700073,370.3399963,353.3805847,1787300
ACN,2/6/2024,370.519989,371.7099915,362.3999939,364.7000122,347.9989014,4012000
ACN,2/7/2024,365,369.9200134,364.1199951,366.6499939,349.8595581,2531800
ACN,2/8/2024,367.6799927,369.4700012,366.9200134,368.480011,351.605835,1679800
ACN,2/9/2024,369.25,372.480011,367.9500122,371.6700134,354.6497192,1482600
ACN,2/12/2024,369.4899902,370.3999939,366.1799927,367.4299927,350.6038513,1325000
ACN,2/13/2024,361.4100037,365.7600098,360,362.8099976,346.1954041,1696900
ACN,2/14/2024,366.2399902,371.1900024,366.2399902,370.980011,353.991333,2114600
ACN,2/15/2024,372.5899963,374.5599976,370.1400146,371.5100098,354.4970093,2358800
ACN,2/16/2024,372.2999878,373.4299927,368.3500061,369.480011,352.559967,2410200
ACN,2/20/2024,369.8800049,370,361.4400024,362.9500122,346.3290405,1631000
ACN,2/21/2024,360.3399963,362.3800049,358.9700012,360.9100037,344.3824463,1757700
ACN,2/22/2024,369.7200012,372.1900024,368.3999939,371.3099976,354.3061523,1614600
ACN,2/23/2024,373.9899902,377.9700012,372.8299866,377.3200073,360.0409546,1614500
ACN,2/26/2024,376.8599854,380.2999878,376.8599854,377.480011,360.193634,1455000
ACN,2/27/2024,377,379.75,374.8999939,377.9100037,360.6039124,1083200
ACN,2/28/2024,378.2399902,379.4899902,375.2099915,378.0299988,360.7184448,1264200
ACN,2/29/2024,380.3999939,380.3999939,374.1499939,374.7799988,357.617218,3329500
ACN,3/1/2024,375.7999878,382,375.7999878,380.9899902,363.5428772,2110500
ACN,3/4/2024,382.3099976,386.980011,381.6099854,383.7099915,366.1383362,1642900
ACN,3/5/2024,381.5400085,384.1600037,373.9599915,376.8800049,359.6210938,1539400
ACN,3/6/2024,380,383.0599976,377.7999878,380.8299866,363.3902283,1451200
ACN,3/7/2024,384.6499939,387.5100098,383.7000122,386.9100037,369.1917419,1564300
ACN,3/8/2024,386.6900024,387.5100098,377.730011,378.1700134,360.8519897,1641100
ACN,3/11/2024,374.3800049,375.5599976,367.0700073,373.2200012,356.1287231,2220000
ACN,3/12/2024,375,382.4200134,374.8500061,380.480011,363.0562439,1793700
ACN,3/13/2024,379.5,381.1799927,377.7099915,378.7200012,361.3768005,1635800
ACN,3/14/2024,380.980011,381.4899902,376.5599976,378.2099915,360.8901672,1706700
ACN,3/15/2024,368.7900085,375.1400146,366.8699951,374.6000061,357.4454956,3865400
ACN,3/18/2024,378.7600098,378.9400024,372.1799927,372.6700134,355.6039124,2164400
ACN,3/19/2024,373.4899902,378.3299866,371.0299988,378.0799866,360.7661133,2062800
ACN,3/20/2024,378.0299988,381.269989,375.2000122,380.4400024,363.0180664,2877600
ACN,3/21/2024,363.9899902,369.0299988,342.2799988,345.0299988,329.2296143,9574800
ACN,3/22/2024,350.3299866,350.4700012,335.7900085,337.5,322.0444336,5899600
ACN,3/25/2024,336.0100098,336.0100098,329.6900024,333.8200073,318.5329895,5320000
ACN,3/26/2024,335.1400146,337.8399963,334.3399963,336.3900146,320.985321,3006500
ACN,3/27/2024,337.8800049,342.3599854,337.8800049,340.9400024,325.3269653,3295200
ACN,3/28/2024,341.4200134,346.980011,340.8399963,346.6099854,330.7372131,3614900
ACN,4/1/2024,344.8599854,345,338.0700073,339.1700134,323.6380005,2320200
ACN,4/2/2024,336.6700134,338.8800049,333,336.4599915,321.052063,2453300
ACN,4/3/2024,336.2399902,337.1900024,331.8900146,332.2799988,317.0635376,1975700
ACN,4/4/2024,334.1199951,337.9899902,330.1700134,330.4700012,315.3363953,2273000
ACN,4/5/2024,331.5299988,333.8200073,330.3299866,333,317.7505493,3694700
ACN,4/8/2024,334.0299988,335,331.6799927,331.7999878,316.6054993,2431900
ACN,4/9/2024,333.6499939,334.8699951,329.8200073,334.4500122,319.1341553,2416600
ACN,4/10/2024,328.3500061,329.519989,323.6400146,324.3999939,310.7429199,2156700
ACN,4/11/2024,326.0499878,327,323.2600098,325.1900024,311.4996338,2204200
ACN,4/12/2024,320.9700012,322.5,313.1900024,315.3999939,302.1218262,4207900
ACN,4/15/2024,316.0499878,321.6000061,312.1799927,313.269989,300.0815125,2997900
ACN,4/16/2024,315.1400146,315.6400146,311.8399963,313.9400024,300.7232361,2900300
ACN,4/17/2024,316.8699951,317.019989,312.6099854,314.5400085,301.2980347,2760000
ACN,4/18/2024,312.6300049,317.769989,312.0100098,316,302.6965637,3025100
ACN,4/19/2024,317.8599854,318.5499878,314.6000061,316.8800049,303.5395203,3381500
ACN,4/22/2024,318.5400085,319.0599976,315.5,317.4200134,304.0568237,2433300
ACN,4/23/2024,318.480011,319.8099976,316.4899902,316.8299866,303.4916077,2000300
ACN,4/24/2024,315.8399963,315.8399963,310.6900024,313.5400085,300.3401794,4133800
ACN,4/25/2024,309.1900024,310.2399902,305.3500061,309,295.991272,3639000
ACN,4/26/2024,309.4100037,309.4899902,307.269989,308.0100098,295.0429382,3371800
ACN,4/29/2024,307.0599976,308.6199951,302.5,303.1600037,290.3971252,4719100
ACN,4/30/2024,302,303.0100098,299.6799927,300.9100037,288.2418213,5225000
ACN,5/1/2024,300.1300049,303.4899902,298.1000061,298.6600037,286.0865784,2617200
ACN,5/2/2024,300.7600098,303.3299866,298.269989,300.3399963,287.6958313,2684200
ACN,5/3/2024,302.519989,304.9599915,301.6700134,303.7099915,290.9239502,2767100
ACN,5/6/2024,305.1700134,306.7900085,303.269989,306.0599976,293.1750183,2361300
ACN,5/7/2024,307.8999939,312.1499939,307.6000061,310.6600037,297.5813599,2483600
ACN,5/8/2024,310.1199951,313.3999939,310.1199951,311.9899902,298.8553467,2296400
ACN,5/9/2024,307,308.2099915,302.9200134,306.6099854,293.7018738,3238100
ACN,5/10/2024,308,309.2600098,306.0599976,306.3299866,293.4336548,1786900
ACN,5/13/2024,308.1499939,308.7999878,306.8800049,307.4100037,294.4682007,1695000
ACN,5/14/2024,308.8999939,312.2900085,306.2200012,306.9500122,294.0275574,1813600
ACN,5/15/2024,305,308.519989,301.4400024,308.519989,295.5314331,4230800
ACN,5/16/2024,309.6600037,310.5899963,306.75,308,295.0333557,2583100
ACN,5/17/2024,309.7399902,310,300.0100098,303.5899963,290.8089905,4232000
ACN,5/20/2024,303.5100098,307.0700073,301.6099854,305.7000122,292.8302002,2418000
ACN,5/21/2024,306.7900085,307.1499939,302.9599915,303.6400146,290.8569641,1866500
ACN,5/22/2024,303.9599915,308.1900024,303.6900024,307.1099854,294.1808167,2432400
ACN,5/23/2024,310.1400146,310.9899902,304.5599976,305.9299927,293.0504761,2526100
ACN,5/24/2024,306.8900146,307.4599915,300.3299866,300.9899902,288.3184814,2048700
ACN,5/28/2024,299.3699951,300.3200073,295.8200073,297.730011,285.1957397,3530200
ACN,5/29/2024,294.1499939,296.1000061,291.0100098,293.769989,281.4024353,4480000
ACN,5/30/2024,289.9700012,290.5,284.2900085,284.7999878,272.8100586,5007800
ACN,5/31/2024,284.7999878,285.3900146,278.6900024,282.2900085,270.4057007,6882000
ACN,6/3/2024,286.3500061,287.519989,280.7099915,281.7600098,269.8981018,3596600
ACN,6/4/2024,281.7600098,288.8800049,280.3399963,288.0599976,275.9328308,3498600
ACN,6/5/2024,288.2600098,292.3099976,288.0599976,291.019989,278.768219,3002200
ACN,6/6/2024,291.2000122,293.8699951,290.6000061,291.7399902,279.4578552,2363200
ACN,6/7/2024,291.4400024,291.8099976,288.1499939,288.3999939,276.2585144,2626900
ACN,6/10/2024,287.3800049,290.519989,287,290.4299927,278.2030334,2509900
ACN,6/11/2024,290.1199951,294.3099976,288.7900085,294.2200012,281.8334656,2457600
ACN,6/12/2024,291.6300049,294.1499939,285.4400024,285.730011,273.7008972,3749600
ACN,6/13/2024,287.6700134,289.5499878,282.0899963,282.3200073,270.4345093,3119200
ACN,6/14/2024,281.4100037,286.9500122,280.7099915,286.7099915,274.6396484,2966200
ACN,6/17/2024,286.230011,288.6000061,283.9500122,285.5299988,273.5093384,3559600
ACN,6/18/2024,285.3099976,289.9100037,284.3900146,285.3500061,273.3368835,5314900
ACN,6/20/2024,314.6300049,317.730011,298,306.1600037,293.2708435,11374600
ACN,6/21/2024,307.0299988,310.3500061,302.5799866,308.980011,295.9720764,8473700
ACN,6/24/2024,305.3599854,312.3699951,304.6799927,307.2099915,294.2766113,4399600
ACN,6/25/2024,307.980011,310,305.4299927,307.1700134,294.2382813,4481400
ACN,6/26/2024,299.9200134,305.7399902,299.4299927,304.6199951,291.7956848,3162100
ACN,6/27/2024,305,305.4599915,301.4599915,303.1900024,290.4258423,3162000
ACN,6/28/2024,303.5400085,305.5499878,301.6499939,303.4100037,290.6365967,14905500
ACN,7/1/2024,303.730011,304.3599854,299.6000061,302.5499878,289.8128052,2411100
ACN,7/2/2024,300.9299927,304,300.9299927,303.8299866,291.0389099,2177200
ACN,7/3/2024,304.75,306.8900146,303.980011,305.75,292.8780518,1751200
ACN,7/5/2024,304.9100037,305.7000122,297.6799927,299.1400146,286.5463562,3158900
ACN,7/8/2024,300.4599915,301.9500122,295.6000061,299.4700012,286.8624573,2557700
ACN,7/9/2024,299.0899963,299.1499939,294.480011,298.0599976,285.5118103,2479200
ACN,7/10/2024,296.8999939,298,290.5299988,295.4400024,283.0021362,2283500
ACN,7/11/2024,295.4400024,302.1799927,293.980011,297.9899902,286.6966248,2988000
ACN,7/12/2024,299.5899963,312.019989,299.0299988,310.6300049,298.8575439,3951600
ACN,7/15/2024,312.6700134,319.3699951,312.6700134,317.8699951,305.8231506,3866200
ACN,7/16/2024,318.3800049,325.1499939,318.0299988,325,312.6829529,3640500
ACN,7/17/2024,325.9500122,328.5700073,323.6199951,325.6000061,313.2602234,4383900
ACN,7/18/2024,329.4100037,336.25,327.8399963,328.1000061,315.6654663,4563600
ACN,7/19/2024,331.0899963,335.7900085,327.7099915,329.1900024,316.7142029,5376200
ACN,7/22/2024,330.7200012,332.8200073,329.7200012,331.5100098,318.9462585,3419300
ACN,7/23/2024,331.4299927,332.2000122,327.9700012,330.3299866,317.8109741,1994000
ACN,7/24/2024,329.3800049,332.5400085,328.1400146,328.6799927,316.2234802,3286500
ACN,7/25/2024,325.5899963,335.6900024,323.3399963,330.1199951,317.6088867,2764500
ACN,7/26/2024,325.9200134,329.8099976,325.2099915,328.4599915,316.0118103,2438200
ACN,7/29/2024,328.6600037,328.980011,323.8699951,326.2000122,313.8374939,1629200
ACN,7/30/2024,327.4899902,330.4500122,326.9500122,329.2000122,316.7237854,1985400
ACN,7/31/2024,331.6400146,333.9299927,329.0400085,330.6199951,318.0899658,2606300
ACN,8/1/2024,333.8800049,338.9200134,326.4200134,328.0799866,315.6462402,2538100
ACN,8/2/2024,324.9899902,326.6799927,320.3500061,323.1499939,310.9030457,2682700
ACN,8/5/2024,311.6099854,317.8699951,310.230011,313.7399902,301.8496704,3186500
ACN,8/6/2024,317,322.6600037,315.7200012,318.6799927,306.602478,2284200
ACN,8/7/2024,319.9500122,325.7399902,317.9299927,318.019989,305.9674988,2327700
ACN,8/8/2024,315.2999878,319.5100098,314.4700012,315.8800049,303.9085999,2213700
ACN,8/9/2024,316.2000122,317.3200073,313.2200012,315.8299866,303.8604431,1851300
ACN,8/12/2024,315.4700012,317.4700012,312.7399902,313.9599915,302.0613403,2276500
ACN,8/13/2024,316.1099854,320.1799927,315.1300049,319.3299866,307.2278137,2269600
ACN,8/14/2024,320,322.0700073,318.019989,319.8299866,307.7088928,1404600
ACN,8/15/2024,322.2799988,325.2099915,321.9400024,325.1300049,312.808075,2271600
ACN,8/16/2024,324.9100037,327.7099915,323.269989,326.9200134,314.5302124,2292800
ACN,8/19/2024,327.5599976,330.4299927,327,329.4400024,316.9547119,1678200
ACN,8/20/2024,329.9299927,330.5700073,328.0499878,330.3699951,317.8494263,1790100
ACN,8/21/2024,330.8399963,333.6600037,330.5400085,333.6000061,320.9570313,1233900
ACN,8/22/2024,333.8900146,334.0700073,329.6499939,330.5700073,318.0418701,1679200
ACN,8/23/2024,331.6600037,333.7600098,329.6700134,333.269989,320.6395264,1518700
ACN,8/26/2024,333.0799866,337.2099915,331.769989,336.7799988,324.01651,1692200
ACN,8/27/2024,335.1799927,340.9899902,335,340.3800049,327.4801025,2154100
ACN,8/28/2024,340.5599976,343.6000061,335.1099854,337.3900146,324.6033936,1528000
ACN,8/29/2024,340.25,343.8699951,338.9700012,340.2099915,327.3164978,1612600
ACN,8/30/2024,341,343.4500122,338.6400146,341.9500122,328.9906006,2004000
ACN,9/3/2024,341.3599854,345.5400085,339.6700134,341.8800049,328.9232483,2049300
ACN,9/4/2024,340,344.9100037,338.980011,343.9899902,330.9532471,1478300
ACN,9/5/2024,344.2200012,344.4500122,339.5,340.9299927,328.0092163,1195100
ACN,9/6/2024,340.7000122,342.4400024,336.7600098,339.8399963,326.9605713,1613400
ACN,9/9/2024,340.6300049,342.25,339.0899963,341.8099976,328.8559265,1569400
ACN,9/10/2024,343.8099976,348,342.2200012,347.7000122,334.5226746,1655700
ACN,9/11/2024,346.3599854,350.7200012,342.2399902,350.3099976,337.0337524,2121700
ACN,9/12/2024,350.480011,352.4200134,345.2000122,349.8900146,336.6296997,2182100
ACN,9/13/2024,351.1000061,351.4299927,348.7900085,349.5799866,336.3314209,1812000
ACN,9/16/2024,350.8399963,354.980011,349.6300049,354.1199951,340.6993408,2536400
ACN,9/17/2024,355.1000061,355.2799988,336.3099976,337.0400085,324.2666626,4528800
ACN,9/18/2024,335,339,332.9599915,336.1799927,323.4392395,2150800
ACN,9/19/2024,340,340.3800049,332.230011,335.2399902,322.5348816,2645700
ACN,9/20/2024,332.3200073,336.3500061,331.8699951,336.2200012,323.4777527,5231000
ACN,9/23/2024,337.3800049,339.4400024,334.0499878,339.2099915,326.3544006,1998500
ACN,9/24/2024,337.9400024,340.6199951,335.2799988,339.6199951,326.7489014,2842900
ACN,9/25/2024,335.1400146,339.75,334.1600037,337.0499878,324.2762451,3552700
ACN,9/26/2024,355.0100098,363.9899902,349.7000122,355.8099976,342.3253174,4454800
ACN,9/27/2024,356.3299866,358.3399963,349.2999878,349.7000122,336.4468689,2575200
ACN,9/30/2024,348.5,354.0599976,347.7200012,353.480011,340.0836182,2424900
ACN,10/1/2024,354.9899902,354.9899902,349.8999939,351.980011,338.6404419,1827300
ACN,10/2/2024,352.7099915,357.1900024,351.3399963,356.2900085,342.7871094,2421300
ACN,10/3/2024,359.5499878,364.4500122,359.3299866,361.2399902,347.5494995,3646300
ACN,10/4/2024,364.2000122,367.7900085,359.8200073,362.2399902,348.5116272,2131400
ACN,10/7/2024,360,362,355.8500061,356.7999878,343.277771,1536800
ACN,10/8/2024,359.5299988,360.6499939,357.519989,360.3800049,346.7221069,2348300
ACN,10/9/2024,360.980011,366.4599915,360.769989,365.0799866,351.243988,2046400
ACN,10/10/2024,363.5599976,364.4700012,358.9100037,361.0700073,348.7999878,2088000
ACN,10/11/2024,362.519989,363.3999939,360.0599976,360.7399902,348.4811401,1436500
ACN,10/14/2024,361.5799866,365.6199951,361.1600037,364.6000061,352.2099915,2256500
ACN,10/15/2024,365.4299927,371,365.4299927,368.6600037,356.1320496,2955900
ACN,10/16/2024,365.6900024,372.8699951,364.8800049,372.2600098,359.6097107,2110700
ACN,10/17/2024,373,375.5100098,371.7799988,375.1499939,362.4014893,1906900
ACN,10/18/2024,375.5100098,377.3299866,373.6499939,376.8599854,364.0533752,1893300
ACN,10/21/2024,375,377.3399963,374.2099915,376.0299988,363.2515564,1785100
ACN,10/22/2024,374.6199951,374.8599854,371.1300049,371.7900085,359.1556396,1740200
ACN,10/23/2024,370.8399963,372.480011,368.230011,370.6300049,358.0351257,2211800
ACN,10/24/2024,367.5,373.4400024,363.75,364.230011,351.8526001,2311800
ACN,10/25/2024,364,365.4500122,359.5899963,360.7999878,348.539093,2129300
ACN,10/28/2024,364,366.9899902,360.3900146,361.3200073,349.0414734,2717700
ACN,10/29/2024,360.9100037,365.0799866,359.0499878,363.0400085,350.703064,2642900
ACN,10/30/2024,358,358.8299866,345.3399963,346.5700073,334.7926941,3916800
ACN,10/31/2024,344.6300049,347.8599854,342.6199951,344.8200073,333.1021729,3078200
ACN,11/1/2024,346.9400024,347.9500122,344.8299866,345.6700134,333.9233093,2579800
ACN,11/4/2024,345.2600098,346.6799927,341.5799866,343.8999939,332.2134399,1931300
ACN,11/5/2024,342.7900085,347.4200134,342.2099915,345.4899902,333.7494202,1553900
ACN,11/6/2024,355.8999939,357.230011,353,356.1300049,344.027832,3009700
ACN,11/7/2024,358,362,356.2900085,360.7099915,348.45224,2250500
ACN,11/8/2024,360.769989,362.7600098,355.1199951,355.5299988,343.4482117,2289500
ACN,11/11/2024,355,360.6400146,354.1000061,357.2999878,345.1580811,2985200
ACN,11/12/2024,357.6400146,362.1300049,356.9500122,360.6099854,348.3555908,3233600
ACN,11/13/2024,359.5400085,370.6400146,359.0400085,370.2200012,357.6390381,3353900
ACN,11/14/2024,371.3800049,372,361.0299988,362.0700073,349.7659912,3503000
ACN,11/15/2024,360.2799988,360.3099976,348.8500061,353.5700073,341.5548401,3614700
ACN,11/18/2024,353.5700073,355.5,351.8200073,352.7900085,340.8013306,1759900
ACN,11/19/2024,351.25,353.9700012,349.9899902,353.9500122,341.9219666,2447000
ACN,11/20/2024,353.7099915,357.3299866,351.6499939,357.0700073,344.9358826,1792700
ACN,11/21/2024,359.519989,363.5,358.3099976,361.0499878,348.7806091,2240100
ACN,11/22/2024,358.2399902,364.6400146,357.2799988,358.6600037,346.4718628,2211100
ACN,11/25/2024,360,364.1499939,358.5,361.2900085,349.0125122,3054800
ACN,11/26/2024,361.9899902,364.5299988,360.6199951,363.1799927,350.8382568,2106100
ACN,11/27/2024,364.0799866,365.6700134,360.8800049,362.1600037,349.8529358,1657000
ACN,11/29/2024,360.1499939,365,360,362.3699951,350.0558167,1311300
ACN,12/2/2024,362.769989,363.3599854,356.9599915,361.3800049,349.0994568,2445500
ACN,12/3/2024,348.7999878,354.3399963,346.6199951,352.5400085,340.5598145,3044700
ACN,12/4/2024,353.6700134,362.1099854,353.1099854,360.0299988,347.7952576,2074000
ACN,12/5/2024,356.0700073,358.8999939,354.8900146,358.1300049,345.9598694,1821300
ACN,12/6/2024,365.2999878,371.8800049,361.5499878,362.7000122,350.3745728,2332100
ACN,12/9/2024,360.4500122,366,358.1000061,359.5,347.2833252,2185000
ACN,12/10/2024,358.519989,366.3500061,357.0899963,362.8999939,350.5677795,2157800
ACN,12/11/2024,363.8500061,366.5899963,363.4299927,363.8399963,351.4757996,1541300
ACN,12/12/2024,361.3099976,362,355.3999939,360.1799927,347.9401855,1834200
ACN,12/13/2024,359.5799866,360.7600098,356.25,358.6799927,346.4911804,1808700
ACN,12/16/2024,359.5499878,361.019989,356.4500122,357.0599976,344.926239,2306300
ACN,12/17/2024,357.3599854,358.480011,353.019989,357.2999878,345.1580811,2479100
ACN,12/18/2024,357.2999878,359.3999939,347.1199951,347.6099854,335.7973633,3232900
ACN,12/19/2024,365,376.9100037,363.1900024,372.1600037,359.513092,6075500
ACN,12/20/2024,370.7000122,372.0700073,362,366.3699951,353.9198303,7013100
ACN,12/23/2024,360.5799866,362.9599915,355.730011,358.769989,346.578125,3549300
ACN,12/24/2024,359.9500122,361.9500122,358.5400085,361.6300049,349.3409424,1075400
ACN,12/26/2024,360.3500061,361.9500122,359.0700073,360.4299927,348.1817017,910500
ACN,12/27/2024,358.7799988,360.4299927,354,356.1799927,344.0761414,1195700
ACN,12/30/2024,352.6099854,354.6300049,349.230011,352.4899902,340.5115051,1490100
ACN,12/31/2024,354.980011,355.0799866,350.4299927,351.7900085,339.8353271,1748600
ACN,1/2/2025,353.1000061,354.8099976,346.1099854,348.8200073,336.9662476,2253600
ACN,1/3/2025,350,354.8200073,349.0899963,353.8500061,341.8253174,2029700
ACN,1/6/2025,352.8099976,354.4899902,349.6499939,351.3299866,339.3909302,2356300
ACN,1/7/2025,355.3500061,363.2200012,353.8099976,356.3900146,344.2790222,4663100
ACN,1/8/2025,361,363.6000061,355.3500061,357.730011,345.5734863,2216900
ACN,1/10/2025,355.0299988,358,348.7399902,349.7900085,337.9032898,2830000
ACN,1/13/2025,345.1300049,350.9100037,344.3699951,349.1400146,337.2753601,2711200
ACN,1/14/2025,351.2099915,352.519989,345.6300049,348.9899902,337.1304626,1825400
ACN,1/15/2025,352.3500061,355.2000122,349.0599976,349.730011,337.8453064,2624000
ACN,1/16/2025,349.1099854,353.25,347,350.5599976,340.0863037,2025800
ACN,1/17/2025,354.9200134,357,351.9100037,352.5899963,342.0556335,4064800
ACN,1/21/2025,349.25,356.8599854,348,356.4200134,345.7712402,3098600
ACN,1/22/2025,358.2399902,360.1700134,354.8399963,359.1099854,348.3808594,3155800
ACN,1/23/2025,358.0899963,363.3200073,357.6499939,363.2600098,352.4068604,2111100
ACN,1/24/2025,362.1400146,364,360.1499939,362.4100037,351.5822144,1827800
ACN,1/27/2025,359.3200073,373.8500061,358.9299927,373.1499939,362.0013733,3855600
ACN,1/28/2025,372,382.019989,370.75,378.3900146,367.0848694,4052700
ACN,1/29/2025,379.8699951,381.8999939,373.1799927,374.4200134,363.2334595,2345600
ACN,1/30/2025,378,385.9100037,376.7200012,380.75,369.3743286,2218600
ACN,1/31/2025,380.75,387,379.6400146,384.9500122,373.4488525,3104400
ACN,2/3/2025,381.1400146,386.6600037,378.5400085,385.2099915,373.7010193,2792900
ACN,2/4/2025,381.5100098,392.4500122,380.5499878,391.6199951,379.9195251,3166600
ACN,2/5/2025,390.8200073,398.3500061,390.4200134,398.25,386.3514404,3463400
ACN,2/6/2025,395.2000122,397.8800049,385.9200134,387.3399963,375.7674255,2828000
ACN,2/7/2025,389,390.5299988,385.3599854,385.980011,374.4480591,2437400
ACN,2/10/2025,388.2399902,390,385.1900024,386.8900146,375.3308716,1771300
ACN,2/11/2025,385,390.3500061,383.8900146,390.0100098,378.3576355,2121000
ACN,2/12/2025,386.0499878,391.5100098,386,388.8299866,377.2128906,2251000
ACN,2/13/2025,388.6099854,390.9100037,384.730011,389.5299988,377.8919678,3387300
ACN,2/14/2025,390,391,387.4299927,388,376.4076843,2024700
ACN,2/18/2025,384.6300049,390.4899902,381.4899902,387.5599976,375.980835,3701100
ACN,2/19/2025,385.9899902,392.019989,384.4400024,390.2200012,378.5613403,1438000
ACN,2/20/2025,387.8699951,390,384.25,384.8399963,373.3421326,2252400
ACN,2/21/2025,380,382.769989,363.9299927,364.2600098,353.3770142,3751700
ACN,2/24/2025,364.4100037,366.9299927,361.0599976,363.9100037,353.0374451,2755800
ACN,2/25/2025,361.0799866,365.5799866,359.5,362.9500122,352.1061401,1947600
ACN,2/26/2025,362.7000122,363.0100098,356.8599854,358.3500061,347.6435547,2267500
ACN,2/27/2025,358.0499878,361.6199951,355.3699951,356.8699951,346.2077942,2735400
ACN,2/28/2025,357.1499939,359.1400146,342.4100037,348.5,338.0878296,5768000
ACN,3/3/2025,349.4200134,351.9899902,343.0100098,344.9899902,334.6827087,3011100
ACN,3/4/2025,342.1799927,349.2399902,342,345.7799988,335.4490967,3156300
ACN,3/5/2025,345.2200012,348.7999878,343.4599915,348.2600098,337.8550415,2578500
ACN,3/6/2025,344.519989,347.1000061,339.8200073,341.8399963,331.6268311,3467600
ACN,3/7/2025,339,342.8900146,335.9100037,342.1799927,331.956665,4459900
ACN,3/10/2025,338.8900146,339.8999939,332.5299988,335.2999878,325.2822266,3454700
ACN,3/11/2025,333.0799866,334.4299927,325.5499878,327.7900085,317.996582,3390000
ACN,3/12/2025,328.5,330,322.8900146,324.3299866,314.6399536,3086200
ACN,3/13/2025,323.6900024,323.6900024,314.6099854,317.0700073,307.5968933,3667400
ACN,3/14/2025,316.4100037,318.8999939,314.2900085,318.8200073,309.2946167,4086000
ACN,3/17/2025,320,326.730011,319.6000061,325.7099915,315.9787292,3518100
ACN,3/18/2025,323.6400146,325.0499878,319.4899902,324.0700073,314.3877258,2811300
ACN,3/19/2025,325.1900024,326.730011,321.0700073,324.4700012,314.7757568,4314100
ACN,3/20/2025,296.1499939,306.8500061,291.5100098,300.9100037,291.9197083,10699500
ACN,3/21/2025,298.0499878,305.6000061,295.5799866,305.3200073,296.197937,11735300
ACN,3/24/2025,308.1000061,310.4599915,305.1799927,307.1799927,298.0023499,3793200
ACN,3/25/2025,307.5499878,312.4700012,305.4200134,308.8999939,299.6709595,3890400
ACN,3/26/2025,309.0299988,312.75,309.019989,311.1600037,301.8634644,3669700
ACN,3/27/2025,309.2200012,313,307.480011,308.5299988,299.3120422,2871000
ACN,3/28/2025,308.3800049,310.0700073,303.8399963,304.3299866,295.2375183,2377500
ACN,3/31/2025,302.4500122,313.1099854,300.3999939,312.0400085,302.7171631,5511900
ACN,4/1/2025,311.6000061,316.019989,310.980011,313.5799866,304.2111206,3503900
ACN,4/2/2025,309.75,318,309.75,316.3299866,306.8789978,4123000
ACN,4/3/2025,308,311.7900085,300.9700012,301.4599915,292.4532471,3614800
ACN,4/4/2025,296.7999878,299.0499878,284.6000061,285.0599976,276.5432434,4659000
ACN,4/7/2025,278.9400024,293.0400085,275.0100098,284.7200012,276.2133789,6333600
ACN,4/8/2025,290.2900085,293.0299988,276.6799927,281.3900146,272.9828796,4730400
ACN,4/9/2025,280,300.4500122,278.9200134,299.9400024,290.9786987,6702200
ACN,4/10/2025,292.4700012,296.1000061,278.3399963,285.2200012,278.0705872,4578600
ACN,4/11/2025,282.5799866,286.2999878,276.730011,284.3399963,277.212616,5019500
ACN,4/14/2025,289.9200134,293.2600098,286.6400146,289.7900085,282.526001,3299300
ACN,4/15/2025,288.9100037,292.0799866,287.3399963,288.6600037,281.4243164,3273200
ACN,4/16/2025,289.4500122,292.5,283.7399902,285.2399902,278.0900269,3183900
ACN,4/17/2025,285.519989,286.6700134,281.769989,282.3500061,275.272522,2321500
ACN,4/21/2025,282.3399963,282.3399963,275.980011,279.230011,272.2307129,2835500
ACN,4/22/2025,281.3999939,285.1000061,280.1499939,283.9599915,276.8421326,2499500
ACN,4/23/2025,294.6499939,296.9400024,286.9700012,288.1600037,280.9368591,2763100
ACN,4/24/2025,285,291.7600098,284.7399902,291.4100037,284.1053772,3271400
ACN,4/25/2025,291.519989,294.0100098,289.019989,293.3900146,286.0357666,2919200
ACN,4/28/2025,294.519989,296.0599976,289.8900146,293.25,285.8992615,1865200
ACN,4/29/2025,295.6199951,299.0400085,294.7999878,298.4700012,290.9884338,3251900
ACN,4/30/2025,295.269989,299.5499878,291.7099915,299.1499939,291.6513672,2834700
ACN,5/1/2025,300.8099976,304.7600098,298.5,300.5299988,292.9967651,2848600
ACN,5/2/2025,305,306.3399963,303.8699951,305.3299866,297.6764526,1810000
ACN,5/5/2025,303.4299927,309.4100037,303.4100037,307.7099915,299.9967651,3548600
ACN,5/6/2025,303.8599854,305.9500122,303.2000122,303.7999878,296.1847839,2719400
ACN,5/7/2025,304.7999878,308.0899963,303.4700012,306.0899963,298.4174194,2647700
ACN,5/8/2025,309,313.25,308,308.8800049,301.1374817,2861600
ACN,5/9/2025,310.0299988,311.5899963,306.7000122,307.8999939,300.1820068,1844400
ACN,5/12/2025,316.4700012,322.4700012,315.3599854,322.0899963,314.0163574,3271300
ACN,5/13/2025,321.9200134,325.7099915,321.5599976,322.5299988,314.445343,2775500
ACN,5/14/2025,321.5400085,322.1000061,317.8999939,320.4100037,312.3784485,2417100
ACN,5/15/2025,320.2200012,324,319.7600098,323.2099915,315.1082764,3050400
ACN,5/16/2025,317.4200134,318.0599976,309.730011,317.6900024,309.7266541,3968000
ACN,5/19/2025,315.7900085,320.8900146,315.0700073,319.3900146,311.3840637,2247300
ACN,5/20/2025,318.4599915,320.3299866,317.3900146,320.1799927,312.1542053,2930500
ACN,5/21/2025,317.0400085,322.8599854,316.4200134,317.7200012,309.7558899,2788000
ACN,5/22/2025,317.5100098,319.1900024,316.0400085,316.4500122,308.5177307,2996600
ACN,5/23/2025,311.1099854,311.730011,307.8699951,309.5799866,301.8199158,2947200
ACN,5/27/2025,313.519989,315.7000122,312.0100098,315.4299927,307.5232849,3248900
ACN,5/28/2025,314.75,317.3900146,314.0499878,315.9899902,308.0692444,3437600
ACN,5/29/2025,317.519989,318.4200134,314.7799988,317.730011,309.765625,2557800
ACN,5/30/2025,318.1600037,318.9899902,314.0899963,316.8200073,308.878479,4012700
ACN,6/2/2025,313.6300049,314.9400024,311.2099915,314.4700012,306.5873718,2340400
ACN,6/3/2025,313,313.9899902,310.6000061,312.8999939,305.0567017,3678200
ACN,6/4/2025,315.1099854,316.7900085,314.3900146,316.3999939,308.4689636,2337800
ACN,6/5/2025,317.2999878,317.9599915,313.4100037,315.3800049,307.4745483,3787400
ACN,6/6/2025,318.4200134,320.1499939,316.3800049,317.6499939,309.6876221,2309500
ACN,6/9/2025,318.0100098,319.230011,316.0400085,316.6199951,308.6834717,2291300
ACN,6/10/2025,317.5700073,321.6900024,317,320.9200134,312.8757019,2356100
ACN,6/11/2025,320.9200134,321.769989,317.8399963,319.2200012,311.2182922,1859000
ACN,6/12/2025,317.5,318.6199951,316.1099854,318.1300049,310.1556396,2194500
ACN,6/13/2025,314.3200073,317.3099976,311.2799988,311.7099915,303.8965454,3102600
ACN,6/16/2025,314.3299866,317.0499878,312.8200073,314.3299866,306.4508362,2930000
ACN,6/17/2025,312.9700012,315.9500122,311.8500061,312.0299988,304.2085266,2533800
ACN,6/18/2025,314.2000122,314.2000122,305.8699951,306.3800049,298.7001343,4593100
ACN,6/20/2025,281.4299927,288.8699951,273.1900024,285.3699951,278.2167969,11697400
ACN,6/23/2025,286,295.3299866,284.230011,295,287.6054077,5454900
ACN,6/24/2025,295.6799927,301.6499939,295.0100098,300.7200012,293.1820374,4940500
ACN,6/25/2025,301,301.6499939,294.3500061,294.6000061,287.2154236,3164500
ACN,6/26/2025,296.5899963,296.9599915,292.6000061,296.0799866,288.6583252,3634000
ACN,6/27/2025,295.8800049,296.7000122,292.9899902,295.4599915,288.0538635,4159500
ACN,6/30/2025,296.7399902,299.0100098,295.7399902,298.8900146,291.3978882,3136800
ACN,7/1/2025,298.1199951,304.1900024,297.9299927,302.6199951,295.0343933,3565600
ACN,7/2/2025,303.1700134,303.1700134,298.3200073,302.2900085,294.7126465,2748500
ACN,7/3/2025,303,305.2999878,302.2900085,304.7799988,297.1402588,1616100
ACN,7/7/2025,303.5299988,304.7900085,299.2900085,300.5400085,293.0065308,2753300
ACN,7/8/2025,301.75,307.769989,300.5100098,303.3299866,295.7265625,2890500
ACN,7/9/2025,303.1600037,304.1900024,294.7900085,297.3999939,289.9452209,3177400
ACN,7/10/2025,292.0400085,292.6000061,285.7900085,288.3599854,282.5378418,5197200
ACN,7/11/2025,287.2099915,287.7399902,280.4299927,281.0599976,275.3852844,5077100
ACN,7/14/2025,280.6900024,280.9400024,276.9500122,279.9899902,274.3368835,4281800
ACN,7/15/2025,281.0400085,281.1099854,275.9599915,276.0700073,270.4960327,3970300
ACN,7/16/2025,276.75,280.269989,276.0299988,279.6700134,274.0233459,3176400
ACN,7/17/2025,280.75,283.1300049,278.25,282.7000122,276.992157,3513000
ACN,7/18/2025,283.2399902,283.8200073,280.6400146,282.4400024,276.7374268,4207400
ACN,7/21/2025,283.519989,284.6000061,282.1799927,282.4500122,276.7472229,2955600
ACN,7/22/2025,281.7999878,287.0700073,281.7999878,286.9599915,281.1661377,3614500
ACN,7/23/2025,289.7399902,291,285.7799988,286.0400085,280.26474,2953400
ACN,7/24/2025,281.7799988,284.3999939,279.269989,281.7099915,276.0221558,3952800
ACN,7/25/2025,281.7999878,284.2999878,280.5599976,283.1499939,277.433075,2632300
ACN,7/28/2025,280.1900024,280.9899902,275.7099915,277.0400085,271.4464417,3693900
ACN,7/29/2025,277.4500122,278.9599915,276.5400085,278.8999939,273.2688599,3492600
ACN,7/30/2025,278.5,278.6900024,272.3900146,274,268.467804,4272700
ACN,7/31/2025,271,273.8800049,266.1300049,267.1000061,261.7071228,4794100
ACN,8/1/2025,264.6300049,265.1099854,254.1999969,255.3699951,250.2139587,6042400
ACN,8/4/2025,258.0799866,259.1400146,256.6099854,258.7799988,253.5551147,3470600
ACN,8/5/2025,255.7400055,255.8000031,245.7400055,247.0700073,242.081543,10175900
ACN,8/6/2025,247.6999969,248.0899963,244,247.5399933,242.542038,8064700
ACN,8/7/2025,248.1999969,251.3300018,239.8200073,241.7200012,236.8395691,7246300
ACN,8/8/2025,242.6600037,242.9199982,238.0299988,239.1999969,234.3704376,3810900
ACN,8/11/2025,238,241.8200073,236.9600067,238.6100006,233.7923584,4675000
ACN,8/12/2025,238.9299927,242.4199982,236.6699982,237.8699951,233.0672913,4832300
ACN,8/13/2025,238.75,246.7299957,237.3099976,245.6799927,240.7195892,5278400
ACN,8/14/2025,244.5399933,246.6699982,242.3500061,246.1600037,241.1899261,4928200
ACN,8/15/2025,245.7400055,249.3999939,245.7400055,247.0099945,242.0227356,4223400
ACN,8/18/2025,247,250.9900055,245.1000061,249.1300049,244.0999603,3776000
ACN,8/19/2025,250.5299988,257.6199951,250.3999939,255.8800049,250.7136688,4555700
ACN,8/20/2025,257.0400085,260.3900146,254.9900055,255.0500031,249.9004364,5069900
ACN,8/21/2025,255,255,250.7299957,253.9900055,248.8618317,2670200
ACN,8/22/2025,254.6900024,262.1700134,254.4700012,259.2200012,253.9862366,3102600
ACN,8/25/2025,259.2200012,259.730011,255.0399933,256.0499878,250.8802185,2358600
ACN,8/26/2025,255.3399963,256.6900024,253.1600037,255.4199982,250.2629547,4884400
ACN,8/27/2025,256.1199951,258.2900085,255.4400024,257.1199951,251.9286194,2239000
ACN,8/28/2025,258,258.1300049,253.9600067,256.1700134,250.997818,2984900
ACN,8/29/2025,256.9200134,260.3800049,256.0899963,259.9700012,254.7210846,2805800
ACN,9/2/2025,257.8500061,260.3999939,251.9799957,256.1700134,250.997818,3537800
ACN,9/3/2025,253.2100067,254.8099976,251.3200073,254.1499939,249.0186005,2934800
ACN,9/4/2025,253.2700043,254.6999969,247.8899994,252.9400024,247.8330231,4165400
ACN,9/5/2025,252.9299927,258.6499939,250.1900024,254.9499969,249.8024445,4235900
ACN,9/8/2025,255.2799988,256,249.4700012,255.5700073,250.4099274,4707800
ACN,9/9/2025,255,255.9600067,249.8399963,251.9900055,246.9022064,3456400
ACN,9/10/2025,252.0399933,252.0399933,240.6600037,243.1100006,238.2015076,5117500
ACN,9/11/2025,243.2100067,244.5599976,242.3500061,244.1499939,239.2204895,4644500
ACN,9/12/2025,244.5,245.25,238.0099945,238.5399933,233.7237549,5637500
ACN,9/15/2025,240.6699982,242.25,235.9199982,237.8699951,233.0672913,5385900
ACN,9/16/2025,237.5099945,238.75,235.8300018,236.8099976,232.0286865,6464100
ACN,9/17/2025,237.7299957,245.1999969,236.9900055,241.2400055,236.3692627,5248200
ACN,9/18/2025,241.9799957,243.3399963,237.9299927,239.5500031,234.7133636,5698200
ACN,9/19/2025,239.5200043,240.9700012,234.1799927,239.6999969,234.8603516,11522600
ACN,9/22/2025,239.8600006,242.4900055,238.5899963,239.9900055,235.1445007,6070400
ACN,9/23/2025,240.5099945,241.1999969,234.1000061,235.5,230.7451324,6777800
ACN,9/24/2025,236.6699982,240.0700073,235.75,239.0800018,234.2528687,6855400
ACN,9/25/2025,238.4900055,242,229.3999939,232.5599976,227.864502,10401100
ACN,9/26/2025,232.6000061,241.3000031,231.0500031,238.9700012,234.1450806,8163200
ACN,9/29/2025,240.5,249.1300049,237.25,247,242.0129547,7837500
ACN,9/30/2025,246.5899963,252.1000061,245.3800049,246.6000061,241.6210327,8966400
ACN,10/1/2025,245.2599945,248.9900055,239.7100067,243.7100067,238.7893829,6545100
ACN,10/2/2025,244.9100037,248.1799927,243.25,244.3399963,239.406662,4323200
ACN,10/3/2025,244.8800049,246.4600067,242.6600037,245.3200073,240.3668823,3384000
ACN,10/6/2025,246,248.4100037,242.0500031,248.1699982,243.1593323,3400900
ACN,10/7/2025,249.1300049,252.8300018,248.2100067,251.2299957,246.157547,5930400
ACN,10/8/2025,251.7100067,253.6699982,247.6499939,252.9799957,247.8722076,5672000
ACN,10/9/2025,253.5099945,254.1699982,249.6100006,252.0399933,246.9511871,4427400
ACN,10/10/2025,251.6499939,252.9499969,240.7100067,240.9400024,236.0753021,4548800
ACN,10/13/2025,242.2299957,243.9600067,239.8699951,243.5599976,238.6424103,3572500
ACN,10/14/2025,242.0599976,246.0700073,239.5500031,244.1999969,239.2694855,3788600
ACN,10/15/2025,243.9100037,247.3099976,239.0599976,239.7100067,234.8701477,4118100
ACN,10/16/2025,239.8099976,240.0899963,233.75,234.0200043,229.2950287,4800800
ACN,10/17/2025,234.3500061,239.1199951,233.6000061,238.3899994,233.5767975,4436100
ACN,10/20/2025,240.1000061,244.1900024,239.7400055,242.1799927,237.2902679,3495200
ACN,10/21/2025,242.5200043,252.0899963,242.5200043,250.5099945,245.4520874,4475500
ACN,10/22/2025,248.6100006,251.0500031,247.1699982,249.1399994,244.1097565,3899900
ACN,10/23/2025,246.0599976,250.0899963,245.4400024,249.8099976,244.7662201,2885700
ACN,10/24/2025,250.0099945,251.0899963,247.1100006,247.6499939,242.649826,2793900
ACN,10/27/2025,249.4400024,252.25,247.1900024,250.7700043,245.7068329,3033200
ACN,10/28/2025,250,254.6799927,249.1900024,253.3500061,248.2347412,3425100
ACN,10/29/2025,253.1499939,255.4400024,247.5,247.75,242.747818,5780700
ACN,10/30/2025,245.8099976,251.8800049,245.4799957,249.25,244.2175293,3982200
ACN,10/31/2025,249.6600037,250.8800049,248.0599976,250.1000061,245.0503693,3847800
ACN,11/3/2025,249.5299988,249.5299988,242.9400024,248.4400024,243.4238739,4196300
ACN,11/4/2025,246.9700012,248.5700073,241.0700073,242.8999939,237.9957275,3688300
ACN,11/5/2025,243.3800049,248.9900055,242.7599945,247.8200073,242.8164063,3631800
ACN,11/6/2025,247.7299957,248.6699982,240.1799927,241.3399963,236.4672241,3512400
ACN,11/7/2025,240,246.5500031,239.4400024,245.7599945,240.7979889,4047400
ACN,11/10/2025,247.3399963,248.2599945,240.3999939,244.5500031,239.6124268,2818600
ACN,11/11/2025,244.8899994,244.8899994,238.5299988,242.5599976,237.6625977,3766700
ACN,11/12/2025,244,246.9700012,242.3099976,246.5299988,241.5524445,3230700
ACN,11/13/2025,245.4299927,248.5800018,244.3200073,247.5700073,242.5714569,3703500
ACN,11/14/2025,245.7700043,249.1499939,244.0899963,245.2100067,240.2590942,2845000
ACN,11/17/2025,243.9299927,244.9799957,240.5899963,241.3300018,236.4574432,3187800
ACN,11/18/2025,241.0599976,241.75,237.4299927,240,235.1542969,3375300
ACN,11/19/2025,240,244.3800049,240,241.0800018,236.2124786,2554600
ACN,11/20/2025,242.7899933,244.75,239.5399933,240.7899933,235.9283295,2905500
ACN,11/21/2025,241.8800049,253.9700012,241.2899933,251.8500061,246.7650299,5959400
ACN,11/24/2025,250.9900055,251.3300018,243.2400055,243.6199951,238.7012024,5596900
ACN,11/25/2025,245,251.6799927,245,249.2299957,244.1979218,3664500
ACN,11/26/2025,250.2799988,251.9400024,246.8899994,247.8500061,242.8457947,2389100
ACN,11/28/2025,247.4900055,251.4499969,245.1300049,250,244.9523926,1493700
ACN,12/1/2025,253.1300049,258.8999939,251.0200043,257.4299927,252.2323608,5025100
ACN,12/2/2025,257.7999878,262.9599915,257,261.019989,255.7498779,4966400
ACN,12/3/2025,261.980011,274.0599976,261.75,272.8500061,267.3410339,6961900
ACN,12/4/2025,276.2999878,280.7099915,269.1700134,269.3399963,263.901886,4119400
ACN,12/5/2025,268.1000061,271,266.0700073,266.5899963,261.207428,3785400
ACN,12/8/2025,265.730011,268.6300049,265.0100098,266.5,261.1192627,3218800
ACN,12/9/2025,267.9299927,272.3999939,267.25,269.5299988,264.0880737,3515000
ACN,12/10/2025,268.3800049,273.6400146,268.0499878,272.2200012,266.7237549,3580500
ACN,12/11/2025,273.1700134,277.6499939,269.7099915,270.3699951,264.9111023,4063100
ACN,12/12/2025,271.9599915,273.4400024,270.2999878,271.5599976,266.0770569,2983800
ACN,12/15/2025,276,276.3999939,271.019989,274.6600037,269.1144714,4041700
ACN,12/16/2025,281.1300049,281.1300049,270.8299866,272.0400085,266.5473938,5503300
ACN,12/17/2025,272.6499939,279.3800049,272,273.7399902,268.2130737,5586800
ACN,12/18/2025,265,272.3699951,261.5,269.9599915,264.5093689,6923200
ACN,12/19/2025,270,276.8099976,270,272.25,266.7531433,8375700
ACN,12/22/2025,271.6099854,272.7999878,267.8500061,270.6700134,265.2050781,3289500
ACN,12/23/2025,269.8200073,271.6700134,268.7799988,270.769989,265.303009,2598800
ACN,12/24/2025,270.0299988,271.9200134,269.7399902,269.980011,264.5289917,1062700
ACN,12/26/2025,269.8999939,271.75,269.5,271.0899963,265.6165771,1411900
ACN,12/29/2025,270.980011,273.269989,269.9500122,271.3399963,265.8615112,2753800
ACN,12/30/2025,270.4299927,272.4200134,269.519989,270,264.5485535,1784800
ACN,12/31/2025,269.7399902,270.9299927,268.2999878,268.2999878,262.8829041,1973000
ACN,1/2/2026,268.7900085,269.8399963,258,259.9500122,254.7015076,4899900
ACN,1/5/2026,260.8299866,266.75,259.480011,263.980011,258.650116,3538200
ACN,1/6/2026,263.0299988,275.9899902,262.0899963,275.9299927,270.3588257,4080100
ACN,1/7/2026,276.0100098,281.8699951,271.8900146,273.980011,268.4482422,4303300
ACN,1/8/2026,272.25,286.5700073,272.1199951,281.8200073,276.1299133,5268900
ACN,1/9/2026,281.9599915,284.3999939,277.3299866,280.6700134,275.0031433,3135900
ACN,1/12/2026,279.5400085,281.3900146,276.6099854,280.9599915,275.287262,4086400
ACN,1/13/2026,278.8999939,280.5,273,276.7999878,271.2112732,3622800
ACN,1/14/2026,276.6099854,291.0899963,276.1799927,288.5400085,282.7142639,6421700
ACN,1/15/2026,287.9299927,290.6700134,285.2099915,287.769989,281.9597778,5743500
ACN,1/16/2026,285.4299927,289.1600037,280.7399902,286.2099915,280.4312744,5702500
ACN,1/20/2026,282.4400024,287.269989,272.2200012,272.7099915,267.2038574,5656100
ACN,1/21/2026,275,285.5400085,274.9500122,280.7200012,275.052124,4232200
ACN,1/22/2026,283.8299866,289,283.3900146,285.0899963,279.3338928,4379200
ACN,1/23/2026,284.3399963,285.9400024,279.6799927,281.0700073,275.3950806,2565300
ACN,1/26/2026,283.25,284.5899963,276.1400146,280.7099915,275.0423279,3169300
ACN,1/27/2026,280,280,274.1600037,275.7999878,270.2314453,2937100
ACN,1/28/2026,275.8200073,278.6600037,267.8599854,270.4299927,264.9698792,3735200
ACN,1/29/2026,269.4700012,271.2000122,257.3699951,261.2200012,255.9458618,8227500
ACN,1/30/2026,261.2200012,264.5400085,259.8999939,263.6400146,258.3170166,5457900
ACN,2/2/2026,263.5400085,269.1499939,262.1499939,266.7900085,261.4034119,3427300
ACN,2/3/2026,249.4400024,251.5500031,238.1399994,241.2100067,236.3398743,9119200
ACN,2/4/2026,237.8399963,245.0700073,231.8500061,241.6499939,236.7709656,7633800
ACN,2/5/2026,240.4700012,244.7299957,232.7299957,233.5800018,228.8639221,6108300
ACN,2/6/2026,232.3000031,241.0899963,232,240.6199951,235.7617645,5026300
ACN,2/9/2026,235.5899963,239,231.8600006,236.7599945,231.9797058,4770300
ACN,2/10/2026,237.4700012,243.6000061,235,240.8600006,235.996933,5673200
ACN,2/11/2026,241.9199982,242.3099976,228.8300018,230.4299927,225.7774963,6076200
ACN,2/12/2026,230.25,230.25,215.1600037,222.0500031,217.5667114,9719900
ACN,2/13/2026,223.2100067,227.3099976,220.9199982,224.2299957,219.7026825,7644400
ACN,2/17/2026,225.6199951,229.1100006,217.3300018,219.8899994,215.4503174,7431600
ACN,2/18/2026,219.4199982,224.2599945,217.1600037,223.6100006,219.0952148,4968700
ACN,2/19/2026,215,216.2799988,211.0599976,214.9499969,210.6100464,8040700
ACN,2/20/2026,213.5399933,218.4700012,211.9400024,215.3500061,211.0019836,5932400
ACN,2/23/2026,212.1199951,214.0200043,199.1000061,201.1799927,197.1180725,10007300
ACN,2/24/2026,200.5399933,204.3000031,196.0899963,196.7299957,192.7579193,11119600
ACN,2/25/2026,196.3600006,196.8200073,188.7299957,191.5,187.6335297,14156500
ACN,2/26/2026,194,207.4900055,193.9900055,207.3800049,203.1929016,10834000
ACN,2/27/2026,204.1699982,208.8600006,199.2599945,208.7200012,204.5058594,7929300
ACN,3/2/2026,205.2400055,209.1499939,204.3200073,205.9299927,201.772171,7263300
ACN,3/3/2026,203,213.25,203,209.8899994,205.6522217,5818700
ACN,3/4/2026,211.8000031,215.5399933,208.6100006,210,205.7599945,5549200
ACN,3/5/2026,209.8000031,216.6600037,209.3000031,214,209.679245,7438800
ACN,3/6/2026,215.2100067,218.6000061,212,215,210.6590576,6495300
ACN,3/9/2026,212.8399963,215.6499939,205.8300018,209.3600006,205.1329193,7849100
ACN,3/10/2026,208.6100006,208.6100006,199.7400055,201.6300049,197.5590057,5163000
ACN,3/11/2026,203.4499969,206.6799927,197.6600037,201.4799957,197.4120331,5132300
ACN,3/12/2026,201,205,195.4799957,196.0500031,192.0916595,7049600
ACN,3/13/2026,197.3399963,200.4100037,195.0700073,196.6499939,192.6795349,4223300
ACN,3/16/2026,197.4900055,200.4700012,195.6399994,199.3099976,195.2858429,7832700
ACN,3/17/2026,200.25,204.9400024,198.0700073,198.6600037,194.6489716,5729500
ACN,3/18/2026,198.75,199.8000031,194.2599945,195.1499939,191.2098236,8070100
ACN,3/19/2026,187,207.9799957,187,203.5500031,199.4402313,10613700
ACN,3/20/2026,203.5,207.4199982,198.4900055,199.9900055,195.9521179,44335900
ACN,3/23/2026,203.6300049,204.4499969,198.7200012,200.0200043,195.9815063,4827900
ACN,3/24/2026,197.5700073,198.4799957,190.6499939,193.5399933,189.6323242,5113700
ACN,3/25/2026,195.4900055,197.2400055,188.6699982,192.2899933,188.4075623,4371200
ACN,3/26/2026,191.4700012,197.6000061,190.9600067,196.4199982,192.4541779,4916500
ACN,3/27/2026,195,195.5399933,190.2700043,192.6000061,188.711319,4890100
ACN,3/30/2026,195,198.5700073,194.2100067,197.5500031,193.5613708,4636500
ACN,3/31/2026,200,201.5,195.9299927,198.2899933,194.286438,6907300
ACN,4/1/2026,197.1399994,198.5,192,197.0599976,193.0812531,4810200
ACN,4/2/2026,197.6199951,201.3300018,195.2899933,201.3300018,197.2650452,5518700
ACN,4/6/2026,200.9600067,201.7200012,195.3399963,198.9499969,194.9331055,5501600
ACN,4/7/2026,198.9799957,200.2700043,196.5099945,197.3000031,193.3164215,3803000
ACN,4/8/2026,200.9400024,202.1600037,193.5299988,193.8399963,189.9262695,4952200
ACN,4/9/2026,190.75,190.75,182.3800049,186.0299988,183.8197174,6064900
ACN,4/10/2026,185.8300018,185.9799957,177.5,179.5299988,177.3969421,7261000
ACN,4/13/2026,180.9799957,192.0399933,180.3699951,191.9499969,189.6693726,6681800
ACN,4/14/2026,192.7200012,194.3000031,189.5099945,190.3699951,188.108139,4629600
ACN,4/15/2026,193.0099945,196.4499969,191.5099945,194,191.6950226,4433600
ACN,4/16/2026,196.2400055,196.6900024,191.2899933,194,191.6950226,4849400
ACN,4/17/2026,195.8600006,199.6499939,195.8099976,197.6499939,195.301651,4501400
ACN,4/20/2026,197.2299957,199.5800018,193.9799957,195.0599976,192.7424164,4626800
ACN,4/21/2026,195.1499939,199.5299988,193.7799988,194.4199982,192.1100311,4203000
ACN,4/22/2026,193.1300049,194.7599945,188.1900024,190.1000061,187.8413544,4081800
ACN,4/23/2026,181,181.3899994,174.8699951,178.2799988,176.1617889,7387200
ACN,4/24/2026,178.75,179.9499969,173.8399963,178.3600006,176.2408447,4568800
ACN,4/27/2026,178,181.9400024,176.6300049,176.9700012,174.8673553,4411700
ACN,4/28/2026,178.6000061,181.3399963,176.9900055,177.75,175.638092,4426600
ACN,4/29/2026,176.5700073,180.4799957,175.5700073,180.2599945,178.1182556,5171900
ACN,4/30/2026,178.3200073,178.9900055,173.6499939,178.7100067,176.5866852,6033700
ACN,5/1/2026,181.3000031,183.8999939,177.0099945,179.8300018,177.6933746,3708700
ACN,5/4/2026,179.9799957,182.3399963,177.7599945,180.1199951,177.9799194,6087200
ACN,5/5/2026,180.4299927,180.4299927,173.5599976,179.0099945,176.8831177,5134500
ACN,5/6/2026,179.5,179.5,173.5200043,174.5700073,172.4958801,6813000
ACN,5/7/2026,176.0800018,180.7400055,175.6300049,180.1900024,178.0491028,6330000
ACN,5/8/2026,178.0299988,181.1399994,172.5200043,180.4199982,178.2763672,5696000
ACN,5/11/2026,180.4900055,181.2899933,172.2200012,172.3500061,170.3022614,4624400
ACN,5/12/2026,174,175,169.7599945,169.7700043,167.7529144,5451900
ACN,5/13/2026,167.5200043,168.1499939,155.8200073,159.6399994,157.7432556,13901900
ACN,5/14/2026,162,166.0700073,160.5,163.9900055,162.0415802,8723100
ACN,5/15/2026,167.4700012,169.6000061,164.9299927,168.8200073,166.8141937,4996700
ACN,5/18/2026,167.75,177.5500031,165.8699951,177.5500031,175.4404755,5367600
ACN,5/19/2026,180,184.7899933,176.1699982,176.8000031,174.6993866,7191600
ACN,5/20/2026,175,180.5099945,170.2799988,179.2200012,177.0906219,4239100
ACN,5/21/2026,176.8200073,178.4700012,173.1300049,177.8699951,175.7566528,3514600
ACN,5/22/2026,179.0099945,182.6999969,177.1699982,179.2400055,177.1103973,3450300
ACN,5/26/2026,178,178.6499939,173.8399963,177,174.8970032,3822100
ACN,5/27/2026,177,179.6100006,176.0399933,176.3600006,174.2646027,5272300
ACN,5/28/2026,178.1399994,179.8399963,175.3300018,178.3999939,176.280365,4105400
ACN,5/29/2026,178.6300049,188.2400055,175.4400024,187.0700073,184.8473663,10778700
ACN,6/1/2026,193.4400024,198,188.9900055,196.5899963,194.2542419,7179500
ACN,6/2/2026,190.6900024,191.8999939,183.4100037,186.2200012,184.0074615,5282800
ACN,6/3/2026,183.1600037,184,176.3699951,177.4299927,175.3218842,4955500
ACN,6/4/2026,183.6799927,185,177.5899963,178.8600006,176.7349091,4395400
ACN,6/5/2026,180.9100037,183.1799927,176.3300018,178.25,176.1321564,3745700
ACN,6/8/2026,176.9499969,180.1799927,174.3699951,174.4299927,172.3575287,3795700
ACN,6/9/2026,173.4600067,176.3600006,170.3300018,173.4700012,171.4089355,4426900
ACN,6/10/2026,170.1000061,173.5299988,167.8500061,170.5,168.4742279,3320600
ACN,6/11/2026,167.1000061,170.8399963,163.5800018,167.5200043,165.5296478,5257500
ACN,6/12/2026,168.4400024,171.7700043,164.6499939,170.2799988,168.2568359,4040100
ACN,6/15/2026,167.6000061,172.5899963,165.0500031,165.3600006,163.3952942,6026500
ACN,6/16/2026,165.6300049,169.7899933,165.0299988,165.5200043,163.5534058,4422600
ACN,6/17/2026,164.8999939,166.8699951,155.9100037,156.0099945,154.1563873,7563200
ACN,6/18/2026,126.5,134.6999969,125.5999985,127.9800034,126.4594269,41744300
ACN,6/22/2026,125,125.8399963,118.1500015,124.8300018,123.3468552,27630900
ACN,6/23/2026,124.7900009,127.8300018,124.4199982,127.0100021,125.5009537,23534700
ACN,6/24/2026,126.4899979,131.8800049,125.8000031,129.1499939,127.6155167,13775200
ACN,6/25/2026,128.3500061,129.8000031,125.6800003,125.8199997,124.3250885,20977600
ACN,6/26/2026,126.25,129.25,125.7099991,128.9799957,127.4475403,14148700
ACN,6/29/2026,130.5800018,132.3800049,124.4400024,124.7399979,123.2579193,17088300
ACN,6/30/2026,123.2600021,125.4800034,121.7799988,124.4400024,122.9614868,10984400
ACN,7/1/2026,126.1999969,133.8099976,126.0500031,131.1300049,129.5720062,14977700
ACN,7/2/2026,133.1399994,138.8999939,132.9400024,137.3500061,135.7181091,13837800
ACN,7/6/2026,135.9600067,138.1100006,133.5,136.9600067,135.3327332,6974800
ACN,7/7/2026,140.3999939,143.9700012,140.3899994,142.1399994,140.4511871,8702700
ACN,7/8/2026,139.75,141.6300049,137.1600037,137.1900024,135.5599976,6861700
ACN,7/9/2026,130.9400024,139.1300049,129.5,139.0599976,139.0599976,7003100
ACN,7/10/2026,141.3699951,142.4499969,134.8500061,135.2299957,135.2299957,7632600
ACN,7/13/2026,139.1000061,141.7400055,136.1000061,138.5200043,138.5200043,5377400
ACN,7/14/2026,130.4799957,137.75,129.9600067,134.5599976,134.5599976,6876400
ACN,7/15/2026,137.0099945,139.5399933,135.9299927,137.0200043,137.0200043,10189100
ACN,7/16/2026,138.9299927,145.5200043,135.5,144.6100006,144.6100006,9515800
ACN,7/17/2026,145,147.4199982,139.7200012,143.5700073,143.5700073,10575100
ACN,7/20/2026,142.8399963,145.5899963,140,144.7299957,144.7299957,8070300
ACN,7/21/2026,141.3300018,144.4199982,140.3099976,140.8600006,140.8600006,4771000
ACN,7/22/2026,140.8200073,143.4900055,138.8999939,140.0899963,140.0899963,4768300
ACN,7/23/2026,139,139.3000031,135.9600067,138.7400055,138.7400055,10362500
ACN,7/24/2026,142.5,147.5299988,140.7100067,146.9900055,146.9900055,6570600
ACN,7/27/2026,150.1999969,156.8399963,149.5800018,154.0599976,154.0599976,7771400
ACN,7/28/2026,156.9499969,167.75,156.9499969,164.6600037,164.6600037,10614800
ACN,7/29/2026,165,176.3999939,163.8600006,173.1699982,173.1699982,10917200
ACN,7/30/2026,166.7299957,166.7299957,159.9600067,163.2899933,163.2899933,8643800
ACN,7/31/2026,160.8200073,166.9400024,159.1999969,165.9199982,165.9199982,9389200
ACN,8/3/2026,170.3699951,171.4700012,165.4400024,165.7599945,165.7599945,6741900
ACN,8/4/2026,160.6399994,171.3000031,160.3999939,170.4299927,170.4299927,5792900
ACN,8/5/2026,172.25,173.2700043,167.4400024,170.7299957,170.7299957,5395900
ACN,8/6/2026,160.2100067,171.4700012,157.7599945,171.1100006,171.1100006,5206000
ACN,8/7/2026,171.1300049,176.3300018,170.5700073,175.7200012,175.7200012,3678000
ACN,8/10/2026,174.4600067,179.6600037,172.5500031,178.25,178.25,3974700
ACN,8/11/2026,176.8300018,180.3000031,175.5500031,179.8200073,179.8200073,3900000
ACN,8/12/2026,176.0299988,180.1499939,173.8200073,180.1399994,180.1399994,5626900
ACN,8/13/2026,181.6799927,185.8000031,177,178.4900055,178.4900055,9336300
ACN,8/14/2026,180.0399933,180.5,173.9100037,176.8899994,176.8899994,6291000
ACN,8/17/2026,173,175.5200043,169.75,169.9799957,169.9799957,5041100
ACN,8/18/2026,172.8600006,176.9299927,170.4299927,172.9299927,172.9299927,5995600
ACN,8/19/2026,172.3500061,185.7700043,172.3500061,183.1699982,183.1699982,5660500
ACN,8/20/2026,182.2100067,187.1399994,181.1699982,181.3500061,181.3500061,4383300
ACN,8/21/2026,180.9799957,188.4499969,180.0200043,185.2799988,185.2799988,4837600
ACN,8/24/2026,184.6399994,188.0800018,183.4299927,186.5299988,186.5299988,7346300
ACN,8/25/2026,183.7799988,188,182.3300018,186.9299927,186.9299927,4071800
ACN,8/26/2026,182.3500061,185.8399963,180.7899933,181.3800049,181.3800049,4376500
ACN,8/27/2026,184.1000061,189.9299927,183.5099945,187.3800049,187.3800049,4930200
ACN,8/28/2026,189.3399963,191.8999939,188.6699982,189.6100006,189.6100006,4840700
ACN,8/31/2026,188.3200073,191.4600067,186.7599945,189.7599945,189.7599945,4194000
ACN,9/1/2026,187.3200073,190.5,186.9900055,188.0899963,188.0899963,3409500
ACN,9/2/2026,186.3099976,190.0500031,185.4400024,187.6799927,187.6799927,2876300
ACN,9/3/2026,190,195.3200073,189.0899963,193.1199951,193.1199951,5420300
ACN,9/4/2026,192,192.1699982,186.0200043,186.7200012,186.7200012,5103400
ACN,9/8/2026,184.3500061,184.3500061,177.0399933,179.0299988,179.0299988,6099500
ACN,9/9/2026,178.6100006,180.9700012,175.6000061,175.8000031,175.8000031,3981100
ACN,9/10/2026,177.6300049,179.3899994,175.4900055,177.9100037,177.9100037,3961100
ACN,9/11/2026,179.0500031,184.1199951,178.2899933,183.8999939,183.8999939,2886800
ACN,9/14/2026,190.5500031,195.4700012,187.7799988,195,195,5322100
ACN,9/15/2026,190.5299988,197.6300049,190.0800018,193.3999939,193.3999939,5748700
ACN,9/16/2026,190.0399933,192,188.1799927,189.6399994,189.6399994,3317200
ACN,9/17/2026,189.9400024,192.1100006,188.8999939,190.2899933,190.2899933,2935900
ACN,9/18/2026,188.5800018,189.4799957,180.6999969,181.2899933,181.2899933,11664700
ACN,9/21/2026,187,193.75,184.9900055,186.1100006,186.1100006,7418300
ACN,9/22/2026,189.3800049,190.2400055,182.1600037,183.7200012,183.7200012,3878300
ACN,9/23/2026,185.5,188.2799988,182.5599976,183.5200043,183.5200043,4021400
ACN,9/24/2026,185.75,186.3399963,176.8699951,177.4100037,177.4100037,4634600
ACN,9/25/2026,177.1300049,180.0500031,175.7400055,176.1100006,176.1100006,4960100
ACN,9/28/2026,173.5099945,177.0800018,172.3000031,174.4700012,174.4700012,5499800
ACN,9/29/2026,173.0899963,177.7700043,172.1100006,177.1199951,177.1199951,6358600
ACN,9/30/2026,178.1000061,184.3000031,177.7400055,183.3699951,183.3699951,10531000
ACN,10/1/2026,215.9799957,227.6300049,211.0399933,212.3000031,212.3000031,28979200
ACN,10/2/2026,211.0200043,213.3099976,198.3600006,198.8999939,198.8999939,10032300
EPAM,1/3/2022,670.3200073,675.3400269,638.1199951,642.2000122,642.2000122,433200
EPAM,1/4/2022,641.210022,646.1599731,607.9500122,618.710022,618.710022,509100
EPAM,1/5/2022,605.8499756,625.460022,587.1099854,587.7999878,587.7999878,581100
EPAM,1/6/2022,579.4500122,590.8099976,570.4799805,579.0499878,579.0499878,616200
EPAM,1/7/2022,578.9299927,584.6900024,555.0100098,556.6799927,556.6799927,471100
EPAM,1/10/2022,540.2399902,545.8599854,531.039978,545.8499756,545.8499756,966600
EPAM,1/11/2022,547.3200073,560.710022,545.5100098,559.4000244,559.4000244,405900
EPAM,1/12/2022,566,581.5599976,565.4799805,571.1099854,571.1099854,598600
EPAM,1/13/2022,571.1099854,576.3699951,540.4899902,540.6199951,540.6199951,520600
EPAM,1/14/2022,536.6500244,546.2700195,527.3800049,543.0599976,543.0599976,488800
EPAM,1/18/2022,528.5800171,531.2600098,504.019989,505.9500122,505.9500122,732100
EPAM,1/19/2022,505,523.0300293,492.1199951,493.980011,493.980011,797600
EPAM,1/20/2022,497,508.6700134,484.6499939,486.0700073,486.0700073,709700
EPAM,1/21/2022,479.6700134,486.1700134,464.4599915,464.7099915,464.7099915,644000
EPAM,1/24/2022,447.8399963,469.4200134,433.2099915,468.4100037,468.4100037,1182300
EPAM,1/25/2022,462.1099854,462.1099854,439,445.9100037,445.9100037,450800
EPAM,1/26/2022,459.9100037,469.1499939,431.9700012,435.5499878,435.5499878,703400
EPAM,1/27/2022,446.0700073,454,431.8900146,433.4100037,433.4100037,519600
EPAM,1/28/2022,434.980011,451.5599976,423.5400085,451.1000061,451.1000061,549800
EPAM,1/31/2022,453.8800049,476.9100037,453.8800049,476.1400146,476.1400146,509300
EPAM,2/1/2022,481,485.7099915,471.269989,484.3599854,484.3599854,367400
EPAM,2/2/2022,486.9899902,496.3999939,473.3800049,474.9500122,474.9500122,507900
EPAM,2/3/2022,456.8299866,463.9400024,442.2099915,443.519989,443.519989,778400
EPAM,2/4/2022,444.4700012,458.9200134,443.5599976,453.6799927,453.6799927,554900
EPAM,2/7/2022,452.9700012,461.5,446.1900024,448.0899963,448.0899963,307000
EPAM,2/8/2022,443.3999939,459.1499939,437.0299988,456.0400085,456.0400085,364400
EPAM,2/9/2022,466.1799927,478.8800049,466.1799927,478.5100098,478.5100098,325200
EPAM,2/10/2022,459.8099976,486.5,459,470.4200134,470.4200134,528300
EPAM,2/11/2022,472.6199951,476.75,422.8099976,426.1400146,426.1400146,950200
EPAM,2/14/2022,422.6300049,436.9500122,417.9599915,427.9500122,427.9500122,590900
EPAM,2/15/2022,442.1000061,463.2900085,442.1000061,462.5400085,462.5400085,833100
EPAM,2/16/2022,452.9899902,455.1499939,441.2000122,450.3900146,450.3900146,671500
EPAM,2/17/2022,470.25,478.8800049,438.2099915,440.9899902,440.9899902,775200
EPAM,2/18/2022,446.25,453.7799988,432.1000061,443.230011,443.230011,609200
EPAM,2/22/2022,430.7200012,436.1900024,422.7200012,427.7399902,427.7399902,743200
EPAM,2/23/2022,430.3099976,439.9899902,417.7999878,418.230011,418.230011,946500
EPAM,2/24/2022,350,385.0400085,347.4599915,382.2799988,382.2799988,2561100
EPAM,2/25/2022,386.4899902,395.6199951,375.0100098,382.4299927,382.4299927,1673400
EPAM,2/28/2022,351.4400024,355.7600098,198.25,207.75,207.75,10220800
EPAM,3/1/2022,212.7100067,231.3699951,195.0099945,211.2100067,211.2100067,6847700
EPAM,3/2/2022,218.0800018,251.9900055,217.2100067,245.1699982,245.1699982,3143300
EPAM,3/3/2022,246.9600067,252,210.7599945,212.9799957,212.9799957,2569800
EPAM,3/4/2022,211.0099945,219.6799927,197.0599976,198.5200043,198.5200043,1554700
EPAM,3/7/2022,201.1100006,201.1100006,174.5899963,174.8000031,174.8000031,2703400
EPAM,3/8/2022,175.3200073,193.7200012,168.5899963,186.75,186.75,3329200
EPAM,3/9/2022,200.4799957,200.9299927,187.1600037,198.4100037,198.4100037,2247000
EPAM,3/10/2022,195.1399994,196.3099976,184.5099945,188.7599945,188.7599945,1227100
EPAM,3/11/2022,196.7799988,207.8399963,189.3200073,200.1399994,200.1399994,1613800
EPAM,3/14/2022,198.4799957,221.2799988,198.4799957,220,220,2144200
EPAM,3/15/2022,216.9299927,228.6100006,210.9199982,225.0399933,225.0399933,2451300
EPAM,3/16/2022,233.5099945,284.5,232.3000031,281.7200012,281.7200012,3724600
EPAM,3/17/2022,270.4700012,275.7099915,261.9700012,273.1900024,273.1900024,1484900
EPAM,3/18/2022,273.230011,300.2200012,271.8399963,294.4700012,294.4700012,2817800
EPAM,3/21/2022,293.4100037,295.5,277.0799866,284.0499878,284.0499878,1890800
EPAM,3/22/2022,283.3900146,304.4500122,283.3900146,303.5400085,303.5400085,1131200
EPAM,3/23/2022,298.8599854,308,294.7900085,306.6499939,306.6499939,1785700
EPAM,3/24/2022,304,305.3999939,285.8599854,288.0499878,288.0499878,1820400
EPAM,3/25/2022,291.8500061,291.8500061,260.1099854,266.75,266.75,1226900
EPAM,3/28/2022,270,279.980011,264.1000061,275.1900024,275.1900024,1263000
EPAM,3/29/2022,308,330,299.8699951,307.0499878,307.0499878,1985000
EPAM,3/30/2022,298.3299866,298.5,290.5100098,293,293,875100
EPAM,3/31/2022,294.6600037,311.8599854,291.4700012,296.6099854,296.6099854,1185100
EPAM,4/1/2022,297.3699951,303.8299866,285.8500061,287.0400085,287.0400085,701800
EPAM,4/4/2022,291.4700012,298.6099854,286.4200134,297.9400024,297.9400024,602000
EPAM,4/5/2022,294.0499878,294.2200012,274.7399902,282.3900146,282.3900146,799000
EPAM,4/6/2022,276.0100098,280.8399963,269.8900146,275.4700012,275.4700012,579500
EPAM,4/7/2022,273,285.5799866,272.1199951,280.2900085,280.2900085,530200
EPAM,4/8/2022,283.5599976,321.2099915,280,308.6900024,308.6900024,1595600
EPAM,4/11/2022,310,312,298.7200012,305.3699951,305.3699951,921000
EPAM,4/12/2022,304.5599976,313.3800049,293.230011,298.1300049,298.1300049,615500
EPAM,4/13/2022,298.6700134,312.980011,291.2399902,307.9899902,307.9899902,654900
EPAM,4/14/2022,308.1499939,312.7900085,289.2600098,290.0599976,290.0599976,664700
EPAM,4/18/2022,286.3699951,290.2099915,276.5100098,281.2000122,281.2000122,611400
EPAM,4/19/2022,281.7099915,299.5,280,297.980011,297.980011,619200
EPAM,4/20/2022,301.480011,303.7000122,286.9299927,289.6099854,289.6099854,568800
EPAM,4/21/2022,298.2999878,302,285.3999939,286.8399963,286.8399963,493700
EPAM,4/22/2022,285.2900085,286.2099915,275.75,276.7600098,276.7600098,718900
EPAM,4/25/2022,271.1799927,280.6700134,270.4299927,280.0700073,280.0700073,487700
EPAM,4/26/2022,278.2999878,280,263.7399902,264.980011,264.980011,536200
EPAM,4/27/2022,266.9599915,276.9599915,260.6799927,266.8200073,266.8200073,490900
EPAM,4/28/2022,273.6799927,285.2600098,264.269989,281,281,537200
EPAM,4/29/2022,278.7000122,282.8699951,263.6600037,264.9899902,264.9899902,534700
EPAM,5/2/2022,268.2099915,288.7900085,265.3800049,288.5,288.5,1030600
EPAM,5/3/2022,286.1499939,305.2399902,286.1499939,297,297,1174500
EPAM,5/4/2022,295.3200073,316.7999878,286.25,312.6000061,312.6000061,1294600
EPAM,5/5/2022,340.6799927,364.6499939,333.269989,346,346,2603500
EPAM,5/6/2022,352.019989,362.2600098,335.9100037,347,347,1625500
EPAM,5/9/2022,333.8399963,338.7600098,301,317.8900146,317.8900146,1774300
EPAM,5/10/2022,321.7000122,325.9299927,300.4200134,319.6199951,319.6199951,739100
EPAM,5/11/2022,312.5299988,327.8800049,295.0299988,296.0599976,296.0599976,723200
EPAM,5/12/2022,286.8900146,307.8800049,282.2799988,294.5,294.5,883500
EPAM,5/13/2022,298.019989,323.7099915,298.019989,319.25,319.25,579600
EPAM,5/16/2022,315.2600098,318.2600098,305.8200073,310.7999878,310.7999878,546600
EPAM,5/17/2022,317.8900146,319.8200073,309.1900024,312.6700134,312.6700134,529500
EPAM,5/18/2022,305.0299988,315.1199951,304,313,313,831000
EPAM,5/19/2022,311,336.6600037,309.9899902,326.980011,326.980011,844500
EPAM,5/20/2022,329.9100037,335,318.4200134,320.3900146,320.3900146,1491300
EPAM,5/23/2022,317.9700012,327.9100037,310.6799927,314.6600037,314.6600037,723500
EPAM,5/24/2022,305,312.3900146,292.5100098,308.8699951,308.8699951,850500
EPAM,5/25/2022,304.2900085,312.769989,295.730011,305.480011,305.480011,834200
EPAM,5/26/2022,304.0400085,324.4400024,302.7099915,322.8599854,322.8599854,713100
EPAM,5/27/2022,323.019989,343.2000122,323,340.3500061,340.3500061,829500
EPAM,5/31/2022,339.2200012,340.3599854,323.5100098,338.519989,338.519989,1435900
EPAM,6/1/2022,338.6799927,346.519989,319.1300049,326.2799988,326.2799988,579100
EPAM,6/2/2022,329.2999878,349.4400024,329.2099915,347.7399902,347.7399902,476300
EPAM,6/3/2022,338.5299988,345.6300049,331.0100098,332.3399963,332.3399963,437700
EPAM,6/6/2022,339.2999878,342.7099915,327.75,332.0899963,332.0899963,338800
EPAM,6/7/2022,328.7999878,347.1000061,327.5599976,341.6700134,341.6700134,369100
EPAM,6/8/2022,338.7999878,344.0899963,329.4400024,330.7000122,330.7000122,632600
EPAM,6/9/2022,327.8200073,330.8999939,316.019989,316.6000061,316.6000061,426800
EPAM,6/10/2022,311.8500061,313.7099915,303.1099854,303.4899902,303.4899902,438400
EPAM,6/13/2022,297,299.980011,283.5799866,284.1099854,284.1099854,734500
EPAM,6/14/2022,286.1199951,286.9100037,273.4200134,278.3599854,278.3599854,983200
EPAM,6/15/2022,281.1499939,295.7000122,279.9299927,289.769989,289.769989,578500
EPAM,6/16/2022,279.019989,287.4599915,270.3200073,286.1600037,286.1600037,696500
EPAM,6/17/2022,289.5499878,305.230011,282.5400085,295.6799927,295.6799927,1292100
EPAM,6/21/2022,303.6700134,311.1799927,299.6700134,300.2999878,300.2999878,633000
EPAM,6/22/2022,290.5899963,313.1000061,290.5899963,309.4400024,309.4400024,365200
EPAM,6/23/2022,309.0700073,332.1099854,308.5499878,327.7200012,327.7200012,591300
EPAM,6/24/2022,324.230011,333.1700134,321.5499878,326.0100098,326.0100098,676300
EPAM,6/27/2022,332.9899902,333.9899902,320.1600037,324.8099976,324.8099976,341400
EPAM,6/28/2022,319.480011,327.3500061,308.8800049,311.5100098,311.5100098,477700
EPAM,6/29/2022,306.7600098,308.3800049,299.4200134,307.3699951,307.3699951,502800
EPAM,6/30/2022,300.6499939,301.3200073,290.3200073,294.7799988,294.7799988,638700
EPAM,7/1/2022,296.6499939,303.5299988,294.4599915,302.1199951,302.1199951,414000
EPAM,7/5/2022,299.3999939,310.6400146,296.8699951,310.6400146,310.6400146,377600
EPAM,7/6/2022,309.8599854,318.9899902,308.6099854,311.9400024,311.9400024,415400
EPAM,7/7/2022,313,331.6000061,313,329.1099854,329.1099854,416700
EPAM,7/8/2022,327.480011,329.1000061,319.25,321.019989,321.019989,320700
EPAM,7/11/2022,314.4299927,318.0799866,309.4700012,317.1400146,317.1400146,400000
EPAM,7/12/2022,319.1700134,329.6700134,302.0499878,304.75,304.75,507600
EPAM,7/13/2022,299,311.3200073,297.2600098,302.3900146,302.3900146,306900
EPAM,7/14/2022,298.4400024,299.769989,291.4299927,298.0299988,298.0299988,303300
EPAM,7/15/2022,305.769989,308.3800049,299.4400024,302.5599976,302.5599976,321400
EPAM,7/18/2022,307.2999878,312.3200073,304.2999878,305.8599854,305.8599854,374700
EPAM,7/19/2022,311.8599854,325.2999878,309.1400146,323.4200134,323.4200134,475800
EPAM,7/20/2022,323.5100098,327.4899902,316.5700073,317.5499878,317.5499878,435500
EPAM,7/21/2022,314.8800049,333.4400024,312.4400024,330.9200134,330.9200134,524300
EPAM,7/22/2022,331.7999878,336.019989,319.8999939,323.2999878,323.2999878,290300
EPAM,7/25/2022,324.1799927,324.1799927,311.0100098,320.1700134,320.1700134,237700
EPAM,7/26/2022,317.9500122,317.9500122,309.6499939,313.2099915,313.2099915,226700
EPAM,7/27/2022,320.1199951,326.4599915,318.4899902,325.6300049,325.6300049,406500
EPAM,7/28/2022,325.2799988,348.1400146,324.7600098,342.7900085,342.7900085,535700
EPAM,7/29/2022,342.0899963,349.6700134,338.2900085,349.25,349.25,394200
EPAM,8/1/2022,344.5899963,367.4700012,343.0799866,366.4200134,366.4200134,505700
EPAM,8/2/2022,362.5400085,371.7200012,357.9500122,364.3299866,364.3299866,398800
EPAM,8/3/2022,366.6499939,374.5400085,365.4599915,370.0299988,370.0299988,459200
EPAM,8/4/2022,395.2200012,417.1900024,393,415.3900146,415.3900146,1165000
EPAM,8/5/2022,405.2000122,437.3299866,404.2099915,427.3900146,427.3900146,856500
EPAM,8/8/2022,428.1799927,434.1600037,423.230011,427.6400146,427.6400146,483300
EPAM,8/9/2022,424.1199951,429.2200012,416.1199951,419.519989,419.519989,648000
EPAM,8/10/2022,437.3900146,445.6499939,434.6799927,440.9200134,440.9200134,815300
EPAM,8/11/2022,444,445.6300049,434.1199951,435.6099854,435.6099854,557800
EPAM,8/12/2022,439.6300049,446.9400024,433.1499939,444.9100037,444.9100037,254000
EPAM,8/15/2022,438.1400146,451.480011,435.9899902,448.5299988,448.5299988,277100
EPAM,8/16/2022,442.1900024,451.2399902,442.0299988,447.5,447.5,451000
EPAM,8/17/2022,440,457.9599915,439.9700012,457.9500122,457.9500122,692600
EPAM,8/18/2022,455.3099976,462.9899902,447.6499939,449.2000122,449.2000122,603500
EPAM,8/19/2022,444.3699951,453.2099915,440.5299988,442.5499878,442.5499878,483000
EPAM,8/22/2022,431.8500061,444.3099976,427.0100098,441.1700134,441.1700134,430400
EPAM,8/23/2022,440.0400085,443.4200134,431.7099915,434.7000122,434.7000122,187500
EPAM,8/24/2022,436.3299866,440.9500122,432.5400085,434.5799866,434.5799866,277900
EPAM,8/25/2022,436.9299927,449.2399902,434.4700012,446.1099854,446.1099854,215100
EPAM,8/26/2022,445.4500122,446.7000122,422,422.5700073,422.5700073,211000
EPAM,8/29/2022,409.4299927,421.730011,408.3999939,416,416,421500
EPAM,8/30/2022,422.6400146,425.7099915,409.6900024,424.7099915,424.7099915,392300
EPAM,8/31/2022,427.7099915,432.6099854,422.5,426.5,426.5,543800
EPAM,9/1/2022,421,422.1799927,402.5100098,412.2099915,412.2099915,415300
EPAM,9/2/2022,418.8699951,425.3599854,408.1199951,412.1400146,412.1400146,267500
EPAM,9/6/2022,406.9299927,411.3500061,398.9400024,410.8299866,410.8299866,415300
EPAM,9/7/2022,407.4100037,419.6499939,406.3900146,417.2900085,417.2900085,294000
EPAM,9/8/2022,415.2999878,430.9899902,413.8699951,428.6700134,428.6700134,310000
EPAM,9/9/2022,435.7000122,436.8399963,428.0899963,432.4400024,432.4400024,288600
EPAM,9/12/2022,435,439.3399963,428.6000061,438.7000122,438.7000122,349900
EPAM,9/13/2022,421.7900085,429.5299988,419.9599915,421.3999939,421.3999939,265300
EPAM,9/14/2022,422.480011,424.9899902,415,424.4200134,424.4200134,229400
EPAM,9/15/2022,419.730011,425.6700134,410.6400146,413.0100098,413.0100098,199700
EPAM,9/16/2022,408.3200073,408.3200073,391.8900146,402.0700073,402.0700073,631000
EPAM,9/19/2022,398.5400085,404.8299866,398.3900146,402.7900085,402.7900085,252900
EPAM,9/20/2022,399.230011,399.6400146,384.230011,386.9100037,386.9100037,563500
EPAM,9/21/2022,389.25,398.4100037,383.2000122,385.2900085,385.2900085,246000
EPAM,9/22/2022,380.0100098,381,364.4500122,367.0599976,367.0599976,381700
EPAM,9/23/2022,359.6799927,369.2000122,356.7000122,364.1199951,364.1199951,539900
EPAM,9/26/2022,363.8099976,369.9899902,354.019989,355.3299866,355.3299866,341400
EPAM,9/27/2022,362.5,366.8399963,353.269989,358.3999939,358.3999939,228800
EPAM,9/28/2022,358.7999878,373.3999939,357.2900085,370.5299988,370.5299988,266200
EPAM,9/29/2022,363.3299866,364.6900024,355.2900085,362.1400146,362.1400146,256100
EPAM,9/30/2022,363.769989,372.3699951,359.4700012,362.1900024,362.1900024,317900
EPAM,10/3/2022,365.8599854,368.5100098,357.9100037,363.5799866,363.5799866,342300
EPAM,10/4/2022,373.9100037,389.5899963,372.8800049,388.7600098,388.7600098,361900
EPAM,10/5/2022,379.519989,385.9200134,363.6900024,371.1700134,371.1700134,558300
EPAM,10/6/2022,371,376.9899902,355.0100098,356.3099976,356.3099976,466400
EPAM,10/7/2022,350,351,335,340,340,636200
EPAM,10/10/2022,339.5499878,339.5499878,325,325.4200134,325.4200134,356600
EPAM,10/11/2022,323.4700012,327.8599854,310.1600037,320.0499878,320.0499878,399400
EPAM,10/12/2022,322.0799866,322.0799866,308.9599915,314.8699951,314.8699951,447700
EPAM,10/13/2022,309.8399963,334.8200073,303.5499878,330.1700134,330.1700134,513800
EPAM,10/14/2022,335.1199951,335.1199951,323.019989,326.9400024,326.9400024,352300
EPAM,10/17/2022,335.3699951,341.6300049,332.9100037,333.4899902,333.4899902,338900
EPAM,10/18/2022,346.8299866,347.9100037,332.8500061,339.9700012,339.9700012,372000
EPAM,10/19/2022,335.3699951,337.6400146,326.2099915,331.6499939,331.6499939,264600
EPAM,10/20/2022,335.1400146,341.3900146,328.4100037,332.5400085,332.5400085,232700
EPAM,10/21/2022,331.4599915,336.1499939,324.8599854,331.3900146,331.3900146,502300
EPAM,10/24/2022,331.1600037,334.2999878,320.480011,332.0700073,332.0700073,265500
EPAM,10/25/2022,335.0799866,349.1000061,334.0299988,348.1300049,348.1300049,327700
EPAM,10/26/2022,342.3500061,351.3200073,342.3500061,345.5100098,345.5100098,245900
EPAM,10/27/2022,347.8900146,349.519989,339.25,344.8299866,344.8299866,290600
EPAM,10/28/2022,344.8699951,350.6400146,344.2799988,349.1900024,349.1900024,362300
EPAM,10/31/2022,346.8200073,351.4899902,343.0599976,350,350,519900
EPAM,11/1/2022,358.8399963,359.3200073,340.8500061,342.2399902,342.2399902,495500
EPAM,11/2/2022,341.3999939,343.1000061,322.0799866,326.9200134,326.9200134,504900
EPAM,11/3/2022,321,322.9700012,300.4899902,301.0100098,301.0100098,930700
EPAM,11/4/2022,304.8699951,316.2000122,300.1300049,312.519989,312.519989,518600
EPAM,11/7/2022,315,316.0100098,298.6700134,316.0100098,316.0100098,637600
EPAM,11/8/2022,319.9100037,324.7200012,313.3200073,319.7200012,319.7200012,344800
EPAM,11/9/2022,313.4200134,314.4200134,306.5299988,307.2900085,307.2900085,310800
EPAM,11/10/2022,327.8800049,350.8200073,326.0100098,350.4500122,350.4500122,523000
EPAM,11/11/2022,350,364.7000122,348.2600098,360.230011,360.230011,350700
EPAM,11/14/2022,355.6199951,364.8399963,351,358.1000061,358.1000061,264300
EPAM,11/15/2022,372,376.980011,348.0400085,352.1300049,352.1300049,680700
EPAM,11/16/2022,347.230011,356.8500061,345.3599854,349.5599976,349.5599976,315500
EPAM,11/17/2022,341.7900085,343.3099976,334.8099976,339.2000122,339.2000122,225100
EPAM,11/18/2022,345,345.6300049,335.5499878,341.4599915,341.4599915,261400
EPAM,11/21/2022,336.2000122,340.7099915,333,335.3500061,335.3500061,261500
EPAM,11/22/2022,334.6499939,341.8699951,330.730011,341.2900085,341.2900085,547700
EPAM,11/23/2022,341.8399963,353.5100098,341.4500122,348.8599854,348.8599854,223500
EPAM,11/25/2022,345.7999878,352.7099915,344.8200073,349.1499939,349.1499939,134500
EPAM,11/28/2022,348.9400024,353.9899902,348.2900085,350.1600037,350.1600037,404800
EPAM,11/29/2022,349.7000122,354.5299988,343.1300049,343.9400024,343.9400024,485600
EPAM,11/30/2022,346.2600098,374.2000122,346.2600098,368.5799866,368.5799866,757400
EPAM,12/1/2022,368.3599854,372.5100098,356.2399902,369.6000061,369.6000061,398000
EPAM,12/2/2022,362.2799988,372.6499939,360,369.8399963,369.8399963,272100
EPAM,12/5/2022,363.7999878,364.7200012,343.3200073,347.519989,347.519989,361800
EPAM,12/6/2022,347.5,347.5,335.7600098,340.1499939,340.1499939,319700
EPAM,12/7/2022,339.3399963,345,333.9899902,338.980011,338.980011,270000
EPAM,12/8/2022,337.6600037,347.1499939,336.019989,346.0499878,346.0499878,206000
EPAM,12/9/2022,345.3200073,348.0799866,342.1900024,343.8800049,343.8800049,210800
EPAM,12/12/2022,343.5700073,349.480011,341.4299927,345.8999939,345.8999939,231900
EPAM,12/13/2022,365.980011,373.2799988,360,364.4200134,364.4200134,452800
EPAM,12/14/2022,362.5400085,366.6900024,350.7999878,354.8299866,354.8299866,334600
EPAM,12/15/2022,350.5299988,351.7200012,324.2999878,336.1099854,336.1099854,619400
EPAM,12/16/2022,334.2600098,335.980011,329.4200134,333.2999878,333.2999878,688500
EPAM,12/19/2022,331.2999878,332.3900146,325.7600098,328.5700073,328.5700073,231900
EPAM,12/20/2022,327.7999878,334.1900024,325.0100098,331.7200012,331.7200012,210600
EPAM,12/21/2022,333.3900146,339.9899902,333.1900024,338.9899902,338.9899902,232300
EPAM,12/22/2022,331.8999939,332.6600037,317.6499939,323.2399902,323.2399902,239200
EPAM,12/23/2022,319.7900085,325.1099854,318.75,323.6600037,323.6600037,230800
EPAM,12/27/2022,319.4700012,320.7600098,315.3699951,318.1199951,318.1199951,239400
EPAM,12/28/2022,315.980011,320.480011,313.8599854,316.6499939,316.6499939,268500
EPAM,12/29/2022,321.4599915,333.75,321.1099854,330.7399902,330.7399902,267700
EPAM,12/30/2022,323.7000122,329.0499878,320,327.7399902,327.7399902,218300
EPAM,1/3/2023,334.7799988,337.519989,325.0100098,331.4200134,331.4200134,271100
EPAM,1/4/2023,336.8099976,341.4500122,331.2000122,335.2200012,335.2200012,258700
EPAM,1/5/2023,325.8299866,327.9500122,301.3699951,313.480011,313.480011,729900
EPAM,1/6/2023,315.2000122,320,310.1799927,316.6700134,316.6700134,273500
EPAM,1/9/2023,322.8099976,331.8699951,320.3800049,324.980011,324.980011,337300
EPAM,1/10/2023,323.230011,327.5100098,319.3500061,326.8800049,326.8800049,183600
EPAM,1/11/2023,331.4899902,336.980011,331.1799927,336.6400146,336.6400146,197100
EPAM,1/12/2023,340,341.3599854,331.5899963,340.9899902,340.9899902,212300
EPAM,1/13/2023,336.2099915,346.519989,336.2099915,345.8200073,345.8200073,205100
EPAM,1/17/2023,344.8699951,358.6600037,342.5,357.6300049,357.6300049,370800
EPAM,1/18/2023,363.4400024,371.1000061,352.3999939,352.8999939,352.8999939,310400
EPAM,1/19/2023,347.3999939,350.9100037,335.7999878,336,336,423300
EPAM,1/20/2023,338.5499878,345.0400085,338.5499878,345.019989,345.019989,565100
EPAM,1/23/2023,346.9400024,349.9899902,340.4500122,348.7000122,348.7000122,615700
EPAM,1/24/2023,347.9200134,348.6000061,331.2600098,331.9500122,331.9500122,339000
EPAM,1/25/2023,323.2099915,329.9100037,316.4200134,329.0400085,329.0400085,467200
EPAM,1/26/2023,338.3200073,346.8800049,335,344.1700134,344.1700134,267500
EPAM,1/27/2023,339.3800049,345.25,335.8699951,341.4299927,341.4299927,337600
EPAM,1/30/2023,336.019989,339.3599854,331.4700012,334.8900146,334.8900146,190600
EPAM,1/31/2023,335.7200012,338.2900085,330.730011,332.6499939,332.6499939,353700
EPAM,2/1/2023,333.7999878,353.8999939,332.5400085,352.769989,352.769989,380000
EPAM,2/2/2023,362.1799927,380.2399902,360.2900085,379.3399963,379.3399963,629600
EPAM,2/3/2023,367.8099976,385.9599915,367.0499878,375.8500061,375.8500061,878400
EPAM,2/6/2023,368.4299927,373.980011,364,367.8599854,367.8599854,279100
EPAM,2/7/2023,365.2799988,375.3200073,360.9200134,372.3999939,372.3999939,236500
EPAM,2/8/2023,369.2399902,380.25,368.7900085,375.4100037,375.4100037,338700
EPAM,2/9/2023,380.7200012,380.7200012,364.4599915,365.4599915,365.4599915,286200
EPAM,2/10/2023,360,361.3099976,350.1499939,356.4899902,356.4899902,321000
EPAM,2/13/2023,357.0799866,362.6700134,355.7000122,358.5,358.5,454800
EPAM,2/14/2023,352.3099976,363.3900146,345.9400024,361.5,361.5,351800
EPAM,2/15/2023,357.2200012,368.6900024,355.9200134,366.5299988,366.5299988,507700
EPAM,2/16/2023,349.1000061,363.1499939,338,346.0100098,346.0100098,1320000
EPAM,2/17/2023,335,341.8099976,325.7900085,338.2099915,338.2099915,770000
EPAM,2/21/2023,331.7999878,335.7600098,320.1300049,323.1700134,323.1700134,581000
EPAM,2/22/2023,324.769989,327.6499939,306.6900024,311.0799866,311.0799866,842500
EPAM,2/23/2023,315,317.0599976,306.9899902,311.7399902,311.7399902,537200
EPAM,2/24/2023,304.1499939,309.9599915,301.8399963,306.0299988,306.0299988,320700
EPAM,2/27/2023,308.5599976,316.3800049,307.5400085,312.8599854,312.8599854,279800
EPAM,2/28/2023,308.9400024,315.1799927,307.6099854,307.6499939,307.6499939,326400
EPAM,3/1/2023,306.9899902,309.3500061,303.4400024,305.5899963,305.5899963,266500
EPAM,3/2/2023,305,307.1099854,303.1600037,304.25,304.25,417200
EPAM,3/3/2023,305.5299988,309.6799927,302.4500122,305.9899902,305.9899902,471000
EPAM,3/6/2023,307.8699951,315.3200073,306.2600098,310.3399963,310.3399963,313800
EPAM,3/7/2023,309.5499878,311.5299988,303.3299866,305.3299866,305.3299866,294900
EPAM,3/8/2023,305.8500061,307.6700134,304.019989,306.6400146,306.6400146,253200
EPAM,3/9/2023,302.5400085,307.5299988,296.0299988,296.1300049,296.1300049,297400
EPAM,3/10/2023,293.6799927,294.1900024,281.6300049,282.7399902,282.7399902,555400
EPAM,3/13/2023,280,283.0400085,274.5499878,280.6700134,280.6700134,977100
EPAM,3/14/2023,287.4899902,292.1099854,281.1400146,285.5,285.5,643100
EPAM,3/15/2023,281.0299988,281.2099915,271.7799988,276.269989,276.269989,679700
EPAM,3/16/2023,271.9200134,281.3399963,269.730011,279.9299927,279.9299927,572000
EPAM,3/17/2023,280.1099854,282.4400024,274.5799866,279.7900085,279.7900085,903400
EPAM,3/20/2023,279.1199951,281.9899902,273.2099915,275.0400085,275.0400085,799400
EPAM,3/21/2023,278.8800049,280.2999878,273.9599915,279.6600037,279.6600037,658200
EPAM,3/22/2023,278.5599976,282.980011,275.1300049,275.1300049,275.1300049,509000
EPAM,3/23/2023,278.6199951,288.6499939,277.3800049,284.4500122,284.4500122,503700
EPAM,3/24/2023,283.4599915,283.4599915,273.3299866,278.5,278.5,375500
EPAM,3/27/2023,280.7399902,285.7600098,279.2900085,285,285,471600
EPAM,3/28/2023,284.8099976,285.6400146,280.8900146,283,283,274700
EPAM,3/29/2023,284.6199951,287.2200012,283.8800049,285.7600098,285.7600098,217100
EPAM,3/30/2023,290.9700012,294.4500122,289,293.6900024,293.6900024,451300
EPAM,3/31/2023,295.3599854,300,295.0100098,299,299,355100
EPAM,4/3/2023,294.9299927,300.5899963,294.1900024,297.2200012,297.2200012,386500
EPAM,4/4/2023,298.9100037,298.9100037,288.4500122,291.0599976,291.0599976,357000
EPAM,4/5/2023,288.230011,289.6700134,281.3500061,282.5299988,282.5299988,590900
EPAM,4/6/2023,281.2600098,286.5100098,278.7600098,286.2799988,286.2799988,363400
EPAM,4/10/2023,282.7000122,291.0599976,281.6400146,290.9299927,290.9299927,327300
EPAM,4/11/2023,290.5,295.5499878,289.269989,294.3200073,294.3200073,319700
EPAM,4/12/2023,298,300.4899902,288.8800049,289.9899902,289.9899902,425700
EPAM,4/13/2023,291.7600098,304.3299866,289.8200073,300.0100098,300.0100098,656700
EPAM,4/14/2023,296.230011,299.980011,291.8900146,296,296,330700
EPAM,4/17/2023,294.4100037,297.5400085,292.3399963,294.6499939,294.6499939,226300
EPAM,4/18/2023,297.8900146,298.769989,294.1099854,295.1499939,295.1499939,215300
EPAM,4/19/2023,291.6199951,293.1900024,288.4500122,288.8399963,288.8399963,396500
EPAM,4/20/2023,284.5799866,287.2099915,281.0100098,282.3299866,282.3299866,448200
EPAM,4/21/2023,280.7999878,283.2999878,276.4500122,280.730011,280.730011,425400
EPAM,4/24/2023,280.1099854,281.9200134,277.6099854,280.7900085,280.7900085,408000
EPAM,4/25/2023,278.25,280.8099976,273.2099915,273.9700012,273.9700012,552600
EPAM,4/26/2023,276.7000122,279.8699951,273.9299927,275.4100037,275.4100037,263900
EPAM,4/27/2023,275.4700012,282.4200134,271.0400085,279.25,279.25,350900
EPAM,4/28/2023,279.25,284.2900085,277.5,282.4400024,282.4400024,488000
EPAM,5/1/2023,278.3200073,280,273.4700012,279.0100098,279.0100098,474200
EPAM,5/2/2023,277.9200134,279.3699951,266.6300049,270.6700134,270.6700134,593900
EPAM,5/3/2023,271.5100098,279.6600037,271.5100098,273.1300049,273.1300049,493500
EPAM,5/4/2023,273.8200073,278.3399963,269.0599976,270.4100037,270.4100037,662000
EPAM,5/5/2023,252.5899963,255.3800049,239.4100037,242.4700012,242.4700012,1496200
EPAM,5/8/2023,241.4499969,245.4400024,231.0099945,231.8200073,231.8200073,1133700
EPAM,5/9/2023,230,231.5,223.6499939,231.3399963,231.3399963,1110000
EPAM,5/10/2023,234.7299957,235.7400055,227.6100006,232.1999969,232.1999969,592200
EPAM,5/11/2023,231.0800018,232.7100067,229.2100067,232.6600037,232.6600037,626300
EPAM,5/12/2023,231.6399994,233.0800018,226.3300018,229.6999969,229.6999969,860900
EPAM,5/15/2023,229.3999939,238.3600006,229.3999939,236.6999969,236.6999969,581900
EPAM,5/16/2023,235.5599976,235.7899933,228.8399963,230.5800018,230.5800018,385500
EPAM,5/17/2023,231.4199982,233.8000031,229.25,232.9299927,232.9299927,554100
EPAM,5/18/2023,233,238.3500061,232.75,238.1199951,238.1199951,442700
EPAM,5/19/2023,239.7400055,248.7599945,239.0899963,247.5,247.5,973900
EPAM,5/22/2023,247.1799927,264.7399902,247.1799927,263.6700134,263.6700134,1028000
EPAM,5/23/2023,261.3200073,267.3099976,260.0100098,264.8399963,264.8399963,1004600
EPAM,5/24/2023,261,263.1400146,252.8999939,253.0700073,253.0700073,646200
EPAM,5/25/2023,256.2099915,257.9299927,252.1699982,256.4700012,256.4700012,345800
EPAM,5/26/2023,258.0400085,261.769989,256.3599854,258.0799866,258.0799866,529400
EPAM,5/30/2023,261.3800049,262.1600037,257.3299866,257.9500122,257.9500122,691800
EPAM,5/31/2023,255.1199951,258.7999878,250.3600006,256.6199951,256.6199951,720100
EPAM,6/1/2023,255.0800018,259.4200134,250.7299957,257.9400024,257.9400024,590000
EPAM,6/2/2023,261.2099915,263.1799927,254.5899963,259.6499939,259.6499939,505900
EPAM,6/5/2023,216.7400055,216.7400055,202.7299957,203.25,203.25,2481000
EPAM,6/6/2023,197.9900055,211.8500061,197.9900055,208.7700043,208.7700043,1888000
EPAM,6/7/2023,209.6300049,210.6499939,204.5700073,210.1199951,210.1199951,1151800
EPAM,6/8/2023,209.2299957,214.5200043,208.6000061,211.2200012,211.2200012,845600
EPAM,6/9/2023,213.7899933,214.3500061,210.3399963,211.3300018,211.3300018,540500
EPAM,6/12/2023,210.8899994,221.3000031,210.8899994,218,218,1069000
EPAM,6/13/2023,221.1000061,222.9600067,215.8000031,218.9499969,218.9499969,1082700
EPAM,6/14/2023,221.0500031,223.6999969,218.5700073,222.5299988,222.5299988,940900
EPAM,6/15/2023,221.5,230.0599976,220.4900055,227.8399963,227.8399963,707400
EPAM,6/16/2023,230.3300018,231.1000061,218.4299927,219.5099945,219.5099945,1465500
EPAM,6/20/2023,217.8099976,220.6699982,215.75,219.1499939,219.1499939,1002900
EPAM,6/21/2023,217.2200012,218.8899994,214.6699982,215.6999969,215.6999969,689300
EPAM,6/22/2023,214.3699951,219.3099976,210.7200012,218.3500061,218.3500061,673800
EPAM,6/23/2023,215.1199951,216.5700073,211.7100067,214,214,708200
EPAM,6/26/2023,213.9400024,220.7200012,212.7200012,220.3500061,220.3500061,438700
EPAM,6/27/2023,222.6000061,229.4100037,219.5800018,229.0800018,229.0800018,527300
EPAM,6/28/2023,229.3600006,229.9799957,226.8200073,227.8500061,227.8500061,625800
EPAM,6/29/2023,227.8500061,229.6399994,223.5399933,224.6900024,224.6900024,444800
EPAM,6/30/2023,226.9199982,228.2299957,223.6799927,224.75,224.75,546500
EPAM,7/3/2023,224.9799957,227.8999939,224.5500031,226.5800018,226.5800018,188400
EPAM,7/5/2023,225.3399963,234.3099976,225.3399963,232.7899933,232.7899933,566000
EPAM,7/6/2023,228,230.5899963,226.3600006,229.8500061,229.8500061,445200
EPAM,7/7/2023,229.3000031,233.5599976,228.3999939,229.1999969,229.1999969,334900
EPAM,7/10/2023,228.1799927,235.0899963,227.7100067,234.9499969,234.9499969,357400
EPAM,7/11/2023,236.4400024,236.4400024,230.1600037,232.3000031,232.3000031,437300
EPAM,7/12/2023,236.2400055,238.8000031,233.0599976,233.3999939,233.3999939,629800
EPAM,7/13/2023,235.2200012,249.2299957,235.1699982,244.6100006,244.6100006,748700
EPAM,7/14/2023,244.5899963,245.8600006,240.7599945,241.9400024,241.9400024,333500
EPAM,7/17/2023,240.6600037,244.4400024,240.1499939,242.8899994,242.8899994,295300
EPAM,7/18/2023,244.1999969,247.9700012,241.5099945,245.7100067,245.7100067,459700
EPAM,7/19/2023,247.8300018,255.1900024,247.8300018,249.8099976,249.8099976,492900
EPAM,7/20/2023,245.3999939,246.1699982,237.5500031,239.0099945,239.0099945,615100
EPAM,7/21/2023,242.4700012,242.9100037,235.3500061,237.4600067,237.4600067,301100
EPAM,7/24/2023,238.0599976,238.8099976,234.0099945,235.2100067,235.2100067,315200
EPAM,7/25/2023,236.3000031,238.3600006,234.1199951,234.4299927,234.4299927,368200
EPAM,7/26/2023,231.6600037,234.8899994,231.3699951,232.5399933,232.5399933,934600
EPAM,7/27/2023,236,237.3399963,225.6799927,226.8500061,226.8500061,527400
EPAM,7/28/2023,230.3099976,231.3000031,226.3600006,230.8999939,230.8999939,362500
EPAM,7/31/2023,232.7400055,236.9299927,232.7400055,236.8099976,236.8099976,422900
EPAM,8/1/2023,234.6100006,240.3399963,233.5500031,239.4799957,239.4799957,387200
EPAM,8/2/2023,235.8000031,237.6999969,232.1900024,236.8999939,236.8999939,712500
EPAM,8/3/2023,242,254.8999939,236.0500031,245.0200043,245.0200043,1109400
EPAM,8/4/2023,246.4700012,251.4900055,243.1399994,246.9700012,246.9700012,904700
EPAM,8/7/2023,246.6799927,249.0700073,245.0500031,246.8399963,246.8399963,575600
EPAM,8/8/2023,241.7899933,247.2599945,236.2400055,243.5500031,243.5500031,614100
EPAM,8/9/2023,242.25,242.8200073,239.0299988,239.5200043,239.5200043,419200
EPAM,8/10/2023,240.6499939,245.9400024,239.7700043,243.1699982,243.1699982,329000
EPAM,8/11/2023,241.4499969,242.6399994,238.3600006,238.7400055,238.7400055,269500
EPAM,8/14/2023,237.3000031,243.2599945,236.4100037,243,243,339900
EPAM,8/15/2023,241.7400055,244.1900024,240.7799988,241.9199982,241.9199982,287400
EPAM,8/16/2023,241.7700043,243.4900055,239.2400055,239.4700012,239.4700012,283700
EPAM,8/17/2023,240.3600006,240.3600006,233.2100067,233.6999969,233.6999969,418100
EPAM,8/18/2023,231,240.3699951,230.2899933,239.3899994,239.3899994,395800
EPAM,8/21/2023,238.5,242.1999969,237.5299988,240.4400024,240.4400024,494500
EPAM,8/22/2023,243.6499939,247.7100067,242.5099945,242.6199951,242.6199951,341500
EPAM,8/23/2023,243.2700043,250.4299927,243.2700043,248.8300018,248.8300018,426000
EPAM,8/24/2023,248.5800018,248.5800018,241.0099945,242.0899963,242.0899963,460600
EPAM,8/25/2023,244.1300049,245.8399963,241.1799927,244.0800018,244.0800018,214000
EPAM,8/28/2023,246.4400024,247.8999939,244.3999939,245.3699951,245.3699951,196200
EPAM,8/29/2023,245.6600037,253.9499969,244.5,253.1499939,253.1499939,302200
EPAM,8/30/2023,252.4299927,258.0899963,251.5899963,255.3699951,255.3699951,269200
EPAM,8/31/2023,256,259.6600037,255.5,258.9899902,258.9899902,533300
EPAM,9/1/2023,260.6600037,262.75,257.3800049,258.5499878,258.5499878,306400
EPAM,9/5/2023,257.7399902,264.2200012,255.3600006,259.9200134,259.9200134,336500
EPAM,9/6/2023,258.3200073,262.8599854,258.3200073,261.7399902,261.7399902,573100
EPAM,9/7/2023,258.0499878,264.730011,257.0100098,263.2000122,263.2000122,439600
EPAM,9/8/2023,264.2099915,268.769989,263.3099976,265.3500061,265.3500061,681500
EPAM,9/11/2023,266.8599854,270.7600098,266.3200073,266.4200134,266.4200134,557500
EPAM,9/12/2023,264.8999939,266.8200073,262.269989,262.8200073,262.8200073,314000
EPAM,9/13/2023,261.7099915,263.0299988,257.4500122,262.3099976,262.3099976,460300
EPAM,9/14/2023,264.5,269.5400085,260.3900146,269.3800049,269.3800049,516200
EPAM,9/15/2023,267.5700073,269.7999878,262.75,263.6600037,263.6600037,807900
EPAM,9/18/2023,261.6799927,264.230011,258.769989,259.3699951,259.3699951,352600
EPAM,9/19/2023,257.2600098,267.0599976,256,263.1099854,263.1099854,429500
EPAM,9/20/2023,264.75,269.7799988,264.75,267,267,438600
EPAM,9/21/2023,263,266.4599915,259.3099976,260.2900085,260.2900085,465600
EPAM,9/22/2023,260.7000122,262.0799866,256.5100098,261,261,343700
EPAM,9/25/2023,258.6600037,267.4700012,258.6600037,265.1700134,265.1700134,278600
EPAM,9/26/2023,263.6499939,264.2099915,256.8599854,256.8599854,256.8599854,287300
EPAM,9/27/2023,258.6799927,260.4599915,254.6900024,256.7999878,256.7999878,325400
EPAM,9/28/2023,256,260.0400085,251.3500061,259.8500061,259.8500061,355700
EPAM,9/29/2023,263.5899963,263.6600037,255.4299927,255.6900024,255.6900024,368200
EPAM,10/2/2023,255.2200012,256.25,250.3300018,251.8399963,251.8399963,369900
EPAM,10/3/2023,248.9499969,250.4299927,240,240.5200043,240.5200043,488700
EPAM,10/4/2023,240.7799988,243.1000061,237.8800049,241.6100006,241.6100006,391800
EPAM,10/5/2023,240.9799957,241.8399963,233.4299927,238.0099945,238.0099945,398400
EPAM,10/6/2023,236.7299957,246.8500061,235.3399963,244.1499939,244.1499939,306400
EPAM,10/9/2023,241.5399933,247.5399933,240.8899994,247.2299957,247.2299957,268200
EPAM,10/10/2023,247.5500031,250.8200073,245.4700012,245.6199951,245.6199951,246800
EPAM,10/11/2023,247.6900024,250.9499969,247.6300049,248.9199982,248.9199982,307700
EPAM,10/12/2023,248.6900024,248.6900024,237.0200043,237.5500031,237.5500031,502200
EPAM,10/13/2023,236.1699982,240.4700012,232.8000031,238.5899963,238.5899963,331700
EPAM,10/16/2023,241.8899994,245.8999939,240.4100037,245.1999969,245.1999969,276100
EPAM,10/17/2023,243.0299988,247.3099976,241.6399994,243.4700012,243.4700012,285700
EPAM,10/18/2023,241.0500031,242.1199951,234.6999969,235.0200043,235.0200043,280700
EPAM,10/19/2023,236.7599945,237.5,230.2100067,230.7299957,230.7299957,287900
EPAM,10/20/2023,229.8200073,231.4299927,223.25,223.3300018,223.3300018,346200
EPAM,10/23/2023,222.6799927,226.8600006,221.3600006,222.3300018,222.3300018,291000
EPAM,10/24/2023,224.3099976,227.5800018,220.9100037,223,223,176800
EPAM,10/25/2023,220.3500061,220.3800049,214.0500031,214.5399933,214.5399933,336900
EPAM,10/26/2023,217.6300049,217.9100037,211.1000061,213.4700012,213.4700012,344400
EPAM,10/27/2023,214.2200012,215.6199951,209.2100067,210.4400024,210.4400024,432700
EPAM,10/30/2023,213.4700012,215.1799927,209.1499939,212.7400055,212.7400055,497600
EPAM,10/31/2023,211,220.6399994,210.0099945,217.5700073,217.5700073,536400
EPAM,11/1/2023,216.4499969,217.2899933,212.4299927,216.6499939,216.6499939,759100
EPAM,11/2/2023,236,239.9299927,228.1199951,232.3099976,232.3099976,1096500
EPAM,11/3/2023,237.2599945,245.5099945,236.1100006,240.6999969,240.6999969,700900
EPAM,11/6/2023,240.3500061,245.0399933,237.4299927,244.8999939,244.8999939,413800
EPAM,11/7/2023,244.0899963,247.9199982,243.9199982,244.6499939,244.6499939,300000
EPAM,11/8/2023,245.0800018,247.7400055,244.0700073,246.9400024,246.9400024,277000
EPAM,11/9/2023,248,248.2599945,234.5500031,237.0200043,237.0200043,532900
EPAM,11/10/2023,238.6100006,238.6100006,231.9100037,235.3600006,235.3600006,354700
EPAM,11/13/2023,233.3300018,236.6600037,232.8300018,234.6900024,234.6900024,337500
EPAM,11/14/2023,241.4600067,251.5099945,240.8600006,247.6199951,247.6199951,448700
EPAM,11/15/2023,249.1699982,253.8899994,248.7299957,253.3099976,253.3099976,416300
EPAM,11/16/2023,252,257.0100098,251.6799927,255.9499969,255.9499969,533800
EPAM,11/17/2023,258.5599976,261.5899963,256.9400024,258.2399902,258.2399902,619400
EPAM,11/20/2023,258.7000122,261.4899902,256.1199951,260.3099976,260.3099976,579300
EPAM,11/21/2023,258.6199951,261.7000122,257.7999878,258,258,351200
EPAM,11/22/2023,261.1000061,261.6600037,253.9700012,255,255,979600
EPAM,11/24/2023,252.7899933,255.8099976,251.4299927,255.4700012,255.4700012,343800
EPAM,11/27/2023,255.4799957,257.6000061,254.5,255.4100037,255.4100037,398500
EPAM,11/28/2023,254.3200073,257.3099976,253.3899994,257.2900085,257.2900085,375100
EPAM,11/29/2023,260.2099915,263.5400085,260.2099915,261.980011,261.980011,292400
EPAM,11/30/2023,263.0700073,263.0700073,257.6600037,258.1900024,258.1900024,459100
EPAM,12/1/2023,258.1700134,260.8999939,252.0299988,258.8900146,258.8900146,792600
EPAM,12/4/2023,254.5899963,261.519989,254.5099945,261.4599915,261.4599915,476000
EPAM,12/5/2023,259.7799988,260.1700134,255.2299957,255.3300018,255.3300018,396900
EPAM,12/6/2023,257.5899963,262.4100037,256.8599854,258.8299866,258.8299866,294200
EPAM,12/7/2023,258.8299866,264.6600037,256.5,264.3599854,264.3599854,457300
EPAM,12/8/2023,263.7900085,269.7399902,262.8399963,268.5,268.5,387800
EPAM,12/11/2023,266.5299988,278.519989,266.5299988,275.1199951,275.1199951,522000
EPAM,12/12/2023,275.2000122,277.4700012,272.6099854,276.1400146,276.1400146,317200
EPAM,12/13/2023,277.0499878,281.6600037,271.4299927,279.5499878,279.5499878,470800
EPAM,12/14/2023,283.2900085,292.8200073,282.8099976,291.4599915,291.4599915,738000
EPAM,12/15/2023,290.75,297.5400085,288.4400024,293.0700073,293.0700073,870700
EPAM,12/18/2023,293.7900085,301.2900085,292.8200073,300.3500061,300.3500061,898900
EPAM,12/19/2023,300.8500061,302.2000122,295.1900024,295.3999939,295.3999939,455800
EPAM,12/20/2023,294.9100037,299.9599915,290.2600098,290.6000061,290.6000061,289200
EPAM,12/21/2023,294.6600037,294.6600037,288.7900085,294.2999878,294.2999878,222800
EPAM,12/22/2023,295.2999878,298.4899902,294.230011,296.6900024,296.6900024,309100
EPAM,12/26/2023,296.769989,302.1400146,296.5700073,301.0599976,301.0599976,182200
EPAM,12/27/2023,302.0799866,302.1900024,298.3399963,300.5100098,300.5100098,203400
EPAM,12/28/2023,300.519989,302.8500061,298.7900085,298.7900085,298.7900085,226800
EPAM,12/29/2023,298.6199951,301.5899963,297.230011,297.3399963,297.3399963,228700
EPAM,1/2/2024,293.4899902,297.1099854,289.8299866,291.2200012,291.2200012,430700
EPAM,1/3/2024,286.2999878,287.25,280.6000061,282.6600037,282.6600037,535300
EPAM,1/4/2024,288.8299866,296.980011,288.8299866,290.230011,290.230011,541000
EPAM,1/5/2024,288.9400024,297.7000122,285.9299927,288.8500061,288.8500061,409000
EPAM,1/8/2024,295.75,298.1700134,294.6900024,297.4400024,297.4400024,441800
EPAM,1/9/2024,294.5100098,299.4400024,292.9299927,298.75,298.75,365600
EPAM,1/10/2024,297.2000122,301.8699951,296.2099915,299.6400146,299.6400146,321100
EPAM,1/11/2024,298.9200134,300.8200073,295,299.7000122,299.7000122,297000
EPAM,1/12/2024,301.25,309.3800049,301,307.730011,307.730011,496200
EPAM,1/16/2024,304.1799927,304.7900085,296.3599854,300.1700134,300.1700134,449600
EPAM,1/17/2024,295.3699951,297,291.1799927,294.3999939,294.3999939,380300
EPAM,1/18/2024,296.1099854,300,295.2999878,299.519989,299.519989,370100
EPAM,1/19/2024,300.0400085,301.9899902,295.980011,300.019989,300.019989,511800
EPAM,1/22/2024,303.5,305.8299866,295.2900085,298.8299866,298.8299866,573800
EPAM,1/23/2024,300.7999878,300.7999878,297.8200073,298.1099854,298.1099854,537000
EPAM,1/24/2024,292.6700134,293.0299988,284.8399963,288.3299866,288.3299866,916200
EPAM,1/25/2024,291.3699951,292.2399902,283.6300049,285.1300049,285.1300049,635400
EPAM,1/26/2024,286.0799866,288.5799866,284.7000122,288.3599854,288.3599854,320700
EPAM,1/29/2024,288.5100098,290.5599976,287.2600098,290.2799988,290.2799988,364600
EPAM,1/30/2024,289.3800049,292.5400085,282.7799988,282.8900146,282.8900146,392800
EPAM,1/31/2024,282.0100098,283.0700073,276.2000122,278.1099854,278.1099854,531900
EPAM,2/1/2024,278.5700073,285.8099976,275.6400146,285.5799866,285.5799866,473300
EPAM,2/2/2024,284.1600037,293.1099854,281.0299988,290.3200073,290.3200073,473700
EPAM,2/5/2024,288.6099854,290.1099854,286.1199951,288.9899902,288.9899902,311900
EPAM,2/6/2024,290.2900085,291.5700073,285,289.1499939,289.1499939,318800
EPAM,2/7/2024,289.1400146,289.5799866,284.3999939,285.6900024,285.6900024,424100
EPAM,2/8/2024,286.0899963,288.0799866,284.019989,287.1700134,287.1700134,628000
EPAM,2/9/2024,287.8099976,291.3500061,286.0700073,286.269989,286.269989,640900
EPAM,2/12/2024,287.230011,292.2000122,285.9299927,290.7600098,290.7600098,812800
EPAM,2/13/2024,281.730011,281.8800049,269.9400024,272.6700134,272.6700134,525500
EPAM,2/14/2024,276.7000122,280.9200134,274.0100098,278.1400146,278.1400146,1322700
EPAM,2/15/2024,292,308.0700073,288.5499878,301.2000122,301.2000122,1405900
EPAM,2/16/2024,300,313.2099915,298.6900024,311.980011,311.980011,1113400
EPAM,2/20/2024,308.5299988,309.6300049,296.480011,297.8099976,297.8099976,659400
EPAM,2/21/2024,295.5299988,298.8900146,295.5299988,298.8299866,298.8299866,406500
EPAM,2/22/2024,302.7600098,306.8599854,302.7600098,304.5299988,304.5299988,330400
EPAM,2/23/2024,305,305.5799866,301.3699951,301.7999878,301.7999878,274900
EPAM,2/26/2024,300,302.8399963,300,302.4100037,302.4100037,337900
EPAM,2/27/2024,302.4700012,307.7000122,302,307.0400085,307.0400085,417700
EPAM,2/28/2024,304.7999878,306.9200134,303.7999878,305.5100098,305.5100098,299600
EPAM,2/29/2024,307.1400146,307.4400024,299.9500122,304.3999939,304.3999939,482400
EPAM,3/1/2024,301.9899902,307.8099976,299.1499939,306.8299866,306.8299866,359500
EPAM,3/4/2024,307.1099854,314.8299866,307.1099854,307.9200134,307.9200134,421700
EPAM,3/5/2024,304.8999939,309.9899902,303.2900085,306.5,306.5,783100
EPAM,3/6/2024,308.4899902,311.6799927,306.8999939,310.0100098,310.0100098,634300
EPAM,3/7/2024,312,316.2099915,310.019989,314.6300049,314.6300049,556900
EPAM,3/8/2024,315,317.5,309.2200012,309.3999939,309.3999939,306600
EPAM,3/11/2024,307.4200134,309.4400024,303.8299866,305.0799866,305.0799866,349600
EPAM,3/12/2024,306.5,309.480011,304.2000122,309.0100098,309.0100098,378800
EPAM,3/13/2024,308,308.9899902,302.1099854,302.9899902,302.9899902,343800
EPAM,3/14/2024,303.8099976,303.8099976,298.5599976,302.2399902,302.2399902,386000
EPAM,3/15/2024,298.5299988,302.1900024,297.8299866,298.8900146,298.8900146,618200
EPAM,3/18/2024,299.1799927,301.6000061,291.9200134,292.7000122,292.7000122,349200
EPAM,3/19/2024,293.6700134,296.2000122,291.6300049,295.6000061,295.6000061,275300
EPAM,3/20/2024,295.2099915,295.5899963,288.0100098,292.5499878,292.5499878,462800
EPAM,3/21/2024,286.9500122,288.1300049,282.1700134,283.7099915,283.7099915,1101000
EPAM,3/22/2024,281.269989,283.4700012,266.3599854,270.8200073,270.8200073,1096100
EPAM,3/25/2024,270.0599976,270.7200012,266.2900085,267.3399963,267.3399963,659100
EPAM,3/26/2024,268.5299988,272.1199951,266.75,268.3999939,268.3999939,534600
EPAM,3/27/2024,271.4400024,276.5299988,270.9500122,276.3699951,276.3699951,577200
EPAM,3/28/2024,276.4899902,281.6199951,273.8099976,276.1600037,276.1600037,405200
EPAM,4/1/2024,275.5599976,277.0400085,270.8200073,272.0499878,272.0499878,295600
EPAM,4/2/2024,269.0899963,271.6700134,265.6000061,271.4299927,271.4299927,457700
EPAM,4/3/2024,270.8099976,271.4899902,266.7999878,266.7999878,266.7999878,341800
EPAM,4/4/2024,269.2200012,271.8999939,265.6700134,265.8599854,265.8599854,256500
EPAM,4/5/2024,264.0499878,267.8299866,263.6000061,264.3599854,264.3599854,289400
EPAM,4/8/2024,265.9100037,273.0499878,265.4200134,270,270,300400
EPAM,4/9/2024,271.3399963,275.4899902,270.8399963,274.1700134,274.1700134,264200
EPAM,4/10/2024,267.6400146,271.6099854,265.2099915,266.7900085,266.7900085,379200
EPAM,4/11/2024,269.5499878,269.5499878,264.5400085,266.5100098,266.5100098,215100
EPAM,4/12/2024,263.1700134,265.25,257.4899902,259.1600037,259.1600037,255800
EPAM,4/15/2024,261.1099854,261.6799927,253.1399994,254.8099976,254.8099976,262900
EPAM,4/16/2024,253.3099976,256.6199951,250.8300018,250.8999939,250.8999939,299000
EPAM,4/17/2024,251.6999969,253.3399963,248.8999939,249,249,217600
EPAM,4/18/2024,247.3500061,251.0599976,244.6999969,247.2200012,247.2200012,599300
EPAM,4/19/2024,249.2599945,249.4299927,244.7599945,245.9600067,245.9600067,346000
EPAM,4/22/2024,248.0899963,250.4100037,244.1799927,246.9499969,246.9499969,448500
EPAM,4/23/2024,248.4499969,249.8099976,247.2599945,247.8000031,247.8000031,835500
EPAM,4/24/2024,248.8099976,248.8099976,242.3200073,245,245,805500
EPAM,4/25/2024,242.5,242.5500031,236.3600006,237.1300049,237.1300049,1490500
EPAM,4/26/2024,239.5,239.9900055,235.3500061,237.75,237.75,553500
EPAM,4/29/2024,239.1199951,241.0599976,237.5,239.2100067,239.2100067,297800
EPAM,4/30/2024,236.25,238.8699951,234.8200073,235.2599945,235.2599945,438300
EPAM,5/1/2024,235.8500061,240.9299927,232.5200043,234.9799957,234.9799957,336400
EPAM,5/2/2024,236.1399994,243.5099945,233.5599976,238.1799927,238.1799927,398000
EPAM,5/3/2024,242.7200012,245.6100006,240.3999939,242.1199951,242.1199951,347100
EPAM,5/6/2024,243.3300018,247.7899933,242.2700043,246.3899994,246.3899994,414600
EPAM,5/7/2024,247.6499939,250.9700012,245.4600067,249.5399933,249.5399933,421100
EPAM,5/8/2024,247.7400055,250.7200012,246.3600006,249.1999969,249.1999969,817000
EPAM,5/9/2024,192.1600037,197.1499939,180.2799988,181.9299927,181.9299927,4993000
EPAM,5/10/2024,182.9799957,188.8699951,180.8300018,183.3999939,183.3999939,1891400
EPAM,5/13/2024,185,191.4400024,184.2700043,190.7200012,190.7200012,1903100
EPAM,5/14/2024,193.1499939,194.0299988,186.5200043,187.0500031,187.0500031,1241600
EPAM,5/15/2024,189.3200073,191.2299957,186.3500061,190.4799957,190.4799957,970700
EPAM,5/16/2024,190,190.9100037,188.2400055,189.1399994,189.1399994,964100
EPAM,5/17/2024,187.7700043,188.3099976,183.6799927,187.8000031,187.8000031,809000
EPAM,5/20/2024,188.3899994,191.5099945,186.1499939,191.5,191.5,639900
EPAM,5/21/2024,190.1300049,191.3099976,188.3300018,191.2599945,191.2599945,752700
EPAM,5/22/2024,191.2100067,192.0099945,189.0399933,189.3699951,189.3699951,705700
EPAM,5/23/2024,189.9900055,190.4199982,185.3899994,186.8999939,186.8999939,891900
EPAM,5/24/2024,186.6900024,186.9199982,179.4400024,180.1100006,180.1100006,1097400
EPAM,5/28/2024,180,180.5500031,176.1300049,177.2700043,177.2700043,834700
EPAM,5/29/2024,175.0099945,179.7799988,174.2200012,178.4299927,178.4299927,808200
EPAM,5/30/2024,178.4900055,179.9100037,174.5800018,176.0500031,176.0500031,820400
EPAM,5/31/2024,176.9100037,178.4100037,175.8500061,177.9299927,177.9299927,869300
EPAM,6/3/2024,179.1799927,179.1799927,175.5500031,176.1900024,176.1900024,522400
EPAM,6/4/2024,174.3999939,177.9199982,173.7700043,174.5099945,174.5099945,470100
EPAM,6/5/2024,175.3300018,175.6799927,172.9499969,174.5099945,174.5099945,451600
EPAM,6/6/2024,174,177.3899994,173.5099945,175.2100067,175.2100067,404000
EPAM,6/7/2024,175,179,174.3099976,176.9799957,176.9799957,875000
EPAM,6/10/2024,176.3399963,177.9100037,175.4700012,176.9799957,176.9799957,612800
EPAM,6/11/2024,177.3899994,178.2599945,174.3099976,177.8399963,177.8399963,657100
EPAM,6/12/2024,179.5200043,181.8000031,179.1000061,180.0500031,180.0500031,518700
EPAM,6/13/2024,180.9900055,181.6199951,177.9199982,177.9600067,177.9600067,689800
EPAM,6/14/2024,177.7899933,179.0700073,175,177.5800018,177.5800018,674300
EPAM,6/17/2024,177.1999969,177.2299957,174.25,174.3600006,174.3600006,531600
EPAM,6/18/2024,174.3600006,174.5299988,169.4299927,170.25,170.25,753800
EPAM,6/20/2024,172.8099976,182.3500061,171.3600006,181.8000031,181.8000031,1347800
EPAM,6/21/2024,182.5099945,185.0500031,178.3099976,184.7799988,184.7799988,2692100
EPAM,6/24/2024,183.1699982,188.5599976,182.4700012,183.0899963,183.0899963,970400
EPAM,6/25/2024,182.7599945,183.4700012,181.0700073,181.9100037,181.9100037,565500
EPAM,6/26/2024,180.6799927,183.3000031,180.6799927,182.5899963,182.5899963,656700
EPAM,6/27/2024,182.5,185.6900024,181.7899933,185.1100006,185.1100006,767900
EPAM,6/28/2024,186.1499939,188.2599945,184.9100037,188.1100006,188.1100006,2087800
EPAM,7/1/2024,186.4199982,188.3000031,184.8800049,185.5800018,185.5800018,353900
EPAM,7/2/2024,186.6399994,188.8600006,182.6399994,183.2799988,183.2799988,449200
EPAM,7/3/2024,184.9100037,185.7200012,182.2400055,185.5299988,185.5299988,350800
EPAM,7/5/2024,183.7700043,185.6900024,183,184.1399994,184.1399994,563000
EPAM,7/8/2024,184.9600067,186.4499969,183.5,186.1300049,186.1300049,330200
EPAM,7/9/2024,185.3699951,185.7799988,182.4700012,182.5899963,182.5899963,404300
EPAM,7/10/2024,183.7599945,183.7599945,179.5500031,181.6900024,181.6900024,452400
EPAM,7/11/2024,184.0800018,191.5200043,183.5500031,189.1699982,189.1699982,665400
EPAM,7/12/2024,190.0399933,193.9400024,189.1699982,193.5,193.5,544200
EPAM,7/15/2024,194.0200043,200.0399933,192.8399963,199.7200012,199.7200012,857200
EPAM,7/16/2024,207.7200012,211.4400024,205.6000061,209.3500061,209.3500061,803100
EPAM,7/17/2024,208.5099945,212.1499939,206.1999969,211.3099976,211.3099976,689500
EPAM,7/18/2024,211.4100037,223.0299988,211.1000061,217.4700012,217.4700012,1182000
EPAM,7/19/2024,216.0700073,216.9299927,206.7299957,208.8999939,208.8999939,704100
EPAM,7/22/2024,209.6699982,212.2700043,205.6600037,212.1000061,212.1000061,517800
EPAM,7/23/2024,210.5500031,211.6199951,206.8999939,207.3300018,207.3300018,400000
EPAM,7/24/2024,206.8500061,209,204.0800018,205.0399933,205.0399933,299400
EPAM,7/25/2024,204.6399994,212.1699982,204.0500031,207.1399994,207.1399994,359200
EPAM,7/26/2024,209.3200073,211.5500031,207.6699982,211.0500031,211.0500031,318200
EPAM,7/29/2024,210.3300018,211.8000031,207.8699951,210.0399933,210.0399933,259000
EPAM,7/30/2024,211.3099976,215.6699982,210.1999969,213.7100067,213.7100067,449700
EPAM,7/31/2024,214.2100067,219.0500031,212.7400055,215.1300049,215.1300049,459400
EPAM,8/1/2024,216.7400055,221.1499939,211.2299957,214.9400024,214.9400024,524400
EPAM,8/2/2024,212.9100037,212.9100037,204.4799957,208.9900055,208.9900055,452500
EPAM,8/5/2024,195.8000031,203.7100067,195.8000031,202.25,202.25,424700
EPAM,8/6/2024,202.6999969,208.5399933,202.6999969,206.6600037,206.6600037,403300
EPAM,8/7/2024,209.6699982,213.8699951,208.1600037,208.1699982,208.1699982,766000
EPAM,8/8/2024,193.0500031,193.5800018,183.4799957,191.1600037,191.1600037,2003100
EPAM,8/9/2024,193.9400024,196.8099976,190.8399963,193.2100067,193.2100067,801400
EPAM,8/12/2024,194.8399963,194.8399963,187.2599945,189.0099945,189.0099945,723100
EPAM,8/13/2024,188.9900055,199.5200043,188.5800018,196.8500061,196.8500061,641800
EPAM,8/14/2024,197.6799927,200.6699982,197.5700073,199.9600067,199.9600067,568000
EPAM,8/15/2024,202.4299927,205.2100067,200,200,200,496300
EPAM,8/16/2024,202.4299927,204.5200043,199.4600067,201.3500061,201.3500061,372900
EPAM,8/19/2024,202.1600037,204.3600006,200.6499939,202.2899933,202.2899933,207200
EPAM,8/20/2024,202,204.5399933,199.7200012,199.7299957,199.7299957,325800
EPAM,8/21/2024,200.6000061,201.6000061,199.5,200.8500061,200.8500061,235300
EPAM,8/22/2024,200.8800049,202.25,196.5299988,196.5700073,196.5700073,308700
EPAM,8/23/2024,197,199.6799927,197,199.1199951,199.1199951,261400
EPAM,8/26/2024,200.0099945,201.9299927,195.8600006,196.1300049,196.1300049,274400
EPAM,8/27/2024,195.6900024,202.5,195.3200073,200.25,200.25,318800
EPAM,8/28/2024,199.8699951,204.6999969,198.0599976,198.5700073,198.5700073,414500
EPAM,8/29/2024,200.4199982,204.9400024,200.0899963,201.2400055,201.2400055,263000
EPAM,8/30/2024,201.7200012,202.6300049,197.5299988,200.7599945,200.7599945,455700
EPAM,9/3/2024,199.3999939,202,194.9199982,195.3399963,195.3399963,347900
EPAM,9/4/2024,195.4299927,202.8200073,194.6699982,200.5,200.5,1254900
EPAM,9/5/2024,202,207.2700043,200.1699982,204,204,629900
EPAM,9/6/2024,205.4900055,207.5,201.9600067,204.8200073,204.8200073,507100
EPAM,9/9/2024,205.5099945,208.8000031,205,206.1199951,206.1199951,1029700
EPAM,9/10/2024,206.6900024,209.3800049,204.0500031,206.5,206.5,1147300
EPAM,9/11/2024,205.25,205.3699951,200.5299988,203.6000061,203.6000061,880200
EPAM,9/12/2024,204.9799957,205.4199982,201.7599945,202.3000031,202.3000031,830300
EPAM,9/13/2024,203.2400055,204.5200043,201.4900055,201.8800049,201.8800049,484300
EPAM,9/16/2024,202.3999939,206.1499939,202.1499939,205.4600067,205.4600067,564300
EPAM,9/17/2024,206.3899994,206.9100037,197.9499969,200.3999939,200.3999939,504900
EPAM,9/18/2024,199.5700073,200.9299927,196.1999969,198,198,569900
EPAM,9/19/2024,200.9100037,200.9100037,196.7400055,198.0599976,198.0599976,561100
EPAM,9/20/2024,193.7799988,197.8399963,192.9799957,197,197,2473200
EPAM,9/23/2024,197.7599945,198.8899994,194.9299927,198.6300049,198.6300049,499900
EPAM,9/24/2024,199.1699982,201.4600067,197.9700012,200.2200012,200.2200012,620100
EPAM,9/25/2024,200,201.2200012,195.2100067,196.1799927,196.1799927,613700
EPAM,9/26/2024,199.8200073,204.9299927,197.5,200.5800018,200.5800018,819000
EPAM,9/27/2024,201.8399963,202.5299988,198.4400024,199.4600067,199.4600067,300900
EPAM,9/30/2024,198.3200073,200.5399933,196.7100067,199.0299988,199.0299988,337900
EPAM,10/1/2024,199.1900024,199.3999939,194.75,196.3800049,196.3800049,432400
EPAM,10/2/2024,195,196.8600006,194.2700043,196,196,305800
EPAM,10/3/2024,195.5399933,195.8899994,192.6100006,195.7200012,195.7200012,350500
EPAM,10/4/2024,198.3999939,200.1999969,195.8300018,198.3500061,198.3500061,570000
EPAM,10/7/2024,197.4100037,197.6000061,191.9299927,192.9900055,192.9900055,370800
EPAM,10/8/2024,193.1000061,195.8600006,191.5800018,195.1799927,195.1799927,437500
EPAM,10/9/2024,195.5200043,195.5700073,193,194.1499939,194.1499939,421200
EPAM,10/10/2024,191.9900055,194.1399994,191.5200043,192.7700043,192.7700043,344100
EPAM,10/11/2024,193.1000061,196.0200043,193.1000061,195.0299988,195.0299988,703300
EPAM,10/14/2024,195.8500061,199.2100067,194.6499939,198,198,684400
EPAM,10/15/2024,197.0599976,201.1699982,196.9900055,198.4900055,198.4900055,563900
EPAM,10/16/2024,198.6000061,204.5500031,198.4799957,199.4499969,199.4499969,1031600
EPAM,10/17/2024,199.5399933,200.6600037,196.9600067,198.4499969,198.4499969,309800
EPAM,10/18/2024,199.6999969,202.4700012,199.2100067,201.5800018,201.5800018,463000
EPAM,10/21/2024,200.6300049,202.1199951,199.5700073,199.9799957,199.9799957,259500
EPAM,10/22/2024,199.4499969,200.0099945,196.6999969,197.9499969,197.9499969,247900
EPAM,10/23/2024,197.4700012,198.9299927,192.2100067,193.1600037,193.1600037,277100
EPAM,10/24/2024,194.3699951,194.6699982,190.6699982,190.9799957,190.9799957,263300
EPAM,10/25/2024,191.5,194.8500061,190.5899963,191.5200043,191.5200043,376000
EPAM,10/28/2024,193.5500031,195.0099945,190.8699951,191.2899933,191.2899933,259800
EPAM,10/29/2024,191.1199951,195.7599945,191.1199951,193.8800049,193.8800049,1030500
EPAM,10/30/2024,192.3300018,195.0700073,188.9700012,189.1100006,189.1100006,340600
EPAM,10/31/2024,189,191.9799957,188.1000061,188.6499939,188.6499939,844400
EPAM,11/1/2024,188.3999939,191.3500061,187.6699982,189.2200012,189.2200012,568900
EPAM,11/4/2024,189.0200043,191.3099976,187.6399994,189.3000031,189.3000031,493200
EPAM,11/5/2024,189.1600037,192.2200012,188.0500031,192.2200012,192.2200012,642600
EPAM,11/6/2024,202.2200012,203.3000031,197.9299927,202.6900024,202.6900024,1392600
EPAM,11/7/2024,230.6100006,240,223.0200043,232.9199982,232.9199982,1411300
EPAM,11/8/2024,234.7299957,236.9400024,230.1900024,233.4499969,233.4499969,794200
EPAM,11/11/2024,237.2799988,247.2899933,237.2799988,243.25,243.25,880200
EPAM,11/12/2024,244.2100067,248.0399933,243.1600037,245.75,245.75,672400
EPAM,11/13/2024,245.8000031,249.5,243.7200012,248.6999969,248.6999969,666900
EPAM,11/14/2024,248.5,249.2700043,242.75,244.8600006,244.8600006,684800
EPAM,11/15/2024,242.8600006,243.2700043,233.1600037,235.2899933,235.2899933,851800
EPAM,11/18/2024,234.3099976,235.5299988,230.8200073,233.3999939,233.3999939,558300
EPAM,11/19/2024,230.0299988,230.4499969,226.5599976,227.6000061,227.6000061,500900
EPAM,11/20/2024,228.4799957,235.2599945,226.2799988,234.5,234.5,526400
EPAM,11/21/2024,235.4199982,245.7200012,234.9499969,245.2200012,245.2200012,742800
EPAM,11/22/2024,244.3699951,247.1199951,242.9400024,245.2700043,245.2700043,422900
EPAM,11/25/2024,249.1000061,250.6699982,246.7299957,249.1600037,249.1600037,729900
EPAM,11/26/2024,248.1600037,248.8500061,242.8399963,248.6699982,248.6699982,583000
EPAM,11/27/2024,248.2599945,248.4499969,242.8000031,245.7899933,245.7899933,433900
EPAM,11/29/2024,246.0399933,246.6699982,243.9100037,243.9199982,243.9199982,275100
EPAM,12/2/2024,244.5700073,246.0200043,242.4199982,243.7899933,243.7899933,695400
EPAM,12/3/2024,245,245.0099945,239.6900024,240.5099945,240.5099945,602400
EPAM,12/4/2024,242.0599976,243.3699951,239.5899963,241.9100037,241.9100037,933600
EPAM,12/5/2024,243,244.2299957,239,240.3699951,240.3699951,1118400
EPAM,12/6/2024,248.7400055,252.3999939,243.5700073,245.4499969,245.4499969,1982700
EPAM,12/9/2024,245.8399963,251.6000061,242.1900024,247.1999969,247.1999969,1490800
EPAM,12/10/2024,248.0800018,251.5200043,245.3699951,250.0899963,250.0899963,874000
EPAM,12/11/2024,252.6000061,257,250.4600067,253,253,878800
EPAM,12/12/2024,250.5200043,251.25,247.0099945,250.0700073,250.0700073,691200
EPAM,12/13/2024,249.5099945,251.1000061,244.3600006,244.6399994,244.6399994,767500
EPAM,12/16/2024,244.4700012,245.8399963,242.8099976,243.3699951,243.3699951,545200
EPAM,12/17/2024,246.3000031,249.9400024,246.2299957,247.9199982,247.9199982,489300
EPAM,12/18/2024,248.7299957,249.8000031,239,239.1100006,239.1100006,702200
EPAM,12/19/2024,244.0200043,253.0800018,243.3000031,246.8000031,246.8000031,640900
EPAM,12/20/2024,242.7700043,250.5800018,242.5299988,248.2599945,248.2599945,1260400
EPAM,12/23/2024,246.8699951,247.4499969,243.1999969,243.8000031,243.8000031,277800
EPAM,12/24/2024,243.0899963,243.8399963,241.6900024,242.4700012,242.4700012,240600
EPAM,12/26/2024,241.0500031,243.6699982,240.0299988,241.1799927,241.1799927,298300
EPAM,12/27/2024,239.9499969,243.0700073,236.8999939,238.4700012,238.4700012,319500
EPAM,12/30/2024,236.0899963,236.0899963,231.5800018,234.6799927,234.6799927,324300
EPAM,12/31/2024,235.2700043,235.9199982,231.9299927,233.8200073,233.8200073,298200
EPAM,1/2/2025,236.1399994,236.1399994,228.6600037,229.1600037,229.1600037,414600
EPAM,1/3/2025,230.4100037,231.9700012,227.7299957,230.7200012,230.7200012,374600
EPAM,1/6/2025,231,234.7200012,230.4600067,230.9900055,230.9900055,510700
EPAM,1/7/2025,231.6900024,235.1999969,227.9299927,228.4499969,228.4499969,367600
EPAM,1/8/2025,229.3000031,229.75,224.2799988,228.5099945,228.5099945,398300
EPAM,1/10/2025,226.2400055,228.8800049,224.6000061,225.6199951,225.6199951,615300
EPAM,1/13/2025,223.8300018,226.4700012,222.5,225.8200073,225.8200073,490000
EPAM,1/14/2025,226.6600037,228.0500031,224.6499939,226.8000031,226.8000031,366500
EPAM,1/15/2025,231.2799988,232.8699951,226.1999969,228.7400055,228.7400055,344100
EPAM,1/16/2025,227.8500061,230.2599945,226.7100067,229.0899963,229.0899963,302900
EPAM,1/17/2025,231.9799957,232.0200043,227.9900055,229.0800018,229.0800018,380000
EPAM,1/21/2025,232.75,238.7700043,228.8800049,237.3600006,237.3600006,611900
EPAM,1/22/2025,238.0500031,238.0500031,229.1499939,235.4199982,235.4199982,967200
EPAM,1/23/2025,236,245.6499939,235.75,245.3000031,245.3000031,714400
EPAM,1/24/2025,244.6600037,252.7299957,244.6600037,252.4299927,252.4299927,727300
EPAM,1/27/2025,250.6399994,257.230011,250.5500031,252.0599976,252.0599976,854600
EPAM,1/28/2025,249.5500031,256.1499939,248.25,255.1399994,255.1399994,541000
EPAM,1/29/2025,254.8800049,255.0500031,249.0099945,251.8500061,251.8500061,356900
EPAM,1/30/2025,254,256.7000122,249.6799927,250.6300049,250.6300049,420200
EPAM,1/31/2025,251.6900024,254.4400024,250.5,253.9600067,253.9600067,582700
EPAM,2/3/2025,249.6100006,257.1300049,247.4600067,256.5799866,256.5799866,573100
EPAM,2/4/2025,254.6699982,258.8099976,253.1600037,255.0099945,255.0099945,357800
EPAM,2/5/2025,256.2900085,258.6099854,252.5200043,257.3099976,257.3099976,399600
EPAM,2/6/2025,258.5,265.3900146,256.9599915,264.2600098,264.2600098,617100
EPAM,2/7/2025,267.6900024,267.6900024,259.0700073,260.3800049,260.3800049,342800
EPAM,2/10/2025,261.730011,262.1199951,258.1199951,260,260,297000
EPAM,2/11/2025,259.7799988,264.5499878,258.75,263.9200134,263.9200134,593600
EPAM,2/12/2025,260,266.5400085,256.4899902,264.9899902,264.9899902,803800
EPAM,2/13/2025,266,268.75,263.4500122,267.6300049,267.6300049,463600
EPAM,2/14/2025,267.6300049,268.0100098,263.519989,266.1199951,266.1199951,387200
EPAM,2/18/2025,265.9100037,269,258.5,260.9100037,260.9100037,684500
EPAM,2/19/2025,257.6300049,261.5,254.8500061,258.1099854,258.1099854,679200
EPAM,2/20/2025,235.3399963,241.0399933,213.4199982,225.0700073,225.0700073,2293400
EPAM,2/21/2025,223.4499969,223.4499969,208.3500061,208.8399963,208.8399963,1694800
EPAM,2/24/2025,208.5599976,213,207.0899963,207.3800049,207.3800049,952900
EPAM,2/25/2025,207.5,213.5299988,206.3399963,210.5,210.5,1014200
EPAM,2/26/2025,208.9799957,217.7799988,208.9799957,213.2299957,213.2299957,1241600
EPAM,2/27/2025,213.3899994,215.9100037,207.6999969,208.3099976,208.3099976,824900
EPAM,2/28/2025,208.3000031,212.6600037,203.2799988,206.1399994,206.1399994,1406800
EPAM,3/3/2025,207,207.8200073,198.1600037,198.6100006,198.6100006,1018200
EPAM,3/4/2025,196.0500031,202.1499939,195.5899963,198.0099945,198.0099945,978500
EPAM,3/5/2025,198.1999969,201.4600067,197.3099976,200.1499939,200.1499939,783400
EPAM,3/6/2025,197.7599945,201.9799957,196.1600037,197.2700043,197.2700043,579500
EPAM,3/7/2025,196.0200043,199.4199982,194.25,198.8000031,198.8000031,510700
EPAM,3/10/2025,195.5800018,196.8999939,189.4900055,190.4100037,190.4100037,790600
EPAM,3/11/2025,190.1600037,193.3600006,187.4299927,191.3600006,191.3600006,704500
EPAM,3/12/2025,193,193.8099976,188.3800049,189.2100067,189.2100067,517800
EPAM,3/13/2025,187.5899963,187.8300018,179.3500061,180.1600037,180.1600037,776900
EPAM,3/14/2025,181.8000031,182.9299927,179.4499969,182.7299957,182.7299957,1000700
EPAM,3/17/2025,182.3800049,188.3899994,182.3800049,186.2200012,186.2200012,620400
EPAM,3/18/2025,185.6100006,186.0399933,181.6699982,183.0200043,183.0200043,464800
EPAM,3/19/2025,183.3999939,184.3899994,178.4900055,180.8699951,180.8699951,852100
EPAM,3/20/2025,178.2100067,178.3800049,171.0099945,172.2799988,172.2799988,1486400
EPAM,3/21/2025,170.6100006,176.6799927,169.5,175.3000031,175.3000031,1284500
EPAM,3/24/2025,178.8999939,181.0099945,177.1300049,178.3099976,178.3099976,580500
EPAM,3/25/2025,179.2899933,180.5800018,177.6999969,178.9900055,178.9900055,500000
EPAM,3/26/2025,179.3399963,179.7700043,175.8200073,176.9199982,176.9199982,391100
EPAM,3/27/2025,176.3000031,176.6199951,173.5700073,174.2299957,174.2299957,495200
EPAM,3/28/2025,173.2799988,173.5099945,167,168.9299927,168.9299927,634000
EPAM,3/31/2025,167.0899963,169.9100037,164,168.8399963,168.8399963,669700
EPAM,4/1/2025,169.1999969,172.2100067,165.4700012,167.5299988,167.5299988,731800
EPAM,4/2/2025,165.6399994,170.1699982,165.6399994,169.0599976,169.0599976,540800
EPAM,4/3/2025,162.7100067,163.3999939,152.7100067,155.5500031,155.5500031,963000
EPAM,4/4/2025,149.0899963,151.1000061,144,144.6699982,144.6699982,1329300
EPAM,4/7/2025,141.0299988,149.6399994,138.1499939,144.9499969,144.9499969,1198600
EPAM,4/8/2025,150.2700043,152.3200073,140.5099945,143.3300018,143.3300018,991300
EPAM,4/9/2025,141.1999969,160.0299988,139.1300049,159,159,1483800
EPAM,4/10/2025,154.0200043,155.9499969,142.0399933,146.2899933,146.2899933,789200
EPAM,4/11/2025,145.9799957,147.8300018,142.5899963,147.7599945,147.7599945,465000
EPAM,4/14/2025,151.0200043,153.3600006,148.5099945,151.9700012,151.9700012,737300
EPAM,4/15/2025,152.1000061,155.1199951,150.4400024,151.5500031,151.5500031,628200
EPAM,4/16/2025,149.5700073,152.0700073,144.9100037,147.2799988,147.2799988,698300
EPAM,4/17/2025,148.0399933,148.2899933,145.5800018,147.1600037,147.1600037,419900
EPAM,4/21/2025,146,146.0099945,143.0899963,145.6100006,145.6100006,485500
EPAM,4/22/2025,146.7899933,148.4100037,145.0599976,147.3899994,147.3899994,575400
EPAM,4/23/2025,155.0899963,159.1499939,152.0700073,152.6000061,152.6000061,524000
EPAM,4/24/2025,152.7400055,158.4400024,152.7400055,158.0299988,158.0299988,413300
EPAM,4/25/2025,157.8200073,159.7400055,155.2200012,159.1199951,159.1199951,440700
EPAM,4/28/2025,159.7200012,162.0200043,157.3300018,158.8899994,158.8899994,468800
EPAM,4/29/2025,159.9900055,160.8500061,158.4199982,159.8399963,159.8399963,522700
EPAM,4/30/2025,155.6499939,158.0500031,153.4400024,156.9100037,156.9100037,846500
EPAM,5/1/2025,160.5399933,160.9499969,157.1999969,158.4600067,158.4600067,686100
EPAM,5/2/2025,161.3500061,162.1199951,159.8000031,160.3600006,160.3600006,648600
EPAM,5/5/2025,159.5399933,162.8699951,159.1199951,159.1199951,159.1199951,656300
EPAM,5/6/2025,157.2700043,159.7100067,156.2100067,157.8800049,157.8800049,586100
EPAM,5/7/2025,158.8699951,161.1600037,157.2700043,159.2100067,159.2100067,1373700
EPAM,5/8/2025,179,185.6100006,173.3800049,179.7100067,179.7100067,2026500
EPAM,5/9/2025,180.5599976,181.9199982,176.8200073,177.1000061,177.1000061,879700
EPAM,5/12/2025,184.8000031,188,182.0099945,186.6000061,186.6000061,710400
EPAM,5/13/2025,186.3099976,189.6199951,185.1999969,186.8999939,186.8999939,800800
EPAM,5/14/2025,184.6699982,185.9600067,182.6000061,184.3800049,184.3800049,1143800
EPAM,5/15/2025,184,185.3000031,182.2200012,184.6900024,184.6900024,893200
EPAM,5/16/2025,179.9700012,183.9299927,177,183.6000061,183.6000061,1089500
EPAM,5/19/2025,179.8399963,185.1600037,178.6199951,183.75,183.75,763800
EPAM,5/20/2025,182.3300018,186.1499939,180.1499939,185.8899994,185.8899994,740900
EPAM,5/21/2025,182.9799957,187.5599976,182.1699982,183.6000061,183.6000061,941200
EPAM,5/22/2025,183.2799988,184.6100006,180.3899994,180.6300049,180.6300049,809800
EPAM,5/23/2025,176.1100006,176.8300018,172.3600006,175.9499969,175.9499969,1057200
EPAM,5/27/2025,178.3200073,178.3200073,173.9700012,176.6499939,176.6499939,1082500
EPAM,5/28/2025,176.3699951,178.0200043,174.3099976,174.3500061,174.3500061,796600
EPAM,5/29/2025,175.8200073,175.8200073,172.4900055,173.7799988,173.7799988,914000
EPAM,5/30/2025,172.8699951,175.5899963,171.0099945,174.4900055,174.4900055,4238700
EPAM,6/2/2025,173.4400024,174.7700043,169.9600067,170.5800018,170.5800018,912000
EPAM,6/3/2025,170.4700012,175.0800018,168.5299988,174.1799927,174.1799927,1014700
EPAM,6/4/2025,175.3099976,177.4299927,174.7200012,175.6499939,175.6499939,571200
EPAM,6/5/2025,176.5500031,178.8800049,173.6900024,174.5700073,174.5700073,664000
EPAM,6/6/2025,175.8500061,178.5500031,174,178.2299957,178.2299957,501900
EPAM,6/9/2025,178.9700012,179.0299988,176.2200012,176.6900024,176.6900024,507100
EPAM,6/10/2025,179.3099976,181.8899994,178.1499939,180.7599945,180.7599945,892700
EPAM,6/11/2025,181.2400055,182.2400055,176,176.5800018,176.5800018,610500
EPAM,6/12/2025,174.6300049,176.6699982,172.1199951,175.8399963,175.8399963,424300
EPAM,6/13/2025,171.5,173.9199982,170.1799927,170.75,170.75,549800
EPAM,6/16/2025,174.6900024,174.6900024,171.6600037,172.5800018,172.5800018,599700
EPAM,6/17/2025,171.7100067,173.7899933,168.5399933,168.5800018,168.5800018,719300
EPAM,6/18/2025,168,168.8200073,164.4799957,165.0200043,165.0200043,584200
EPAM,6/20/2025,161.0599976,166.2700043,158.5399933,163.0599976,163.0599976,1222800
EPAM,6/23/2025,163.3099976,168.2100067,161.5299988,168.0099945,168.0099945,831700
EPAM,6/24/2025,170.3099976,173.2200012,169.3500061,172.75,172.75,677900
EPAM,6/25/2025,172.5599976,174.3600006,171.6600037,173.1000061,173.1000061,517900
EPAM,6/26/2025,173.7899933,176.3999939,172.5099945,174,174,376100
EPAM,6/27/2025,174.9299927,175.7100067,172.8200073,174.9299927,174.9299927,972300
EPAM,6/30/2025,175.6300049,178.5500031,175.2700043,176.8200073,176.8200073,716900
EPAM,7/1/2025,176.6300049,183.0399933,175.7299957,179.0299988,179.0299988,554000
EPAM,7/2/2025,178.7700043,179.8800049,176.7700043,179.5500031,179.5500031,421600
EPAM,7/3/2025,180.1499939,183.1799927,180.1100006,182.8300018,182.8300018,273800
EPAM,7/7/2025,181.2899933,184.5800018,179.7200012,179.9700012,179.9700012,483700
EPAM,7/8/2025,181.5,185.8200073,179.6699982,183.3099976,183.3099976,563500
EPAM,7/9/2025,182.3500061,183.8399963,179.1600037,181.7299957,181.7299957,407600
EPAM,7/10/2025,180.8399963,180.8399963,174.2899933,177.75,177.75,634900
EPAM,7/11/2025,175.3699951,176.8500061,169.7299957,169.8800049,169.8800049,722300
EPAM,7/14/2025,169.5,170,166.6499939,168.1000061,168.1000061,549700
EPAM,7/15/2025,169.3600006,169.5399933,162.8999939,163.0299988,163.0299988,433500
EPAM,7/16/2025,163.8600006,167.1100006,162.4600067,166.8399963,166.8399963,513400
EPAM,7/17/2025,167.3699951,168.7400055,163.5200043,164.4799957,164.4799957,657600
EPAM,7/18/2025,165.4700012,165.7200012,163.2400055,164.6999969,164.6999969,456900
EPAM,7/21/2025,165.7899933,167.1600037,164.5599976,165.5,165.5,500800
EPAM,7/22/2025,166.5500031,169.6199951,166.1699982,168.7299957,168.7299957,579400
EPAM,7/23/2025,170.9700012,171.8899994,167.4299927,171.0599976,171.0599976,1121300
EPAM,7/24/2025,170.5800018,171.8099976,168.3300018,168.9499969,168.9499969,692400
EPAM,7/25/2025,169.1300049,170.9199982,167.5800018,170.7400055,170.7400055,443700
EPAM,7/28/2025,170.9499969,172.1300049,169.0299988,169.3600006,169.3600006,357000
EPAM,7/29/2025,170.4600067,170.4600067,166.6199951,168.5099945,168.5099945,436900
EPAM,7/30/2025,169.3099976,169.9799957,163.1499939,163.9700012,163.9700012,458700
EPAM,7/31/2025,163.6699982,164.1100006,157.2700043,157.7100067,157.7100067,604900
EPAM,8/1/2025,155.2700043,156.4100037,150.8099976,150.9900055,150.9900055,854500
EPAM,8/4/2025,153.2400055,154.2799988,151.3800049,153.3000031,153.3000031,804000
EPAM,8/5/2025,151.5299988,152,146.6799927,149.3300018,149.3300018,881600
EPAM,8/6/2025,149.6100006,151.7400055,146.4299927,151.3099976,151.3099976,1183100
EPAM,8/7/2025,164.9700012,166.3500061,153.8500061,157.7400055,157.7400055,2385900
EPAM,8/8/2025,157.3200073,161,156.2299957,158,158,1084600
EPAM,8/11/2025,160,164.6300049,151.7599945,151.8000031,151.8000031,993800
EPAM,8/12/2025,152.0700073,154.8500061,150.8600006,152.9299927,152.9299927,713300
EPAM,8/13/2025,153.3999939,160.8800049,153.2700043,160.8000031,160.8000031,732700
EPAM,8/14/2025,158.7700043,161.1499939,157.0099945,159.3000031,159.3000031,685500
EPAM,8/15/2025,159.0399933,159.9199982,155.9199982,157.7100067,157.7100067,879800
EPAM,8/18/2025,161,166.8899994,159.3099976,164.6000061,164.6000061,719600
EPAM,8/19/2025,165.5,170.9400024,165.2100067,167.5299988,167.5299988,735500
EPAM,8/20/2025,167.0899963,169.8899994,166.2400055,166.4400024,166.4400024,742900
EPAM,8/21/2025,165,166.6699982,162.8800049,166.3999939,166.3999939,499500
EPAM,8/22/2025,167.1399994,177.6600037,166.8300018,174.9499969,174.9499969,802900
EPAM,8/25/2025,173.9700012,174.1999969,171.1799927,172.5099945,172.5099945,508100
EPAM,8/26/2025,171.6399994,174.1600037,170.2599945,170.2799988,170.2799988,1146300
EPAM,8/27/2025,170.0200043,174.4100037,169.0700073,173.5500031,173.5500031,631600
EPAM,8/28/2025,174.0500031,175.5500031,171.1699982,174.1799927,174.1799927,1096600
EPAM,8/29/2025,173.6499939,176.8399963,172.6999969,176.3600006,176.3600006,492200
EPAM,9/2/2025,172.7299957,175.3000031,171.75,174.6999969,174.6999969,544600
EPAM,9/3/2025,173.8699951,175.1199951,170.0800018,174.0500031,174.0500031,586900
EPAM,9/4/2025,172.4400024,172.4400024,166.8399963,168.0899963,168.0899963,621500
EPAM,9/5/2025,168.5,173.4499969,167.75,169.4600067,169.4600067,947300
EPAM,9/8/2025,169.8500061,170.1699982,161.4700012,164.4499969,164.4499969,1410600
EPAM,9/9/2025,164.3099976,165.3899994,161.4199982,165.0200043,165.0200043,675700
EPAM,9/10/2025,162.5800018,164.0500031,150.8699951,153.1000061,153.1000061,1810200
EPAM,9/11/2025,155.1000061,158.2400055,153,157.8500061,157.8500061,1380200
EPAM,9/12/2025,158.1199951,158.1199951,154.6999969,156.0899963,156.0899963,546300
EPAM,9/15/2025,157.3500061,158.1000061,152.8200073,154.5500031,154.5500031,604200
EPAM,9/16/2025,154.1799927,155.1000061,152.1000061,154.5700073,154.5700073,712500
EPAM,9/17/2025,154.3300018,158.6499939,152.6900024,153.4600067,153.4600067,807000
EPAM,9/18/2025,154.3000031,155.9400024,153.4900055,155.8699951,155.8699951,744700
EPAM,9/19/2025,156.1900024,158,153.6300049,156.1999969,156.1999969,1733500
EPAM,9/22/2025,155.0899963,158.9499969,153.9799957,156.4299927,156.4299927,698600
EPAM,9/23/2025,157.8099976,158.6199951,153.0099945,154.0399933,154.0399933,1035500
EPAM,9/24/2025,154.0399933,157.0899963,153.3099976,156.4299927,156.4299927,885200
EPAM,9/25/2025,154.8099976,155.5,149.6000061,149.9900055,149.9900055,764100
EPAM,9/26/2025,149.9199982,153.1999969,149.4900055,151.8399963,151.8399963,787900
EPAM,9/29/2025,153.5099945,155.5899963,151.0500031,154.5,154.5,810000
EPAM,9/30/2025,152.9900055,154.9400024,149.9199982,150.7899933,150.7899933,719900
EPAM,10/1/2025,149.5299988,152.3099976,148.1799927,152.3000031,152.3000031,784100
EPAM,10/2/2025,151.9799957,154.7200012,150.3699951,152.7700043,152.7700043,626800
EPAM,10/3/2025,153.3699951,155.5299988,152.4799957,154.1199951,154.1199951,451900
EPAM,10/6/2025,153.6199951,154.7299957,151.5099945,152.5099945,152.5099945,460400
EPAM,10/7/2025,153.2899933,153.6399994,149.3200073,149.8699951,149.8699951,460000
EPAM,10/8/2025,150.5700073,151.6699982,149.5200043,151.0599976,151.0599976,289100
EPAM,10/9/2025,151.1699982,151.6499939,149.6999969,150.5299988,150.5299988,414800
EPAM,10/10/2025,150.8500061,151.4900055,142.3800049,142.3800049,142.3800049,647100
EPAM,10/13/2025,143.6499939,147.0299988,143.0599976,146.6999969,146.6999969,480600
EPAM,10/14/2025,144.3000031,148.7299957,143.2599945,146.9799957,146.9799957,567300
EPAM,10/15/2025,148.2700043,148.2700043,142.6100006,142.9700012,142.9700012,481300
EPAM,10/16/2025,144.0099945,145.8200073,140.8399963,142.1999969,142.1999969,401000
EPAM,10/17/2025,142.2100067,146,141.3999939,144.5200043,144.5200043,500700
EPAM,10/20/2025,145.0500031,148.0800018,143.4499969,145,145,572200
EPAM,10/21/2025,150.4499969,157.4900055,142.7700043,155.0800018,155.0800018,989000
EPAM,10/22/2025,154.7700043,157.2200012,153.75,156.4700012,156.4700012,709800
EPAM,10/23/2025,153.7700043,157.1499939,151.6000061,156.7299957,156.7299957,749600
EPAM,10/24/2025,157.8000031,160.1999969,156.1499939,159.3999939,159.3999939,743100
EPAM,10/27/2025,161.2899933,164.0399933,160,162.4499969,162.4499969,1005900
EPAM,10/28/2025,161.1799927,163.2700043,159.8999939,161.8999939,161.8999939,666900
EPAM,10/29/2025,163.5,165.2700043,161.6900024,162.8500061,162.8500061,1172800
EPAM,10/30/2025,161.6799927,163.4900055,158.9799957,159.1499939,159.1499939,612800
EPAM,10/31/2025,160.25,163.6300049,159.7200012,163.5399933,163.5399933,978900
EPAM,11/3/2025,162.0800018,164,157.8000031,161.7100067,161.7100067,826800
EPAM,11/4/2025,161.9799957,162.2700043,156.3399963,158.4499969,158.4499969,779700
EPAM,11/5/2025,158.5200043,161.3999939,155.7799988,160.9100037,160.9100037,1064000
EPAM,11/6/2025,167.5700073,172.5,155,168,168,1997500
EPAM,11/7/2025,166.8800049,175.7599945,165.9400024,175.3000031,175.3000031,1539700
EPAM,11/10/2025,177.6999969,183.8300018,177,182.3999939,182.3999939,1809000
EPAM,11/11/2025,181,182.7200012,177.8999939,180.1600037,180.1600037,1013200
EPAM,11/12/2025,180.5200043,183.4499969,179.7299957,180.1199951,180.1199951,681000
EPAM,11/13/2025,177.9400024,182.6000061,177.8000031,180.4700012,180.4700012,1448900
EPAM,11/14/2025,177.2100067,181.4900055,175.8200073,179.0200043,179.0200043,1128700
EPAM,11/17/2025,177.8000031,182.3000031,177.6100006,177.7799988,177.7799988,1416900
EPAM,11/18/2025,176.8399963,180.6600037,171.4100037,178.7100067,178.7100067,1857000
EPAM,11/19/2025,180.3300018,183.8999939,178.8800049,180.9299927,180.9299927,1335500
EPAM,11/20/2025,182.2799988,183.6699982,176.25,178.6199951,178.6199951,1114600
EPAM,11/21/2025,179.9100037,185.3200073,178.9600067,180.9799957,180.9799957,1009900
EPAM,11/24/2025,181.9900055,187.1699982,179,183.2299957,183.2299957,793900
EPAM,11/25/2025,184.6100006,186.3000031,183.4299927,185.8000031,185.8000031,931800
EPAM,11/26/2025,184.7100067,186.8699951,184.2599945,184.6900024,184.6900024,552000
EPAM,11/28/2025,184.7200012,187.8699951,184.0899963,187,187,302100
EPAM,12/1/2025,186.0700073,192.3300018,185.4700012,190.4199982,190.4199982,935600
EPAM,12/2/2025,191.5500031,193.0500031,188.8999939,192.9900055,192.9900055,588900
EPAM,12/3/2025,192.8300018,200,192.0700073,200,200,1087300
EPAM,12/4/2025,200,203.4299927,197.5099945,201.5,201.5,1191500
EPAM,12/5/2025,200.5399933,204.3399963,200.3300018,203.6000061,203.6000061,975500
EPAM,12/8/2025,204.6300049,205.5399933,201.4799957,203.6399994,203.6399994,898100
EPAM,12/9/2025,202.3899994,211.4199982,202.3899994,207.9700012,207.9700012,1023800
EPAM,12/10/2025,206.7200012,213.1100006,206.3999939,211.7200012,211.7200012,793400
EPAM,12/11/2025,210.9799957,214.5200043,210.5800018,211.1100006,211.1100006,730700
EPAM,12/12/2025,210.8899994,212.9700012,207.4900055,209.6300049,209.6300049,669400
EPAM,12/15/2025,210.1199951,214.4299927,207.4199982,212.1399994,212.1399994,823500
EPAM,12/16/2025,207.8999939,212.9299927,203.1000061,205.8500061,205.8500061,805800
EPAM,12/17/2025,203.5599976,211.0299988,203.5599976,204.3300018,204.3300018,873500
EPAM,12/18/2025,204.0599976,208.4299927,200.9700012,207.0200043,207.0200043,814400
EPAM,12/19/2025,206.7100067,211.2599945,206.4400024,209.1699982,209.1699982,1982100
EPAM,12/22/2025,209.1300049,212,207.5299988,211.5899963,211.5899963,481800
EPAM,12/23/2025,211.8200073,211.8200073,206.6799927,208,208,591100
EPAM,12/24/2025,207.1799927,210.5599976,207.1799927,209.0800018,209.0800018,189000
EPAM,12/26/2025,208.5899963,211.5399933,208.3200073,211.4100037,211.4100037,270100
EPAM,12/29/2025,209.8099976,213.2100067,209.8099976,211.6399994,211.6399994,438200
EPAM,12/30/2025,209.8899994,211.3500061,205.8000031,206.3099976,206.3099976,501000
EPAM,12/31/2025,205.7299957,206.8600006,204.8300018,204.8800049,204.8800049,351700
EPAM,1/2/2026,204.8200073,205.2599945,199.8000031,200.4600067,200.4600067,691900
EPAM,1/5/2026,200.3899994,210,200.3899994,206.6100006,206.6100006,679600
EPAM,1/6/2026,205.8399963,218.4400024,205.8399963,218.3800049,218.3800049,981600
EPAM,1/7/2026,218,220.5700073,213.2100067,218.1999969,218.1999969,771600
EPAM,1/8/2026,216.0399933,221.9900055,215.0200043,219.7799988,219.7799988,795000
EPAM,1/9/2026,220,221.1000061,211.5800018,211.9299927,211.9299927,621400
EPAM,1/12/2026,211.0599976,213.1699982,208.9900055,211.8200073,211.8200073,587100
EPAM,1/13/2026,212.0599976,214.6100006,208.9799957,211.9900055,211.9900055,786100
EPAM,1/14/2026,214.5700073,221.9600067,212,221.3999939,221.3999939,815400
EPAM,1/15/2026,221.2599945,222.5299988,214.3099976,215.2400055,215.2400055,718700
EPAM,1/16/2026,214.6699982,216.6300049,212.4600067,212.6100006,212.6100006,532000
EPAM,1/20/2026,208.4199982,211.5500031,204.6799927,206.4799957,206.4799957,658100
EPAM,1/21/2026,209.2799988,216.1799927,206.5599976,212.9499969,212.9499969,795600
EPAM,1/22/2026,214.4799957,219.9900055,214.4799957,219.0500031,219.0500031,455600
EPAM,1/23/2026,218.4600067,221.0599976,216.9299927,218.2100067,218.2100067,694700
EPAM,1/26/2026,219.7700043,222,218.2200012,220.4400024,220.4400024,605900
EPAM,1/27/2026,220.4799957,220.4799957,212.5,218.0399933,218.0399933,635700
EPAM,1/28/2026,219.6100006,222.2599945,217.1799927,218.3500061,218.3500061,795800
EPAM,1/29/2026,216.3300018,217.0399933,202.4100037,208.9199982,208.9199982,676000
EPAM,1/30/2026,206.8600006,209.4900055,204.75,208.6000061,208.6000061,489800
EPAM,2/2/2026,208,214.4299927,206.7700043,210.4199982,210.4199982,568300
EPAM,2/3/2026,205.9299927,205.9299927,178.8300018,183.3300018,183.3300018,2444100
EPAM,2/4/2026,179.6600037,185.7100067,173.4499969,184.7799988,184.7799988,1540500
EPAM,2/5/2026,181.8399963,186.2799988,173.4600067,177.4700012,177.4700012,1518200
EPAM,2/6/2026,179.0299988,186.9700012,179.0299988,186.6799927,186.6799927,819600
EPAM,2/9/2026,181.5800018,190.7100067,180.4299927,190.5299988,190.5299988,927300
EPAM,2/10/2026,191.1199951,193.8300018,189.2700043,191.6100006,191.6100006,724700
EPAM,2/11/2026,191.7100067,191.7100067,177.5599976,177.9900055,177.9900055,1257800
EPAM,2/12/2026,176.6199951,177.9799957,160.1300049,163.1199951,163.1199951,2101700
EPAM,2/13/2026,165,167.8500061,162.2299957,166.3699951,166.3699951,1145800
EPAM,2/17/2026,168.5500031,170.0599976,159.6499939,162.1999969,162.1999969,1488100
EPAM,2/18/2026,164.4499969,170.4600067,161.8600006,167.6900024,167.6900024,1306000
EPAM,2/19/2026,131.8000031,140.1999969,128.7799988,139.1600037,139.1600037,5423300
EPAM,2/20/2026,139.0599976,145.5299988,136.75,138.8500061,138.8500061,2414400
EPAM,2/23/2026,136.5,137.1999969,129.0399933,129.9600067,129.9600067,1777400
EPAM,2/24/2026,130.5,132.7599945,128,128.8200073,128.8200073,1843700
EPAM,2/25/2026,130.3800049,132,125.5699997,131.0800018,131.0800018,1335900
EPAM,2/26/2026,132.75,140,132.2299957,138.6199951,138.6199951,982700
EPAM,2/27/2026,135.4900055,141.1199951,134.0099945,141,141,1805900
EPAM,3/2/2026,138.5599976,142.5,138.1499939,139.1600037,139.1600037,1023600
EPAM,3/3/2026,136.25,142.2799988,135.9799957,140.7700043,140.7700043,840700
EPAM,3/4/2026,140.4900055,145,140,140.8999939,140.8999939,721400
EPAM,3/5/2026,143.4400024,148.3399963,142.8099976,144.5800018,144.5800018,2323700
EPAM,3/6/2026,141.9199982,147.6900024,139.9600067,145.8699951,145.8699951,1540100
EPAM,3/9/2026,143.5099945,146.9900055,140.5200043,146.2599945,146.2599945,1727700
EPAM,3/10/2026,144.8000031,144.9900055,138.6199951,142.1799927,142.1799927,1589900
EPAM,3/11/2026,143.1999969,145.6900024,137.4700012,141.9799957,141.9799957,1084500
EPAM,3/12/2026,140,142.4700012,135.6300049,135.8099976,135.8099976,1380700
EPAM,3/13/2026,137.7700043,140.7200012,135.2200012,137.1399994,137.1399994,1356100
EPAM,3/16/2026,139.1999969,141.8399963,136.0500031,137.0500031,137.0500031,1339800
EPAM,3/17/2026,138.0500031,141.9499969,135.8899994,136.4600067,136.4600067,1176600
EPAM,3/18/2026,135.5099945,137.5200043,133.6100006,133.9799957,133.9799957,845000
EPAM,3/19/2026,133.6100006,140,133.6100006,135.6699982,135.6699982,1210400
EPAM,3/20/2026,134.8899994,137.5099945,134,137.4299927,137.4299927,2491200
EPAM,3/23/2026,139.3500061,140.3999939,135.0500031,135.7200012,135.7200012,1217500
EPAM,3/24/2026,133.8000031,135.2799988,131.1999969,133.0399933,133.0399933,842200
EPAM,3/25/2026,135.25,137,130.0500031,133.2599945,133.2599945,1181900
EPAM,3/26/2026,134.5500031,139.3399963,134.2400055,136.1499939,136.1499939,622700
EPAM,3/27/2026,134.25,137.1999969,132.4600067,135.1900024,135.1900024,989600
EPAM,3/30/2026,135.3999939,138.8000031,135.1600037,136.1799927,136.1799927,906000
EPAM,3/31/2026,137.7899933,139.5800018,134.7799988,135.3999939,135.3999939,990500
EPAM,4/1/2026,135.4199982,136.6199951,130.8999939,135.1199951,135.1199951,934700
EPAM,4/2/2026,134.3200073,141.2799988,133.9900055,137.9900055,137.9900055,846000
EPAM,4/6/2026,137.8500061,138.8000031,135.6199951,137.0200043,137.0200043,1000100
EPAM,4/7/2026,136.3500061,137.8999939,131.8500061,134.2200012,134.2200012,1086500
EPAM,4/8/2026,136.1499939,137.1999969,129.6600037,129.9900055,129.9900055,2029500
EPAM,4/9/2026,130.4499969,131,122.6999969,123.8499985,123.8499985,2554900
EPAM,4/10/2026,124.0299988,125.1600037,121.8399963,122.4700012,122.4700012,1521200
EPAM,4/13/2026,123.0100021,125.6299973,121.6299973,124.9899979,124.9899979,1992200
EPAM,4/14/2026,126.2099991,128.9199982,125.3000031,127.4100037,127.4100037,936900
EPAM,4/15/2026,129.0399933,132.1199951,127.8000031,128.4199982,128.4199982,1063600
EPAM,4/16/2026,129.4700012,130.4499969,126.0899963,126.8099976,126.8099976,1349400
EPAM,4/17/2026,129.7299957,133.6199951,128.3500061,131.3399963,131.3399963,1461800
EPAM,4/20/2026,131.8600006,133.6100006,130.3200073,131.8999939,131.8999939,962000
EPAM,4/21/2026,131.9600067,135,131.3099976,132.1199951,132.1199951,971700
EPAM,4/22/2026,132.75,133.4700012,126.8199997,129.1199951,129.1199951,1216400
EPAM,4/23/2026,125.0100021,125.8399963,117.8300018,120.7699966,120.7699966,2450600
EPAM,4/24/2026,120.5,121.2799988,117.4899979,118.9800034,118.9800034,1267400
EPAM,4/27/2026,120.2099991,121.6800003,116.3000031,116.3099976,116.3099976,1172600
EPAM,4/28/2026,118.3099976,119.7799988,113.8300018,114.1500015,114.1500015,1523800
EPAM,4/29/2026,112.3799973,113.4499969,110.9300003,112.9100037,112.9100037,1714900
EPAM,4/30/2026,111.3899994,113.9499969,109.6999969,113.7799988,113.7799988,1388500
EPAM,5/1/2026,114,116.3099976,111.7099991,112.3300018,112.3300018,1133100
EPAM,5/4/2026,112.8099976,113.8499985,108.1200027,110.5999985,110.5999985,1455300
EPAM,5/5/2026,110.2900009,111.0100021,107.4899979,109.6399994,109.6399994,1339200
EPAM,5/6/2026,109.0299988,110.0999985,106.6299973,106.9700012,106.9700012,1890000
EPAM,5/7/2026,103,111.4000015,99.65000153,104.2399979,104.2399979,3575700
EPAM,5/8/2026,103.1100006,103.6500015,98.76000214,99.23000336,99.23000336,2436100
EPAM,5/11/2026,99.26999664,99.37999725,95.40000153,97.34999847,97.34999847,1686800
EPAM,5/12/2026,98.30000305,99.05000305,94.95999908,95.13999939,95.13999939,1536900
EPAM,5/13/2026,93.70999908,94.33999634,89.25,90.38999939,90.38999939,2666700
EPAM,5/14/2026,91.06999969,93.34999847,89.69000244,89.69000244,89.69000244,2182000
EPAM,5/15/2026,90.31999969,93.45999908,89.62000275,93.01999664,93.01999664,2209400
EPAM,5/18/2026,93.62999725,100.4499969,91.23999786,100.4400024,100.4400024,3527000
EPAM,5/19/2026,101.8099976,106.7699966,99.70999908,100.5100021,100.5100021,2632300
EPAM,5/20/2026,98.87000275,105.0599976,96.97000122,104.3000031,104.3000031,1722600
EPAM,5/21/2026,102.5199966,104.0999985,99.33999634,103.1900024,103.1900024,1782700
EPAM,5/22/2026,103.7099991,105.8700027,101.5699997,102.6900024,102.6900024,1130900
EPAM,5/26/2026,101.4400024,101.9899979,99.5,99.69000244,99.69000244,1328900
EPAM,5/27/2026,99.45999908,103.9400024,99.23000336,101.6800003,101.6800003,1014300
EPAM,5/28/2026,99.95999908,102.9899979,99.91999817,101.4300003,101.4300003,1896300
EPAM,5/29/2026,100.7200012,104.25,99.19000244,102.4599991,102.4599991,1578600
EPAM,6/1/2026,105,111.3600006,103.3700027,108.7600021,108.7600021,16724500
EPAM,6/2/2026,105.3899994,106,101.1399994,103.2300034,103.2300034,1632800
EPAM,6/3/2026,101.7699966,101.9300003,96.94999695,97.27999878,97.27999878,1534600
EPAM,6/4/2026,100.7200012,101.5,96.70999908,97.58999634,97.58999634,1232300
EPAM,6/5/2026,98.94999695,100.3099976,96.38999939,98.04000092,98.04000092,1135500
EPAM,6/8/2026,97.18000031,99.15000153,95.23000336,96.72000122,96.72000122,809100
EPAM,6/9/2026,95.63999939,98.47000122,93.66000366,95.65000153,95.65000153,1165600
EPAM,6/10/2026,94.13999939,96.66999817,92.62999725,93.04000092,93.04000092,631300
EPAM,6/11/2026,91.73999786,93.68000031,89.72000122,92.76000214,92.76000214,746000
EPAM,6/12/2026,93.02999878,95.58000183,91.23000336,95.37999725,95.37999725,845700
EPAM,6/15/2026,94,95.91999817,92.16000366,92.72000122,92.72000122,1406500
EPAM,6/16/2026,92.30999756,96.33000183,91.33999634,93.33000183,93.33000183,929000
EPAM,6/17/2026,93.37000275,94.26999664,87.36000061,87.69999695,87.69999695,1324900
EPAM,6/18/2026,82,82.61000061,76.01999664,76.63999939,76.63999939,5636600
EPAM,6/22/2026,77.75,78.19999695,73.05999756,76.04000092,76.04000092,3046600
EPAM,6/23/2026,78.33000183,78.48999786,74.31999969,76.88999939,76.88999939,2828100
EPAM,6/24/2026,75.93000031,78.75,75.12000275,78.38999939,78.38999939,2112100
EPAM,6/25/2026,77.94999695,78.90000153,76.72000122,77.37000275,77.37000275,2537500
EPAM,6/26/2026,77.55000305,81.80999756,77.55000305,80.68000031,80.68000031,1908800
EPAM,6/29/2026,82.18000031,83.38999939,79.90000153,80.02999878,80.02999878,1499900
EPAM,6/30/2026,78.33999634,80.58999634,77.22000122,79.34999847,79.34999847,1390800
EPAM,7/1/2026,80.80000305,85.73999786,80.26999664,85.23999786,85.23999786,1569000
EPAM,7/2/2026,86.19999695,89,86.18000031,88.26999664,88.26999664,2157800
EPAM,7/6/2026,87.37999725,88.90000153,86.45999908,86.84999847,86.84999847,1812700
EPAM,7/7/2026,89.44999695,91.61000061,89,89.55000305,89.55000305,1185500
EPAM,7/8/2026,88.27999878,89.80999756,85.58999634,85.98999786,85.98999786,2897400
EPAM,7/9/2026,83,87.36000061,81.69999695,87.29000092,87.29000092,1605700
EPAM,7/10/2026,89.04000092,89.52999878,83.12999725,83.88999939,83.88999939,1164500
EPAM,7/13/2026,86.55000305,88.73999786,85.19000244,86.37999725,86.37999725,1581100
EPAM,7/14/2026,82.05999756,86.30999756,81.66999817,84.5,84.5,2641100
EPAM,7/15/2026,86,88.06999969,85.31999969,85.93000031,85.93000031,1095500
EPAM,7/16/2026,87.22000122,89.41000366,85,87.66999817,87.66999817,1288400
EPAM,7/17/2026,87.87000275,89.34999847,85.31999969,88.66000366,88.66000366,1092800
EPAM,7/20/2026,87.26000214,90.52999878,85.88999939,89.40000153,89.40000153,1153700
EPAM,7/21/2026,86.70999908,90.48000336,84.80999756,89.22000122,89.22000122,1200900
EPAM,7/22/2026,90,90,85.91999817,86.56999969,86.56999969,721700
EPAM,7/23/2026,85.83000183,86.48999786,84.02999878,86.13999939,86.13999939,1504000
EPAM,7/24/2026,87.69999695,91.48999786,87.16999817,89.84999847,89.84999847,941000
EPAM,7/27/2026,92.01999664,94.44000244,91.16999817,94.16999817,94.16999817,1148100
EPAM,7/28/2026,97.48000336,101.4800034,97.19999695,100.4000015,100.4000015,2537700
EPAM,7/29/2026,100.2699966,109.0100021,100.2099991,106.8899994,106.8899994,1996200
EPAM,7/30/2026,104.2799988,104.8000031,99.80999756,103.6600037,103.6600037,2275700
EPAM,7/31/2026,101.4199982,106.3799973,100.6800003,105.5599976,105.5599976,1765000
EPAM,8/3/2026,108.2900009,109.0899963,103.4199982,107.2600021,107.2600021,3361200
EPAM,8/4/2026,104.8499985,112.9899979,104.5,112.0599976,112.0599976,2429000
EPAM,8/5/2026,112.0599976,113,108.5500031,109.8700027,109.8700027,1890000
EPAM,8/6/2026,87.34999847,98.98999786,87,93.06999969,93.06999969,3793700
EPAM,8/7/2026,95.26000214,98.38999939,93.13999939,97.43000031,97.43000031,1737800
EPAM,8/10/2026,96.83000183,98.77999878,95.63999939,97.37000275,97.37000275,1036800
EPAM,8/11/2026,97.44999695,100.6999969,96.52999878,99.90000153,99.90000153,1104100
EPAM,8/12/2026,98.09999847,100.5100021,96.23999786,100.2900009,100.2900009,1167200
EPAM,8/13/2026,100.8899994,102.9700012,98.55000305,101.5500031,101.5500031,1320700
EPAM,8/14/2026,102.6299973,102.6299973,99.37000275,100.5,100.5,1044100
EPAM,8/17/2026,99.05999756,100.7399979,98.55999756,98.73000336,98.73000336,1215000
EPAM,8/18/2026,99.51999664,103.3700027,99.47000122,100.25,100.25,1221400
EPAM,8/19/2026,100.1699982,108.8600006,99.80999756,107.3700027,107.3700027,2310800
EPAM,8/20/2026,107.3600006,110.3499985,106.3099976,106.7600021,106.7600021,1119400
EPAM,8/21/2026,106.2900009,112.4899979,105.0500031,110.3399963,110.3399963,1911200
EPAM,8/24/2026,109.5,112.2900009,109.3199997,111.2600021,111.2600021,1018700
EPAM,8/25/2026,109.5999985,112.1600037,108.8700027,111.8499985,111.8499985,535500
EPAM,8/26/2026,108.9300003,110.4300003,107.0699997,109.3600006,109.3600006,1010700
EPAM,8/27/2026,110.1600037,114.9499969,108.4899979,112.7699966,112.7699966,976500
EPAM,8/28/2026,112.8000031,115.4700012,112.6399994,114.8000031,114.8000031,1233800
EPAM,8/31/2026,114.7099991,119.1800003,114.7099991,117.8300018,117.8300018,1553800
EPAM,9/1/2026,116.7799988,119.5899963,115.7200012,116.3399963,116.3399963,1111300
EPAM,9/2/2026,116.5500031,119.8700027,115.7799988,117.1999969,117.1999969,971200
EPAM,9/3/2026,119.5,121.5299988,117.8700027,119.8799973,119.8799973,836900
EPAM,9/4/2026,118.5699997,118.5699997,114.5199966,117.0400009,117.0400009,485400
EPAM,9/8/2026,115.2799988,115.6900024,111.2399979,115.3099976,115.3099976,1080400
EPAM,9/9/2026,116,116.1900024,113.5,114.6800003,114.6800003,1506300
EPAM,9/10/2026,114.5699997,116.0100021,112.1299973,114.5199966,114.5199966,1130000
EPAM,9/11/2026,114.5199966,118.8099976,113.5100021,117.9100037,117.9100037,919100
EPAM,9/14/2026,121.25,126.5,121,123.6100006,123.6100006,1624500
EPAM,9/15/2026,122.3700027,126.5,122,123.5100021,123.5100021,1845000
EPAM,9/16/2026,120.9000015,121.8799973,116.3099976,117.1699982,117.1699982,1213400
EPAM,9/17/2026,117.2600021,119.0400009,116.1100006,117.0999985,117.0999985,764100
EPAM,9/18/2026,116.8199997,116.8199997,113.2099991,114,114,1878300
EPAM,9/21/2026,115.3700027,116.8600006,112.6299973,113.1299973,113.1299973,851300
EPAM,9/22/2026,114.5999985,115.9899979,110.9800034,111.5400009,111.5400009,745600
EPAM,9/23/2026,111.6500015,113.9800034,109.6699982,110.0599976,110.0599976,653300
EPAM,9/24/2026,110.6999969,112.0699997,105.5800018,106.9899979,106.9899979,1049800
EPAM,9/25/2026,107,109.3899994,106.4000015,108.2300034,108.2300034,1538000
EPAM,9/28/2026,106.5199966,109.5199966,104.3300018,107.5500031,107.5500031,1029300
EPAM,9/29/2026,106.5699997,108.2799988,105.3700027,107.1399994,107.1399994,706300
EPAM,9/30/2026,107.4400024,110.1500015,106.0400009,108.3600006,108.3600006,1044100
EPAM,10/1/2026,117.4100037,121.9000015,114.2200012,114.3499985,114.3499985,1513600
EPAM,10/2/2026,114.1100006,114.6600037,107.8099976,108.2900009,108.2900009,1101300
CTSH,1/3/2022,88.68000031,89.97000122,88.38999939,89.56999969,82.461586,2673800
CTSH,1/4/2022,89.56999969,92.02999878,89.55000305,91.41999817,84.1647644,2702700
CTSH,1/5/2022,91.41999817,91.91999817,89.98000336,90.01999664,82.87586212,2523700
CTSH,1/6/2022,90.08999634,90.69999695,87.98999786,88.23000336,81.22794342,3207600
CTSH,1/7/2022,88.16999817,88.16999817,86.98000336,87.41999817,80.48222351,2755000
CTSH,1/10/2022,85.93000031,86.75,84.88999939,86.68000031,79.80095673,3504400
CTSH,1/11/2022,86.5,88.02999878,85.51999664,87.97000122,80.98857117,2797400
CTSH,1/12/2022,88.44000244,89.61000061,87.62000275,88.06999969,81.0806427,2858300
CTSH,1/13/2022,88.11000061,88.48000336,87.01999664,87.19999695,80.27968597,2556600
CTSH,1/14/2022,86,87.30999756,85.97000122,87.19999695,80.27968597,2327000
CTSH,1/18/2022,85.51999664,86.80000305,85.38999939,86.19000244,79.34983063,2345900
CTSH,1/19/2022,86.26000214,87.02999878,85.90000153,86.04000092,79.21175385,2626000
CTSH,1/20/2022,86.27999878,87.55999756,85.62000275,85.69000244,78.88952637,2453400
CTSH,1/21/2022,86.16999817,86.93000031,84.12999725,84.26000214,77.57302094,4225700
CTSH,1/24/2022,84.91999817,85.19999695,81.79000092,85.09999847,78.34633636,5056100
CTSH,1/25/2022,83.95999908,84.15000153,82.06999969,82.25,75.72251129,3805900
CTSH,1/26/2022,82.66999817,84.06999969,80.97000122,81.83000183,75.33586121,2866600
CTSH,1/27/2022,82.31999969,83.93000031,81.30000305,81.79000092,75.29903412,2837800
CTSH,1/28/2022,81.79000092,84.47000122,81.23000336,84.44000244,77.73872375,2491400
CTSH,1/31/2022,84.18000031,85.58999634,83.69000244,85.41999817,78.64095306,4080700
CTSH,2/1/2022,85.37999725,86.54000092,84.79000092,86.41999817,79.56158447,3224300
CTSH,2/2/2022,86.34999847,88.43000031,86.29000092,88.23999786,81.2371521,4075600
CTSH,2/3/2022,87.23999786,87.55999756,84.26999664,86.05999756,79.23014069,3680600
CTSH,2/4/2022,85.55999756,87.19999695,84.86000061,86.81999969,79.92982483,3105500
CTSH,2/7/2022,87.19000244,88.52999878,86.20999908,87.73999786,80.77684784,3003400
CTSH,2/8/2022,87.73999786,89.44000244,87.54000092,89.16999817,82.09333801,2786300
CTSH,2/9/2022,90.05000305,91.87000275,89.84999847,91.69000244,84.41334534,3760600
CTSH,2/10/2022,90,92.44000244,89.65000153,90.25,83.0876236,3886200
CTSH,2/11/2022,90.23999786,90.51999664,87.04000092,87.33999634,80.40856171,3480500
CTSH,2/14/2022,87.40000153,87.54000092,84.98000336,86.23999786,79.39586639,3006700
CTSH,2/15/2022,87.15000153,89.15000153,86.83000183,89.05999756,81.99206543,3240800
CTSH,2/16/2022,88.54000092,89.68000031,87.95999908,89.41999817,82.32350159,3161100
CTSH,2/17/2022,88.40000153,88.62000275,85.75,85.91999817,79.34082031,2800500
CTSH,2/18/2022,85.73999786,87.01999664,85.73000336,86.36000061,79.74713898,2553000
CTSH,2/22/2022,86.16999817,86.79000092,84.34999847,85.26999664,78.74060822,2568000
CTSH,2/23/2022,85.68000031,86.51999664,84.44000244,84.65000153,78.16807556,2943600
CTSH,2/24/2022,82.68000031,86.40000153,82.36000061,86.08000183,79.4885788,3855800
CTSH,2/25/2022,86.29000092,88.08000183,85.94999695,88.04000092,81.2984848,2892500
CTSH,2/28/2022,86.5,87.01999664,84.98000336,86.12999725,79.53474426,3835600
CTSH,3/1/2022,85.58000183,86.54000092,84.41000366,85.80000305,79.23001862,3327500
CTSH,3/2/2022,86.51000214,88.76999664,86.27999878,88.19000244,81.43701935,4074100
CTSH,3/3/2022,88.73999786,89.66999817,86.81999969,87.93000031,81.1969223,4163700
CTSH,3/4/2022,87.22000122,89.01999664,86.47000122,88.87999725,82.0741806,3072300
CTSH,3/7/2022,88.62000275,89.08999634,86.58999634,86.59999847,79.96875763,4496300
CTSH,3/8/2022,85.79000092,88.84999847,85.79000092,87.48000336,80.7813797,4234800
CTSH,3/9/2022,88.97000122,90.30000305,87.63999939,87.95999908,81.22462463,4135700
CTSH,3/10/2022,86.80999756,88.06999969,85.81999969,87.66000366,80.94760132,2363500
CTSH,3/11/2022,88.19999695,89.5,87.95999908,88.04000092,81.2984848,3576100
CTSH,3/14/2022,88.26999664,89.19999695,87.20999908,87.43000031,80.73519897,4156800
CTSH,3/15/2022,88.13999939,88.51999664,86.87999725,88.16999817,81.41853333,3190100
CTSH,3/16/2022,88.45999908,89.73000336,87.29000092,89.69999695,82.83136749,3588300
CTSH,3/17/2022,89.22000122,90.63999939,88.65000153,90.58000183,83.64400482,2305600
CTSH,3/18/2022,90.41999817,91.83000183,89.30000305,91.72000122,84.69670105,4435000
CTSH,3/21/2022,91.30999756,92.26999664,90.80999756,91.38999939,84.39196777,2245100
CTSH,3/22/2022,91.80999756,93.47000122,91.73999786,93.12000275,85.98951721,2623600
CTSH,3/23/2022,92.76999664,93,90.84999847,90.95999908,83.99491882,2448300
CTSH,3/24/2022,91.16999817,91.91000366,90.65000153,91.19000244,84.20729828,2768200
CTSH,3/25/2022,91.30999756,91.61000061,90.04000092,91.51000214,84.50279999,2205900
CTSH,3/28/2022,91.44999695,92.23999786,90.87999725,91.54000092,84.53048706,3229000
CTSH,3/29/2022,91.72000122,92.98999786,91.54000092,92.73000336,85.62937164,2483300
CTSH,3/30/2022,92.45999908,92.80000305,91.05000305,91.38999939,84.39196777,2254600
CTSH,3/31/2022,91.19999695,91.83999634,89.66000366,89.66999817,82.80368042,3228100
CTSH,4/1/2022,90.01000214,90.37999725,89.41000366,90.01000214,83.11764526,2014800
CTSH,4/4/2022,90.11000061,90.51000214,89.33999634,90.01999664,83.1268692,2086000
CTSH,4/5/2022,89.37000275,89.62999725,86.18000031,86.80000305,80.15345001,4007500
CTSH,4/6/2022,85.98999786,87.37000275,85.55000305,86.91000366,80.2550354,2239700
CTSH,4/7/2022,86.73000336,88.48000336,86.44000244,87.80999756,81.08609772,1956000
CTSH,4/8/2022,87.61000061,89.31999969,87.12999725,88.95999908,82.14805603,2406800
CTSH,4/11/2022,88.61000061,89.23999786,87.11000061,87.20999908,80.53203583,1882000
CTSH,4/12/2022,87.98999786,88.66999817,85.86000061,86.08999634,79.49780273,2295900
CTSH,4/13/2022,85.84999847,86.80000305,85.06999969,86.05999756,79.47010803,3249200
CTSH,4/14/2022,86.06999969,86.37999725,84.58000183,84.73999786,78.25119781,2616000
CTSH,4/18/2022,84.55000305,85.41999817,84.06999969,84.61000061,78.13114166,1570900
CTSH,4/19/2022,84.33000183,85.94999695,84.33000183,85.73999786,79.17459869,1790100
CTSH,4/20/2022,86.54000092,87.26999664,86.02999878,86.20999908,79.60861969,2638300
CTSH,4/21/2022,86.81999969,88.79000092,86.12999725,86.41999817,79.80255127,2291600
CTSH,4/22/2022,86.30999756,86.34999847,82.93000031,83.16000366,76.79217529,3160400
CTSH,4/25/2022,83.16000366,84.51999664,82.51999664,84.45999908,77.99262238,3720600
CTSH,4/26/2022,83.80999756,84.16000366,81.97000122,82.26999664,75.97032928,3345400
CTSH,4/27/2022,82.25,84.44999695,82.25,82.83999634,76.49666595,3258600
CTSH,4/28/2022,83.69999695,84.43000031,82.77999878,83.97000122,77.5401535,3233600
CTSH,4/29/2022,83.76999664,84,80.87000275,80.90000153,74.70523834,4299600
CTSH,5/2/2022,80.94999695,81.86000061,79.45999908,80.66999817,74.492836,4755200
CTSH,5/3/2022,80.98999786,81.91000366,80.79000092,81.55000305,75.30545044,3675400
CTSH,5/4/2022,81.84999847,84.41000366,80.22000122,84.36000061,77.90026855,4087400
CTSH,5/5/2022,78.75,80.06999969,72.48999786,73.59999847,67.96422577,5034000
CTSH,5/6/2022,73.02999878,75.66999817,72.59999847,75.51999664,69.73719788,3904700
CTSH,5/9/2022,74.76000214,77.48999786,74.26000214,76.26999664,70.42975616,4522700
CTSH,5/10/2022,77.23999786,77.61000061,73.91999817,74.44000244,68.73989868,3435000
CTSH,5/11/2022,74.58000183,74.66999817,72.11000061,72.37999725,66.83763123,3219700
CTSH,5/12/2022,71.81999969,73.86000061,71.76000214,73.54000092,67.90881348,3465200
CTSH,5/13/2022,73.88999939,74.73000336,72.98000336,73.37999725,67.76104736,3455000
CTSH,5/16/2022,73.47000122,73.58000183,72.38999939,72.58000183,67.02231598,4430000
CTSH,5/17/2022,73.79000092,75.29000092,73.65000153,75.11000061,69.35857391,3055600
CTSH,5/18/2022,74.22000122,74.66000366,70.12999725,70.23000336,64.8522644,4770100
CTSH,5/19/2022,70.11000061,71.55000305,69.44000244,70.31999969,65.18598938,3236600
CTSH,5/20/2022,71.09999847,71.45999908,69.34999847,70.83000183,65.65876007,2932600
CTSH,5/23/2022,71.51999664,72.12000275,70.69999695,71.83999634,66.59500122,2533000
CTSH,5/24/2022,70.19000244,71.95999908,70.19000244,71.40000153,66.18712616,2867900
CTSH,5/25/2022,70.83000183,72.08999634,70.52999878,71.69000244,66.45595551,2899000
CTSH,5/26/2022,72.12999725,73.29000092,72.12999725,72.73999786,67.42929077,2654500
CTSH,5/27/2022,73.23000336,74.73999786,73.23000336,74.73000336,69.2740097,2524500
CTSH,5/31/2022,74.25,75.09999847,73.56999969,74.69999695,69.24619293,4678300
CTSH,6/1/2022,75.04000092,75.40000153,74.04000092,74.18000031,68.76416779,2332500
CTSH,6/2/2022,74.23000336,74.98000336,73.34999847,74.95999908,69.48722839,2535000
CTSH,6/3/2022,73.87999725,74.45999908,73.19999695,73.55999756,68.18942261,2289800
CTSH,6/6/2022,74.25,74.54000092,73.51000214,73.87999725,68.4860611,2051000
CTSH,6/7/2022,73.20999908,74.27999878,72.98000336,74.08999634,68.6807251,2237400
CTSH,6/8/2022,73.72000122,74.18000031,72.75,73.11000061,67.77228546,1654600
CTSH,6/9/2022,72.88999939,73.20999908,70.73999786,70.76999664,65.6031189,2299700
CTSH,6/10/2022,69.55999756,70.56999969,68.93000031,69.91000366,64.80591583,3390200
CTSH,6/13/2022,68.38999939,69.81999969,67.44999695,67.88999939,62.93338776,4411300
CTSH,6/14/2022,68.41999817,68.41999817,67.15000153,67.87000275,62.91485977,2372700
CTSH,6/15/2022,68.54000092,69.47000122,67.45999908,68.48999786,63.48958206,2524600
CTSH,6/16/2022,67.09999847,67.25,65.23999786,65.79000092,60.98670959,3612800
CTSH,6/17/2022,66.23999786,67.01000214,65.43000031,66.5,61.64487839,5343600
CTSH,6/21/2022,67.95999908,68.37000275,67.18000031,67.75,62.80361938,3415300
CTSH,6/22/2022,66.98000336,68.05999756,66.68000031,67.48000336,62.55332947,3065600
CTSH,6/23/2022,67.87000275,68.23999786,66.83999634,67.37999725,62.46062088,3215500
CTSH,6/24/2022,68.15000153,70.31999969,68,70.26000214,65.13036346,3280400
CTSH,6/27/2022,70.66999817,70.66999817,69.43000031,69.91000366,64.80591583,2530200
CTSH,6/28/2022,69.97000122,70.44000244,68.01999664,68.11000061,63.13734055,2856900
CTSH,6/29/2022,68.33999634,68.77999878,67.76000214,68.48000336,63.48031616,2026200
CTSH,6/30/2022,67.56999969,68.31999969,67.05000305,67.48999786,62.56259918,2668300
CTSH,7/1/2022,67.43000031,68.23000336,66.72000122,68.02999878,63.06316376,2006500
CTSH,7/5/2022,67.44000244,67.76999664,66.08999634,67.72000122,62.77580643,3076400
CTSH,7/6/2022,68.45999908,68.76999664,67.68000031,68.01999664,63.05389404,2668900
CTSH,7/7/2022,68.23000336,68.40000153,66.69000244,67.58000183,62.64603806,3838300
CTSH,7/8/2022,67.59999847,67.66999817,66.48000336,67.01999664,62.12691498,3234500
CTSH,7/11/2022,66.43000031,66.44999695,65.13999939,65.69999695,60.90327454,3477800
CTSH,7/12/2022,65.93000031,66.48000336,64.76000214,65.15000153,60.39344025,3475700
CTSH,7/13/2022,64.27999878,65.34999847,63.81000137,65.04000092,60.29146957,3628300
CTSH,7/14/2022,64.01000214,64.69000244,63.25999832,64.45999908,59.75381088,3173000
CTSH,7/15/2022,65.44999695,65.91000366,64.72000122,65.86000061,61.0515976,7912900
CTSH,7/18/2022,66.22000122,66.62000275,64.86000061,65.09999847,60.34708786,2998100
CTSH,7/19/2022,66.09999847,67.51000214,65.69999695,67.41999817,62.49769974,3281900
CTSH,7/20/2022,67.56999969,68.22000122,67.12999725,68.12000275,63.14661026,2701700
CTSH,7/21/2022,68.19000244,69.01000214,67.93000031,68.98000336,63.94382477,2226900
CTSH,7/22/2022,69.05000305,69.58000183,68.70999908,69.09999847,64.05504608,3616700
CTSH,7/25/2022,69.20999908,69.33000183,67.76999664,68.22000122,63.23930359,2584400
CTSH,7/26/2022,67.84999847,68.58000183,67.58000183,68.06999969,63.10025787,2825100
CTSH,7/27/2022,68.41000366,70.54000092,68.20999908,70.30000305,65.16742706,4437100
CTSH,7/28/2022,65.04000092,67.83999634,65.04000092,66.83000183,61.95078278,5442700
CTSH,7/29/2022,67.20999908,68.01000214,66.73999786,67.95999908,62.99829102,6000000
CTSH,8/1/2022,67.76000214,68.80999756,67.51999664,67.62000275,62.68310928,4960700
CTSH,8/2/2022,67.62000275,68.11000061,66.36000061,67.56999969,62.63674164,3480700
CTSH,8/3/2022,68.09999847,69.08999634,67.75,68.73000336,63.71206665,3044800
CTSH,8/4/2022,68.73999786,69.12000275,68.06999969,68.73999786,63.72132874,3468000
CTSH,8/5/2022,67.87000275,68.77999878,67.37999725,68.72000122,63.70279694,2002600
CTSH,8/8/2022,69.08999634,69.66000366,68.41999817,68.81999969,63.79547501,2189100
CTSH,8/9/2022,68.61000061,68.75,67.98000336,68.11000061,63.13734055,1990400
CTSH,8/10/2022,69.26999664,69.69000244,68.75,69.04000092,63.99943161,2825800
CTSH,8/11/2022,69.36000061,69.51000214,68.47000122,68.72000122,63.70279694,2986100
CTSH,8/12/2022,69.19000244,69.97000122,69.01000214,69.77999878,64.68540955,3390100
CTSH,8/15/2022,69.48000336,70.20999908,69.40000153,69.69999695,64.61123657,2116800
CTSH,8/16/2022,69.77999878,70.41000366,69.30000305,69.94000244,64.83371735,2845100
CTSH,8/17/2022,69.44000244,69.80999756,68.75,68.90000153,63.86964035,2570900
CTSH,8/18/2022,68.62999725,69.30999756,68.34999847,69.12999725,64.33496857,1799000
CTSH,8/19/2022,68.80000305,68.95999908,68.19999695,68.59999847,63.84173203,2139400
CTSH,8/22/2022,67.51000214,68.11000061,66.51000214,66.91000366,62.26895905,1905300
CTSH,8/23/2022,66.79000092,66.97000122,66,66.01999664,61.44068527,1603600
CTSH,8/24/2022,65.98999786,66.19999695,65.5,65.98000336,61.40346527,2384800
CTSH,8/25/2022,66.20999908,67.04000092,66.08999634,67.02999878,62.38062286,1799000
CTSH,8/26/2022,67.11000061,67.15000153,64.58000183,64.69999695,60.21223831,2350900
CTSH,8/29/2022,64.33000183,64.94999695,64.16000366,64.26000214,59.80276871,2583800
CTSH,8/30/2022,64.40000153,64.66000366,63.61999893,64.20999908,59.75623322,3472800
CTSH,8/31/2022,64.66000366,65.06999969,63.15000153,63.16999817,58.78836823,3029800
CTSH,9/1/2022,62.81000137,63.47999954,62.20000076,63.43999863,59.03964615,2149900
CTSH,9/2/2022,63.97999954,64.08999634,62.04999924,62.33000183,58.00664139,1819200
CTSH,9/6/2022,62.47999954,62.61999893,61.59000015,62.22000122,57.90426636,2767900
CTSH,9/7/2022,62.47000122,63.95999908,62.31000137,63.66999817,59.25369263,2290300
CTSH,9/8/2022,63.15000153,64.36000061,62.93999863,64.34999847,59.88652039,2567900
CTSH,9/9/2022,64.72000122,65.69000244,64.52999878,65.51000214,60.96606827,2261200
CTSH,9/12/2022,66.11000061,66.58999634,65.98000336,66.31999969,61.71988678,1968700
CTSH,9/13/2022,64.41999817,65.08000183,62.59000015,62.83000183,58.47195053,3832200
CTSH,9/14/2022,62.93000031,62.93000031,61.72000122,62.02999878,57.7274437,3301500
CTSH,9/15/2022,61.83000183,63.22999954,61.72999954,62.04000092,57.73675156,3196600
CTSH,9/16/2022,61.52999878,62.63999939,60.84000015,62.20000076,57.88565445,6272100
CTSH,9/19/2022,61.75999832,63.47000122,61.68000031,63.20999908,58.82559586,3635500
CTSH,9/20/2022,62.72000122,62.90000153,61.59999847,61.95999908,57.66230011,2193600
CTSH,9/21/2022,62.36000061,62.81000137,60.06000137,60.08000183,55.91270828,4066700
CTSH,9/22/2022,59.97000122,60.54000092,59.63000107,59.79999924,55.6521225,3844900
CTSH,9/23/2022,59.43000031,59.56000137,58.13000107,58.84999847,54.76801682,3006300
CTSH,9/26/2022,58.77999878,59.40000153,58.38000107,58.68999863,54.61911011,2733100
CTSH,9/27/2022,59.09999847,59.63999939,57.68000031,57.97000122,53.94906235,2753500
CTSH,9/28/2022,58.15000153,59.59999847,57.70000076,59.25999832,55.14958191,4517100
CTSH,9/29/2022,58.68000031,58.90999985,57.66999817,58.45000076,54.39575577,4541800
CTSH,9/30/2022,58.56000137,58.91999817,57.41999817,57.43999863,53.45581055,3851500
CTSH,10/3/2022,58.24000168,59.59999847,57.63000107,59.02999878,54.93553162,4771500
CTSH,10/4/2022,59.70000076,61.00999832,59.65999985,60.65999985,56.45247269,5067700
CTSH,10/5/2022,60.06000137,61.15000153,59.72000122,60.63000107,56.42455673,4690700
CTSH,10/6/2022,60.36000061,60.43999863,59.45999908,59.70999908,55.56836319,2823100
CTSH,10/7/2022,59.15000153,59.15000153,58.04999924,58.49000168,54.43298721,3675600
CTSH,10/10/2022,59.04999924,59.11999893,57.81999969,58.15000153,54.11657333,2919200
CTSH,10/11/2022,57.86000061,58.02999878,56.93999863,57.22000122,53.25108337,3216400
CTSH,10/12/2022,57.27999878,57.38999939,56.72999954,56.75,52.81368256,2584300
CTSH,10/13/2022,55.61000061,59.29000092,55.40000153,58.95000076,54.86108017,5212100
CTSH,10/14/2022,59.18000031,59.61000061,58.31000137,58.59999847,54.53535461,3275700
CTSH,10/17/2022,59.79000092,60.31999969,59.43999863,59.88000107,55.72657013,3551100
CTSH,10/18/2022,61.06000137,61.81999969,60.25999832,60.72000122,56.50831223,4462900
CTSH,10/19/2022,60.20000076,60.68000031,59.22000122,59.81000137,55.66142273,2356600
CTSH,10/20/2022,60.02999878,61.15000153,59.63000107,59.77999878,55.63350677,3122200
CTSH,10/21/2022,59.11000061,60.47999954,58.83000183,60.27999878,56.09883499,7847000
CTSH,10/24/2022,60.75,61.25999832,60.24000168,60.75999832,56.54553986,4285900
CTSH,10/25/2022,60.61999893,61.52000046,60.56000137,61.47999954,57.21558762,3214900
CTSH,10/26/2022,61.34000015,62.83000183,61.31000137,61.65000153,57.37379456,2249800
CTSH,10/27/2022,61.86000061,62.22000122,61.45000076,61.81999969,57.53201675,2543400
CTSH,10/28/2022,61.86999893,63.09000015,61.83000183,63.02000046,58.64877319,2871800
CTSH,10/31/2022,62.43000031,62.63999939,61.84999847,62.25,57.93219376,3759100
CTSH,11/1/2022,62.70999908,63.00999832,62.04999924,62.52999878,58.1927681,2427000
CTSH,11/2/2022,62.36999893,62.84000015,60.20999908,60.25999832,56.08021164,3989100
CTSH,11/3/2022,52.11000061,53.74000168,51.33000183,51.95999908,48.3559227,8195500
CTSH,11/4/2022,52.61000061,53.52000046,51.43999863,52.63000107,48.97945023,5169200
CTSH,11/7/2022,52.91999817,53.84999847,52.47999954,53.75,50.02176285,5007300
CTSH,11/8/2022,54.08000183,54.58000183,52.72999954,53.22000122,49.52852249,4411400
CTSH,11/9/2022,52.90999985,54.45000076,52.74000168,54.02000046,50.27304077,5199500
CTSH,11/10/2022,56.11999893,57.40999985,55.20000076,57.29000092,53.31622696,5478600
CTSH,11/11/2022,57.59000015,58.77000046,57.38000107,58.41999817,54.36783981,3611000
CTSH,11/14/2022,58.11999893,58.86000061,58.02000046,58.08000183,54.05142975,5063300
CTSH,11/15/2022,59.15999985,60.02000046,58.59999847,59.95999908,55.80102921,5668600
CTSH,11/16/2022,59.84999847,59.93999863,59.20000076,59.40999985,55.28917694,6229600
CTSH,11/17/2022,58.04000092,60.02000046,58,59.47000122,55.59768677,4762000
CTSH,11/18/2022,60.22999954,60.52999878,59.29000092,59.97000122,56.06513596,4813400
CTSH,11/21/2022,59.65999985,59.75999832,57.95999908,58.20000076,54.41038132,2686200
CTSH,11/22/2022,58.56999969,59.36999893,58.34000015,59.22999954,55.37331772,2764700
CTSH,11/23/2022,59.06000137,60.31000137,59.02000046,60.02999878,56.12121964,3623200
CTSH,11/25/2022,60.18000031,61.27999878,60.13000107,60.91999817,56.95326614,1607400
CTSH,11/28/2022,60.52000046,61.18000031,60,60.09999847,56.18665695,3792600
CTSH,11/29/2022,59.91999817,60.52000046,59.38000107,59.61999893,55.73791885,2184800
CTSH,11/30/2022,59.56999969,62.34000015,59.38000107,62.20999908,58.15926743,4581900
CTSH,12/1/2022,62.59000015,63.58000183,62.29000092,62.61999893,58.54258347,2682600
CTSH,12/2/2022,61.61999893,62.88000107,61.54000092,62.38999939,58.32754898,3132200
CTSH,12/5/2022,61.75999832,62.04999924,60.31999969,60.45000076,56.51387787,3480500
CTSH,12/6/2022,60.31000137,60.65999985,59.04999924,59.63999939,55.75661469,2494000
CTSH,12/7/2022,59.93999863,60.11000061,59.20999908,59.40000153,55.53224945,2577200
CTSH,12/8/2022,59.38999939,59.81000137,58.95000076,59.29999924,55.43875504,4565700
CTSH,12/9/2022,59.09999847,59.18999863,57.56000137,58.34000015,54.54126358,6282300
CTSH,12/12/2022,58.18000031,59.36000061,57.77999878,59.04000092,55.19569016,7712100
CTSH,12/13/2022,61.47999954,61.63000107,58.86000061,59.18000031,55.3265686,5222000
CTSH,12/14/2022,59.20999908,59.75,57.70000076,58.22999954,54.43842697,4461400
CTSH,12/15/2022,56.79000092,57.27999878,55.61000061,56.34999847,52.68084335,4896000
CTSH,12/16/2022,55.81000137,55.97000122,54.95000076,55.56000137,51.94227982,8720800
CTSH,12/19/2022,55.63999939,55.99000168,54.81000137,54.97999954,51.40004349,3315400
CTSH,12/20/2022,54.88000107,55.59999847,54.59000015,55.04000092,51.45614243,4526000
CTSH,12/21/2022,55.43000031,56.13000107,55.38999939,55.63000107,52.00772095,3954900
CTSH,12/22/2022,55.06999969,55.47999954,54.25,55.45999908,51.84878159,4040600
CTSH,12/23/2022,54.99000168,56.06000137,54.99000168,56.02000046,52.37233353,2155800
CTSH,12/27/2022,55.97000122,56.59000015,55.58000183,56.47999954,52.80236816,3434700
CTSH,12/28/2022,56.63000107,56.90999985,55.47999954,55.58000183,51.96098328,4965200
CTSH,12/29/2022,56.20999908,57.36000061,56.06000137,57.13000107,53.41005707,7796600
CTSH,12/30/2022,56.63000107,57.22000122,56.31999969,57.18999863,53.46614456,5540600
CTSH,1/3/2023,57.63999939,58.09999847,57.06000137,57.59000015,53.84009933,2635800
CTSH,1/4/2023,58.24000168,58.63000107,57.61999893,58.06000137,54.27950287,3066600
CTSH,1/5/2023,57,57.63000107,56.77999878,57.56999969,53.8214035,2682600
CTSH,1/6/2023,57.93999863,59.93000031,57.83000183,59.75,55.85945511,4411600
CTSH,1/9/2023,58.56999969,61.15000153,58.56000137,60.86000061,56.89717484,6787100
CTSH,1/10/2023,60.54999924,61.25,59.77999878,61.20999908,57.22439194,6993900
CTSH,1/11/2023,61.68999863,62.20999908,61.02999878,61.5,57.49550629,4884600
CTSH,1/12/2023,62.20000076,67.41000366,62.11999893,65.09999847,60.86109924,11756000
CTSH,1/13/2023,64.38999939,65.09999847,63.70999908,64.05999756,59.88881302,5249500
CTSH,1/17/2023,63.99000168,64.05999756,62.88000107,62.95999908,58.86043549,5486000
CTSH,1/18/2023,63,63.27999878,60.84000015,60.99000168,57.01871872,5985400
CTSH,1/19/2023,60.52000046,61.70999908,60.29000092,61.36999893,57.37397003,4856900
CTSH,1/20/2023,61.77000046,63.08000183,61.38999939,62.74000168,58.65476608,10647300
CTSH,1/23/2023,62.63000107,64.48999786,62.50999832,64.23999786,60.05709457,4119900
CTSH,1/24/2023,63.97000122,64.51999664,63.65999985,63.91999817,59.75792694,3226800
CTSH,1/25/2023,63.16999817,64.23999786,62.86000061,64.13999939,59.96360397,3932700
CTSH,1/26/2023,64.66000366,64.72000122,63.68999863,64.66000366,60.44974136,3229500
CTSH,1/27/2023,64.66000366,65.83999634,64.26999664,65.70999908,61.43137741,3849100
CTSH,1/30/2023,65.04000092,65.90000153,64.94999695,65.26999664,61.02002335,7492900
CTSH,1/31/2023,65.19999695,66.77999878,65.06999969,66.75,62.40364456,4195500
CTSH,2/1/2023,66.37000275,69.29000092,66.16999817,68.83999634,64.35756683,5728700
CTSH,2/2/2023,69.48000336,70.86000061,69.26000214,70.66000366,66.05908966,5879400
CTSH,2/3/2023,66.01999664,69.44000244,65.98999786,68.22000122,63.77793884,7388400
CTSH,2/6/2023,67.51999664,68.37999725,66.63999939,66.83000183,62.47844696,5334700
CTSH,2/7/2023,66.48999786,67.81999969,66.15000153,67.51999664,63.12351227,4132300
CTSH,2/8/2023,67.13999939,67.38999939,66.23000336,66.30000305,61.98296356,3862400
CTSH,2/9/2023,66.69999695,67.65000153,66.26000214,66.62999725,62.29145813,5366400
CTSH,2/10/2023,65.98000336,66.75,65.48000336,66.72000122,62.37561417,3282100
CTSH,2/13/2023,66.65000153,68.01000214,66.40000153,67.83000183,63.41333389,5427900
CTSH,2/14/2023,67.58999634,67.70999908,66,67.41000366,63.02068329,3674700
CTSH,2/15/2023,66.84999847,67.33000183,66.59999847,67.12999725,62.75891113,3175700
CTSH,2/16/2023,66.05999756,67.19999695,65.87000275,66.36000061,62.30822372,3067800
CTSH,2/17/2023,66.05999756,66.19000244,65.06999969,65.48000336,61.48195648,3784900
CTSH,2/21/2023,64.61000061,64.88999939,63.77000046,64.66000366,60.71201706,3808500
CTSH,2/22/2023,64.75,65.13999939,64.18000031,64.44000244,60.50545502,5370900
CTSH,2/23/2023,64.66999817,64.94999695,63.5,64.29000092,60.36460495,5659000
CTSH,2/24/2023,63.49000168,63.95999908,63.13000107,63.83000183,59.93270111,2293600
CTSH,2/27/2023,64.55999756,64.62999725,63.33000183,63.5,59.6228447,3122000
CTSH,2/28/2023,63.29000092,63.43000031,62.47999954,62.63000107,58.80596924,3942300
CTSH,3/1/2023,62.58000183,62.86000061,61.90000153,62.36999893,58.56184006,3089500
CTSH,3/2/2023,62.09000015,62.65000153,61.84999847,62.52999878,58.71207428,3990500
CTSH,3/3/2023,62.72999954,62.88999939,62.20999908,62.54000092,58.72146225,2028800
CTSH,3/6/2023,62.86000061,63.72000122,62.47000122,62.61000061,58.78717804,3929200
CTSH,3/7/2023,62.5,62.68000031,61.20000076,61.41999817,57.66984558,2423900
CTSH,3/8/2023,61.59000015,61.95999908,61.18999863,61.52999878,57.77312851,4058200
CTSH,3/9/2023,61.56000137,61.88999939,60.65999985,60.90999985,57.19098282,5330100
CTSH,3/10/2023,60.95000076,61.13000107,60.06000137,60.38000107,56.69334793,10747000
CTSH,3/13/2023,59.79999924,60.08000183,57.88000107,57.97999954,54.43988419,8749300
CTSH,3/14/2023,58.70000076,59.59000015,57.91999817,58.43999863,54.87179184,4655200
CTSH,3/15/2023,57.63999939,57.83000183,56.45000076,57.06999969,53.5854454,5062800
CTSH,3/16/2023,56.65999985,58.52999878,56.59000015,58.40000153,54.83423996,6605300
CTSH,3/17/2023,58.43999863,58.66999817,57.59999847,57.79000092,54.26148987,7122100
CTSH,3/20/2023,57.88999939,58.88999939,57.88000107,58.70000076,55.11592484,3949100
CTSH,3/21/2023,59.31000137,59.59999847,58.79999924,59.18000031,55.56661606,3837400
CTSH,3/22/2023,59.09000015,59.25,57.40000153,57.43999863,53.93284988,3675400
CTSH,3/23/2023,57.88999939,59.18000031,57.72000122,58.15999985,54.60889053,3666000
CTSH,3/24/2023,57.77000046,58.68000031,57.24000168,58.65000153,55.06898499,3303000
CTSH,3/27/2023,59,59.49000168,58.81000137,59.00999832,55.40699387,3136000
CTSH,3/28/2023,58.86000061,59.18999863,58.56999969,58.95000076,55.35065842,1396200
CTSH,3/29/2023,59.70000076,59.74000168,59.27000046,59.50999832,55.87645721,2941300
CTSH,3/30/2023,60,60.20999908,59.38999939,59.81000137,56.15814972,2439600
CTSH,3/31/2023,60,61.02999878,59.95000076,60.93000031,57.20976257,2925900
CTSH,4/3/2023,60.77000046,61.40999985,60.56999969,61.36999893,57.6228981,3574000
CTSH,4/4/2023,61.40999985,61.56000137,59.84000015,60.66999817,56.96562958,3667700
CTSH,4/5/2023,60.45999908,61.16999817,60.24000168,60.65999985,56.95624542,3600200
CTSH,4/6/2023,60.45000076,60.88999939,60.20000076,60.41999817,56.730896,3211900
CTSH,4/10/2023,60.08000183,61.13000107,59.84999847,61.11000061,57.37877274,1791400
CTSH,4/11/2023,61.04000092,62,60.91999817,61.68999863,57.92336273,1865100
CTSH,4/12/2023,61.97000122,62.06999969,60.13999939,60.27999878,56.59944916,3572800
CTSH,4/13/2023,58.90000153,60.77000046,58.22999954,60.61000061,56.90929794,5310900
CTSH,4/14/2023,60.40000153,60.59000015,59.52000046,60.04000092,56.37411499,3708700
CTSH,4/17/2023,60.04999924,60.75999832,59.86999893,60.75,57.04075623,2843300
CTSH,4/18/2023,61.31999969,61.34999847,60.38999939,61.11999893,57.38816071,3020600
CTSH,4/19/2023,61.09000015,61.09000015,59.70000076,60.25,56.57128143,3121500
CTSH,4/20/2023,59.86999893,60.31999969,59.40999985,59.97000122,56.30838394,3015200
CTSH,4/21/2023,60.11000061,60.11000061,59.22000122,59.49000168,55.85769272,4937100
CTSH,4/24/2023,59.56000137,59.83000183,59.22000122,59.5,55.86707687,2230100
CTSH,4/25/2023,59.22999954,59.43000031,58.43000031,58.45999908,54.89057159,2807400
CTSH,4/26/2023,58.40999985,58.95000076,58.09000015,58.40000153,54.83423996,2615400
CTSH,4/27/2023,58.74000168,59.27999878,58.63000107,59.20999908,55.59477997,4363300
CTSH,4/28/2023,59.36000061,59.81000137,59.27999878,59.70999908,56.06425858,3370200
CTSH,5/1/2023,59.68000031,59.97999954,59.16999817,59.84000015,56.18631744,2978600
CTSH,5/2/2023,59.86000061,59.95999908,58.47000122,59.38000107,55.75440598,2586900
CTSH,5/3/2023,59.90999985,60.04000092,58.81000137,58.88000107,55.28493118,3577100
CTSH,5/4/2023,62.20000076,65.43000031,62.04999924,62.86000061,59.02193069,6920500
CTSH,5/5/2023,63.16999817,63.90999985,62.84000015,63.29000092,59.42567062,3853000
CTSH,5/8/2023,63.29999924,63.49000168,61.31000137,61.63999939,57.87641144,4825100
CTSH,5/9/2023,60.74000168,61.65999985,60.25999832,61.63000107,57.86701965,4752700
CTSH,5/10/2023,62.16999817,62.74000168,61.61000061,62.56000137,58.740242,2965600
CTSH,5/11/2023,62.18000031,62.34999847,61.58000183,61.88000107,58.10176849,2903000
CTSH,5/12/2023,62.06000137,62.34000015,61.31000137,61.65999985,57.89519119,4059100
CTSH,5/15/2023,61.81999969,62.77999878,61.77000046,62.75999832,58.92802429,3677400
CTSH,5/16/2023,62.70999908,62.70999908,61.88999939,61.97999954,58.19565201,3990300
CTSH,5/17/2023,62.20999908,63.08000183,62.13999939,62.75999832,58.92802429,3888700
CTSH,5/18/2023,62.47000122,63.66999817,62.02999878,63.61999893,60.01282501,3770400
CTSH,5/19/2023,63.72999954,63.88000107,62.95999908,63.00999832,59.43740082,3194500
CTSH,5/22/2023,63.00999832,64.20999908,62.93000031,64.01000214,60.38071823,3258100
CTSH,5/23/2023,63.81000137,64.05000305,63.13999939,63.29999924,59.7109642,2894600
CTSH,5/24/2023,63,63.18000031,62.43999863,62.61000061,59.0600853,2571300
CTSH,5/25/2023,62.59999847,62.63999939,61.91999817,62.15999985,58.63560104,2130000
CTSH,5/26/2023,62.15999985,63.08000183,62.15999985,62.88000107,59.314785,2320500
CTSH,5/30/2023,63.02999878,63.29999924,61.84000015,62.45000076,58.90916824,2704800
CTSH,5/31/2023,61.93000031,62.95999908,61.75999832,62.49000168,58.9468956,5729300
CTSH,6/1/2023,62.5,62.63000107,61.77000046,62.18999863,58.6639061,2969000
CTSH,6/2/2023,63,63.95000076,62.54000092,63.75999832,60.14488983,3702400
CTSH,6/5/2023,62.72999954,63,61.11999893,61.29999924,57.82436752,5868600
CTSH,6/6/2023,61.36000061,62.31999969,61.31000137,62.16999817,58.64503479,2383500
CTSH,6/7/2023,62.04999924,62.68999863,62.04999924,62.59999847,59.05065536,2522400
CTSH,6/8/2023,62.77000046,62.77000046,61.88999939,62.29999924,58.76766205,2759500
CTSH,6/9/2023,62.02000046,62.40999985,61.74000168,62.04999924,58.53184509,3322000
CTSH,6/12/2023,62.04999924,63.47999954,62.02999878,63.31999969,59.72983551,6347900
CTSH,6/13/2023,63.72000122,64.33999634,63.68999863,64.23000336,60.58823395,4648300
CTSH,6/14/2023,64.20999908,64.86000061,63.59999847,63.70999908,60.0977211,3460700
CTSH,6/15/2023,63.61999893,65,63.58000183,64.73999786,61.06932831,3143600
CTSH,6/16/2023,64.48999786,65.58000183,64.29000092,65.08000183,61.39003754,5839400
CTSH,6/20/2023,65,65.33000183,64.41000366,64.63999939,60.97499466,2253600
CTSH,6/21/2023,64.38999939,64.48999786,63.13999939,63.18000031,59.59777451,3800500
CTSH,6/22/2023,62.61000061,62.75,61.22999954,62.59999847,59.05065536,4184400
CTSH,6/23/2023,61.88999939,62.31000137,61.38999939,62.04000092,58.52241516,9775100
CTSH,6/26/2023,62.04000092,62.68999863,61.93000031,62.45999908,58.91859436,3074100
CTSH,6/27/2023,62.88999939,63.52000046,62.27999878,63.13000107,59.55060959,5106900
CTSH,6/28/2023,63.09000015,63.99000168,63.09000015,63.36999893,59.7769928,4163400
CTSH,6/29/2023,63.25,64.55999756,63.18000031,64.54000092,60.88066101,2180800
CTSH,6/30/2023,65.09999847,65.55000305,65.01000214,65.27999878,61.57870483,2832800
CTSH,7/3/2023,64.84999847,65.55999756,64.63999939,65.55999756,61.84282684,1207200
CTSH,7/5/2023,65.08999634,65.94999695,64.69999695,65.52999878,61.81452179,2467800
CTSH,7/6/2023,65,65.05000305,64.11000061,64.70999908,61.04103088,1680500
CTSH,7/7/2023,64.66999817,65.70999908,64.54000092,65.33999634,61.63530731,2920300
CTSH,7/10/2023,65.30999756,66.94999695,65.26000214,66.63999939,62.86161041,3311800
CTSH,7/11/2023,66.76999664,67.34999847,66.70999908,67.18000031,63.37097168,2478500
CTSH,7/12/2023,67.69999695,67.98999786,66.90000153,67.16999817,63.36154175,2569900
CTSH,7/13/2023,67.26000214,67.95999908,67.15000153,67.69000244,63.85205841,2657100
CTSH,7/14/2023,67.69000244,68.63999939,67.63999939,68.59999847,64.71047974,3175700
CTSH,7/17/2023,68.48999786,68.90000153,68.19999695,68.44000244,64.55953979,5452700
CTSH,7/18/2023,68.52999878,69.36000061,68.5,69.16999817,65.24816132,3338500
CTSH,7/19/2023,69.23000336,69.56999969,68.56999969,69.08999634,65.17268372,2897400
CTSH,7/20/2023,67.5,67.62999725,65.83000183,66.76000214,62.97478104,4483600
CTSH,7/21/2023,67.12000275,67.48999786,66.63999939,66.80999756,63.02196121,9160400
CTSH,7/24/2023,66.90000153,67.81999969,66.87999725,67.44999695,63.62566757,4511200
CTSH,7/25/2023,67.38999939,68.15000153,67.33999634,67.83999634,63.99355316,1588000
CTSH,7/26/2023,67.58999634,67.93000031,67.16000366,67.76000214,63.91809845,2298100
CTSH,7/27/2023,68.43000031,68.43000031,65.98999786,66.29000092,62.53144455,3297400
CTSH,7/28/2023,66.5,66.77999878,65.26000214,65.76000214,62.03149033,4911000
CTSH,7/31/2023,65.66999817,66.22000122,65.65000153,66.02999878,62.28617859,3111800
CTSH,8/1/2023,65.76999664,65.97000122,65.15000153,65.84999847,62.11638641,2689200
CTSH,8/2/2023,65.44000244,65.69000244,64.68000031,65.33999634,61.63530731,4792500
CTSH,8/3/2023,70,71.86000061,68.37000275,70.47000122,66.4744339,10687900
CTSH,8/4/2023,70.83000183,71.75,70.52999878,71,66.97438812,6268200
CTSH,8/7/2023,71.5,72.70999908,71.08000183,71.33000183,67.28569031,3858300
CTSH,8/8/2023,70.72000122,70.93000031,69.73999786,70.26000214,66.27635193,5515900
CTSH,8/9/2023,70.37999725,70.45999908,69.30999756,69.94000244,65.9744873,3250700
CTSH,8/10/2023,70.62000275,71.43000031,70.25,71.08000183,67.04985046,4131000
CTSH,8/11/2023,70.59999847,70.72000122,69.98999786,70.08000183,66.10655975,2788800
CTSH,8/14/2023,69.86000061,71.16999817,69.86000061,71.09999847,67.06871033,3620900
CTSH,8/15/2023,70.90000153,70.94999695,69.12999725,69.37999725,65.44624329,5545700
CTSH,8/16/2023,69.30999756,70.01999664,69.19000244,69.23000336,65.30474854,3636900
CTSH,8/17/2023,69.30999756,70.01000214,68.88999939,69.08000183,65.16324615,3302800
CTSH,8/18/2023,68.30000305,68.95999908,68.16000366,68.80000305,65.17272186,2924600
CTSH,8/21/2023,68.70999908,69.01999664,68.34999847,68.76000214,65.13483429,3585000
CTSH,8/22/2023,69.37000275,69.84999847,69,69.58999634,65.92106628,3472900
CTSH,8/23/2023,69.91000366,70.66000366,69.73999786,70.45999908,66.74520111,3031800
CTSH,8/24/2023,70.29000092,70.94999695,70.01999664,70.02999878,66.337883,2520100
CTSH,8/25/2023,70.36000061,70.77999878,69.31999969,70.05999756,66.36628723,2031600
CTSH,8/28/2023,70.20999908,70.95999908,70.20999908,70.62000275,66.89676666,2078100
CTSH,8/29/2023,70.77999878,71.41999817,70.37999725,71.40000153,67.63564301,2323100
CTSH,8/30/2023,71.40000153,71.72000122,71.19000244,71.48999786,67.72090149,2058100
CTSH,8/31/2023,71.5,71.84999847,71.38999939,71.61000061,67.83457184,2329300
CTSH,9/1/2023,72,72.36000061,71.44000244,71.73000336,67.94826508,1744000
CTSH,9/5/2023,71.66999817,71.72000122,70.94999695,70.97000122,67.22833252,2187000
CTSH,9/6/2023,70.84999847,71.69000244,70.75,71.30000305,67.54092407,1900900
CTSH,9/7/2023,71.08000183,71.37999725,70.76999664,71.25,67.49355316,2328400
CTSH,9/8/2023,71.37999725,71.73000336,71.08999634,71.33999634,67.57878876,1823300
CTSH,9/11/2023,71.63999939,71.91000366,70.94000244,71.33000183,67.56934357,1794300
CTSH,9/12/2023,70.63999939,71.08999634,70.04000092,70.12999725,66.43260193,2512000
CTSH,9/13/2023,70.23999786,70.84999847,70.06999969,70.69999695,66.97253418,2833300
CTSH,9/14/2023,71,71.36000061,70.66000366,70.97000122,67.22833252,2351200
CTSH,9/15/2023,70.80000305,70.93000031,69.87999725,70.16999817,66.4704895,9871500
CTSH,9/18/2023,70.26999664,70.93000031,70.08000183,70.22000122,66.51786041,4788900
CTSH,9/19/2023,69.84999847,70.19000244,69.05000305,70.08999634,66.39471436,5046500
CTSH,9/20/2023,70.30000305,71.26000214,69.48000336,69.51000214,65.84529114,3550100
CTSH,9/21/2023,69.19999695,69.93000031,68.97000122,69.20999908,65.56109619,2585000
CTSH,9/22/2023,69.18000031,70.09999847,68.98999786,69.61000061,65.94001007,2048400
CTSH,9/25/2023,69.40000153,69.86000061,69.23999786,69.73000336,66.05369568,3463800
CTSH,9/26/2023,69.62000275,69.76000214,68.37000275,68.63999939,65.02115631,3122600
CTSH,9/27/2023,69.04000092,69.04000092,67.76000214,68.19999695,64.60435486,3222000
CTSH,9/28/2023,67.20999908,68.25,67.06999969,67.83999634,64.26332855,4173200
CTSH,9/29/2023,68.02999878,68.41000366,67.48999786,67.73999786,64.16861725,2866300
CTSH,10/2/2023,67.51999664,67.98999786,67.22000122,67.76000214,64.18754578,3246500
CTSH,10/3/2023,67.37999725,67.95999908,66.97000122,67.30000305,63.75181961,4139600
CTSH,10/4/2023,67.48999786,67.63999939,66.90000153,67.54000092,63.97916031,2714900
CTSH,10/5/2023,67.45999908,67.76999664,66.75,67.69999695,64.13072205,2193000
CTSH,10/6/2023,67.19000244,68.16999817,66.81999969,67.83999634,64.26332855,2171100
CTSH,10/9/2023,67.43000031,68.37000275,67.18000031,68.18000031,64.58541107,1584400
CTSH,10/10/2023,68.12999725,68.5,67.48999786,67.86000061,64.28227997,3083800
CTSH,10/11/2023,68.12999725,68.59999847,68.02999878,68.33999634,64.73696899,2391100
CTSH,10/12/2023,68.20999908,68.20999908,65.69999695,65.95999908,62.48245239,3144300
CTSH,10/13/2023,65.94999695,66.38999939,65.15000153,65.77999878,62.31194687,3259200
CTSH,10/16/2023,66.09999847,66.90000153,65.95999908,66.76999664,63.24974823,5399800
CTSH,10/17/2023,66.55999756,67.36000061,66.40000153,67.16999817,63.62865067,2478800
CTSH,10/18/2023,66.80000305,67.19999695,65.83000183,66.02999878,62.54876328,4496800
CTSH,10/19/2023,66.15000153,66.34999847,65.22000122,65.44000244,61.98987579,2353100
CTSH,10/20/2023,66.45999908,66.54000092,65.68000031,65.73999786,62.27405167,2584700
CTSH,10/23/2023,65.69000244,66,64.94000244,65.01999664,61.5920105,2193900
CTSH,10/24/2023,65.18000031,65.80000305,64.69000244,65.15000153,61.71515656,2988700
CTSH,10/25/2023,64.93000031,65.02999878,63.97000122,64.08999634,60.71104431,2314400
CTSH,10/26/2023,64.08000183,64.37000275,63.31999969,63.41999817,60.07636261,2812900
CTSH,10/27/2023,63.34000015,63.81000137,62.79000092,63.29999924,59.96269226,2724300
CTSH,10/30/2023,63.66999817,63.91999817,63.20000076,63.75,60.38896179,2514300
CTSH,10/31/2023,63.93000031,64.58999634,63.93000031,64.47000122,61.0710144,3118900
CTSH,11/1/2023,64.38999939,65.20999908,64.16999817,64.95999908,61.53517532,5497400
CTSH,11/2/2023,62.59999847,63.81999969,62.13999939,63.65000153,60.29424667,6856800
CTSH,11/3/2023,64.05000305,66.91999817,64.05000305,66.26999664,62.77610016,3849700
CTSH,11/6/2023,66.25,66.47000122,65.80999756,66.27999878,62.7855835,2452900
CTSH,11/7/2023,66.58000183,66.58000183,65.69000244,65.76999664,62.30245972,3091900
CTSH,11/8/2023,65.94000244,65.95999908,65.26999664,65.51999664,62.06564331,3562800
CTSH,11/9/2023,65.58000183,65.66000366,64.48999786,64.65000153,61.24151993,3613400
CTSH,11/10/2023,64.94000244,66.05000305,64.76000214,65.94999695,62.47298431,2665900
CTSH,11/13/2023,65.76999664,66.09999847,65.33999634,65.68000031,62.21721268,1937100
CTSH,11/14/2023,66.80999756,67.54000092,66.73000336,67.37999725,63.82758713,2698900
CTSH,11/15/2023,67.38999939,68.79000092,67.31999969,68.41000366,64.80328369,3046400
CTSH,11/16/2023,68.66999817,69.31999969,68.23000336,68.48000336,64.86959839,3152500
CTSH,11/17/2023,68.79000092,69.73000336,68.77999878,69.52999878,65.86422729,4257400
CTSH,11/20/2023,69.15000153,70.01999664,68.95999908,69.80000305,66.39694977,2404400
CTSH,11/21/2023,69.91999817,70.5,69.80999756,70.25,66.82498932,2375200
CTSH,11/22/2023,70.48999786,71.26000214,70.48999786,70.87999725,67.42427063,2432600
CTSH,11/24/2023,70.93000031,71.5,70.93000031,71.16999817,67.70012665,1410700
CTSH,11/27/2023,70.94999695,71.30000305,70.76000214,70.76999664,67.31963348,2769300
CTSH,11/28/2023,70.69999695,71.51999664,70.69999695,71.30000305,67.82379913,2607400
CTSH,11/29/2023,71.59999847,71.80000305,69.90000153,70.12000275,66.70133209,3521700
CTSH,11/30/2023,70.38999939,70.51999664,69.80000305,70.37999725,66.9486618,8254400
CTSH,12/1/2023,70.23000336,70.87000275,70.08000183,70.81999969,67.36720276,2672600
CTSH,12/4/2023,70.40000153,71.48000336,70.22000122,71.16000366,67.69063568,2405100
CTSH,12/5/2023,70.83999634,71.04000092,69.88999939,70.12999725,66.71083832,2832900
CTSH,12/6/2023,70.40000153,70.91000366,70.04000092,70.12000275,66.70133209,2288900
CTSH,12/7/2023,70.41000366,70.55000305,69.94000244,70.41999817,66.98670959,2749000
CTSH,12/8/2023,69.94000244,70.55999756,69.94000244,70.33000183,66.90110016,1765300
CTSH,12/11/2023,70.54000092,71.86000061,70.41000366,71.68000031,68.18527222,4844300
CTSH,12/12/2023,71.75,72.26999664,71.51000214,72.05000305,68.5372467,2203000
CTSH,12/13/2023,72.23999786,73.20999908,71.72000122,73.18000031,69.61214447,5279300
CTSH,12/14/2023,73.80000305,75.11000061,73.66000366,74.68000031,71.03901672,6105000
CTSH,12/15/2023,75.19999695,76.63999939,75,76.16999817,72.45635986,9195800
CTSH,12/18/2023,76.25,76.84999847,75.66000366,75.90000153,72.1995163,6026600
CTSH,12/19/2023,75.40000153,75.93000031,74.91999817,75.43000031,71.75242615,5067800
CTSH,12/20/2023,75.34999847,75.51999664,74.01999664,74.02999878,70.42070007,3271500
CTSH,12/21/2023,74.58000183,74.76999664,73.62999725,74.16000366,70.54437256,3214900
CTSH,12/22/2023,74.36000061,75.22000122,74.19000244,75.15000153,71.48609924,1972300
CTSH,12/26/2023,75.15000153,75.51000214,74.68000031,75.47000122,71.79048157,1801800
CTSH,12/27/2023,75.62999725,75.72000122,75.30000305,75.59999847,71.91413879,2189400
CTSH,12/28/2023,75.68000031,76.09999847,75.5,75.83999634,72.1424408,1440300
CTSH,12/29/2023,75.68000031,75.87000275,75.05999756,75.52999878,71.84757996,1725300
CTSH,1/2/2024,75.27999878,75.36000061,73.98999786,74.40000153,70.7726593,4277800
CTSH,1/3/2024,73.98000336,74.29000092,73.41999817,73.66999817,70.07826233,3282400
CTSH,1/4/2024,73.77999878,74.29000092,73.51000214,73.58999634,70.00215912,2100900
CTSH,1/5/2024,72.80000305,73.47000122,72.69000244,72.83999634,69.28871155,2590200
CTSH,1/8/2024,73,73.72000122,72.73999786,73.69000244,70.09728241,2863200
CTSH,1/9/2024,73.09999847,73.36000061,72.76999664,73.16000366,69.59311676,2632500
CTSH,1/10/2024,72.97000122,73.63999939,72.73999786,73.34999847,69.77384949,2562500
CTSH,1/11/2024,73.87000275,74.91999817,73.55999756,74.87999725,71.22924042,4454600
CTSH,1/12/2024,75.31999969,78.41999817,75.09999847,77.97000122,74.16859436,6351700
CTSH,1/16/2024,77.66000366,77.80999756,75.76999664,76.19999695,72.48490143,3942500
CTSH,1/17/2024,75.75,76.26000214,75.23999786,75.69999695,72.00926971,5570100
CTSH,1/18/2024,75.84999847,76.68000031,75.19999695,75.66000366,71.97122955,4693500
CTSH,1/19/2024,75.70999908,77.16999817,75.59999847,76.87999725,73.13175964,7178400
CTSH,1/22/2024,77.18000031,77.70999908,77.08000183,77.26999664,73.50273132,2452800
CTSH,1/23/2024,77.51999664,77.65000153,76.83000183,77.11000061,73.3505249,2263100
CTSH,1/24/2024,77.55000305,77.55000305,76.73000336,76.94999695,73.19832611,3473400
CTSH,1/25/2024,77.79000092,78.68000031,77.79000092,78.30000305,74.4825058,5396700
CTSH,1/26/2024,78.55999756,78.88999939,77.04000092,77.27999878,73.51223755,2481200
CTSH,1/29/2024,76.91999817,78.12999725,76.91999817,77.87000275,74.07349396,3223500
CTSH,1/30/2024,77.30000305,77.94000244,77.19999695,77.59999847,73.81665039,3377900
CTSH,1/31/2024,77.65000153,78.69999695,76.97000122,77.12000275,73.36005402,3316000
CTSH,2/1/2024,77.34999847,77.94999695,76.54000092,77.87999725,74.08298492,2530500
CTSH,2/2/2024,77.48000336,78.19999695,77.15000153,77.88999939,74.09249115,4500600
CTSH,2/5/2024,77.26999664,77.75,76.62999725,77.58999634,73.80713654,2472300
CTSH,2/6/2024,77.83000183,78.93000031,77.76000214,78.73000336,74.89154816,6513100
CTSH,2/7/2024,75.63999939,78.87999725,75.41999817,78,74.19715118,5302300
CTSH,2/8/2024,78.12999725,78.66000366,77.36000061,78.30000305,74.4825058,3173800
CTSH,2/9/2024,78.56999969,78.58000183,76.87000275,77.09999847,73.34101868,5330000
CTSH,2/12/2024,76.73999786,76.87999725,75.54000092,76.52999878,72.79880524,5249600
CTSH,2/13/2024,75.54000092,76.06999969,74.79000092,75.5,71.81903076,3214900
CTSH,2/14/2024,75.91000366,76.83000183,75.79000092,76.73999786,72.99855804,2729600
CTSH,2/15/2024,77.13999939,78.04000092,77.08999634,78.01999664,74.21617889,4396200
CTSH,2/16/2024,77.51999664,77.77999878,76.86000061,77,73.52862549,2125900
CTSH,2/20/2024,76.91000366,77.38999939,76.36000061,76.73999786,73.28033447,4622000
CTSH,2/21/2024,76.25,77.52999878,76.12000275,77.47000122,73.97744751,3507500
CTSH,2/22/2024,78.40000153,79.68000031,78.12000275,79.45999908,75.87771606,3771500
CTSH,2/23/2024,79.59999847,80.08999634,79.43000031,79.81999969,76.22148132,3858300
CTSH,2/26/2024,79.58000183,79.94000244,78.94999695,79.51000214,75.92547607,3442500
CTSH,2/27/2024,79.59999847,79.79000092,78.75,79.13999939,75.57213593,1779700
CTSH,2/28/2024,78.94000244,79.08000183,78.23000336,78.48000336,74.94191742,3095800
CTSH,2/29/2024,79.37999725,79.69999695,78.44000244,79.01999664,75.45756531,6272400
CTSH,3/1/2024,78.90000153,79.51999664,78.52999878,78.61000061,75.06606293,4516500
CTSH,3/4/2024,78.51000214,79.68000031,78.48000336,79.08000183,75.5148468,7360000
CTSH,3/5/2024,78.62999725,78.98000336,77.54000092,77.77999878,74.27346802,4556100
CTSH,3/6/2024,78.55000305,78.94999695,76.37999725,76.69000244,73.23260498,6748900
CTSH,3/7/2024,77.05000305,77.95999908,77.05000305,77.45999908,73.96789551,4783700
CTSH,3/8/2024,77.19000244,77.52999878,76.58999634,76.76999664,73.30899048,5061500
CTSH,3/11/2024,76.84999847,77.30999756,76.45999908,76.95999908,73.49044037,3015600
CTSH,3/12/2024,76.90000153,77.41999817,76.73000336,77.08999634,73.61456299,2575700
CTSH,3/13/2024,77.13999939,77.37000275,76.76000214,77.01999664,73.54772186,4120900
CTSH,3/14/2024,76.94999695,77.13999939,75.87999725,76.34999847,72.90792847,3635500
CTSH,3/15/2024,76.25,76.56999969,75.12999725,75.33000183,71.93390656,6883400
CTSH,3/18/2024,75.87000275,76.06999969,75.01000214,75.08999634,71.70471191,11544200
CTSH,3/19/2024,74.83000183,75.37000275,74.52999878,74.65000153,71.28457642,7622500
CTSH,3/20/2024,74.47000122,75.40000153,73.93000031,75.15000153,71.76203918,6438600
CTSH,3/21/2024,73.48000336,75.69999695,72.41000366,72.58000183,69.30789185,7625100
CTSH,3/22/2024,72.61000061,72.62000275,71.59999847,71.90000153,68.65855408,5802200
CTSH,3/25/2024,72,72.55999756,71.79000092,72.01000214,68.76359558,4257400
CTSH,3/26/2024,72.25,72.55000305,71.91000366,72.40000153,69.13600922,5329800
CTSH,3/27/2024,72.91000366,73.65000153,72.91000366,73.62000275,70.30101013,2880900
CTSH,3/28/2024,73.40000153,74.06999969,73.13999939,73.29000092,69.98589325,11104800
CTSH,4/1/2024,72.73000336,72.73999786,71.55999756,71.75,68.51531219,5095300
CTSH,4/2/2024,71.51999664,72.05999756,71.41000366,71.68000031,68.44846344,5553100
CTSH,4/3/2024,71.41000366,72.38999939,71.26000214,71.83999634,68.60124969,3748500
CTSH,4/4/2024,72.37000275,72.80999756,71.30999756,71.61000061,68.38162231,3655200
CTSH,4/5/2024,71.5,71.75,71.06999969,71.12999725,67.92325592,5175800
CTSH,4/8/2024,71.12999725,71.55000305,70.80999756,71.05999756,67.85641479,4595800
CTSH,4/9/2024,71,71.75,71,71.55999756,68.33387756,3157500
CTSH,4/10/2024,71,71.05000305,69.69999695,69.97000122,66.81555939,3221900
CTSH,4/11/2024,70.01000214,70.90000153,70.01000214,70.56999969,67.38851166,3799300
CTSH,4/12/2024,69.98000336,70.02999878,69.01999664,69.26000214,66.13757324,2806100
CTSH,4/15/2024,70.01999664,70.23999786,68.37000275,68.41999817,65.33544159,2953800
CTSH,4/16/2024,68.66999817,68.81999969,67.87999725,67.93000031,64.86753082,2282200
CTSH,4/17/2024,68.41999817,68.52999878,67.48999786,67.54000092,64.49510956,2538700
CTSH,4/18/2024,66.98999786,68,66.59999847,67.12999725,64.10360718,4601900
CTSH,4/19/2024,67.30000305,67.59999847,66.98000336,67.44000244,64.39962006,4889500
CTSH,4/22/2024,67.81999969,68.55000305,67.36000061,68.19999695,65.12534332,3050900
CTSH,4/23/2024,68.08999634,68.40000153,67.55000305,67.76999664,64.7147522,2819800
CTSH,4/24/2024,67.76000214,67.95999908,67.16999817,67.51999664,64.47600555,4256100
CTSH,4/25/2024,67.15000153,67.5,66.19999695,66.76000214,63.75026703,3459900
CTSH,4/26/2024,66.44999695,67.19999695,66.44999695,66.94000244,63.92216492,2818900
CTSH,4/29/2024,67.06999969,67.88999939,66.5,66.52999878,63.53064728,5123100
CTSH,4/30/2024,66.22000122,66.80000305,65.55999756,65.68000031,62.71895981,3858400
CTSH,5/1/2024,65.5,66.26999664,65.30000305,65.37000275,62.4229393,4873600
CTSH,5/2/2024,67.40000153,67.87999725,65.55999756,66.26999664,63.28235626,8585800
CTSH,5/3/2024,66.68000031,67.26999664,66.16000366,66.25,63.26326752,7399700
CTSH,5/6/2024,66.51000214,66.95999908,66.05000305,66.41999817,63.42559814,2342900
CTSH,5/7/2024,66.44000244,67.70999908,66.44000244,67.66000366,64.60969543,3086700
CTSH,5/8/2024,67.56999969,67.88999939,67.36000061,67.72000122,64.66699982,4578300
CTSH,5/9/2024,67.44999695,67.62999725,66.34999847,66.80000305,63.78846741,2299400
CTSH,5/10/2024,66.70999908,67.12999725,66.66999817,66.98000336,63.96037292,4825200
CTSH,5/13/2024,67.47000122,68.20999908,67.31999969,67.87000275,64.8102417,3134700
CTSH,5/14/2024,68.04000092,68.75,67.56999969,67.77999878,64.72428131,1893200
CTSH,5/15/2024,68.08000183,69.05999756,67.80000305,68.86000061,65.7556076,3329600
CTSH,5/16/2024,69.05000305,70.72000122,68.88999939,70.33000183,67.1593399,6126700
CTSH,5/17/2024,69.98000336,70.18000031,68.19000244,68.76000214,65.94139099,4384900
CTSH,5/20/2024,69.01000214,69.69000244,68.75,69.58000183,66.7277832,2584500
CTSH,5/21/2024,69.31999969,69.33000183,68.51999664,68.79000092,65.97016144,2704300
CTSH,5/22/2024,68.91999817,69.30999756,68.76999664,69.05000305,66.21949005,2961000
CTSH,5/23/2024,69.37999725,69.66000366,68.26000214,68.47000122,65.66327667,2149900
CTSH,5/24/2024,68.47000122,68.91000366,68.25,68.31999969,65.51943207,1860100
CTSH,5/28/2024,68.04000092,68.23000336,66.54000092,66.86000061,64.11927795,2785400
CTSH,5/29/2024,66.40000153,66.51000214,66.05999756,66.12000275,63.40960693,2365900
CTSH,5/30/2024,65.94999695,66.01000214,64.36000061,64.77999878,62.12454224,5734700
CTSH,5/31/2024,64.77999878,66.22000122,64.36000061,66.15000153,63.43837738,4523000
CTSH,6/3/2024,66.15000153,66.29000092,65.09999847,65.77999878,63.0835495,4379100
CTSH,6/4/2024,65.41999817,65.98999786,65.06999969,65.34999847,62.67116165,2464700
CTSH,6/5/2024,65.54000092,65.81999969,65.05999756,65.51999664,62.83419418,1655200
CTSH,6/6/2024,65.48000336,66.51999664,65.33999634,66.30999756,63.59182739,5498400
CTSH,6/7/2024,66.19000244,66.75,65.81999969,65.94000244,63.23698044,1460400
CTSH,6/10/2024,65.87999725,67.37000275,65.68000031,67.25,64.49329376,4143700
CTSH,6/11/2024,67.06999969,67.20999908,66.09999847,66.97000122,64.22476196,2070200
CTSH,6/12/2024,67.12999725,67.18000031,65.86000061,66.30000305,63.58223343,5382800
CTSH,6/13/2024,66.05000305,66.05000305,64.55000305,64.61000061,61.96151352,2728800
CTSH,6/14/2024,64.55000305,64.81999969,63.91999817,64.26000214,61.62585068,2579600
CTSH,6/17/2024,64.01000214,65.69999695,63.79000092,65.51999664,62.83419418,2956700
CTSH,6/18/2024,65.58000183,66.16000366,65.47000122,65.80999756,63.11231613,3406600
CTSH,6/20/2024,67.55999756,68.58000183,66.69000244,68.13999939,65.34679413,4226100
CTSH,6/21/2024,68.44999695,68.80999756,67.63999939,68.33999634,65.53860474,6412600
CTSH,6/24/2024,68.23999786,69.19999695,68.01000214,68.68000031,65.86467743,2461600
CTSH,6/25/2024,68.87999725,69.69000244,68.30000305,68.90000153,66.07563782,2770600
CTSH,6/26/2024,68.33000183,68.69000244,67.88999939,68.30000305,65.50025177,4218400
CTSH,6/27/2024,68.12000275,68.51999664,67.55000305,67.73000336,64.95361328,8942700
CTSH,6/28/2024,67.93000031,68.34999847,67.63999939,68,65.21253204,5939400
CTSH,7/1/2024,67.84999847,68.19000244,67.23999786,67.73999786,64.96320343,2127100
CTSH,7/2/2024,67.76999664,68.69000244,67.69999695,68.61000061,65.79753876,5075300
CTSH,7/3/2024,68.63999939,68.72000122,68.19000244,68.30000305,65.50025177,1230300
CTSH,7/5/2024,68.06999969,68.19000244,67.65000153,68,65.21253204,1501200
CTSH,7/8/2024,67.81999969,68.16999817,67.22000122,67.55000305,64.78099823,2264300
CTSH,7/9/2024,67.38999939,67.69000244,66.86000061,66.88999939,64.14805603,2109500
CTSH,7/10/2024,66.93000031,67.87999725,66.55000305,67.83000183,65.04949951,3483300
CTSH,7/11/2024,67.87999725,70.40000153,67.87999725,70.13999939,67.26482391,6550600
CTSH,7/12/2024,70.37999725,72.30999756,70.36000061,71.52999878,68.59783936,6434900
CTSH,7/15/2024,71.16000366,73.11000061,71.06999969,72.43000031,69.46094513,2999200
CTSH,7/16/2024,72.91999817,73.90000153,72.73000336,73.79000092,70.76519775,2635100
CTSH,7/17/2024,73.76999664,75.12000275,73.66999817,74.69999695,71.63790131,3016400
CTSH,7/18/2024,74.69999695,77.33999634,74.58000183,75.97000122,72.85584259,5156700
CTSH,7/19/2024,75.41000366,75.84999847,74.08000183,74.33000183,71.2830658,5069000
CTSH,7/22/2024,74.65000153,75.19000244,74.08999634,75.16000366,72.07905579,4135200
CTSH,7/23/2024,74.91000366,74.91000366,73.59999847,73.88999939,70.86109924,5753100
CTSH,7/24/2024,73.77999878,73.91999817,72.38999939,72.69000244,69.71029663,4094700
CTSH,7/25/2024,72.80000305,74.38999939,72.59999847,73.20999908,70.20897675,4982300
CTSH,7/26/2024,73.12999725,74.97000122,72.83000183,74.56999969,71.51322174,5126900
CTSH,7/29/2024,74.83999634,74.83999634,74.02999878,74.54000092,71.48445129,4825400
CTSH,7/30/2024,74.81999969,76.29000092,74.51000214,75.81999969,72.71199036,7283700
CTSH,7/31/2024,76.30999756,76.30999756,75.12000275,75.68000031,72.57772827,3860400
CTSH,8/1/2024,78,80.26999664,75.40000153,76.30999756,73.1818924,6668000
CTSH,8/2/2024,76.11000061,76.11000061,73.62999725,74,70.96659851,4043700
CTSH,8/5/2024,73.19000244,73.69000244,71.55000305,71.73000336,68.78964996,5956500
CTSH,8/6/2024,71.95999908,73.91999817,71.79000092,72.65000153,69.67192841,2664600
CTSH,8/7/2024,73.68000031,74.38999939,73.09999847,73.16999817,70.17061615,3887800
CTSH,8/8/2024,73.06999969,74.25,73.06999969,73.73000336,70.70766449,3796600
CTSH,8/9/2024,73.73000336,74.58000183,73.20999908,74.41999817,71.36936188,7783400
CTSH,8/12/2024,74.41000366,74.62000275,73.09999847,73.13999939,70.14183807,3853300
CTSH,8/13/2024,73.33999634,74.38999939,73.33999634,74.26999664,71.22551727,2458500
CTSH,8/14/2024,73.86000061,74.59999847,73.86000061,74.37999725,71.33100891,1622800
CTSH,8/15/2024,75,75.73000336,74.69000244,75.47000122,72.37632751,2601600
CTSH,8/16/2024,75.63999939,75.87999725,75.08000183,75.86000061,72.75035095,2193700
CTSH,8/19/2024,75.86000061,76.48999786,75.73999786,75.98999786,72.87501526,2155300
CTSH,8/20/2024,75.69999695,75.98999786,75.34999847,75.45999908,72.65356445,1686400
CTSH,8/21/2024,75.77999878,76.72000122,75.58999634,76.62000275,73.77045441,3225000
CTSH,8/22/2024,76.62000275,76.93000031,76.15000153,76.26999664,73.43344116,1910800
CTSH,8/23/2024,76.62000275,76.95999908,76.20999908,76.68000031,73.82820129,1719500
CTSH,8/26/2024,77.12999725,77.44999695,76.69000244,76.80999756,73.95336151,2483300
CTSH,8/27/2024,76.63999939,77.18000031,76.5,77.15000153,74.28070831,4533900
CTSH,8/28/2024,77.29000092,78.16999817,76.68000031,76.87000275,74.01113129,1990300
CTSH,8/29/2024,77.18000031,77.52999878,76.40000153,77.13999939,74.27108765,3347700
CTSH,8/30/2024,77.38999939,77.87000275,77.02999878,77.76999664,74.87766266,3383200
CTSH,9/3/2024,77.26999664,78.05000305,76.40000153,76.76999664,73.9148407,3506800
CTSH,9/4/2024,76.63999939,77.51999664,76.5,77.31999969,74.44438934,2491400
CTSH,9/5/2024,77.31999969,77.33999634,76.55000305,76.76000214,73.90522003,2774500
CTSH,9/6/2024,77,77.51000214,75.73000336,75.83999634,73.0194397,2510400
CTSH,9/9/2024,76.25,76.75,76.08000183,76.12999725,73.29865265,3161500
CTSH,9/10/2024,76.52999878,76.65000153,75.91999817,76.55000305,73.70302582,1928200
CTSH,9/11/2024,76.34999847,76.41000366,74.76000214,76.30000305,73.46234131,2580400
CTSH,9/12/2024,76.44000244,76.73000336,75.55000305,76.30999756,73.47194672,1996600
CTSH,9/13/2024,76.55000305,77.30999756,76.52999878,77.20999908,74.33849335,2371700
CTSH,9/16/2024,77.52999878,77.91000366,77.05000305,77.87000275,74.97393799,1946300
CTSH,9/17/2024,78.12000275,78.26999664,75.83000183,76.22000122,73.38531494,2578800
CTSH,9/18/2024,75.86000061,76.26999664,75.19000244,75.34999847,72.54766083,2043700
CTSH,9/19/2024,76.33000183,76.52999878,75.04000092,75.19999695,72.40324402,3083500
CTSH,9/20/2024,75.22000122,75.65000153,74.79000092,75.63999939,72.82687378,5605100
CTSH,9/23/2024,75.77999878,76.16999817,75.26999664,76.12000275,73.28903198,6565600
CTSH,9/24/2024,76.23000336,76.56999969,76.01000214,76.04000092,73.21199799,2670500
CTSH,9/25/2024,75.83000183,76.44000244,75.44999695,75.52999878,72.72097015,1766800
CTSH,9/26/2024,77.23000336,77.55999756,76.80000305,77.19999695,74.32886505,3626600
CTSH,9/27/2024,77.47000122,77.61000061,76.68000031,76.88999939,74.03039551,4426000
CTSH,9/30/2024,77,77.30000305,76.19999695,77.18000031,74.30961609,2665700
CTSH,10/1/2024,77.15000153,77.40000153,75.73999786,76.08999634,73.26014709,2356600
CTSH,10/2/2024,75.79000092,76.86000061,75.61000061,76.76000214,73.90522003,3571100
CTSH,10/3/2024,76.48000336,76.80000305,76.01999664,76.52999878,73.68378448,2587300
CTSH,10/4/2024,77.26999664,77.75,76.62999725,77.13999939,74.27108765,1528500
CTSH,10/7/2024,76.76999664,76.81999969,75.76000214,76,73.1734848,1585000
CTSH,10/8/2024,76.19000244,76.48999786,75.38999939,76.12999725,73.29865265,2756900
CTSH,10/9/2024,76.08000183,76.97000122,76.08000183,76.80000305,73.94373322,1420100
CTSH,10/10/2024,76.26000214,76.31999969,74.26999664,74.5,71.72927856,3545300
CTSH,10/11/2024,74.58000183,76.08000183,74.54000092,75.94000244,73.11573029,2800300
CTSH,10/14/2024,76.13999939,76.83000183,75.98999786,76.76999664,73.9148407,2025000
CTSH,10/15/2024,76.94000244,77.72000122,76.65000153,77.37999725,74.50215149,3863700
CTSH,10/16/2024,77.48000336,77.80999756,77.26999664,77.59999847,74.71398163,2351900
CTSH,10/17/2024,77.61000061,78,76.87999725,77.73999786,74.8487854,2012500
CTSH,10/18/2024,77.73999786,78.05000305,77.33999634,78,75.09911346,3058500
CTSH,10/21/2024,77.76000214,77.97000122,76.76000214,76.87000275,74.01113129,1884200
CTSH,10/22/2024,76.62999725,76.76000214,75.66000366,75.81999969,73.00019073,1866600
CTSH,10/23/2024,75.63999939,76.25,75.41000366,76.06999969,73.24088287,2083700
CTSH,10/24/2024,76.23000336,76.41999817,74.69000244,74.86000061,72.07588959,6106700
CTSH,10/25/2024,75.19000244,75.52999878,74.62999725,74.81999969,72.03738403,4909100
CTSH,10/28/2024,75.41000366,75.84999847,74.83000183,74.98000336,72.19142151,3441500
CTSH,10/29/2024,74.86000061,75.93000031,74.55999756,75.51999664,72.7113266,4020900
CTSH,10/30/2024,74.77999878,75.40000153,74.26999664,74.34999847,71.5848465,3266600
CTSH,10/31/2024,77.83000183,78,74.56999969,74.58999634,71.81593323,6074400
CTSH,11/1/2024,74.38999939,74.91000366,73.11000061,74.61000061,71.83518982,4101200
CTSH,11/4/2024,74.45999908,75.30000305,74.27999878,74.90000153,72.11440277,4665100
CTSH,11/5/2024,75.08000183,76.06999969,74.91999817,75.38999939,72.58617401,2671100
CTSH,11/6/2024,78.01999664,79.43000031,77.48000336,79.40000153,76.44704437,4232900
CTSH,11/7/2024,79.5,81.52999878,79.40000153,81.36000061,78.33415222,5172800
CTSH,11/8/2024,81.36000061,81.75,80.15000153,80.30999756,77.32318878,3994400
CTSH,11/11/2024,80.56999969,82.19000244,80.55000305,81.5,78.46894073,1947000
CTSH,11/12/2024,81.47000122,81.93000031,81.26000214,81.73999786,78.70001221,1910500
CTSH,11/13/2024,81.66999817,82.41000366,81.26999664,82.31999969,79.25843811,4839100
CTSH,11/14/2024,81.94000244,82.26999664,80.66000366,80.76999664,77.76609039,3264900
CTSH,11/15/2024,80.5,80.51999664,77.08000183,77.11000061,74.24220276,5411800
CTSH,11/18/2024,77.22000122,77.84999847,76.83000183,76.87000275,74.01113129,4412600
CTSH,11/19/2024,75.90000153,76.62999725,75.16000366,76.31999969,73.76947784,5078800
CTSH,11/20/2024,76.16999817,77.59999847,76.12999725,77.56999969,74.97771454,4883300
CTSH,11/21/2024,77.80000305,79.05000305,77.38999939,78.86000061,76.22460938,5436200
CTSH,11/22/2024,78.93000031,80.02999878,78.76000214,79.54000092,76.88187408,2720800
CTSH,11/25/2024,80.30000305,80.81999969,80.01999664,80.62999725,77.93545532,3074200
CTSH,11/26/2024,80.73999786,81.16000366,79.70999908,81.05999756,78.35108185,2828900
CTSH,11/27/2024,80.86000061,80.98000336,80.01000214,80.75,78.05144501,1456400
CTSH,11/29/2024,80.62000275,80.98000336,80.20999908,80.48999786,77.80012512,1399500
CTSH,12/2/2024,80.19000244,81.01999664,79.97000122,80.81999969,78.11909485,2984000
CTSH,12/3/2024,80.19000244,80.58000183,79.59999847,79.98000336,77.30716705,2372500
CTSH,12/4/2024,80.40000153,80.81999969,80.19999695,80.58000183,77.88712311,1914800
CTSH,12/5/2024,80.26000214,80.91999817,80.12999725,80.73000336,78.03210449,1823000
CTSH,12/6/2024,81.23000336,81.40000153,80.86000061,81.15000153,78.43807983,2657000
CTSH,12/9/2024,81,81.48999786,80.5,80.63999939,77.94512177,2639400
CTSH,12/10/2024,80.15000153,80.83999634,79.37999725,80.05999756,77.38450623,2456700
CTSH,12/11/2024,80.58999634,81.81999969,80.31999969,81.25,78.53473663,2150600
CTSH,12/12/2024,81.06999969,81.59999847,80.33000183,80.37000275,77.6841507,1869300
CTSH,12/13/2024,80.05000305,80.65000153,79.48999786,80.05999756,77.38450623,2698700
CTSH,12/16/2024,80.33999634,80.97000122,79.84999847,80.69999695,78.00311279,2587100
CTSH,12/17/2024,81.31999969,82.45999908,80.87000275,81.02999878,78.32208252,3368500
CTSH,12/18/2024,80.68000031,81.70999908,78.23999786,78.26000214,75.64466095,2771700
CTSH,12/19/2024,78.63999939,80.08000183,78.63999939,79.48999786,76.8335495,3391200
CTSH,12/20/2024,78.77999878,80.26999664,78.33000183,79.23000336,76.58223724,5945900
CTSH,12/23/2024,78.76000214,79.43000031,78.61000061,79,76.35991669,2526500
CTSH,12/24/2024,78.87999725,79.51999664,78.65000153,79.48999786,76.8335495,917200
CTSH,12/26/2024,79.18000031,80.06999969,79.02999878,79.88999939,77.2201767,1639800
CTSH,12/27/2024,79.22000122,80.12000275,78.58000183,79.19999695,76.55323792,1962400
CTSH,12/30/2024,78.44999695,78.59999847,75.62999725,76.75,74.18512726,3208900
CTSH,12/31/2024,77,77.34999847,76.33999634,76.90000153,74.33010101,2039900
CTSH,1/2/2025,77.48000336,77.86000061,76.18000031,76.41000366,73.85649109,2196000
CTSH,1/3/2025,76.86000061,77.19999695,75.72000122,76.37999725,73.8274765,2570700
CTSH,1/6/2025,76.23999786,77.22000122,75.65000153,75.91000366,73.37319946,3248700
CTSH,1/7/2025,75.79000092,76.79000092,75.29000092,75.62000275,73.09288025,1860300
CTSH,1/8/2025,75.62000275,76.06999969,74.77999878,76.01999664,73.47950745,2407500
CTSH,1/10/2025,75.19999695,76.62000275,75.19999695,75.31999969,72.80290222,2985700
CTSH,1/13/2025,74.98000336,76.80000305,74.58000183,76.68000031,74.11745453,3192100
CTSH,1/14/2025,76.54000092,77.65000153,76.43000031,77.16999817,74.59107971,2940900
CTSH,1/15/2025,78.01000214,78.13999939,76.93000031,77.77999878,75.18069458,2119400
CTSH,1/16/2025,77.40000153,77.63999939,76.26000214,77.43000031,74.84239197,2995100
CTSH,1/17/2025,78.69000244,78.69999695,77.23999786,77.80999756,75.20969391,3580400
CTSH,1/21/2025,78.02999878,78.87000275,77.55000305,78.44999695,75.82829285,3384900
CTSH,1/22/2025,78.30000305,79.11000061,77.83999634,79.05000305,76.40826416,2562400
CTSH,1/23/2025,79.01999664,79.94000244,78.41999817,79.68000031,77.01720428,2182500
CTSH,1/24/2025,79.5,80.37999725,79.41000366,80.05000305,77.37483978,1257400
CTSH,1/27/2025,79.5,81.33000183,79.36000061,81.12000275,78.40908813,3127800
CTSH,1/28/2025,80.75,81.37000275,80.04000092,80.95999908,78.25442505,2555700
CTSH,1/29/2025,81.05000305,81.69000244,80.76999664,81.19000244,78.47673798,1662800
CTSH,1/30/2025,82,83.47000122,81.79000092,82.76000214,79.99428558,4444100
CTSH,1/31/2025,82.83999634,83.40000153,82.48999786,82.61000061,79.84928131,2647700
CTSH,2/3/2025,81.95999908,83.31999969,81.44000244,82.90000153,80.12960052,3389300
CTSH,2/4/2025,82.38999939,83.97000122,82.38999939,83.54000092,80.74819183,3640600
CTSH,2/5/2025,81.83999634,83.87000275,81.83999634,83.59999847,80.80619812,4783300
CTSH,2/6/2025,84.19000244,87.61000061,83.34999847,87.08999634,84.17956543,6345100
CTSH,2/7/2025,87.27999878,87.34999847,85.80000305,86.19999695,83.31930542,3909300
CTSH,2/10/2025,87.01999664,87.44999695,86.30999756,86.95999908,84.05391693,4727600
CTSH,2/11/2025,86.79000092,88.05999756,86.55999756,87.87000275,84.9335022,3192600
CTSH,2/12/2025,86.93000031,88.40000153,86.87999725,88.08000183,85.13648224,2869800
CTSH,2/13/2025,88.30000305,89.62999725,87.76999664,89.58000183,86.58636475,2542900
CTSH,2/14/2025,89.83999634,90.81999969,89.33999634,90.69999695,87.66891479,4370000
CTSH,2/18/2025,89.84999847,90,88.04000092,88.76999664,86.0976944,7779100
CTSH,2/19/2025,88.25,88.51999664,87.54000092,88.43000031,85.76792908,2759400
CTSH,2/20/2025,88.12999725,88.12999725,86.94000244,87.54000092,84.90471649,2911200
CTSH,2/21/2025,87.54000092,87.54000092,84.73999786,84.87000275,82.31509399,6337000
CTSH,2/24/2025,85.44999695,85.44999695,84.41000366,84.55000305,82.00473785,8623500
CTSH,2/25/2025,84.33999634,85.09999847,83.87999725,84.83999634,82.28598785,3506700
CTSH,2/26/2025,84.59999847,85.16999817,83.93000031,84.15000153,81.61676788,2622100
CTSH,2/27/2025,84.19999695,84.90000153,83.91999817,83.98999786,81.46159363,4637200
CTSH,2/28/2025,84.23999786,84.44999695,82.33999634,83.33000183,80.82145691,5554300
CTSH,3/3/2025,83.83999634,84.33999634,82.94999695,83.51000214,80.99604034,3099200
CTSH,3/4/2025,83.48000336,84.5,82.62999725,83.73999786,81.21911621,5145500
CTSH,3/5/2025,83.5,84.61000061,83.15000153,84.29000092,81.75256348,3245200
CTSH,3/6/2025,84.04000092,84.13999939,82.70999908,83.55999756,81.04453278,3732900
CTSH,3/7/2025,82.66000366,83.58000183,81.59999847,83.23000336,80.72446442,5748000
CTSH,3/10/2025,83.41000366,87.02999878,83.02999878,84,81.47129059,9940000
CTSH,3/11/2025,83.52999878,83.77999878,81.90000153,82.47000122,79.98734283,4363600
CTSH,3/12/2025,82.05999756,82.19000244,79.13999939,79.5,77.10676575,4801000
CTSH,3/13/2025,79.37999725,79.65000153,77.79000092,78.33999634,75.98166656,3601100
CTSH,3/14/2025,78.94999695,79.26000214,78.09999847,79.12000275,76.73819733,3754000
CTSH,3/17/2025,78.98999786,80.52999878,78.76999664,80.01999664,77.61109161,2862400
CTSH,3/18/2025,80,80,78.79000092,79.58000183,77.18434906,2584000
CTSH,3/19/2025,79.83999634,80.26000214,79.12999725,79.66000366,77.26194,3562000
CTSH,3/20/2025,78.05000305,78.25,76.27999878,77.20999908,74.88569641,5402100
CTSH,3/21/2025,76.41000366,76.94999695,75.5,76.41999817,74.11947632,9505300
CTSH,3/24/2025,77.29000092,78.02999878,76.87000275,77.94000244,75.59371948,4603700
CTSH,3/25/2025,78.55000305,80.51999664,78.47000122,78.81999969,76.44722748,5214900
CTSH,3/26/2025,78.55000305,79.38999939,77.66999817,77.84999847,75.50642395,3833100
CTSH,3/27/2025,77.80999756,78.18000031,77.23999786,77.58000183,75.24456024,3251600
CTSH,3/28/2025,77.66999817,77.98999786,75.55000305,75.90000153,73.61511993,3781800
CTSH,3/31/2025,75.25,76.72000122,75.23999786,76.5,74.19706726,3590400
CTSH,4/1/2025,76.37000275,76.87999725,75.75,76.44999695,74.1485672,3152300
CTSH,4/2/2025,75.69000244,77.01000214,75.69000244,76.73000336,74.42014313,2550100
CTSH,4/3/2025,75,75.65000153,73.08999634,73.26999664,71.06430054,3836100
CTSH,4/4/2025,72.02999878,72.75,68.55999756,68.73999786,66.67066956,6161700
CTSH,4/7/2025,67,69.56999969,65.51999664,67.37999725,65.35161591,8399200
CTSH,4/8/2025,68.5,69.25,65.66000366,66.47000122,64.46900177,4740500
CTSH,4/9/2025,65.98000336,73.20999908,65.63999939,72.88999939,70.69574738,7073500
CTSH,4/10/2025,71.31999969,71.77999878,67.83000183,69.5,67.40779114,4617300
CTSH,4/11/2025,69.51999664,70.34999847,67.86000061,70.16999817,68.05761719,3195200
CTSH,4/14/2025,71.15000153,71.91999817,70.06999969,70.80999756,68.67835236,2623200
CTSH,4/15/2025,70.98999786,71.56999969,70.76000214,71.26000214,69.11480713,5622900
CTSH,4/16/2025,70.33999634,71.73000336,69.58000183,70.01000214,67.90245056,3164100
CTSH,4/17/2025,70.25,70.25,69.16999817,69.44000244,67.34959412,3091400
CTSH,4/21/2025,69.31999969,69.31999969,67.18000031,68.05999756,66.01113892,2214600
CTSH,4/22/2025,68.94999695,69.81999969,68.69000244,69.73000336,67.63088226,2881000
CTSH,4/23/2025,71.33000183,72.86000061,70.72000122,71.02999878,68.89173126,4969900
CTSH,4/24/2025,70.72000122,72.33000183,70.69000244,72.12000275,69.94892883,4130300
CTSH,4/25/2025,71.83000183,72.47000122,71.5,72.16999817,69.99741364,2906600
CTSH,4/28/2025,72.05999756,73.33999634,71.72000122,72.58000183,70.39507294,3363900
CTSH,4/29/2025,72.11000061,73.83000183,71.86000061,73.29000092,71.08370209,3471100
CTSH,4/30/2025,72.55999756,73.75,71.80000305,73.56999969,71.35527039,4769100
CTSH,5/1/2025,76.70999908,77.47000122,75.15000153,75.23000336,72.96530914,7356500
CTSH,5/2/2025,76.29000092,77.83999634,76.08999634,77.69999695,75.3609314,5330500
CTSH,5/5/2025,77.37000275,78.75,77.34999847,77.91000366,75.56461334,3028500
CTSH,5/6/2025,77.12000275,78.23999786,76.75,77.63999939,75.30274963,2491900
CTSH,5/7/2025,77.75,78.37000275,77.23000336,77.93000031,75.58401489,3683000
CTSH,5/8/2025,78.55000305,80.02999878,78.31999969,79.20999908,76.8254776,2870500
CTSH,5/9/2025,79.29000092,79.75,78.98000336,79.16999817,76.78668976,3665800
CTSH,5/12/2025,81.44000244,81.88999939,80.59999847,81.80999756,79.34721375,3264000
CTSH,5/13/2025,81.81999969,82.04000092,81.08000183,81.26999664,78.82347107,2731900
CTSH,5/14/2025,80.87000275,81.05999756,80.15000153,80.36000061,77.94085693,2504400
CTSH,5/15/2025,80.31999969,81.77999878,80.01000214,81.36000061,78.9107666,2911800
CTSH,5/16/2025,80.47000122,81.5,79.51999664,81.44000244,78.98834991,5603600
CTSH,5/19/2025,80.87999725,81.91999817,80.23000336,81.56999969,79.41674042,2585200
CTSH,5/20/2025,81.37000275,81.62999725,80.68000031,80.98999786,78.85204315,2790000
CTSH,5/21/2025,80.41000366,81.23999786,79.90000153,79.98999786,77.87844849,3562100
CTSH,5/22/2025,79.87999725,80.66999817,79.25,79.90000153,77.79081726,2917500
CTSH,5/23/2025,78.91999817,79.47000122,78.48000336,79.12000275,77.03141785,2243100
CTSH,5/27/2025,80.05000305,80.81999969,79.48000336,80.63999939,78.5112915,2752700
CTSH,5/28/2025,80.63999939,80.98000336,80.19000244,80.45999908,78.33603668,2445200
CTSH,5/29/2025,80.81999969,81,79.91000366,80.65000153,78.52102661,2837200
CTSH,5/30/2025,80.33000183,81.23000336,79.90000153,80.98999786,78.85204315,9241300
CTSH,6/2/2025,80.23999786,80.33000183,79.47000122,80.26999664,78.15105438,3201900
CTSH,6/3/2025,80.26999664,80.66000366,79.94000244,80.31999969,78.19973755,3873900
CTSH,6/4/2025,80.30000305,80.68000031,79.73999786,79.73999786,77.63504791,2106900
CTSH,6/5/2025,80.06999969,80.27999878,79.09999847,79.31999969,77.22613525,3195200
CTSH,6/6/2025,80.02999878,80.47000122,79.76999664,80.27999878,78.16078949,2510400
CTSH,6/9/2025,80.27999878,81.02999878,80.11000061,80.47000122,78.34577942,2385800
CTSH,6/10/2025,80.61000061,81.51000214,80.61000061,81.05000305,78.91046143,1851500
CTSH,6/11/2025,81.26999664,81.48999786,80.37000275,80.65000153,78.52102661,2763700
CTSH,6/12/2025,80.23000336,80.75,79.94999695,80.45999908,78.33603668,1930200
CTSH,6/13/2025,79.76000214,80.01000214,78.76000214,78.94999695,76.86589813,2469100
CTSH,6/16/2025,79.34999847,80.25,79.34999847,80.15000153,78.03422546,5398500
CTSH,6/17/2025,79.87999725,80.59999847,79.55000305,79.70999908,77.60583496,2798600
CTSH,6/18/2025,79.84999847,79.91000366,78.84999847,79.13999939,77.05088043,2915800
CTSH,6/20/2025,79.19000244,79.19000244,75.25,75.47000122,73.47776794,11686500
CTSH,6/23/2025,75.80000305,76.77999878,75.41000366,76.72000122,74.69477081,4741200
CTSH,6/24/2025,77.34999847,77.72000122,76.79000092,77.58999634,75.54180145,4588500
CTSH,6/25/2025,77.81999969,78.08999634,76.80000305,76.98000336,74.94790649,2314200
CTSH,6/26/2025,77.38999939,77.94999695,77.12999725,77.58999634,75.54180145,2957000
CTSH,6/27/2025,77.58999634,78.19999695,76.88999939,77.73999786,75.68784332,3968900
CTSH,6/30/2025,77.79000092,78.31999969,77.55999756,78.02999878,75.97018433,2704700
CTSH,7/1/2025,78.02999878,80.79000092,77.87999725,80.44000244,78.3165741,4900500
CTSH,7/2/2025,80.30000305,80.52999878,79.30999756,80.25,78.13158417,3594600
CTSH,7/3/2025,80.45999908,81.31999969,80.01999664,80.98000336,78.8423233,1777100
CTSH,7/7/2025,80.93000031,81.61000061,80.19999695,80.45999908,78.33603668,2091300
CTSH,7/8/2025,80.65000153,81.47000122,80.34999847,80.70999908,78.57943726,1965800
CTSH,7/9/2025,80.90000153,81.04000092,79.40000153,79.94999695,77.83950043,1935900
CTSH,7/10/2025,79.26000214,79.44000244,76.41000366,76.73000336,74.70450592,4752200
CTSH,7/11/2025,76.19000244,76.51000214,75.29000092,75.36000061,73.3706665,2673300
CTSH,7/14/2025,75.30999756,75.88999939,74.88999939,75.38999939,73.39987183,2598100
CTSH,7/15/2025,75.41999817,75.77999878,74.29000092,74.30999756,72.34838867,2481700
CTSH,7/16/2025,74.45999908,75.05000305,73.95999908,74.83000183,72.85466003,2939300
CTSH,7/17/2025,75.48999786,75.58999634,74.76000214,75.55999756,73.56538391,3831000
CTSH,7/18/2025,77,77,75.19000244,75.68000031,73.68222809,4901700
CTSH,7/21/2025,76.05999756,76.11000061,75.33000183,75.41999817,73.42908478,1973500
CTSH,7/22/2025,75.66000366,76.90000153,75.38999939,76.80000305,74.77265167,2738800
CTSH,7/23/2025,77,77.58000183,76.87000275,77.19000244,75.15236664,2508700
CTSH,7/24/2025,76.91999817,76.91999817,75.66000366,76.73000336,74.70450592,4499200
CTSH,7/25/2025,76.91999817,76.91999817,76.05999756,76.66999817,74.64607239,2550000
CTSH,7/28/2025,76.66999817,76.80000305,75.26999664,75.41999817,73.42908478,3184300
CTSH,7/29/2025,75.79000092,75.97000122,74.83999634,74.91000366,72.93254089,5895800
CTSH,7/30/2025,75,75.73999786,73.11000061,73.52999878,71.588974,5283500
CTSH,7/31/2025,73.36000061,75,71.48999786,71.76000214,69.8657074,10133400
CTSH,8/1/2025,71.45999908,72.26999664,70.01000214,70.58999634,68.72658539,5356600
CTSH,8/4/2025,71.12000275,71.76999664,70.87999725,71.26000214,69.37889862,5344700
CTSH,8/5/2025,71.26000214,71.37999725,69.76000214,69.90000153,68.05480194,5369000
CTSH,8/6/2025,70.29000092,71.09999847,69.83000183,70.88999939,69.0186615,4801000
CTSH,8/7/2025,71.30999756,71.87000275,68.76000214,69.12000275,67.2953949,5065600
CTSH,8/8/2025,69.18000031,69.90000153,68.88999939,69.58000183,67.74324799,2770900
CTSH,8/11/2025,69.59999847,70.48000336,68.87000275,69.15000153,67.32460022,4547900
CTSH,8/12/2025,69.19999695,69.68000031,67.94999695,68.76999664,66.95462799,6105900
CTSH,8/13/2025,69.06999969,70.48000336,68.83999634,70.41999817,68.5610733,6890000
CTSH,8/14/2025,70.06999969,70.22000122,69.23000336,69.37000275,67.53879547,2885700
CTSH,8/15/2025,69.59999847,70.18000031,69.34999847,70,68.15216064,3538800
CTSH,8/18/2025,69.55999756,70.48999786,69.44999695,70.09999847,68.55311584,2339300
CTSH,8/19/2025,70.37999725,71.26999664,70.08999634,70.86000061,69.29633331,3039000
CTSH,8/20/2025,70.91999817,71.69999695,70.44999695,70.48999786,68.93450928,3492900
CTSH,8/21/2025,70.18000031,71.15000153,69.83999634,71.08000183,69.51148987,2197400
CTSH,8/22/2025,71.56999969,73.08999634,71.37999725,72.37000275,70.77302551,3582600
CTSH,8/25/2025,72.41000366,72.48000336,71.37000275,72.16000366,70.56764984,3957300
CTSH,8/26/2025,72,72.66000366,71.56999969,71.68000031,70.09824371,4219800
CTSH,8/27/2025,71.73000336,72.41000366,71.45999908,72.30999756,70.71434021,3254300
CTSH,8/28/2025,72.48000336,72.48000336,71.58000183,71.72000122,70.13735962,3330300
CTSH,8/29/2025,71.55999756,72.36000061,71.5,72.25,70.65567017,2592400
CTSH,9/2/2025,71.41999817,72.37999725,71.30000305,71.77999878,70.19603729,3268400
CTSH,9/3/2025,71.43000031,71.84999847,70.90000153,71.81999969,70.2351532,3186600
CTSH,9/4/2025,71.81999969,71.83999634,70.37000275,71.44999695,69.87332153,3575200
CTSH,9/5/2025,71.58999634,72.91000366,70.66000366,71.81999969,70.2351532,3981900
CTSH,9/8/2025,71.70999908,71.76999664,69.72000122,71.19000244,69.61906433,5198800
CTSH,9/9/2025,71.29000092,71.66000366,70.26999664,70.77999878,69.2181015,3572400
CTSH,9/10/2025,70.58000183,70.77999878,68.88999939,69.16000366,67.63386536,4308600
CTSH,9/11/2025,69.44000244,70.62000275,69.01999664,70.55000305,68.99317932,4319600
CTSH,9/12/2025,70.36000061,70.54000092,69.09999847,69.16999817,67.64363098,4099200
CTSH,9/15/2025,69.16999817,69.33999634,67.91000366,68.58999634,67.07642365,4068600
CTSH,9/16/2025,68.83000183,69.38999939,68.45999908,69.16999817,67.64363098,3731600
CTSH,9/17/2025,69.48000336,70.98999786,69.30999756,70.02999878,68.48464966,4076100
CTSH,9/18/2025,70.20999908,70.41000366,69.81999969,70.26000214,68.70957947,3750400
CTSH,9/19/2025,70.58000183,70.58000183,65.16999817,66.94000244,65.46283722,14575000
CTSH,9/22/2025,67.01000214,68.73000336,66.73999786,68.16000366,66.65592194,6726000
CTSH,9/23/2025,68,68.43000031,67.54000092,67.66999817,66.17673492,3985900
CTSH,9/24/2025,67.66999817,68.87000275,67.58999634,68.36000061,66.85150146,4706300
CTSH,9/25/2025,68.12999725,68.27999878,66.23000336,66.66999817,65.19880676,4202500
CTSH,9/26/2025,66.72000122,67.55000305,66.19000244,66.98000336,65.50196838,3177700
CTSH,9/29/2025,67.25,67.38999939,66.55999756,67.08000183,65.59975433,3913800
CTSH,9/30/2025,66.91000366,67.61000061,66.61000061,67.06999969,65.58997345,4064400
CTSH,10/1/2025,66.80000305,67.58999634,65.75,66.52999878,65.06188965,4860600
CTSH,10/2/2025,66.48000336,67.11000061,66.23999786,67,65.52152252,2971200
CTSH,10/3/2025,67,67.80999756,66.79000092,67.66000366,66.16695404,2535100
CTSH,10/6/2025,67.76000214,68.22000122,67.13999939,67.80000305,66.30386353,3756100
CTSH,10/7/2025,67.84999847,68.41000366,67.61000061,67.94000244,66.44078064,4351800
CTSH,10/8/2025,68.31999969,68.58000183,67.58999634,68.40000153,66.890625,3072700
CTSH,10/9/2025,68.75,68.80999756,68.02999878,68.61000061,67.09598541,3366600
CTSH,10/10/2025,68.76999664,69,65.76000214,65.80000305,64.34799957,3851500
CTSH,10/13/2025,66.30000305,66.75,65.61000061,66.33999634,64.87608337,4062900
CTSH,10/14/2025,65.80000305,67.69000244,65.59999847,67.26999664,65.78555298,4092300
CTSH,10/15/2025,67.83000183,67.83000183,66.5,66.75,65.27703857,2678600
CTSH,10/16/2025,66.94999695,66.94999695,65.15000153,65.47000122,64.02529144,4004400
CTSH,10/17/2025,65.58000183,66.26999664,65.33000183,66.08000183,64.62182617,3416200
CTSH,10/20/2025,66.30000305,67.11000061,66.12000275,66.69999695,65.22813416,2350100
CTSH,10/21/2025,66.83000183,68.98999786,66.80999756,68.76999664,67.25245667,3402600
CTSH,10/22/2025,68.73999786,69.43000031,68.33000183,68.36000061,66.85150146,3555900
CTSH,10/23/2025,68.33000183,68.37999725,67.11000061,68.02999878,66.52878571,4770800
CTSH,10/24/2025,68.51999664,68.83999634,67.80999756,67.86000061,66.36254883,4242000
CTSH,10/27/2025,67.86000061,68.19000244,67.41999817,68.05000305,66.5483551,4201700
CTSH,10/28/2025,67.83000183,68.40000153,67.41999817,67.81999969,66.32342529,6160300
CTSH,10/29/2025,75.18000031,75.66999817,71.12000275,71.69000244,70.1080246,10753600
CTSH,10/30/2025,71.69000244,73.13999939,70.80999756,72.19000244,70.59699249,7782900
CTSH,10/31/2025,71.94999695,73.41000366,71.16999817,72.87999725,71.27175903,5507200
CTSH,11/3/2025,72.87999725,73.5,71.26000214,72.73000336,71.12508392,5537700
CTSH,11/4/2025,72.70999908,73.88999939,72.48999786,72.80999756,71.20330811,6668700
CTSH,11/5/2025,72.73999786,74.91000366,72.73999786,74.66000366,73.01248932,6359600
CTSH,11/6/2025,74.76999664,75,71.80000305,72.83000183,71.2228775,4863500
CTSH,11/7/2025,72.75,73.63999939,72.62000275,73.19999695,71.58470917,5345000
CTSH,11/10/2025,73.58999634,74.11000061,72,72.87999725,71.27175903,4043300
CTSH,11/11/2025,72.86000061,73.58000183,72.33000183,73.12999725,71.51623535,4126200
CTSH,11/12/2025,73.58000183,74.44999695,73.26999664,74.19999695,72.56263733,4140300
CTSH,11/13/2025,73.68000031,74.76000214,73.47000122,73.55999756,71.93675995,4342100
CTSH,11/14/2025,73.34999847,73.66999817,72.52999878,72.62000275,71.01750946,3058100
CTSH,11/17/2025,72.48999786,73.05999756,71.09999847,71.16999817,69.59950256,3832100
CTSH,11/18/2025,70.94000244,71.98000336,70.44999695,71.75,70.47367859,4240700
CTSH,11/19/2025,71.97000122,72.83000183,71.72000122,72.29000092,71.00406647,3802600
CTSH,11/20/2025,73.04000092,73.33999634,71.69000244,72.34999847,71.06299591,4753900
CTSH,11/21/2025,72.76000214,76.66999817,72.66000366,75.98000336,74.6284256,7973000
CTSH,11/24/2025,75.94999695,76.05000305,74.75,74.91999817,73.58727264,6348700
CTSH,11/25/2025,75.23000336,76.66999817,75.20999908,76.44999695,75.09005737,5440000
CTSH,11/26/2025,76.66999817,77.30999756,76.48000336,77.05000305,75.67938995,4471200
CTSH,11/28/2025,77.09999847,78,76.95999908,77.70999908,76.32765198,1689000
CTSH,12/1/2025,77.44999695,78.44999695,77.29000092,77.43000031,76.05263519,3265500
CTSH,12/2/2025,77.59999847,78.23999786,76.58999634,77.69000244,76.30800629,4292600
CTSH,12/3/2025,77.73000336,79.52999878,77.5,79.23999786,77.83043671,3784500
CTSH,12/4/2025,79.61000061,80.66999817,79.13999939,80.19999695,78.77335358,4481200
CTSH,12/5/2025,79.97000122,81.15000153,79.48000336,80.72000122,79.28410339,3187300
CTSH,12/8/2025,80.77999878,81.19000244,80.40000153,80.70999908,79.27429199,3512200
CTSH,12/9/2025,80.70999908,81.83999634,80.47000122,80.94999695,79.5100174,3439800
CTSH,12/10/2025,79.43000031,83.55999756,79.43000031,83.22000122,81.73963165,5348200
CTSH,12/11/2025,83.04000092,84.23999786,82.41999817,83.81999969,82.3289566,4048100
CTSH,12/12/2025,83.95999908,84.02999878,83.08999634,83.94000244,82.44683075,4405400
CTSH,12/15/2025,84.47000122,84.70999908,81.83999634,84.05000305,82.55487823,6501800
CTSH,12/16/2025,84.13999939,84.48000336,82.93000031,83.62999725,82.14233398,6023200
CTSH,12/17/2025,83.65000153,84.87000275,83.30999756,83.62999725,82.14233398,8448800
CTSH,12/18/2025,83.63999939,84.52999878,82.55999756,83.76000214,82.27003479,5767900
CTSH,12/19/2025,83.58999634,86.94000244,83.54000092,85.41000366,83.89067841,17460700
CTSH,12/22/2025,85.22000122,85.44000244,84.69000244,85.20999908,83.69423676,3139700
CTSH,12/23/2025,85.05000305,85.37000275,84.59999847,85.18000031,83.6647644,2586200
CTSH,12/24/2025,85,85.5,84.88999939,85.41999817,83.90049744,1687900
CTSH,12/26/2025,85.16999817,85.66000366,85,85.56999969,84.04782867,1612900
CTSH,12/29/2025,85.33000183,85.76999664,84.91000366,85,83.48796844,3657500
CTSH,12/30/2025,84.54000092,84.84999847,84.08999634,84.13999939,82.6432724,2723200
CTSH,12/31/2025,84.13999939,84.44000244,82.93000031,83,81.52355194,2501900
CTSH,1/2/2026,82.98999786,83.29000092,80.51999664,81.27999878,79.83413696,3219600
CTSH,1/5/2026,81.20999908,82.73000336,81,81.62999725,80.17791748,3569900
CTSH,1/6/2026,81.20999908,84.83999634,81.20999908,84.62000275,83.11473083,4915100
CTSH,1/7/2026,84.5,85.08999634,83.87000275,84.11000061,82.61380005,2989900
CTSH,1/8/2026,83.55000305,85.94000244,83.51000214,85.76999664,84.24427032,3401400
CTSH,1/9/2026,85.76000214,86.16999817,84.91999817,85.26000214,83.74334717,3235900
CTSH,1/12/2026,84.41999817,85.63999939,84.25,85.23000336,83.71388245,3759900
CTSH,1/13/2026,85.23999786,85.77999878,83.80000305,84.47000122,82.96740723,4526300
CTSH,1/14/2026,84.69999695,87.02999878,84.40000153,86.69999695,85.1577301,5301700
CTSH,1/15/2026,86.44000244,86.55999756,83.97000122,84.81999969,83.31117249,6120600
CTSH,1/16/2026,85.09999847,85.44999695,84.06999969,84.73999786,83.23259735,10220600
CTSH,1/20/2026,83.87999725,84.18000031,82.02999878,82.20999908,80.74759674,6287000
CTSH,1/21/2026,82.88999939,84.77999878,82.83999634,84.02999878,82.53522491,4396800
CTSH,1/22/2026,84.47000122,85.73999786,84.15000153,84.61000061,83.1049118,4076100
CTSH,1/23/2026,84.62000275,85.33000183,84.12999725,84.18000031,82.68256378,3779000
CTSH,1/26/2026,85.41000366,85.93000031,84.76000214,85.61000061,84.08712769,3011100
CTSH,1/27/2026,85.40000153,85.65000153,83.33000183,84.65000153,83.14420319,5049400
CTSH,1/28/2026,84.65000153,85.11000061,83.16000366,83.30000305,81.81821442,4030800
CTSH,1/29/2026,83.41999817,84,81.63999939,82.44999695,80.98332977,4801400
CTSH,1/30/2026,81.97000122,82.38999939,81.43000031,82.05999756,80.6002655,4608300
CTSH,2/2/2026,81.95999908,83.73999786,81.94999695,82.91000366,81.43515778,4051200
CTSH,2/3/2026,81.20999908,81.22000122,73.19999695,74.5,73.17475128,11398500
CTSH,2/4/2026,73.11000061,78.05000305,72.05999756,76.70999908,75.3454361,11794600
CTSH,2/5/2026,76.87999725,78.34999847,75.93000031,76.83999634,75.47312164,7528400
CTSH,2/6/2026,77.26999664,78.33999634,76.62999725,77.08000183,75.7088623,4418000
CTSH,2/9/2026,75.69000244,76.12999725,74.05999756,74.59999847,73.27297211,5499600
CTSH,2/10/2026,74.40000153,75.76000214,73.76999664,74.56999969,73.24350739,7022400
CTSH,2/11/2026,74.45999908,74.86000061,70.79000092,70.91000366,69.64861298,10223600
CTSH,2/12/2026,70.41000366,70.58000183,65,65.83000183,64.65898132,17979300
CTSH,2/13/2026,65.88999939,67.76000214,65.48999786,66.55000305,65.36617279,13054800
CTSH,2/17/2026,66.75,67.33999634,64.61000061,65.18000031,64.02053833,11600700
CTSH,2/18/2026,64.94999695,67.13999939,64.31999969,66.80999756,65.95546722,6098300
CTSH,2/19/2026,64.13999939,65.52999878,63.83000183,64.98999786,64.15875244,7258200
CTSH,2/20/2026,65.08999634,66.08999634,64.16000366,65.02999878,64.19823456,9677900
CTSH,2/23/2026,64.25,64.54000092,60.88999939,61.13000107,60.34812164,10482300
CTSH,2/24/2026,61.04000092,62.70000076,60.15999985,61.06000137,60.2790184,7776200
CTSH,2/25/2026,61.45999908,61.61999893,60.04000092,61.33000183,60.54556274,11165100
CTSH,2/26/2026,61.79999924,65.08000183,61.79999924,64.97000122,64.13900757,13186200
CTSH,2/27/2026,64.37999725,64.56999969,62.75,64.43000031,63.60590744,14152300
CTSH,3/2/2026,63.15999985,64.16000366,62.90999985,63.5,62.68780518,4806800
CTSH,3/3/2026,62.40999985,64.91000366,62.40999985,64.33999634,63.51705551,6422000
CTSH,3/4/2026,64.16999817,65.45999908,63.91999817,65.12000275,64.28708649,6307200
CTSH,3/5/2026,64.76999664,66.98000336,64.76999664,65.77999878,64.93864441,7221000
CTSH,3/6/2026,65.11000061,66.38999939,64.55000305,66.26000214,65.4125061,4674000
CTSH,3/9/2026,66.01000214,66.05000305,63.88999939,64.65000153,63.82309723,5306400
CTSH,3/10/2026,64.55000305,64.55000305,61.77000046,62.97999954,62.17445755,5535200
CTSH,3/11/2026,62.99000168,63.91999817,61.22000122,62.43000031,61.63149261,7244700
CTSH,3/12/2026,61.75,63.09999847,61.02999878,61.18000031,60.39748001,5774400
CTSH,3/13/2026,61.61999893,61.75,60.27000046,60.36999893,59.59783936,7870800
CTSH,3/16/2026,60.77999878,61.38999939,60.22000122,61.04999924,60.26914215,5590900
CTSH,3/17/2026,61.36000061,63.02000046,61.06999969,61.31999969,60.53568649,4981500
CTSH,3/18/2026,60.97999954,61.88999939,60.08000183,60.29000092,59.51886368,6076000
CTSH,3/19/2026,59.36000061,62.11999893,59.36000061,61.54999924,60.76274872,8305800
CTSH,3/20/2026,61.31999969,62.15000153,60.91999817,62.06999969,61.27609634,12582900
CTSH,3/23/2026,62.63999939,62.95000076,61.54999924,61.93999863,61.14775848,4444300
CTSH,3/24/2026,61.34000015,61.40000153,59.88000107,60.24000168,59.46950531,3903200
CTSH,3/25/2026,60.65999985,61.56000137,58.86999893,59.79000092,59.02525711,4180800
CTSH,3/26/2026,59.52999878,61.36999893,59.52999878,60.75999832,59.98284912,3101200
CTSH,3/27/2026,60.68000031,60.68000031,58.84000015,59.72999954,58.96602631,3688200
CTSH,3/30/2026,60.13999939,61.36000061,60.02000046,61.06000137,60.2790184,8743000
CTSH,3/31/2026,61.22999954,62.16999817,60.47999954,61.34999847,60.56530762,3967200
CTSH,4/1/2026,61.31999969,61.72000122,59.72999954,61.25,60.46658325,3767200
CTSH,4/2/2026,61.29000092,63.04000092,61.08000183,62.54000092,61.7400856,3298900
CTSH,4/6/2026,62.29000092,62.95000076,61.38000107,62.34999847,61.55251312,3962400
CTSH,4/7/2026,62.00999832,62.27999878,61.00999832,61.49000168,60.70351791,3556000
CTSH,4/8/2026,61.90000153,62.77999878,60.90000153,61,60.21977997,5312100
CTSH,4/9/2026,60,60.29999924,58.08000183,59.20000076,58.44280624,5866200
CTSH,4/10/2026,59.09000015,59.36999893,57.38999939,57.91999817,57.17917633,5190400
CTSH,4/13/2026,57.93999863,60.59000015,57.50999832,60.52999878,59.75579453,6025600
CTSH,4/14/2026,60.88999939,61.63999939,59.81999969,60.04000092,59.27206039,8440900
CTSH,4/15/2026,60.79999924,61.50999832,60.25999832,60.38999939,59.61758423,4855500
CTSH,4/16/2026,60.72999954,61.22999954,60.34999847,60.52999878,59.75579453,4790900
CTSH,4/17/2026,61.16999817,61.88000107,60.72999954,61.29999924,60.51594543,5037900
CTSH,4/20/2026,61.22000122,61.66999817,59.79000092,60.25999832,59.48924637,8129700
CTSH,4/21/2026,60.36000061,61.86000061,60.08000183,60.45000076,59.67681885,5415700
CTSH,4/22/2026,59.77000046,60.45000076,58.11999893,58.81000137,58.05779648,5694800
CTSH,4/23/2026,56.54000092,56.61999893,54.47999954,55.09999847,54.3952446,9253200
CTSH,4/24/2026,55.00999832,55.36000061,54.25999832,55.11000061,54.40511703,6355600
CTSH,4/27/2026,54.63999939,55.70000076,54.47999954,54.63000107,53.93125916,6058500
CTSH,4/28/2026,55.63000107,56.22999954,55.08000183,55.11999893,54.41498947,8626100
CTSH,4/29/2026,53.59000015,55.11999893,52.43999863,54.70000076,54.00036621,8194600
CTSH,4/30/2026,54.54000092,54.54000092,52.34000015,52.90000153,52.22338486,8342400
CTSH,5/1/2026,54.24000168,54.65000153,52.27999878,52.43000031,51.7593956,8449100
CTSH,5/4/2026,52.56999969,53.24000168,51.43000031,51.86000061,51.19668579,6002000
CTSH,5/5/2026,52.27999878,52.27999878,50.81000137,51.86999893,51.20655823,6304500
CTSH,5/6/2026,51.54999924,52,50.86000061,51.33000183,50.67346573,7902700
CTSH,5/7/2026,51.40999985,52.79000092,51.40999985,51.93999863,51.27566147,7547400
CTSH,5/8/2026,51.75999832,51.91999817,50.18999863,51.68000031,51.01898956,5390100
CTSH,5/11/2026,51.16999817,51.45000076,49.02999878,49.25,48.62007141,8339300
CTSH,5/12/2026,49.66999817,49.72999954,47.5,47.72999954,47.11951447,6166100
CTSH,5/13/2026,47.41999817,47.54999924,45.47999954,45.97000122,45.38202286,8991700
CTSH,5/14/2026,46.40000153,46.84000015,45.72999954,46.04999924,45.46099854,6969400
CTSH,5/15/2026,46.75999832,47.5,46.56000137,47.13000107,46.52718353,8909900
CTSH,5/18/2026,47.95999908,51.5,47.31000137,51.40000153,51.10037231,15305800
CTSH,5/19/2026,51.68000031,53.18999863,50.81000137,50.88000107,50.58340454,10864500
CTSH,5/20/2026,51.06000137,51.52999878,48.93000031,51.29999924,51.00095367,7514500
CTSH,5/21/2026,51.58000183,52.34000015,50.11000061,52.31999969,52.01501083,8986100
CTSH,5/22/2026,52.25,53.31999969,52.06000137,52.75,52.44250107,9235800
CTSH,5/26/2026,52.04999924,52.52000046,51.09999847,51.81000137,51.50798416,9871000
CTSH,5/27/2026,51.88999939,53.61000061,51.81000137,53.15999985,52.85011292,9529700
CTSH,5/28/2026,53.16999817,54.15000153,52.68000031,53.84999847,53.53608704,9244600
CTSH,5/29/2026,54.00999832,56.13999939,53.15000153,55.75999832,55.4349556,14747300
CTSH,6/1/2026,56.20999908,57.65000153,55.00999832,57.15999985,56.82679367,9403700
CTSH,6/2/2026,55.90000153,55.90000153,53.41999817,55.13999939,54.81856918,9205200
CTSH,6/3/2026,54.90000153,55,52.84999847,53.50999832,53.19807053,7081000
CTSH,6/4/2026,55.00999832,55.56000137,53.06000137,53.40000153,53.0887146,7205700
CTSH,6/5/2026,54.27000046,54.61000061,52.33000183,53.20999908,52.89981842,9231700
CTSH,6/8/2026,53.59000015,54.36999893,52.90000153,52.99000168,52.68110657,9520200
CTSH,6/9/2026,52.5,53.70999908,52.20000076,52.93999863,52.63139343,6974500
CTSH,6/10/2026,52.34000015,53.27000046,51.58000183,51.81000137,51.50798416,6839000
CTSH,6/11/2026,50.77000046,51.68000031,49.65999985,51.18000031,50.88165665,7799300
CTSH,6/12/2026,51.47999954,52.31000137,50.43000031,52.16999817,51.86588287,6732600
CTSH,6/15/2026,52.13000107,52.13000107,50.08000183,50.81999969,50.52375412,11623700
CTSH,6/16/2026,50.79999924,51.59999847,50.40999985,51.04999924,50.75241089,9853100
CTSH,6/17/2026,49.95999908,50.97000122,48.49000168,48.81999969,48.53541183,13945100
CTSH,6/18/2026,46.24000168,46.43999863,43.40999985,43.70000076,43.44525909,61312400
CTSH,6/22/2026,43.00999832,44.56999969,40.77000046,41.83000183,41.58616257,21961000
CTSH,6/23/2026,42.36999893,42.70000076,40.90000153,40.95000076,40.71128845,24430400
CTSH,6/24/2026,40.95999908,42.77999878,40.95999908,41.43999863,41.19843292,17415800
CTSH,6/25/2026,41.20000076,41.61000061,38.97000122,39.15000153,38.92178345,15258500
CTSH,6/26/2026,39.20999908,40.63000107,39.11000061,40.02999878,39.79664993,14052200
CTSH,6/29/2026,40.61999893,41.02999878,38.68000031,38.74000168,38.5141716,10242700
CTSH,6/30/2026,38.36999893,39.00999832,37.08000183,38.72999954,38.5042305,10245000
CTSH,7/1/2026,39.70000076,41.70999908,39.29000092,41.06999969,40.83058929,12060300
CTSH,7/2/2026,41.70000076,42.59000015,41.40999985,41.99000168,41.74522781,9507000
CTSH,7/6/2026,41.52000046,42.31000137,40.90000153,41.36999893,41.12883759,9973400
CTSH,7/7/2026,42.5,44.11999893,42.5,43.93999863,43.68385696,10677200
CTSH,7/8/2026,43.20999908,43.79000092,42.38999939,42.43000031,42.18266296,12993800
CTSH,7/9/2026,41.27999878,43.61000061,41.02000046,43.40000153,43.14700699,13842000
CTSH,7/10/2026,44.54999924,44.61999893,42.34000015,42.56999969,42.32184601,6251800
CTSH,7/13/2026,44.06000137,44.66999817,43.59999847,44.15999985,43.90257645,8623400
CTSH,7/14/2026,41.70999908,43.90000153,41.58000183,43.02999878,42.77916336,8502600
CTSH,7/15/2026,43.24000168,43.90000153,42.90000153,43.18000031,42.92829132,6686300
CTSH,7/16/2026,43.95000076,44.77999878,42.70999908,44.56000137,44.30024719,8845300
CTSH,7/17/2026,44.65999985,45.49000168,43.63000107,44.77000046,44.50902176,10117300
CTSH,7/20/2026,44.15000153,44.97999954,43.18999863,44.63999939,44.37977982,7550000
CTSH,7/21/2026,43.88999939,44.65999985,43.54999924,43.63000107,43.37566757,7698400
CTSH,7/22/2026,44.27000046,44.63999939,42.84999847,43.18000031,42.92829132,5270500
CTSH,7/23/2026,42.70000076,43.11000061,42.11999893,43.00999832,42.75927734,8129000
CTSH,7/24/2026,43.40999985,45.49000168,43.40999985,45.45000076,45.18505859,6666800
CTSH,7/27/2026,46.49000168,48,46.18000031,47.04999924,46.77573013,7416100
CTSH,7/28/2026,48.36999893,51.04999924,48.27999878,50.31000137,50.01672745,13905900
CTSH,7/29/2026,52.31000137,57.06000137,51.22999954,55.97000122,55.64373398,18262400
CTSH,7/30/2026,53.84999847,54.77999878,51.86000061,53.90000153,53.58580017,12606100
CTSH,7/31/2026,53.00999832,55.52999878,52.20999908,55.34999847,55.02734375,8125000
CTSH,8/3/2026,56.25,57.50999832,55.13000107,55.16999817,54.84839249,7987500
CTSH,8/4/2026,53.75,56.5,53.52000046,56.13000107,55.80279922,18716800
CTSH,8/5/2026,56.86000061,57.25999832,55.33000183,55.77999878,55.4548378,6620800
CTSH,8/6/2026,53.90000153,57,52.79999924,56.88999939,56.55836868,8774300
CTSH,8/7/2026,56.86999893,58.22999954,56.27000046,57.66999817,57.33382034,12627300
CTSH,8/10/2026,56.56999969,58.61000061,56.36999893,58.31000137,57.97009277,9629900
CTSH,8/11/2026,57.43999863,59.22999954,57.43999863,58.59999847,58.25839996,9528700
CTSH,8/12/2026,56.97000122,58.31999969,56.88999939,58.20000076,57.86073303,9924400
CTSH,8/13/2026,58.59999847,59.81999969,57.63000107,59.29000092,58.9443779,7521000
CTSH,8/14/2026,60.09000015,60.09000015,57.70000076,58.79000092,58.44729614,10665300
CTSH,8/17/2026,57.90000153,58.31999969,56.54999924,56.61000061,56.28000259,4970100
CTSH,8/18/2026,56.88000107,58.84000015,56.75999832,57.77999878,57.77999878,4704700
CTSH,8/19/2026,57.77999878,61.50999832,57.77999878,60.93000031,60.93000031,6867500
CTSH,8/20/2026,60.40000153,61.81000137,60.25999832,60.91999817,60.91999817,4752400
CTSH,8/21/2026,60.81999969,63.11000061,60.11999893,61.86999893,61.86999893,6859000
CTSH,8/24/2026,61.79999924,62.41999817,61.43999863,62.20000076,62.20000076,4122900
CTSH,8/25/2026,61.81000137,63.29999924,61.09999847,63.06000137,63.06000137,5817200
CTSH,8/26/2026,61.65999985,62.40000153,61.02000046,62.09000015,62.09000015,7003900
CTSH,8/27/2026,63.02000046,64.23999786,62.65999985,63.75999832,63.75999832,5800800
CTSH,8/28/2026,64.08000183,65.37999725,63.90999985,64.04000092,64.04000092,5303000
CTSH,8/31/2026,63.34000015,64.91000366,63.13000107,64.58000183,64.58000183,8661300
CTSH,9/1/2026,64.36000061,65.08000183,63.18999863,63.38999939,63.38999939,4106100
CTSH,9/2/2026,63.31000137,64.04000092,62.70999908,63.40000153,63.40000153,5852000
CTSH,9/3/2026,64.51000214,65.41999817,63.68000031,64.63999939,64.63999939,4456700
CTSH,9/4/2026,63.95000076,63.95000076,62.29000092,62.31000137,62.31000137,4473100
CTSH,9/8/2026,62.38000107,62.38000107,59.11999893,59.91999817,59.91999817,5939700
CTSH,9/9/2026,59.86000061,59.86999893,58.08000183,58.20000076,58.20000076,6273500
CTSH,9/10/2026,58.65999985,59.02000046,57.88999939,58.31999969,58.31999969,3867200
CTSH,9/11/2026,58.40999985,60.04999924,58.06000137,60,60,3103400
CTSH,9/14/2026,62.40000153,64.45999908,61.90000153,64.09999847,64.09999847,6614100
CTSH,9/15/2026,62.88000107,64.61000061,62.56999969,63.27999878,63.27999878,9111200
CTSH,9/16/2026,62.29999924,62.95999908,61.65000153,61.84999847,61.84999847,5257200
CTSH,9/17/2026,61.79999924,62.11999893,61.02999878,61.88000107,61.88000107,4153300
CTSH,9/18/2026,61.88000107,61.88999939,59.75999832,59.86999893,59.86999893,19126200
CTSH,9/21/2026,60.36000061,61.97000122,59.22000122,59.38000107,59.38000107,5753100
CTSH,9/22/2026,61.00999832,61.00999832,58.34999847,58.68000031,58.68000031,6361500
CTSH,9/23/2026,59.04999924,59.95999908,58.45999908,59.13999939,59.13999939,4520300
CTSH,9/24/2026,59.25999832,59.74000168,56.91999817,57.16999817,57.16999817,4628900
CTSH,9/25/2026,57.11000061,58.27999878,57,57.33000183,57.33000183,4465700
CTSH,9/28/2026,56.65000153,57.40000153,55.63000107,56.75,56.75,4846200
CTSH,9/29/2026,56.47000122,56.88000107,55.88999939,56.84000015,56.84000015,8660100
CTSH,9/30/2026,56.88000107,58.02000046,56.25999832,57.43999863,57.43999863,10941200
CTSH,10/1/2026,61.90000153,64.73999786,60.43000031,60.88000107,60.88000107,13750200
CTSH,10/2/2026,61.09000015,61.09000015,58.20999908,58.50999832,58.50999832,7001600
SPY,1/3/2022,476.2999878,477.8500061,473.8500061,477.7099915,448.3730774,72668200
SPY,1/4/2022,479.2200012,479.980011,475.5799866,477.5499878,448.2228394,71178700
SPY,1/5/2022,477.1600037,477.980011,468.2799988,468.3800049,439.6160889,104538900
SPY,1/6/2022,467.8900146,470.8200073,465.4299927,467.9400024,439.2030945,86858900
SPY,1/7/2022,467.9500122,469.2000122,464.6499939,466.0899963,437.4667053,85111600
SPY,1/10/2022,462.7000122,465.7399902,456.6000061,465.5100098,436.9222107,119362000
SPY,1/11/2022,465.230011,469.8500061,462.0499878,469.75,440.9019165,74303100
SPY,1/12/2022,471.5899963,473.2000122,468.9400024,471.019989,442.0939026,67605400
SPY,1/13/2022,472.1900024,472.8800049,463.4400024,464.5299988,436.0025635,91173100
SPY,1/14/2022,461.1900024,465.0899963,459.8999939,464.7200012,436.1808472,95890900
SPY,1/18/2022,459.7399902,459.9599915,455.3099976,456.4899902,428.4561768,109709100
SPY,1/19/2022,458.1300049,459.6099854,451.4599915,451.75,424.0072937,109357600
SPY,1/20/2022,453.75,458.7399902,444.5,446.75,419.3143311,122379700
SPY,1/21/2022,445.5599976,448.0599976,437.9500122,437.980011,411.0830383,202271200
SPY,1/24/2022,432.0299988,440.3800049,420.7600098,439.8399963,412.8287964,251783900
SPY,1/25/2022,433.0599976,439.7200012,427.1499939,434.4700012,407.7885132,167997300
SPY,1/26/2022,440.7200012,444.0400085,428.8599854,433.3800049,406.7654114,186391100
SPY,1/27/2022,438.2600098,441.5899963,429.4500122,431.2399902,404.756897,149878300
SPY,1/28/2022,432.6799927,442,427.8200073,441.9500122,414.8091125,164457400
SPY,1/31/2022,441.2399902,450.2799988,439.8099976,449.9100037,422.2802734,152251400
SPY,2/1/2022,450.6799927,453.6300049,446.9400024,452.9500122,425.133606,123155400
SPY,2/2/2022,455.5,458.1199951,453.0499878,457.3500061,429.2634277,117361000
SPY,2/3/2022,450.9500122,452.9700012,445.7099915,446.6000061,419.173584,118024400
SPY,2/4/2022,446.3500061,452.7799988,443.8299866,448.7000122,421.1445923,118454400
SPY,2/7/2022,449.5100098,450.9899902,445.8500061,447.2600098,419.7930908,84472900
SPY,2/8/2022,446.730011,451.9200134,445.2200012,450.9400024,423.2469788,81012000
SPY,2/9/2022,455.2200012,457.8800049,455.0100098,457.5400085,429.441803,92589900
SPY,2/10/2022,451.3399963,457.7099915,447.2000122,449.3200073,421.7265625,140103700
SPY,2/11/2022,449.4100037,451.6099854,438.9400024,440.4599915,413.4106445,153214600
SPY,2/14/2022,439.9200134,441.6000061,435.3399963,439.019989,412.059021,123006300
SPY,2/15/2022,443.730011,446.2799988,443.1799927,446.1000061,418.7042847,88482700
SPY,2/16/2022,443.9299927,448.0599976,441.9400024,446.6000061,419.173584,84863600
SPY,2/17/2022,443.2200012,446.5700073,436.4200134,437.0599976,410.2194214,102259100
SPY,2/18/2022,437.3299866,438.6600037,431.8200073,434.230011,407.5632935,132642900
SPY,2/22/2022,431.8900146,435.5,425.8599854,429.5700073,403.1893921,124391800
SPY,2/23/2022,432.6600037,433.2600098,421.3500061,421.9500122,396.037323,132578000
SPY,2/24/2022,411.019989,428.7600098,410.6400146,428.2999878,401.997406,213942900
SPY,2/25/2022,429.6099854,437.8399963,427.8599854,437.75,410.8671265,121804500
SPY,2/28/2022,432.0299988,438.2000122,430.7000122,436.6300049,409.8158875,145615000
SPY,3/1/2022,435.0400085,437.1700134,427.1099854,429.980011,403.5742798,137785900
SPY,3/2/2022,432.3699951,439.7200012,431.5700073,437.8900146,410.9984741,117726500
SPY,3/3/2022,440.4700012,441.1099854,433.7999878,435.7099915,408.9522705,105501700
SPY,3/4/2022,431.75,433.3699951,427.8800049,432.1700134,405.6297302,113978200
SPY,3/7/2022,431.5499878,432.2999878,419.3599854,419.4299927,393.6721191,137896600
SPY,3/8/2022,419.6199951,427.2099915,415.1199951,416.25,390.6873779,164772700
SPY,3/9/2022,425.1400146,429.5100098,422.8200073,427.4100037,401.1620483,116990800
SPY,3/10/2022,422.519989,426.4299927,420.4400024,425.480011,399.3506165,93972700
SPY,3/11/2022,428.1199951,428.769989,419.5299988,420.0700073,394.2728271,95636300
SPY,3/14/2022,420.8900146,424.5499878,415.7900085,417,391.3913574,95729200
SPY,3/15/2022,419.769989,426.8399963,418.4200134,426.1700134,399.9981995,106219100
SPY,3/16/2022,429.8900146,435.6799927,424.7999878,435.6199951,408.8678284,144954800
SPY,3/17/2022,433.5899963,441.0700073,433.1900024,441.0700073,413.9831848,102676900
SPY,3/18/2022,438,444.8599854,437.2200012,444.519989,418.5174561,106345500
SPY,3/21/2022,444.3399963,446.4599915,440.6799927,444.3900146,418.3950806,88349800
SPY,3/22/2022,445.8599854,450.5799866,445.8599854,449.5899963,423.2909241,74650400
SPY,3/23/2022,446.9100037,448.4899902,443.7099915,443.7999878,417.8395691,79426100
SPY,3/24/2022,445.9400024,450.5,444.7600098,450.4899902,424.1382446,64736900
SPY,3/25/2022,451.1600037,452.980011,448.4299927,452.6900024,426.2095337,77101300
SPY,3/28/2022,452.0599976,455.9100037,450.0599976,455.9100037,429.2412415,68529800
SPY,3/29/2022,460.019989,462.0700073,457.1799927,461.5499878,434.5512085,86581500
SPY,3/30/2022,460.3399963,461.2000122,456.4700012,458.7000122,431.867981,79666900
SPY,3/31/2022,457.8900146,458.7600098,451.1600037,451.6400146,425.2210083,121699900
SPY,4/1/2022,453.3099976,453.4599915,449.1400146,452.9200134,426.4261169,89048800
SPY,4/4/2022,453.1300049,456.9100037,452.2600098,456.7999878,430.0791626,59601000
SPY,4/5/2022,455.2200012,457.8299866,449.8200073,451.0299988,424.6466675,74214500
SPY,4/6/2022,446.8900146,448.9299927,443.4700012,446.519989,420.4004822,106898000
SPY,4/7/2022,445.5899963,450.6900024,443.5299988,448.769989,422.5187988,78097200
SPY,4/8/2022,447.9700012,450.6300049,445.9400024,447.5700073,421.3890686,79272700
SPY,4/11/2022,444.1099854,445,439.3900146,439.9200134,414.1865845,89770500
SPY,4/12/2022,443.0799866,445.75,436.6499939,438.2900085,412.6518555,84363600
SPY,4/13/2022,438.0299988,444.1099854,437.8399963,443.3099976,417.3782349,74070400
SPY,4/14/2022,443.5499878,444.730011,437.6799927,437.7900085,412.1811218,97869500
SPY,4/18/2022,436.8099976,439.75,435.6099854,437.9700012,412.3505859,66002500
SPY,4/19/2022,437.8599854,445.7999878,437.6799927,445.0400085,419.0069885,77821000
SPY,4/20/2022,446.9200134,447.5700073,443.480011,444.7099915,418.6963806,65224400
SPY,4/21/2022,448.5400085,450.0100098,437.1000061,438.0599976,412.4353638,85417300
SPY,4/22/2022,436.9100037,438.0799866,425.4400024,426.0400085,401.1184387,132471800
SPY,4/25/2022,423.6700134,428.6900024,418.8399963,428.5100098,403.4440002,119647700
SPY,4/26/2022,425.8299866,426.0400085,416.0700073,416.1000061,391.7599182,103996300
SPY,4/27/2022,417.2399902,422.9200134,415.0100098,417.269989,392.8614502,122030000
SPY,4/28/2022,422.2900085,429.6400146,417.6000061,427.8099976,402.7849426,105449100
SPY,4/29/2022,423.5899963,425.8699951,411.2099915,412,387.8997192,145491100
SPY,5/2/2022,412.0700073,415.9200134,405.019989,414.480011,390.2346802,158312500
SPY,5/3/2022,415.0100098,418.9299927,413.3599854,416.3800049,392.0235596,100028200
SPY,5/4/2022,417.0799866,429.6600037,413.7099915,429.0599976,403.961853,144247900
SPY,5/5/2022,424.5499878,425,409.4400024,413.8099976,389.6038818,172929100
SPY,5/6/2022,411.1000061,414.7999878,405.730011,411.3399963,387.2783203,151770800
SPY,5/9/2022,405.1000061,406.4100037,396.5,398.1700134,374.8787231,155586100
SPY,5/10/2022,404.4899902,406.0799866,394.8200073,399.0899963,375.7449341,132497200
SPY,5/11/2022,398.0700073,404.0400085,391.9599915,392.75,369.7757874,142361000
SPY,5/12/2022,389.3699951,395.7999878,385.1499939,392.3399963,369.389801,125090800
SPY,5/13/2022,396.7099915,403.1799927,395.6099854,401.7200012,378.2210693,104174400
SPY,5/16/2022,399.980011,403.9700012,397.6000061,400.0899963,376.6864319,78622400
SPY,5/17/2022,406.5299988,408.5700073,402.5799866,408.3200073,384.4350586,83029700
SPY,5/18/2022,403.5,403.7999878,390.5499878,391.8599854,368.9377441,117674500
SPY,5/19/2022,388.6199951,394.1400146,387.1099854,389.4599915,366.6782532,98510700
SPY,5/20/2022,393.25,397.0299988,380.5400085,389.6300049,366.8382874,131432200
SPY,5/23/2022,392.8299866,397.730011,390.3800049,396.9200134,373.7019043,76414900
SPY,5/24/2022,392.5599976,395.1499939,386.9599915,393.8900146,370.8490906,91448800
SPY,5/25/2022,392.3099976,399.4500122,391.8900146,397.3699951,374.1255493,91472900
SPY,5/26/2022,398.6700134,407.0400085,398.4500122,405.3099976,381.6011047,82168300
SPY,5/27/2022,407.9100037,415.3800049,407.7000122,415.2600098,390.9689636,84768700
SPY,5/31/2022,413.5499878,416.4599915,410.0299988,412.9299927,388.7753601,95937000
SPY,6/1/2022,415.1700134,416.2399902,406.9299927,409.5899963,385.6307373,86585800
SPY,6/2/2022,409.4200134,417.4400024,407.0400085,417.3900146,392.9744568,79609600
SPY,6/3/2022,412.3999939,414.0400085,409.5100098,410.5400085,386.525116,71874300
SPY,6/6/2022,414.7799988,416.6099854,410.5499878,411.7900085,387.7020569,57508900
SPY,6/7/2022,408.1000061,416.2200012,407.6099854,415.7399902,391.4208984,59272400
SPY,6/8/2022,413.9299927,415.8200073,410.3800049,411.2200012,387.1653442,64350000
SPY,6/9/2022,409.3399963,411.7399902,401.4400024,401.4400024,377.957489,86289800
SPY,6/10/2022,394.8800049,395.7799988,389.75,389.7999878,366.998291,132893900
SPY,6/13/2022,379.8500061,381.8099976,373.2999878,375,353.0641174,170004900
SPY,6/14/2022,376.8500061,377.9400024,370.5899963,373.8699951,352.0001831,104011800
SPY,6/15/2022,377.3599854,383.8999939,372.1199951,379.2000122,357.0184631,125666800
SPY,6/16/2022,370.5100098,370.9400024,364.0799866,366.6499939,345.2026062,134473300
SPY,6/17/2022,365.5100098,369.3800049,362.1700134,365.8599854,345.9466858,111113900
SPY,6/21/2022,371.8900146,376.5299988,371.8099976,375.0700073,354.6554565,76811900
SPY,6/22/2022,370.6199951,378.7200012,370.1799927,374.3900146,354.0124817,90059400
SPY,6/23/2022,376.6400146,378.8299866,372.8900146,378.0599976,357.482666,79292100
SPY,6/24/2022,381.3999939,390.0899963,381.3699951,390.0799866,368.8484497,98050300
SPY,6/27/2022,391.0499878,391.3599854,387.4400024,388.5899963,367.4395447,66009600
SPY,6/28/2022,390.230011,393.1600037,380.5299988,380.6499939,359.9316711,86548900
SPY,6/29/2022,381.230011,382.269989,378.4200134,380.3399963,359.6385803,65676000
SPY,6/30/2022,376.2399902,380.6600037,372.5599976,377.25,356.7167053,112508300
SPY,7/1/2022,376.5599976,381.7000122,373.7999878,381.2399902,360.489563,74839700
SPY,7/5/2022,375.8800049,381.980011,372.8999939,381.9599915,361.1703796,81438000
SPY,7/6/2022,382.1099854,385.8699951,379.6000061,383.25,362.3901367,70426200
SPY,7/7/2022,385.1199951,389.8299866,383.269989,388.9899902,367.8177185,64525900
SPY,7/8/2022,387.269989,390.6400146,385.6600037,388.6700134,367.5151367,72397800
SPY,7/11/2022,385.8500061,386.8699951,383.5,384.230011,363.3168335,58366900
SPY,7/12/2022,383.6499939,386.1600037,378.9899902,380.8299866,360.1018372,62219200
SPY,7/13/2022,375.1000061,381.9200134,374.6600037,378.8299866,358.2107544,84224600
SPY,7/14/2022,373.6099854,379.0499878,371.0400085,377.9100037,357.3408813,89704800
SPY,7/15/2022,382.5499878,385.25,380.5400085,385.1300049,364.1679077,79060400
SPY,7/18/2022,388.3800049,389.0899963,380.6600037,381.9500122,361.1609497,63203600
SPY,7/19/2022,386.0799866,392.8699951,385.3900146,392.269989,370.9192505,78506000
SPY,7/20/2022,392.4700012,396.2600098,391.0299988,394.769989,373.2831421,71843800
SPY,7/21/2022,394.1600037,398.8399963,391.6300049,398.7900085,377.0843811,64903900
SPY,7/22/2022,398.9200134,400.1799927,392.75,395.0899963,373.5857544,72197300
SPY,7/25/2022,395.75,396.4700012,393.2099915,395.5700073,374.0395813,53631500
SPY,7/26/2022,393.8399963,394.0599976,389.9500122,390.8900146,369.6143188,52946400
SPY,7/27/2022,394.3599854,402.8800049,394.0499878,401.0400085,379.2118835,82342100
SPY,7/28/2022,401.8900146,406.7999878,398.1499939,406.0700073,383.9680786,73966600
SPY,7/29/2022,407.5799866,413.0299988,406.769989,411.9899902,389.5658569,87003700
SPY,8/1/2022,409.1499939,413.4100037,408.3999939,410.769989,388.412262,69997500
SPY,8/2/2022,409.1199951,413,406.8200073,408.0599976,385.8497314,63435400
SPY,8/3/2022,410.2999878,415.6799927,410,414.4500122,391.8919983,67820600
SPY,8/4/2022,414.3699951,415.0899963,412.4400024,414.1700134,391.6272888,45656600
SPY,8/5/2022,409.6600037,414.1499939,409.6000061,413.4700012,390.9653931,56814900
SPY,8/8/2022,415.25,417.6199951,411.8299866,412.9899902,390.5114441,53886100
SPY,8/9/2022,412.2200012,412.75,410.2200012,411.3500061,388.9606934,44931800
SPY,8/10/2022,418.7799988,420.1400146,416.7200012,419.9899902,397.1304016,68665700
SPY,8/11/2022,422.9899902,424.9500122,419.2099915,419.9899902,397.1304016,59489700
SPY,8/12/2022,422.0299988,427.2099915,421.0299988,427.1000061,403.8534546,61694500
SPY,8/15/2022,424.769989,429.4100037,424.7099915,428.8599854,405.5176392,54048300
SPY,8/16/2022,427.730011,431.730011,426.8800049,429.7000122,406.3120117,59289000
SPY,8/17/2022,425.9100037,429.5,424.5400085,426.6499939,403.4279175,63563400
SPY,8/18/2022,426.8599854,428.6099854,425.5,427.8900146,404.6004639,49023200
SPY,8/19/2022,424.980011,425.2600098,421.2200012,422.1400146,399.1634521,68016900
SPY,8/22/2022,417.0499878,417.230011,412.3999939,413.3500061,390.8518982,77695600
SPY,8/23/2022,412.8999939,415.4200134,411.769989,412.3500061,389.9063416,49105200
SPY,8/24/2022,412.1099854,415.1099854,411.3900146,413.6700134,391.1544495,49177800
SPY,8/25/2022,415.2399902,419.5599976,414.0899963,419.5100098,396.6766052,50942300
SPY,8/26/2022,419.3900146,419.9599915,405.25,405.3099976,383.2494507,103087000
SPY,8/29/2022,402.2000122,405.8399963,401.2000122,402.6300049,380.7153931,65370800
SPY,8/30/2022,403.8500061,404.1000061,396,398.2099915,376.5358887,85652400
SPY,8/31/2022,399.9299927,401.2399902,395.0400085,395.1799927,373.6708679,76029700
SPY,9/1/2022,392.8900146,396.7799988,390.0400085,396.4200134,374.8433533,78740100
SPY,9/2/2022,400.2799988,401.5599976,390.3299866,392.2399902,370.8908691,99632100
SPY,9/6/2022,393.1300049,394.1199951,388.4200134,390.7600098,369.4914246,76637400
SPY,9/7/2022,390.4299927,398.5899963,390.2000122,397.7799988,376.1292725,70964200
SPY,9/8/2022,395.3900146,400.8599854,394.1199951,400.3800049,378.5878296,80821700
SPY,9/9/2022,402.7399902,407.5100098,402.4599915,406.6000061,384.4692383,76706900
SPY,9/12/2022,408.7799988,411.730011,408.4599915,410.9700012,388.6014709,69256300
SPY,9/13/2022,401.8299866,403.1000061,391.9200134,393.1000061,371.70401,122947100
SPY,9/14/2022,394.4700012,396.2000122,391.1199951,394.6000061,373.1223755,85023700
SPY,9/15/2022,392.9599915,395.9599915,388.7799988,390.1199951,368.8862915,87633800
SPY,9/16/2022,384.1400146,386.25,382.1099854,385.5599976,366.0720825,103084800
SPY,9/19/2022,382.2600098,388.5499878,382.1799927,388.5499878,368.9109497,73278500
SPY,9/20/2022,385.0599976,386.1199951,381.2000122,384.0899963,364.6763916,77274900
SPY,9/21/2022,386.1099854,389.3099976,377.3800049,377.3900146,358.3149719,106746600
SPY,9/22/2022,376.5799866,378.2999878,373.4400024,374.2200012,355.3052368,89472600
SPY,9/23/2022,370.5799866,370.6199951,363.2900085,367.9500122,349.3521729,122346900
SPY,9/26/2022,366.4100037,370.2099915,363.0299988,364.3099976,345.8961487,92581200
SPY,9/27/2022,368.019989,370.3999939,360.8699951,363.3800049,345.013092,108294100
SPY,9/28/2022,364.3800049,372.2999878,362.6000061,370.5299988,351.8017883,110802200
SPY,9/29/2022,366.8099976,367.1099854,359.7000122,362.7900085,344.4529114,112952300
SPY,9/30/2022,361.7999878,365.9100037,357.0400085,357.1799927,339.1265259,153711200
SPY,10/3/2022,361.0799866,368.5499878,359.2099915,366.6099854,348.079895,89756500
SPY,10/4/2022,372.3999939,378,366.5700073,377.9700012,358.8657227,103602800
SPY,10/5/2022,373.3900146,379.4599915,370.9500122,377.0899963,358.0301208,88065700
SPY,10/6/2022,375.6199951,378.7200012,372.6799927,373.2000122,354.3368225,82333500
SPY,10/7/2022,368.9700012,373.2900085,360.9400024,362.7900085,344.4529114,107789500
SPY,10/10/2022,363.9599915,364.2099915,357.6700134,360.019989,341.8229675,76042800
SPY,10/11/2022,358.2399902,363.0299988,355.7099915,357.7399902,339.6582031,92482800
SPY,10/12/2022,358.1700134,359.8200073,356.2999878,356.5599976,338.5378113,76991800
SPY,10/13/2022,349.2099915,367.5100098,348.1099854,365.9700012,347.4722595,147254500
SPY,10/14/2022,368.5499878,370.2600098,356.9599915,357.6300049,339.5538025,123737000
SPY,10/17/2022,364.0100098,367.980011,357.2799988,366.8200073,348.2792969,93168200
SPY,10/18/2022,375.1300049,375.4500122,367.519989,371.1300049,352.3713684,97162900
SPY,10/19/2022,368.9899902,371.8500061,365.5499878,368.5,349.8743591,79746900
SPY,10/20/2022,368.0299988,372.6700134,364.6099854,365.4100037,346.9404907,88283100
SPY,10/21/2022,365.1199951,374.7999878,363.5400085,374.2900085,355.3717346,131038400
SPY,10/24/2022,375.8900146,380.0599976,373.1099854,378.8699951,359.7201233,85436900
SPY,10/25/2022,378.7900085,385.25,378.6700134,384.9200134,365.4644775,78846300
SPY,10/26/2022,381.6199951,387.5799866,381.3500061,382.019989,362.7109985,104087300
SPY,10/27/2022,383.0700073,385,379.3299866,379.980011,360.7741394,81971800
SPY,10/28/2022,379.8699951,389.519989,379.6799927,389.019989,369.3572083,100302000
SPY,10/31/2022,386.4400024,388.3999939,385.2600098,386.2099915,366.6891785,96631300
SPY,11/1/2022,390.1400146,390.3900146,383.2900085,384.519989,365.0845947,85407600
SPY,11/2/2022,383.8999939,388.6300049,374.7600098,374.8699951,355.9223328,126990400
SPY,11/3/2022,371.4700012,374.2000122,368.7900085,371.0100098,352.2575073,87100100
SPY,11/4/2022,377,378.8699951,370,376.3500061,357.3275757,103505200
SPY,11/7/2022,377.7099915,380.5700073,375.5299988,379.9500122,360.745636,68286900
SPY,11/8/2022,381.1099854,385.1199951,377.7200012,382,362.6920166,84641100
SPY,11/9/2022,379.9299927,381.1400146,373.6099854,374.1300049,355.2197571,78495500
SPY,11/10/2022,388.0499878,395.0400085,385.6400146,394.6900024,374.7405701,141455800
SPY,11/11/2022,395.5899963,399.3500061,393.6099854,398.5100098,378.3675232,93839900
SPY,11/14/2022,396.6600037,400.1799927,394.8299866,395.1199951,375.1488647,71903500
SPY,11/15/2022,401.1499939,402.3099976,394.4899902,398.4899902,378.3485107,93194500
SPY,11/16/2022,396.7799988,397.7799988,394.7900085,395.4500122,375.4620972,68508500
SPY,11/17/2022,390.4599915,394.9500122,390.1400146,394.2399902,374.3132935,74496300
SPY,11/18/2022,397.7399902,397.8099976,393.0400085,396.0299988,376.0128479,92922500
SPY,11/21/2022,394.6400146,395.8200073,392.6600037,394.5899963,374.6456299,51243200
SPY,11/22/2022,396.6300049,400.0700073,395.1499939,399.8999939,379.6872253,60429000
SPY,11/23/2022,399.5499878,402.9299927,399.3099976,402.4200134,382.079895,68261600
SPY,11/25/2022,401.8299866,402.9100037,401.5400085,402.3299866,381.9944458,30545400
SPY,11/28/2022,399.0899963,400.8099976,395.1099854,395.9100037,375.8988342,67881600
SPY,11/29/2022,396.0499878,397.2999878,393.2999878,395.230011,375.2532959,52310000
SPY,11/30/2022,395.4899902,407.6799927,393.480011,407.6799927,387.0740356,144566700
SPY,12/1/2022,408.769989,410,404.75,407.3800049,386.7891846,76398200
SPY,12/2/2022,402.25,407.8599854,402.1400146,406.9100037,386.342926,85342700
SPY,12/5/2022,403.9500122,404.9299927,398.1700134,399.5899963,379.3929749,77289800
SPY,12/6/2022,399.4200134,399.9899902,391.6400146,393.8299866,373.9240112,77972200
SPY,12/7/2022,392.9400024,395.6400146,391.9700012,393.1600037,373.2878723,65927900
SPY,12/8/2022,395.1400146,397.3599854,393.269989,396.2399902,376.2122498,60737900
SPY,12/9/2022,394.9400024,397.6199951,393.1499939,393.2799988,373.401825,81447700
SPY,12/12/2022,394.1099854,398.9500122,393.4100037,398.9500122,378.7853088,75405800
SPY,12/13/2022,410.2200012,410.4899902,399.0700073,401.9700012,381.6526489,123782500
SPY,12/14/2022,401.6099854,405.5,396.3099976,399.3999939,379.2125549,108111300
SPY,12/15/2022,394.2999878,395.25,387.8900146,389.6300049,369.9363403,117705900
SPY,12/16/2022,385.1799927,386.5799866,381.0400085,383.269989,365.5688477,119858000
SPY,12/19/2022,383.4700012,383.8200073,378.2799988,380.019989,362.4689331,79878100
SPY,12/20/2022,379.230011,382.230011,377.8500061,380.5400085,362.9648743,74427200
SPY,12/21/2022,383.25,387.4100037,382.6900024,386.230011,368.3921204,78167400
SPY,12/22/2022,383.0499878,386.2099915,374.769989,380.7200012,363.1365662,100120900
SPY,12/23/2022,379.6499939,383.0599976,378.0299988,382.9100037,365.2254944,59857300
SPY,12/27/2022,382.7900085,383.1499939,379.6499939,381.3999939,363.7852173,51638200
SPY,12/28/2022,381.3299866,383.3900146,376.4200134,376.6600037,359.2641602,70911500
SPY,12/29/2022,379.6300049,384.3500061,379.0799866,383.4400024,365.7309875,66970900
SPY,12/30/2022,380.6400146,382.5799866,378.4299927,382.4299927,364.7676392,84022200
SPY,1/3/2023,384.3699951,386.4299927,377.8299866,380.8200073,363.2319031,74850700
SPY,1/4/2023,383.1799927,385.8800049,380,383.7600098,366.0362549,85934100
SPY,1/5/2023,381.7200012,381.8399963,378.7600098,379.3800049,361.8584595,76970500
SPY,1/6/2023,382.6099854,389.25,379.4100037,388.0799866,370.1566772,104189600
SPY,1/9/2023,390.3699951,393.7000122,387.6700134,387.8599854,369.9468079,73978100
SPY,1/10/2023,387.25,390.6499939,386.269989,390.5799866,372.5411682,65358100
SPY,1/11/2023,392.230011,395.6000061,391.3800049,395.519989,377.2530823,68881100
SPY,1/12/2023,396.6700134,398.4899902,392.4200134,396.9599915,378.6265259,90157700
SPY,1/13/2023,393.6199951,399.1000061,393.3399963,398.5,380.0954895,63903900
SPY,1/17/2023,398.480011,400.230011,397.0599976,397.769989,379.3991699,62677300
SPY,1/18/2023,399.0100098,400.1199951,391.2799988,391.4899902,373.4091797,99632300
SPY,1/19/2023,389.3599854,391.0799866,387.2600098,388.6400146,370.6908264,86958900
SPY,1/20/2023,390.1000061,396.0400085,388.3800049,395.8800049,377.5964661,91806400
SPY,1/23/2023,396.7200012,402.6499939,395.7200012,400.6300049,382.1270447,84178800
SPY,1/24/2023,398.8800049,401.1499939,397.6400146,400.2000122,381.71698,59524900
SPY,1/25/2023,395.9500122,400.7000122,393.5599976,400.3500061,381.8599854,84800300
SPY,1/26/2023,403.1300049,404.9200134,400.0299988,404.75,386.0567627,72287400
SPY,1/27/2023,403.6600037,408.1600037,403.4400024,405.6799927,386.9438477,68346200
SPY,1/30/2023,402.7999878,405.1300049,400.2799988,400.5899963,382.0888977,74202000
SPY,1/31/2023,401.1300049,406.5299988,400.769989,406.480011,387.7068787,86811800
SPY,2/1/2023,405.2099915,413.6700134,402.3500061,410.7999878,391.8273315,101459200
SPY,2/2/2023,414.8599854,418.3099976,412.8800049,416.7799988,397.5311584,101654500
SPY,2/3/2023,411.5899963,416.9700012,411.0899963,412.3500061,393.3057556,94736800
SPY,2/6/2023,409.7900085,411.2900085,408.1000061,409.8299866,390.9021301,60295300
SPY,2/7/2023,408.8699951,416.4899902,407.5700073,415.1900024,396.0146179,90990700
SPY,2/8/2023,413.1300049,414.5299988,409.9299927,410.6499939,391.6842651,76227500
SPY,2/9/2023,414.4100037,414.5700073,405.8099976,407.0899963,388.2886963,78694900
SPY,2/10/2023,405.8599854,408.4400024,405.0100098,408.0400085,389.1948547,70769700
SPY,2/13/2023,408.7200012,412.9700012,408.2399902,412.8299866,393.7636414,64913500
SPY,2/14/2023,411.2399902,415.0499878,408.5100098,412.6400146,393.5823975,88389300
SPY,2/15/2023,410.3500061,414.0599976,409.4700012,413.980011,394.8605347,61555700
SPY,2/16/2023,408.7900085,412.9100037,408.1400146,408.2799988,389.4237366,76431500
SPY,2/17/2023,406.0599976,407.5100098,404.0499878,407.2600098,388.4508667,89257800
SPY,2/21/2023,403.0599976,404.1600037,398.8200073,399.0899963,380.6581726,82655900
SPY,2/22/2023,399.519989,401.1300049,397.019989,398.5400085,380.1335754,83742300
SPY,2/23/2023,401.5599976,402.2000122,396.25,400.6600037,382.1557007,96242400
SPY,2/24/2023,395.4200134,397.25,393.6400146,396.3800049,378.0733032,108194400
SPY,2/27/2023,399.8699951,401.2900085,396.75,397.730011,379.3610229,80444700
SPY,2/28/2023,397.230011,399.2799988,396.1499939,396.2600098,377.9589233,96438600
SPY,3/1/2023,395.4100037,396.6900024,393.3800049,394.7399902,376.5090942,99706800
SPY,3/2/2023,392.6799927,398.6900024,392.3299866,397.8099976,379.4373169,85127800
SPY,3/3/2023,399.7099915,404.4500122,399.0299988,404.1900024,385.5226746,90120000
SPY,3/6/2023,405.0499878,407.4500122,404.0100098,404.4700012,385.7896729,72795900
SPY,3/7/2023,404.4200134,404.6700134,397.6300049,398.269989,379.8761292,108310600
SPY,3/8/2023,398.3900146,399.7099915,396.5899963,398.9200134,380.4960938,74746600
SPY,3/9/2023,399.7399902,401.480011,390.5299988,391.5599976,373.4759521,111945300
SPY,3/10/2023,390.9899902,393.1600037,384.3200073,385.9100037,368.0869446,189253000
SPY,3/13/2023,381.8099976,390.3900146,380.6499939,385.3599854,367.5622864,157790000
SPY,3/14/2023,390.5,393.4500122,387.0499878,391.730011,373.6381531,149752400
SPY,3/15/2023,385.8900146,389.4899902,383.7099915,389.2799988,371.3012695,172996900
SPY,3/16/2023,386.8200073,396.4700012,386.2900085,396.1099854,377.8157959,143254200
SPY,3/17/2023,393.2200012,394.3999939,388.5499878,389.9899902,373.3981628,140553400
SPY,3/20/2023,390.7999878,394.1700134,390.0700073,393.7399902,376.9886475,93055800
SPY,3/21/2023,397.2399902,399.4100037,395.5799866,398.9100037,381.9386902,91524200
SPY,3/22/2023,398.730011,402.4899902,392.0700073,392.1099854,375.4279175,111746600
SPY,3/23/2023,395.0899963,399.2900085,390.3500061,393.1700134,376.4428101,119351300
SPY,3/24/2023,391.8399963,395.8399963,389.3999939,395.75,378.9130859,107682400
SPY,3/27/2023,398.1199951,398.9200134,395.5599976,396.4899902,379.621521,74010400
SPY,3/28/2023,395.769989,396.4899902,393.6900024,395.6000061,378.7694397,62871700
SPY,3/29/2023,399.9299927,401.6000061,398.6799927,401.3500061,384.2747803,77497900
SPY,3/30/2023,404.0899963,404.3500061,401.7600098,403.7000122,386.5248718,69840000
SPY,3/31/2023,404.6600037,409.7000122,404.5499878,409.3900146,391.9727783,112062600
SPY,4/3/2023,408.8500061,411.3699951,408.4400024,410.9500122,393.4664001,67391100
SPY,4/4/2023,411.6199951,411.9200134,407.2399902,408.6700134,391.2834167,66601500
SPY,4/5/2023,407.9100037,408.7000122,405.8800049,407.6000061,390.2589417,65200200
SPY,4/6/2023,406.769989,409.480011,405.6799927,409.1900024,391.781311,63743300
SPY,4/10/2023,406.6099854,409.6900024,405.9700012,409.6099854,392.1834412,63681000
SPY,4/11/2023,410.2600098,411.1799927,408.9200134,409.7200012,392.2886963,59297900
SPY,4/12/2023,411.8699951,412.1700134,407.4400024,408.0499878,390.6897888,86420400
SPY,4/13/2023,409.1799927,413.8399963,407.9899902,413.4700012,395.8791809,85814800
SPY,4/14/2023,412.8099976,415.0899963,410.0599976,412.4599915,394.9121094,78161500
SPY,4/17/2023,412.3699951,413.9599915,411.0899963,413.9400024,396.3292542,66436400
SPY,4/18/2023,415.5799866,415.7200012,412.7799988,414.2099915,396.5877075,63560000
SPY,4/19/2023,412.2200012,415.0799866,412.1600037,414.1400146,396.5206909,55227300
SPY,4/20/2023,411.2099915,413.7000122,410.269989,411.8800049,394.356842,75840400
SPY,4/21/2023,412.1900024,412.6799927,410.1700134,412.2000122,394.663208,73457400
SPY,4/24/2023,411.9899902,413.0700073,410.6000061,412.6300049,395.0749512,64332100
SPY,4/25/2023,410.5799866,411.1600037,406.019989,406.0799866,388.8035583,97766700
SPY,4/26/2023,406.7200012,407.8399963,403.7799988,404.3599854,387.1567688,80447000
SPY,4/27/2023,407,412.6900024,406.7399902,412.4100037,394.8642578,92968400
SPY,4/28/2023,411.4899902,415.9400024,411.4299927,415.9299927,398.2345276,89433100
SPY,5/1/2023,415.4700012,417.6199951,415.269989,415.5100098,397.8323669,62122300
SPY,5/2/2023,414.769989,414.8200073,407.8200073,410.8399963,393.361084,103998500
SPY,5/3/2023,411.3599854,413.8699951,407.769989,408.019989,390.6609802,91531800
SPY,5/4/2023,406.9299927,407.269989,403.7399902,405.1300049,387.8939819,94901900
SPY,5/5/2023,408.9100037,413.7200012,408.6400146,412.6300049,395.0749512,87891800
SPY,5/8/2023,412.9700012,413.2399902,411.2799988,412.7399902,395.1802368,50046800
SPY,5/9/2023,411.1300049,412.0899963,410.6900024,410.9299927,393.4471741,49220100
SPY,5/10/2023,413.8800049,414.5400085,408.8699951,412.8500061,395.2855835,96142900
SPY,5/11/2023,411.9500122,412.4299927,409.9700012,412.1300049,394.5962219,70157100
SPY,5/12/2023,413.4200134,413.6400146,409.0700073,411.5899963,394.0791321,70481500
SPY,5/15/2023,412.2200012,413.4299927,410.230011,413.0100098,395.4387817,54289400
SPY,5/16/2023,411.8599854,412.8200073,410.2399902,410.25,392.7962341,57705500
SPY,5/17/2023,412.3500061,415.8599854,410.6400146,415.230011,397.5643311,87287000
SPY,5/18/2023,414.8999939,419.6700134,414.6700134,419.230011,401.394104,97177200
SPY,5/19/2023,420.1700134,420.7200012,417.3500061,418.6199951,400.8100891,103793300
SPY,5/22/2023,418.6400146,420.3900146,417.3500061,418.7900085,400.9729004,60745400
SPY,5/23/2023,417.0799866,418.7200012,413.6799927,414.0899963,396.4728394,86383500
SPY,5/24/2023,412.4200134,412.8200073,409.8800049,411.0899963,393.6004333,89213700
SPY,5/25/2023,414.7399902,416.1600037,412.4100037,414.6499939,397.0090332,90961600
SPY,5/26/2023,415.3299866,420.769989,415.25,420.019989,402.1505127,93830000
SPY,5/30/2023,422.0299988,422.5799866,418.7399902,420.1799927,402.3036804,72216000
SPY,5/31/2023,418.2799988,419.2200012,416.2200012,417.8500061,400.072876,110811800
SPY,6/1/2023,418.0899963,422.9200134,416.7900085,421.8200073,403.8739319,88865000
SPY,6/2/2023,424.5,428.7399902,423.9500122,427.9200134,409.714447,91426200
SPY,6/5/2023,428.2799988,429.6199951,426.3699951,427.1000061,408.9292908,65460200
SPY,6/6/2023,426.6700134,428.5799866,425.9899902,428.0299988,409.8197632,64022200
SPY,6/7/2023,428.4400024,429.6199951,426.1099854,426.5499878,408.4026794,85373300
SPY,6/8/2023,426.6199951,429.6000061,425.8200073,429.1300049,410.8728943,61952800
SPY,6/9/2023,429.9599915,431.9899902,428.8699951,429.8999939,411.6102295,85742800
SPY,6/12/2023,430.9200134,433.8800049,430.1700134,433.7999878,415.3442688,76104300
SPY,6/13/2023,435.3200073,437.3299866,434.6300049,436.6600037,418.0825806,95899700
SPY,6/14/2023,437.0100098,439.0599976,433.5899963,437.1799927,418.5804138,100612100
SPY,6/15/2023,436.3299866,443.8999939,436.230011,442.6000061,423.7698975,110303100
SPY,6/16/2023,443.019989,443.6099854,438.9700012,439.4599915,422.326416,114165800
SPY,6/20/2023,437.4500122,438.3699951,435.0299988,437.1799927,420.1352844,76160400
SPY,6/21/2023,436.1600037,436.9899902,434.3299866,434.9400024,417.982666,76982300
SPY,6/22/2023,433.9500122,436.6199951,433.6000061,436.5100098,419.4914246,70637200
SPY,6/23/2023,432.9299927,435.0599976,432.4700012,433.2099915,416.3200684,92074500
SPY,6/26/2023,432.6199951,434.6099854,431.1900024,431.4400024,414.6190796,72823600
SPY,6/27/2023,432.3500061,436.8099976,431.8800049,436.1700134,419.1646729,72813700
SPY,6/28/2023,435.0499878,437.4400024,434.4100037,436.3900146,419.3761292,75636000
SPY,6/29/2023,435.9599915,438.2799988,435.5400085,438.1099854,421.0289917,67882300
SPY,6/30/2023,441.4400024,444.2999878,441.1099854,443.2799988,425.9975281,104964000
SPY,7/3/2023,442.9200134,444.0799866,442.6300049,443.7900085,426.4876404,32793400
SPY,7/5/2023,441.9100037,443.8900146,441.8999939,443.1300049,425.853363,58418400
SPY,7/6/2023,439.4200134,440.1000061,437.0599976,439.6600037,422.5186462,80658300
SPY,7/7/2023,438.6300049,442.6400146,438.2999878,438.5499878,421.4519043,86134200
SPY,7/10/2023,438.1799927,439.8399963,437.5899963,439.6600037,422.5186462,62443500
SPY,7/11/2023,440.4500122,442.9700012,439.4400024,442.4599915,425.2094421,64463800
SPY,7/12/2023,446.3900146,447.480011,444.9100037,446.019989,428.6306458,91924500
SPY,7/13/2023,447.8999939,450.3800049,447.4500122,449.5599976,432.0326233,72425200
SPY,7/14/2023,450.480011,451.3599854,448.4899902,449.2799988,431.7635498,69815800
SPY,7/17/2023,449.1300049,451.9299927,449.0799866,450.8399963,433.2627869,52680200
SPY,7/18/2023,450.5,454.8599854,450.0499878,454.1900024,436.4821167,80668200
SPY,7/19/2023,455.0100098,456.4299927,454.1099854,455.2000122,437.4527283,65891700
SPY,7/20/2023,454.1700134,455.1000061,451.4400024,452.1799927,434.5504456,70591600
SPY,7/21/2023,453.9599915,454.1700134,452.1700134,452.1799927,434.5504456,71275600
SPY,7/24/2023,453.3699951,455.0400085,452.2999878,454.2000122,436.4916992,54023400
SPY,7/25/2023,453.9200134,456.7399902,453.8699951,455.4400024,437.6833801,55191200
SPY,7/26/2023,454.4700012,456.9899902,453.3800049,455.5100098,437.7506714,71052900
SPY,7/27/2023,459.019989,459.4400024,451.5499878,452.4899902,434.8484192,92194400
SPY,7/28/2023,455.8800049,457.7799988,452.4899902,456.9200134,439.1057129,80011800
SPY,7/31/2023,457.4100037,458.1600037,456.0499878,457.7900085,439.9418335,62040400
SPY,8/1/2023,456.269989,457.25,455.4899902,456.480011,438.6828918,55291500
SPY,8/2/2023,453.25,453.519989,449.3500061,450.1300049,432.5804443,93933400
SPY,8/3/2023,448.0400085,450.7900085,447.3699951,448.8399963,431.3407593,64276100
SPY,8/4/2023,450.7200012,452.8999939,446.269989,446.8099976,429.3898315,100128900
SPY,8/7/2023,448.7099915,450.8699951,447.9899902,450.7099915,433.1377869,58357500
SPY,8/8/2023,448.0799866,450.7000122,445.269989,448.75,431.2542725,71361300
SPY,8/9/2023,449.0299988,449.2000122,444.9599915,445.75,428.3712158,78789600
SPY,8/10/2023,448.1900024,451.7000122,444.7000122,445.9100037,428.5249634,93005500
SPY,8/11/2023,443.9700012,446.7000122,443.3500061,445.6499939,428.2750549,68690900
SPY,8/14/2023,444.7000122,448.1099854,444.3800049,448.1099854,430.6391296,47867400
SPY,8/15/2023,446.269989,446.6400146,442.2999878,442.8900146,425.6226807,75707500
SPY,8/16/2023,442.4599915,444.1799927,439.5299988,439.6400146,422.4994202,80107200
SPY,8/17/2023,441.1600037,441.4299927,435.75,436.2900085,419.2800293,95711300
SPY,8/18/2023,433.3699951,437.5700073,433.0100098,436.5,419.4818115,98852000
SPY,8/21/2023,437.5499878,440.1099854,435.3200073,439.3399963,422.2110901,68719000
SPY,8/22/2023,441.1799927,441.1799927,437.5700073,438.1499939,421.0674744,64994200
SPY,8/23/2023,439.25,443.6700134,439.1000061,443.0299988,425.7572327,68441000
SPY,8/24/2023,444.6900024,445.2200012,436.8599854,436.8900146,419.8566284,88517300
SPY,8/25/2023,438.6799927,441.2999878,435,439.9700012,422.8165588,102325100
SPY,8/28/2023,442.2399902,443.3999939,439.9700012,442.7600098,425.4977722,61595400
SPY,8/29/2023,442.6499939,449.4500122,442.4599915,449.1600037,431.6482849,83081900
SPY,8/30/2023,449.5100098,451.6700134,448.7799988,451.0100098,433.4260864,69053900
SPY,8/31/2023,451.6499939,452.8299866,450.1600037,450.3500061,432.7919006,66084600
SPY,9/1/2023,453.1700134,453.6700134,449.6799927,451.1900024,433.5990906,58944100
SPY,9/5/2023,450.730011,451.0599976,449.1700134,449.2399902,431.7251587,55166200
SPY,9/6/2023,448.3999939,448.5100098,443.8099976,446.2200012,428.8228455,70758500
SPY,9/7/2023,443.1099854,445.5499878,442.75,444.8500061,427.5063171,70355400
SPY,9/8/2023,444.8999939,447.1099854,444.5299988,445.519989,428.150116,61659700
SPY,9/11/2023,448.2399902,448.769989,446.4700012,448.4500122,430.9659424,60180100
SPY,9/12/2023,446.9500122,448.5299988,445.3900146,445.9899902,428.6018677,67565400
SPY,9/13/2023,446.2200012,447.7099915,445.0799866,446.5100098,429.101532,60199300
SPY,9/14/2023,449.0700073,451.0799866,447.7200012,450.3599854,432.8014526,83430800
SPY,9/15/2023,447.1400146,447.480011,442.9200134,443.3699951,427.5869141,111848900
SPY,9/18/2023,443.0499878,444.9700012,442.5599976,443.6300049,427.837738,55752200
SPY,9/19/2023,442.6799927,443.2900085,439.9400024,442.7099915,426.9504089,66514600
SPY,9/20/2023,444.0100098,444.4400024,438.4299927,438.6400146,423.0253296,82562600
SPY,9/21/2023,435.7000122,435.9700012,431.230011,431.3900146,416.0333862,104095800
SPY,9/22/2023,432.4500122,434.1000061,429.9899902,430.4200134,415.0979309,100829700
SPY,9/25/2023,429.1700134,432.269989,428.7200012,432.230011,416.8434753,70874500
SPY,9/26/2023,429.0899963,429.8200073,425.019989,425.8800049,410.7195435,96168400
SPY,9/27/2023,427.0899963,427.6700134,422.2900085,426.0499878,410.8834534,104705800
SPY,9/28/2023,425.480011,430.25,424.8699951,428.519989,413.265564,92258300
SPY,9/29/2023,431.6700134,431.8500061,425.9100037,427.480011,412.2626038,115111300
SPY,10/2/2023,426.6199951,428.6000061,424.4599915,427.3099976,412.0986633,83798600
SPY,10/3/2023,425.0599976,427.3699951,420.1799927,421.5899963,406.5822754,103760600
SPY,10/4/2023,422.0700073,425.4299927,420.5599976,424.6600037,409.5429688,87453000
SPY,10/5/2023,424.3599854,425.3699951,421.1700134,424.5,409.3886108,70142700
SPY,10/6/2023,421.9700012,431.1300049,420.6000061,429.5400085,414.2492371,113273300
SPY,10/9/2023,427.5799866,432.8800049,427.0100098,432.2900085,416.9013672,80374400
SPY,10/10/2023,432.9400024,437.2200012,432.5299988,434.5400085,419.0712891,78607300
SPY,10/11/2023,435.6400146,436.5799866,433.1799927,436.3200073,420.7879333,62451700
SPY,10/12/2023,436.9500122,437.3399963,431.230011,433.6600037,418.2225342,81154200
SPY,10/13/2023,435.2099915,436.4500122,429.8800049,431.5,416.1394653,95143100
SPY,10/16/2023,433.8200073,437.1400146,433.5700073,436.0400085,420.5177917,75433200
SPY,10/17/2023,432.8099976,438.1400146,432.4500122,436.019989,420.4985352,75324700
SPY,10/18/2023,434.1900024,435.1799927,429.0899963,430.2099915,414.8953247,93559800
SPY,10/19/2023,430.9500122,432.8200073,425.730011,426.4299927,411.25,121323000
SPY,10/20/2023,425.980011,426.5400085,421.0799866,421.1900024,406.1965027,123919900
SPY,10/23/2023,419.6099854,424.4500122,417.7999878,420.4599915,405.4924316,92035100
SPY,10/24/2023,422.6499939,424.8200073,420.7399902,423.6300049,408.5496216,78564200
SPY,10/25/2023,421.8900146,421.9200134,417.019989,417.5499878,402.6860962,94223200
SPY,10/26/2023,416.4500122,417.3299866,411.6000061,412.5499878,397.8640442,115156800
SPY,10/27/2023,414.1900024,414.6000061,409.2099915,410.6799927,396.0606079,107367700
SPY,10/30/2023,413.5599976,416.6799927,412.2200012,415.5899963,400.7957764,86562700
SPY,10/31/2023,416.1799927,418.5299988,414.2099915,418.2000122,403.3129272,79665200
SPY,11/1/2023,419.2000122,423.5,418.6499939,422.6600037,407.6141357,98068100
SPY,11/2/2023,426.5799866,430.9200134,426.5599976,430.7600098,415.4258728,94938900
SPY,11/3/2023,433.1400146,436.2900085,433.0100098,434.6900024,419.2158813,100167800
SPY,11/6/2023,435.4700012,436.1499939,433.6799927,435.6900024,420.1802979,67831700
SPY,11/7/2023,435.6900024,437.5899963,434.5100098,436.9299927,421.3761902,64256100
SPY,11/8/2023,437.5499878,438.0899963,434.8699951,437.25,421.684845,61746000
SPY,11/9/2023,438.4299927,438.4700012,433.3999939,433.8399963,418.3961792,83174400
SPY,11/10/2023,435.980011,440.9299927,433.8299866,440.6099854,424.9251099,89462200
SPY,11/13/2023,439.230011,441.3299866,438.4200134,440.1900024,424.5201416,52236100
SPY,11/14/2023,446.3200073,450.0599976,446.0899963,448.730011,432.7561951,97176900
SPY,11/15/2023,450.1099854,451.3800049,448.7999878,449.6799927,433.6723633,77327600
SPY,11/16/2023,449.2200012,450.5599976,448.1199951,450.230011,434.2027283,66665800
SPY,11/17/2023,450.2399902,451.4200134,449.2900085,450.7900085,434.7428284,83133200
SPY,11/20/2023,450.5299988,455.1300049,450.519989,454.2600098,438.0893555,69936200
SPY,11/21/2023,453.1799927,454.1300049,451.9599915,453.269989,437.1345215,49244600
SPY,11/22/2023,454.980011,456.3800049,453.8900146,455.019989,438.8222046,59394900
SPY,11/24/2023,455.0700073,455.5,454.730011,455.2999878,439.0921936,29737400
SPY,11/27/2023,454.6499939,455.4899902,454.0799866,454.480011,438.3013916,50506000
SPY,11/28/2023,454.0799866,456.269989,453.5,454.9299927,438.7354126,62115000
SPY,11/29/2023,457.1499939,458.3200073,454.2000122,454.6099854,438.4268188,63146000
SPY,11/30/2023,455.480011,456.7600098,453.3399963,456.3999939,440.1530762,79752700
SPY,12/1/2023,455.769989,459.6499939,455.1600037,459.1000061,442.7570496,89183400
SPY,12/4/2023,455.6000061,459.1199951,454.3399963,456.6900024,440.4327698,72430900
SPY,12/5/2023,455.2600098,457.5899963,454.8699951,456.6000061,440.3459778,69793500
SPY,12/6/2023,458.8099976,458.8399963,454.3099976,454.7600098,438.5715332,69124700
SPY,12/7/2023,456.9100037,458.8999939,456.2900085,458.230011,441.9179993,66995400
SPY,12/8/2023,457.4599915,460.75,457.2099915,460.2000122,443.8177795,83194400
SPY,12/11/2023,459.6900024,462.1700134,459.4700012,461.9899902,445.5440674,65002200
SPY,12/12/2023,461.6300049,464.2000122,460.6000061,464.1000061,447.57901,68327600
SPY,12/13/2023,464.4899902,470.7600098,464.1199951,470.5,453.7511902,93278000
SPY,12/14/2023,472.5,473.730011,469.25,472.0100098,455.2074585,119026000
SPY,12/15/2023,469.4899902,470.7000122,467.4299927,469.3299866,454.4579468,141553700
SPY,12/18/2023,470.980011,472.980011,469.8900146,471.9700012,457.0142822,70375300
SPY,12/19/2023,472.5299988,474.9200134,472.4500122,474.8399963,459.793335,55761800
SPY,12/20/2023,473.9599915,475.8999939,467.8200073,468.2600098,453.421814,102921000
SPY,12/21/2023,471.3299866,472.980011,468.8399963,472.7000122,457.7211304,86667500
SPY,12/22/2023,473.8599854,475.3800049,471.7000122,473.6499939,458.6410522,67160400
SPY,12/26/2023,474.0700073,476.5799866,473.9899902,475.6499939,460.5776062,55387000
SPY,12/27/2023,475.4400024,476.6600037,474.8900146,476.5100098,461.4104004,68000300
SPY,12/28/2023,476.8800049,477.5499878,476.2600098,476.6900024,461.5846863,77158100
SPY,12/29/2023,476.4899902,477.0299988,473.2999878,475.3099976,460.2484131,122283100
SPY,1/2/2024,472.1600037,473.6700134,470.4899902,472.6499939,457.672699,123623700
SPY,1/3/2024,470.4299927,471.1900024,468.1700134,468.7900085,453.9350586,103585900
SPY,1/4/2024,468.2999878,470.9599915,467.0499878,467.2799988,452.4728699,84232200
SPY,1/5/2024,467.4899902,470.4400024,466.4299927,467.9200134,453.0926208,86118900
SPY,1/8/2024,468.4299927,474.75,468.2999878,474.6000061,459.5609436,74879100
SPY,1/9/2024,471.8699951,474.9299927,471.3500061,473.8800049,458.8637695,65931400
SPY,1/10/2024,474.1600037,477.4500122,473.8699951,476.5599976,461.4588013,67310600
SPY,1/11/2024,477.5899963,478.1199951,472.2600098,476.3500061,461.2554932,77940700
SPY,1/12/2024,477.8399963,478.6000061,475.230011,476.6799927,461.5749817,58026400
SPY,1/16/2024,475.2600098,476.6099854,473.0599976,474.9299927,459.8804321,85014900
SPY,1/17/2024,471.8200073,472.7900085,469.8699951,472.2900085,457.3241577,68843900
SPY,1/18/2024,474.0100098,477.0599976,472.4200134,476.4899902,461.3910217,91856200
SPY,1/19/2024,477.6499939,482.7200012,476.5400085,482.4299927,467.1427612,110834500
SPY,1/22/2024,484.0100098,485.2200012,482.7799988,483.4500122,468.1304932,75844900
SPY,1/23/2024,484.0100098,485.1099854,482.8900146,484.8599854,469.4957275,49945300
SPY,1/24/2024,487.8099976,488.769989,484.8800049,485.3900146,470.0090942,81765000
SPY,1/25/2024,487.5799866,488.3099976,485.3900146,488.0299988,472.5653381,72525000
SPY,1/26/2024,487.5899963,489.1199951,486.5400085,487.4100037,471.9649963,76641600
SPY,1/29/2024,487.730011,491.4200134,487.1700134,491.269989,475.7026978,61322800
SPY,1/30/2024,490.5599976,491.6199951,490.1099854,490.8900146,475.3347168,58618400
SPY,1/31/2024,488.6199951,489.0799866,482.8599854,482.8800049,467.5786133,126011100
SPY,2/1/2024,484.6300049,489.230011,483.7999878,489.2000122,473.6983032,91891600
SPY,2/2/2024,489.6499939,496.0499878,489.2999878,494.3500061,478.6851196,99228200
SPY,2/5/2024,493.7000122,494.3800049,490.230011,492.5499878,476.9421082,75757100
SPY,2/6/2024,493.519989,494.3200073,492.0499878,493.980011,478.3268433,55918600
SPY,2/7/2024,496.2900085,498.5299988,495.3599854,498.1000061,482.3162842,70556500
SPY,2/8/2024,498.1000061,498.7099915,497.2600098,498.3200073,482.5292969,52343600
SPY,2/9/2024,498.8399963,501.6499939,498.4899902,501.2000122,485.3180542,63979400
SPY,2/12/2024,501.1700134,503.5,500.2399902,500.980011,485.1050415,56502300
SPY,2/13/2024,494.5299988,497.0899963,490.7200012,494.0799866,478.423645,113099200
SPY,2/14/2024,496.7900085,499.0700073,494.3999939,498.5700073,482.7713928,68387800
SPY,2/15/2024,499.2900085,502.2000122,498.7999878,502.0100098,486.102417,61683000
SPY,2/16/2024,501.7000122,502.8699951,498.75,499.5100098,483.6816406,75532900
SPY,2/20/2024,497.7200012,498.4100037,494.4500122,496.7600098,481.0187073,71736700
SPY,2/21/2024,495.4200134,497.3699951,493.5599976,497.2099915,481.4544678,59293400
SPY,2/22/2024,504.0100098,508.4899902,503.019989,507.5,491.4184265,76402500
SPY,2/23/2024,509.269989,510.1300049,507.1000061,507.8500061,491.7573242,61321800
SPY,2/26/2024,508.2999878,508.75,505.8599854,505.9899902,489.9562683,50386700
SPY,2/27/2024,506.7000122,507.1600037,504.75,506.9299927,490.8664551,48854500
SPY,2/28/2024,505.3299866,506.8599854,504.9599915,506.2600098,490.2176514,56506600
SPY,2/29/2024,508.0700073,509.7399902,505.3500061,508.0799866,491.9799805,83924800
SPY,3/1/2024,508.980011,513.289978,508.5599976,512.8499756,496.598938,76844800
SPY,3/4/2024,512.0300293,514.2000122,512,512.2999878,496.0662231,49799300
SPY,3/5/2024,510.2399902,510.7000122,504.9100037,507.1799927,491.108551,72855600
SPY,3/6/2024,510.5499878,512.0700073,508.4200134,509.75,493.5970459,68382400
SPY,3/7/2024,513.1400146,515.8900146,509.8099976,514.8099976,498.4967651,58652100
SPY,3/8/2024,515.460022,518.2199707,511.1300049,511.7200012,495.5046997,86532500
SPY,3/11/2024,510.480011,511.8800049,508.5,511.2799988,495.0786438,62557200
SPY,3/12/2024,513.4500122,517.3800049,510.8599854,516.7800293,500.4043884,73114400
SPY,3/13/2024,517.1099854,517.289978,514.4899902,515.9699707,499.6199646,55104100
SPY,3/14/2024,516.9699707,517.1300049,511.8200073,514.9500122,498.6323853,110171800
SPY,3/15/2024,510.2099915,511.7000122,508.1199951,509.8299866,495.208374,107646300
SPY,3/18/2024,514,515.4799805,512.4400024,512.8599854,498.1514893,88893300
SPY,3/19/2024,512.1500244,516,511.1199951,515.710022,500.9197998,60755300
SPY,3/20/2024,515.7700195,520.6199951,515.0800171,520.4799805,505.553009,69594600
SPY,3/21/2024,523.3900146,524.1099854,521.9099731,522.2000122,507.2236328,60256100
SPY,3/22/2024,522.1099854,522.6099854,520.9699707,521.210022,506.262085,79070800
SPY,3/25/2024,519.7999878,520.9500122,519.6099854,519.7700195,504.8633728,48512100
SPY,3/26/2024,521.2299805,521.5800171,518.4000244,518.8099976,503.9308472,65463700
SPY,3/27/2024,521.710022,523.210022,519.4899902,523.1699829,508.165863,82999800
SPY,3/28/2024,523.210022,524.6099854,522.7800293,523.0700073,508.0686951,96294900
SPY,4/1/2024,523.8300171,524.3800049,520.9699707,522.1599731,507.1847534,62477500
SPY,4/2/2024,518.2399902,518.9799805,516.4799805,518.8400269,503.960083,74230300
SPY,4/3/2024,517.7199707,520.9500122,517.6699829,519.4099731,504.5136108,59155800
SPY,4/4/2024,523.5200195,523.8699951,512.7600098,513.0700073,498.3554993,96858100
SPY,4/5/2024,514.460022,520.4400024,514.0100098,518.4299927,503.5617371,74546500
SPY,4/8/2024,519.1500244,520.1799927,517.8900146,518.7199707,503.8435059,48401800
SPY,4/9/2024,520.5,520.75,514.3499756,519.3200073,504.4263,68049200
SPY,4/10/2024,513.4799805,516.1599731,512.0900269,514.1199951,499.3753662,82652800
SPY,4/11/2024,515.6799927,519.4799805,512.0800171,518,503.144165,70099000
SPY,4/12/2024,514.3699951,515.8200073,509.0799866,510.8500061,496.1991577,92561100
SPY,4/15/2024,515.1300049,515.2999878,503.5799866,504.4500122,489.9827271,92101400
SPY,4/16/2024,504.9400024,506.5,502.2099915,503.5299988,489.0891418,73484000
SPY,4/17/2024,506.0499878,506.2200012,499.1199951,500.5499878,486.1945801,75910300
SPY,4/18/2024,501.980011,504.1300049,498.5599976,499.519989,485.1941223,74548100
SPY,4/19/2024,499.4400024,500.4599915,493.8599854,495.1600037,480.9591675,102212600
SPY,4/22/2024,497.8299866,502.3800049,495.4299927,499.7200012,485.3883667,67961000
SPY,4/23/2024,501.7799988,506.0899963,499.5299988,505.6499939,491.1482849,64633600
SPY,4/24/2024,506.5599976,507.3699951,503.1300049,505.4100037,490.9151611,55928100
SPY,4/25/2024,499.1799927,504.269989,497.4899902,503.4899902,489.050293,69122400
SPY,4/26/2024,506.3500061,509.8800049,505.7000122,508.2600098,493.6834717,64306100
SPY,4/29/2024,510.0899963,510.75,507.25,510.0599976,495.4318237,46415400
SPY,4/30/2024,508.5599976,509.5599976,501.980011,501.980011,487.5835571,77483600
SPY,5/1/2024,501.3800049,508.1900024,499.8699951,500.3500061,486.0002747,80242800
SPY,5/2/2024,504.1499939,505.8900146,499.5499878,505.0299988,490.5461121,62550200
SPY,5/3/2024,511.1600037,512.5499878,508.5599976,511.2900085,496.6265259,72756700
SPY,5/6/2024,513.75,516.6099854,513.2999878,516.5700073,501.7551575,47264700
SPY,5/7/2024,517.5599976,518.5700073,516.4500122,517.1400146,502.3087769,52561300
SPY,5/8/2024,515.2600098,517.7399902,515.1400146,517.1900024,502.3573914,42047200
SPY,5/9/2024,517.3800049,520.210022,516.710022,520.1699829,505.2518616,43643700
SPY,5/10/2024,521.8099976,522.6400146,519.5900269,520.8400269,505.9027405,52233200
SPY,5/13/2024,522.5599976,522.6699829,519.7399902,520.9099731,505.9706116,36716400
SPY,5/14/2024,521.1099854,523.8300171,520.5599976,523.2999878,508.2920837,57535900
SPY,5/15/2024,525.8300171,530.0800171,525.1799927,529.7800293,514.5863037,59504900
SPY,5/16/2024,529.8800049,531.5200195,528.539978,528.6900024,513.5274658,50244800
SPY,5/17/2024,528.8099976,529.5200195,527.3200073,529.4500122,514.2657471,59187600
SPY,5/20/2024,529.5700073,531.5599976,529.1699829,530.0599976,514.8581543,37764200
SPY,5/21/2024,529.2800293,531.5200195,529.0700073,531.3599854,516.1209717,33437000
SPY,5/22/2024,530.6500244,531.3800049,527.5999756,529.8300171,514.6347656,48390000
SPY,5/23/2024,532.960022,533.0700073,524.7199707,525.960022,510.875885,57211200
SPY,5/24/2024,527.8499756,530.2700195,526.8800049,529.4400024,514.2560425,41291100
SPY,5/28/2024,530.2700195,530.5100098,527.1099854,529.8099976,514.6152954,36269600
SPY,5/29/2024,525.6799927,527.3099976,525.3699951,526.0999756,511.0118408,45190300
SPY,5/30/2024,524.5200195,525.2000122,521.3300171,522.6099854,507.6218567,46377600
SPY,5/31/2024,523.5900269,527.5,518.3599854,527.3699951,512.2454224,90785800
SPY,6/3/2024,529.0200195,529.3099976,522.5999756,527.7999878,512.6630859,46835700
SPY,6/4/2024,526.460022,529.1500244,524.960022,528.3900146,513.236084,34632700
SPY,6/5/2024,530.7700195,534.6900024,528.7299805,534.6699829,519.3359375,47610400
SPY,6/6/2024,534.9799805,535.4199829,532.6799927,534.6599731,519.326355,30808500
SPY,6/7/2024,533.6599731,536.8900146,532.539978,534.0100098,518.6950684,43224500
SPY,6/10/2024,533.1799927,535.9899902,532.5700073,535.6599731,520.2976685,35686100
SPY,6/11/2024,534.0700073,537.0100098,532.0499878,536.9500122,521.5505981,36383400
SPY,6/12/2024,541.6300049,544.1199951,540.2999878,541.3599854,525.8342285,63251300
SPY,6/13/2024,543.1500244,543.3300171,539.5900269,542.4500122,526.8929443,44760900
SPY,6/14/2024,540.8800049,542.8099976,539.8499756,542.7800293,527.213501,40089900
SPY,6/17/2024,542.0800171,548.5300293,541.6099854,547.0999756,531.4095459,55839500
SPY,6/18/2024,547.1599731,548.6199951,546.7299805,548.4899902,532.7595825,41376400
SPY,6/20/2024,549.4400024,550.1199951,545.1799927,547,531.312439,70328200
SPY,6/21/2024,544.4000244,545.6500244,543.0200195,544.5100098,530.6001587,64338600
SPY,6/24/2024,544.3300171,546.9500122,542.6199951,542.7399902,528.8753052,45528700
SPY,6/25/2024,543.9899902,545.2000122,542.4400024,544.8300171,530.9119873,37936200
SPY,6/26/2024,543.6900024,546.2399902,543.0300293,545.5100098,531.574585,38550600
SPY,6/27/2024,545.3699951,546.960022,544.6099854,546.3699951,532.4125977,35041500
SPY,6/28/2024,547.1599731,550.2800293,542.9500122,544.2199707,530.3175049,76144500
SPY,7/1/2024,545.6300049,545.8800049,542.5200195,545.3400269,531.4089355,40297800
SPY,7/2/2024,543.7000122,549.0100098,543.6500244,549.0100098,534.9851685,40434800
SPY,7/3/2024,548.6900024,551.8300171,548.6500244,551.460022,537.3726196,32789900
SPY,7/5/2024,551.7700195,555.0499878,551.1199951,554.6400146,540.4713135,41488400
SPY,7/8/2024,555.4400024,556.25,554.1900024,555.2800293,541.0950317,36110500
SPY,7/9/2024,556.2600098,557.1799927,555.5200195,555.8200073,541.6212158,27289700
SPY,7/10/2024,557.0700073,561.6699829,556.7700195,561.3200073,546.9807129,38701200
SPY,7/11/2024,561.4400024,562.3300171,555.8300171,556.4799805,542.2642822,53054200
SPY,7/12/2024,557.6300049,563.6699829,557.1500244,559.9899902,545.6845703,53084400
SPY,7/15/2024,562.0300293,564.8400269,559.6300049,561.5300293,547.1854248,40584300
SPY,7/16/2024,562.8699951,565.1599731,562.0999756,564.8599854,550.4302368,36475300
SPY,7/17/2024,558.7999878,560.5100098,556.6099854,556.9400024,542.7125244,57119000
SPY,7/18/2024,558.5100098,559.5200195,550.4299927,552.6599731,538.5418701,56270400
SPY,7/19/2024,552.4199829,554.0800171,547.9099731,548.9899902,534.9656982,65509100
SPY,7/22/2024,553,555.2700195,551.0200195,554.6500244,540.4812012,43346700
SPY,7/23/2024,554.539978,556.7399902,553.2800293,553.7800293,539.6331787,34439600
SPY,7/24/2024,548.8599854,549.1699829,540.289978,541.2299805,527.4038696,74515300
SPY,7/25/2024,541.3499756,547.460022,537.4500122,538.4099731,524.6558838,61158300
SPY,7/26/2024,542.2800293,547.1900024,541.4899902,544.4400024,530.5319214,53763800
SPY,7/29/2024,546.0200195,547.0499878,542.7199707,544.7600098,530.843689,39515800
SPY,7/30/2024,546.2600098,547.3400269,538.5200195,542,528.1541748,46853600
SPY,7/31/2024,548.9799805,553.5,547.5800171,550.8099976,536.7391968,65663400
SPY,8/1/2024,552.5700073,554.8699951,539.4299927,543.0100098,529.1384277,76428700
SPY,8/2/2024,535.75,536.9899902,528.5999756,532.9000244,519.2866211,82789100
SPY,8/5/2024,511.6400146,523.5800171,510.269989,517.3800049,504.163147,146267400
SPY,8/6/2024,519.2199707,529.75,517.8699951,522.1500244,508.8113708,84826300
SPY,8/7/2024,528.4699707,531.5900269,518.0499878,518.6599731,505.4104004,70698300
SPY,8/8/2024,523.9099731,531.289978,521.8400269,530.6500244,517.0941772,63276600
SPY,8/9/2024,529.8099976,534.5100098,528.5599976,532.9899902,519.3743896,45619600
SPY,8/12/2024,534.210022,535.7299805,530.9500122,533.2700195,519.6472778,42542100
SPY,8/13/2024,536.5300293,542.2800293,536.2800293,542.039978,528.1931763,52333100
SPY,8/14/2024,542.8499756,544.960022,540.1199951,543.75,529.8595581,42446900
SPY,8/15/2024,549.5,553.3599854,548.8800049,553.0700073,538.9414063,60846800
SPY,8/16/2024,551.4199829,555.0200195,551.2600098,554.3099976,540.1497192,44430700
SPY,8/19/2024,554.7299805,559.6099854,553.8599854,559.6099854,545.3143311,39121800
SPY,8/20/2024,559.1500244,560.8400269,557.3300171,558.7000122,544.4276733,33732300
SPY,8/21/2024,559.7700195,562.1099854,554.7299805,560.6199951,546.2985229,41514600
SPY,8/22/2024,562.5599976,563.1799927,554.9799805,556.2199707,542.0108643,56121500
SPY,8/23/2024,559.5300293,563.0900269,557.289978,562.1300049,547.7698975,50639400
SPY,8/26/2024,563.1799927,563.9099731,559.0499878,560.789978,546.4642334,35788600
SPY,8/27/2024,559.4899902,562.0599976,558.3200073,561.5599976,547.2144775,32693900
SPY,8/28/2024,561.210022,561.6500244,555.039978,558.2999878,544.0378418,41066000
SPY,8/29/2024,560.3099976,563.6799927,557.1799927,558.3499756,544.0864868,38715200
SPY,8/30/2024,560.7700195,564.2000122,557.1400146,563.6799927,549.2803345,62700100
SPY,9/3/2024,560.4699707,560.8099976,549.5100098,552.0800171,537.9766846,60600100
SPY,9/4/2024,550.2000122,554.4299927,549.460022,550.9500122,536.8756104,47224900
SPY,9/5/2024,550.8900146,553.7999878,547.0999756,549.6099854,535.5697632,44264300
SPY,9/6/2024,549.9400024,551.5999756,539.4400024,540.3599854,526.5561523,68493800
SPY,9/9/2024,544.6500244,547.710022,542.6799927,546.4099731,532.451416,40445800
SPY,9/10/2024,548.3599854,549.1500244,543.3800049,548.789978,534.770813,36394600
SPY,9/11/2024,548.7000122,555.3599854,539.960022,554.4199829,540.256897,75248600
SPY,9/12/2024,555.0100098,559.4000244,552.7399902,559.0900269,544.8076782,51819600
SPY,9/13/2024,559.710022,563.0300293,559.4500122,562.0100098,547.6530762,39310500
SPY,9/16/2024,561.7399902,563.1099854,559.9000244,562.8400269,548.461853,36656100
SPY,9/17/2024,565.0999756,566.5800171,560.789978,563.0700073,548.6859741,49321000
SPY,9/18/2024,563.7399902,568.6900024,560.8300171,561.4000244,547.0586548,59044900
SPY,9/19/2024,571.0100098,572.8800049,568.0800171,570.9799805,556.3939209,75315500
SPY,9/20/2024,567.8400269,569.3099976,565.1699829,568.25,555.4321289,77503100
SPY,9/23/2024,569.3400269,570.3300171,568.0999756,569.6699829,556.8200684,44116900
SPY,9/24/2024,570.4799805,571.3599854,567.5999756,571.2999878,558.4133301,46805700
SPY,9/25/2024,571.1400146,571.8900146,568.9099731,570.039978,557.1816406,38428600
SPY,9/26/2024,574.3800049,574.710022,569.9000244,572.2999878,559.3907471,48336000
SPY,9/27/2024,573.3900146,574.2199707,570.4199829,571.4699707,558.5795288,42100900
SPY,9/30/2024,570.4199829,574.3800049,568.0800171,573.7600098,560.8178101,63557400
SPY,10/1/2024,573.4000244,574.0599976,566,568.6199951,555.7937622,72668800
SPY,10/2/2024,567.710022,569.9000244,565.2700195,568.8599854,556.0283203,38097800
SPY,10/3/2024,567.3599854,569.7999878,565.4899902,567.8200073,555.0118408,40846500
SPY,10/4/2024,572.3499756,573.3599854,568.0999756,572.9799805,560.0554199,42939100
SPY,10/7/2024,571.2999878,571.960022,566.6300049,567.7999878,554.9922485,49964700
SPY,10/8/2024,570.4199829,573.7800293,569.5300293,573.1699829,560.2410278,37398700
SPY,10/9/2024,573.1599731,577.710022,572.5499878,577.1400146,564.121582,37912200
SPY,10/10/2024,575.7700195,577.5800171,574.4899902,576.1300049,563.1343384,44138100
SPY,10/11/2024,576.0499878,580.3300171,575.9099731,579.5800171,566.5065308,42268000
SPY,10/14/2024,581.2199707,585.2700195,580.7299805,584.3200073,571.1396484,36217200
SPY,10/15/2024,584.5900269,584.9000244,578.539978,579.7800293,566.7020264,54203600
SPY,10/16/2024,579.7800293,582.8300171,578.960022,582.2999878,569.1651611,30725400
SPY,10/17/2024,585.9099731,586.1199951,582.1599731,582.3499756,569.2140503,34393700
SPY,10/18/2024,584.0700073,585.3900146,582.5800171,584.5900269,571.4036255,37416800
SPY,10/21/2024,583.8499756,584.8499756,580.5999756,583.6300049,570.4650879,36439000
SPY,10/22/2024,581.0499878,584.5,580.3800049,583.3200073,570.1621704,34183800
SPY,10/23/2024,581.2600098,581.710022,574.4199829,577.9899902,564.9523926,49314600
SPY,10/24/2024,579.9799805,580.0599976,576.5700073,579.2399902,566.1741333,34979900
SPY,10/25/2024,581.5100098,584.460022,578.0800171,579.039978,565.9786377,47268200
SPY,10/28/2024,582.5800171,582.710022,580.5200195,580.8300171,567.7283936,30174700
SPY,10/29/2024,579.8499756,582.9099731,578.4299927,581.7700195,568.6471558,42899700
SPY,10/30/2024,581.289978,583.3200073,579.289978,580.0100098,566.9268188,41435800
SPY,10/31/2024,575.5599976,575.6300049,568.4400024,568.6400146,555.8133545,60182500
SPY,11/1/2024,571.3200073,575.5499878,570.6199951,571.039978,558.1591187,45667500
SPY,11/4/2024,571.1799927,572.5,567.8900146,569.8099976,556.9567871,38217000
SPY,11/5/2024,570.7399902,576.7399902,570.5200195,576.7000122,563.6915894,39478300
SPY,11/6/2024,589.2000122,591.9299927,585.3900146,591.039978,577.7080688,68182000
SPY,11/7/2024,593.0800171,596.6500244,593,595.6099854,582.1749268,47233200
SPY,11/8/2024,596.1699829,599.6400146,596.1699829,598.1900024,584.6967163,46444900
SPY,11/11/2024,599.8099976,600.1699829,597,598.7600098,585.2539673,37586800
SPY,11/12/2024,598.6799927,599.289978,594.3699951,596.9000244,583.4358521,43006100
SPY,11/13/2024,597.3699951,599.2299805,594.960022,597.1900024,583.7192383,47388600
SPY,11/14/2024,597.3200073,597.8099976,592.6500244,593.3499756,579.9659424,38904100
SPY,11/15/2024,589.7199707,590.2000122,583.8599854,585.75,572.5374146,75988800
SPY,11/18/2024,586.2199707,589.4899902,585.3400269,588.1500244,574.8833008,37001700
SPY,11/19/2024,584.710022,591.039978,584.0300293,590.2999878,576.9846802,49412000
SPY,11/20/2024,590.3800049,590.789978,584.6300049,590.5,577.1802368,50032600
SPY,11/21/2024,593.4000244,595.1199951,587.4500122,593.6699829,580.2787476,46750300
SPY,11/22/2024,593.6599731,596.1500244,593.1500244,595.5100098,582.0772705,38226400
SPY,11/25/2024,599.5200195,600.8599854,595.2000122,597.5300293,584.0516357,42441400
SPY,11/26/2024,598.7999878,601.3300171,598.0700073,600.6500244,587.1012573,45621300
SPY,11/27/2024,600.460022,600.8499756,597.2800293,598.8300171,585.3223267,34000200
SPY,11/29/2024,599.6599731,603.3499756,599.3800049,602.5499878,588.958374,30177400
SPY,12/2/2024,602.9699707,604.3200073,602.4699707,603.6300049,590.0139771,31746000
SPY,12/3/2024,603.3900146,604.1599731,602.3400269,603.9099731,590.2876587,26906600
SPY,12/4/2024,605.6300049,607.9099731,604.9500122,607.6599731,593.953125,42787600
SPY,12/5/2024,607.6599731,608.4799805,606.2999878,606.6599731,592.975708,28762200
SPY,12/6/2024,607.4400024,609.0700073,607.0200195,607.8099976,594.0997925,31241500
SPY,12/9/2024,607.6900024,607.8599854,604.0800171,604.6799927,591.0404053,34742700
SPY,12/10/2024,605.3699951,605.7999878,602.1300049,602.7999878,589.2028198,37234500
SPY,12/11/2024,605.7800293,608.4299927,605.5,607.460022,593.7577515,28677700
SPY,12/12/2024,606.5800171,607.1599731,604.3300171,604.3300171,590.6982422,31543800
SPY,12/13/2024,606.4000244,607.1300049,602.8099976,604.210022,590.5809937,35904700
SPY,12/16/2024,606,607.7800293,605.210022,606.789978,593.1026611,43695200
SPY,12/17/2024,604.1900024,605.1699829,602.8900146,604.289978,590.6590576,55773500
SPY,12/18/2024,603.9799805,606.4099731,585.8900146,586.2800293,573.055481,108248700
SPY,12/19/2024,591.3599854,593,585.8499756,586.0999756,572.8794556,85919500
SPY,12/20/2024,581.7700195,595.75,580.9099731,591.1500244,579.7603149,125716700
SPY,12/23/2024,590.8900146,595.2999878,587.6599731,594.6900024,583.2320557,57635800
SPY,12/24/2024,596.0599976,601.3400269,595.4699707,601.2999878,589.7147217,33160100
SPY,12/26/2024,599.5,602.4799805,598.0800171,601.3400269,589.7539673,41219100
SPY,12/27/2024,597.539978,597.7800293,590.7600098,595.0100098,583.5458984,64969300
SPY,12/30/2024,587.8900146,591.7399902,584.4099731,588.2199707,576.8867188,56578800
SPY,12/31/2024,589.9099731,590.6400146,584.4199829,586.0800171,574.7879639,57052700
SPY,1/2/2025,589.3900146,591.1300049,580.5,584.6400146,573.3756714,50204000
SPY,1/3/2025,587.5300293,592.5999756,586.4299927,591.9500122,580.5449219,37888500
SPY,1/6/2025,596.2700195,599.7000122,593.5999756,595.3599854,583.8891602,47679400
SPY,1/7/2025,597.4199829,597.75,586.7800293,588.6300049,577.2889404,60393100
SPY,1/8/2025,588.7000122,590.5800171,585.2000122,589.4899902,578.1322021,47304700
SPY,1/10/2025,585.8800049,585.9500122,578.5499878,580.4899902,569.305542,73105000
SPY,1/13/2025,575.7700195,581.75,575.3499756,581.3900146,570.1882935,47910100
SPY,1/14/2025,584.3599854,585,578.3499756,582.1900024,570.9729004,48420600
SPY,1/15/2025,590.3300171,593.9400024,589.2000122,592.7800293,581.3589478,56900200
SPY,1/16/2025,594.1699829,594.3499756,590.9299927,591.6400146,580.2408447,43319700
SPY,1/17/2025,596.960022,599.3599854,595.6099854,597.5800171,586.0664673,58070600
SPY,1/21/2025,600.6699829,603.0599976,598.6699829,603.0499878,591.4310913,42532900
SPY,1/22/2025,605.9199829,607.8200073,605.3599854,606.4400024,594.7557373,48196000
SPY,1/23/2025,605.7999878,609.75,605.5200195,609.75,598.0019531,41152100
SPY,1/24/2025,609.8099976,610.7800293,606.7999878,607.9699707,596.2561646,34604700
SPY,1/27/2025,594.8099976,599.6900024,594.6400146,599.3699951,587.8218994,70361100
SPY,1/28/2025,600.6199951,605.3699951,597.25,604.5200195,592.8727417,44433300
SPY,1/29/2025,603.7199707,604.1300049,599.2199707,601.8099976,590.2148438,37177400
SPY,1/30/2025,603.960022,606.5999756,600.7199707,605.039978,593.3826904,39281300
SPY,1/31/2025,607.5,609.960022,601.0499878,601.8200073,590.2246704,66566900
SPY,2/3/2025,592.6699829,600.289978,590.4899902,597.7700195,586.2526855,65857200
SPY,2/4/2025,597.8300171,602.2999878,597.2800293,601.7800293,590.1854858,33457800
SPY,2/5/2025,600.6400146,604.3699951,598.5800171,604.2199707,592.5783691,30653100
SPY,2/6/2025,605.9899902,606.4500122,602.6300049,606.3200073,594.6379395,35771500
SPY,2/7/2025,606.8900146,608.1300049,600.0499878,600.7700195,589.1949463,50788500
SPY,2/10/2025,604.0300293,605.5,602.7399902,604.8499756,593.1962891,26048700
SPY,2/11/2025,602.5499878,605.8599854,602.4299927,605.3099976,593.6474609,30056700
SPY,2/12/2025,599.2000122,604.5499878,598.5100098,603.3599854,591.7350464,45076100
SPY,2/13/2025,604.4799805,609.9400024,603.2000122,609.7299805,597.9822388,40921300
SPY,2/14/2025,609.9400024,610.9899902,609.0700073,609.7000122,597.9529419,26910400
SPY,2/18/2025,610.8800049,611.4899902,608.3800049,611.4899902,599.7084351,26749000
SPY,2/19/2025,610.0800171,613.2299805,609.5599976,612.9299927,601.1204834,31011100
SPY,2/20/2025,611.539978,611.6799927,607.0200195,610.3800049,598.619751,36554000
SPY,2/21/2025,610.1599731,610.2999878,599.4699707,599.9400024,588.3808594,76519800
SPY,2/24/2025,602.0200195,603.0300293,596.4899902,597.210022,585.7034912,50737200
SPY,2/25/2025,597.1500244,597.8900146,589.5599976,594.2399902,582.7907104,58266500
SPY,2/26/2025,595.9299927,599.5800171,591.8599854,594.539978,583.0848999,43321600
SPY,2/27/2025,596.8499756,598.0200195,584.6500244,585.0499878,573.777771,74196700
SPY,2/28/2025,585.5599976,594.7199707,582.4400024,594.1799927,582.7319336,88744100
SPY,3/3/2025,596.1799927,597.3400269,579.9000244,583.7700195,572.5224609,74249200
SPY,3/4/2025,579.710022,585.3900146,572.25,576.8599854,565.7456055,109648200
SPY,3/5/2025,576.6900024,584.8800049,573.0800171,583.0599976,571.8261719,71230500
SPY,3/6/2025,575.4799805,580.1699829,570.1199951,572.710022,561.6756592,80094900
SPY,3/7/2025,570.9000244,577.3900146,565.6300049,575.9199829,564.8236084,81158800
SPY,3/10/2025,567.5900269,569.539978,555.5900269,560.5800171,549.7792969,99326600
SPY,3/11/2025,559.4000244,564.0200195,552.0200195,555.9199829,545.2090454,88102100
SPY,3/12/2025,562.1699829,563.1099854,553.6900024,558.8699951,548.1022339,69588200
SPY,3/13/2025,558.4899902,559.1099854,549.6799927,551.4199829,540.7957764,74079400
SPY,3/14/2025,556.1099854,563.8300171,551.4899902,562.8099976,551.9662476,62660300
SPY,3/17/2025,562.789978,569.710022,562.3499756,567.1500244,556.2226563,49008700
SPY,3/18/2025,564.7999878,565.0200195,559.0599976,561.0200195,550.2107544,66041400
SPY,3/19/2025,562.8300171,570.9500122,561.6300049,567.1300049,556.203064,66556000
SPY,3/20/2025,563.3300171,570.5700073,562.5999756,565.4899902,554.5946655,62958200
SPY,3/21/2025,559.2800293,564.8900146,558.0300293,563.9799805,554.7775879,83763000
SPY,3/24/2025,570.7999878,575.1500244,570.2000122,574.0800171,564.7128906,58766800
SPY,3/25/2025,575.2999878,576.4099731,573.6900024,575.460022,566.0703125,38355700
SPY,3/26/2025,575.1900024,576.3300171,567.1900024,568.5900269,559.3125,51848300
SPY,3/27/2025,567.1799927,570.9000244,564.9400024,567.0800171,557.8271484,42164200
SPY,3/28/2025,565.5300293,566.2700195,555.0700073,555.6599731,546.5933228,71662700
SPY,3/31/2025,549.8300171,560.710022,546.8699951,559.3900146,550.2626343,95328200
SPY,4/1/2025,557.4500122,562.9400024,553.6799927,560.9699707,551.8167114,54609600
SPY,4/2/2025,555.0499878,567.4199829,554.8099976,564.5200195,555.3088379,76014500
SPY,4/3/2025,545.1099854,547.9699707,536.7000122,536.7000122,527.942749,125986000
SPY,4/4/2025,523.6699829,525.8699951,505.0599976,505.2799988,497.0354309,217965100
SPY,4/7/2025,489.1900024,523.1699829,481.7999878,504.3800049,496.1501465,256611400
SPY,4/8/2025,521.8599854,524.9799805,489.1600037,496.480011,488.3790283,165816600
SPY,4/9/2025,493.4400024,548.6199951,493.0499878,548.6199951,539.668335,241867300
SPY,4/10/2025,532.1699829,533.5,509.3200073,524.5800171,516.0205688,162331200
SPY,4/11/2025,523.0100098,536.4299927,520.0700073,533.9400024,525.2277222,97866300
SPY,4/14/2025,544.0499878,544.2800293,533.8599854,539.1199951,530.3232422,68034000
SPY,4/15/2025,539.6699829,543.2299805,536.8099976,537.6099854,528.8378906,56892900
SPY,4/16/2025,531.6799927,537.8900146,520.289978,525.6599731,517.0828857,83484800
SPY,4/17/2025,527.6400146,531.1699829,523.9099731,526.4099731,517.8206177,79868100
SPY,4/21/2025,521.1599731,521.7000122,508.4599915,513.8800049,505.4951477,69368100
SPY,4/22/2025,520.1400146,529.2999878,519.1900024,527.25,518.6469727,75948100
SPY,4/23/2025,540.4299927,545.4299927,533.8800049,535.4199829,526.6837158,90590700
SPY,4/24/2025,536.7199707,547.4299927,535.4500122,546.6900024,537.7697754,64150400
SPY,4/25/2025,546.6500244,551.0499878,543.6900024,550.6400146,541.6553345,61119600
SPY,4/28/2025,551.3900146,553.5499878,545.0200195,550.8499756,541.8618774,47613800
SPY,4/29/2025,548.9099731,555.4500122,548.5499878,554.3200073,545.2753296,47775100
SPY,4/30/2025,547.5700073,556.5200195,541.5200195,554.539978,545.4916382,93101500
SPY,5/1/2025,560.3699951,564.0700073,557.8599854,558.4699707,549.3574219,63186100
SPY,5/2/2025,564.7299805,568.3800049,562.3800049,566.7600098,557.5122681,60717300
SPY,5/5/2025,562.5700073,566.6500244,561.7000122,563.5100098,554.3153076,38659200
SPY,5/6/2025,557.9299927,563.3499756,556.960022,558.7999878,549.6821899,48264700
SPY,5/7/2025,560.1500244,563.8200073,556.039978,561.1500244,551.9938965,55588000
SPY,5/8/2025,565.2399902,570.3099976,561.7000122,565.0599976,555.8399658,65130800
SPY,5/9/2025,566.4799805,567.5,562.7600098,564.3400269,555.1318359,37603400
SPY,5/12/2025,581.4699707,583,577.039978,582.9899902,573.477478,78993600
SPY,5/13/2025,583.4099731,589.0800171,582.8400269,586.8400269,577.2647095,67947200
SPY,5/14/2025,587.8099976,588.9799805,585.539978,587.5900269,578.0024414,66283500
SPY,5/15/2025,585.5599976,590.9699707,585.0999756,590.460022,580.8255615,71268100
SPY,5/16/2025,591.25,594.5,589.2800293,594.2000122,584.5045776,76052100
SPY,5/19/2025,588.0999756,595.539978,588.0999756,594.8499756,585.1438599,68168500
SPY,5/20/2025,593.0900269,594.0499878,589.5999756,592.8499756,583.1765137,60614500
SPY,5/21/2025,588.4400024,592.5800171,581.8200073,582.8599854,573.3495483,95197700
SPY,5/22/2025,582.6599731,586.6199951,581.4099731,583.0900269,573.5758057,70860400
SPY,5/23/2025,575.9799805,581.8099976,575.5999756,579.1099854,569.6607666,76029000
SPY,5/27/2025,586.0700073,591.3099976,578.4299927,591.1500244,581.5043335,72588500
SPY,5/28/2025,591.5599976,592.7700195,586.9899902,587.7299805,578.1400757,68445500
SPY,5/29/2025,593.0599976,593.2000122,586.0700073,590.0499878,580.4223022,69973300
SPY,5/30/2025,588.9299927,591.1300049,583.2399902,589.3900146,579.7729492,90601200
SPY,6/2/2025,587.7600098,592.789978,585.0599976,592.710022,583.0388794,61630500
SPY,6/3/2025,592.3400269,597.0800171,591.8499756,596.0900269,586.3636475,63606200
SPY,6/4/2025,596.960022,597.9500122,595.4899902,595.9299927,586.2062988,57314200
SPY,6/5/2025,597.6300049,599,591.0499878,593.0499878,583.373291,92278700
SPY,6/6/2025,598.6599731,600.8300171,596.8599854,599.1400146,589.3639526,66588700
SPY,6/9/2025,599.7199707,601.25,598.4899902,599.6799927,589.8951416,53016400
SPY,6/10/2025,600.2199707,603.4699707,599.0900269,603.0800171,593.2396851,66247000
SPY,6/11/2025,604.1900024,605.0599976,599.2700195,601.3599854,591.5477295,73658200
SPY,6/12/2025,600.0100098,603.75,599.5200195,603.75,593.8987427,64129000
SPY,6/13/2025,598.5,601.8499756,595.4799805,597,587.2589111,89506000
SPY,6/16/2025,600.4000244,604.4500122,600.2199707,602.6799927,592.8461914,79984100
SPY,6/17/2025,600.210022,601.75,596.7600098,597.5300293,587.7802734,82209400
SPY,6/18/2025,598.4400024,601.2199707,596.4699707,597.4400024,587.6917114,76605000
SPY,6/20/2025,598.3800049,599.460022,592.8599854,594.2800293,586.3114624,94051400
SPY,6/23/2025,595.039978,600.539978,591.8900146,600.1500244,592.1027222,87426000
SPY,6/24/2025,604.3300171,607.8499756,603.4099731,606.7800293,598.6437988,67735300
SPY,6/25/2025,607.9099731,608.6099854,605.539978,607.1199951,598.9793091,62114800
SPY,6/26/2025,608.9899902,612.3099976,608.3699951,611.8699951,603.6655884,78548400
SPY,6/27/2025,612.8800049,616.3900146,610.8300171,614.9099731,606.6647949,86258400
SPY,6/30/2025,617.3800049,619.2199707,615.039978,617.8499756,609.5654297,92502500
SPY,7/1/2025,616.3599854,618.8300171,615.5200195,617.6500244,609.368103,70030100
SPY,7/2/2025,617.2399902,620.4899902,616.6099854,620.4500122,612.1306152,66510400
SPY,7/3/2025,622.4500122,626.2800293,622.4299927,625.3400269,616.9549561,51065800
SPY,7/7/2025,623.3599854,624.0300293,617.8699951,620.6799927,612.3574219,74814500
SPY,7/8/2025,621.3499756,622.1099854,619.5200195,620.3400269,612.0220337,59024600
SPY,7/9/2025,622.7700195,624.7199707,620.9099731,624.0599976,615.6921387,66113300
SPY,7/10/2025,624.2000122,626.8699951,623.0100098,625.8200073,617.4285278,57529000
SPY,7/11/2025,622.7399902,624.8599854,621.5300293,623.6199951,615.2579956,63670200
SPY,7/14/2025,623.1599731,625.1599731,621.7999878,624.8099976,616.4321289,51898500
SPY,7/15/2025,627.5200195,627.8599854,622.0599976,622.1400146,613.7979126,74317300
SPY,7/16/2025,623.7399902,624.7299805,618.0499878,624.2199707,615.8499756,88987500
SPY,7/17/2025,624.4000244,628.4000244,624.1799927,628.039978,619.6187134,68885700
SPY,7/18/2025,629.2999878,629.4699707,626.460022,627.5800171,619.164917,65621600
SPY,7/21/2025,628.7700195,631.539978,628.3400269,628.7700195,620.3389893,63375000
SPY,7/22/2025,629.0999756,629.7299805,626.1900024,628.8599854,620.4277954,60046300
SPY,7/23/2025,631.5499878,634.210022,629.7299805,634.210022,625.7060547,70511000
SPY,7/24/2025,634.5999756,636.1500244,633.9899902,634.4199829,625.913147,71307100
SPY,7/25/2025,635.0900269,637.5800171,634.8400269,637.0999756,628.557251,56865400
SPY,7/28/2025,637.4799805,638.039978,635.539978,636.9400024,628.3994141,54917100
SPY,7/29/2025,638.3499756,638.6699829,634.3400269,635.2600098,626.7420044,60556300
SPY,7/30/2025,635.9199829,637.6799927,631.539978,634.460022,625.9526367,80418900
SPY,7/31/2025,639.460022,639.8499756,630.7700195,632.0800171,623.6045532,103385200
SPY,8/1/2025,626.2999878,626.3400269,619.289978,621.7199707,613.3834839,140103600
SPY,8/4/2025,625.6699829,631.2199707,625.5800171,631.1699829,622.7067261,73218000
SPY,8/5/2025,631.789978,632.6099854,627.039978,627.9699707,619.5496826,68051400
SPY,8/6/2025,629.0499878,633.4400024,628.1300049,632.7800293,624.2952271,64357500
SPY,8/7/2025,636.2399902,636.9799805,629.1099854,632.25,623.7722778,74205800
SPY,8/8/2025,634.0599976,637.6500244,633.7399902,637.1799927,628.6361694,64051600
SPY,8/11/2025,637.460022,638.9500122,634.6599731,635.9199829,627.3931274,58742300
SPY,8/12/2025,638.289978,642.8499756,636.789978,642.6900024,634.0723267,64730800
SPY,8/13/2025,644.9099731,646.1900024,642.6799927,644.8900146,636.2429199,60092800
SPY,8/14/2025,642.789978,645.6199951,642.3400269,644.9500122,636.302002,59327500
SPY,8/15/2025,645.9899902,646.0900269,642.5200195,643.4400024,634.8123169,68592500
SPY,8/18/2025,642.8599854,644,642.1799927,643.2999878,634.6740723,43804900
SPY,8/19/2025,643.1199951,644.1099854,638.4799805,639.8099976,631.230957,69750700
SPY,8/20/2025,639.4000244,639.6599731,632.9500122,638.1099854,629.5536499,88890300
SPY,8/21/2025,636.2800293,637.9699707,633.8099976,635.5499878,627.0281372,54805800
SPY,8/22/2025,637.7600098,646.5,637.25,645.3099976,636.6572266,84083200
SPY,8/25/2025,644.039978,645.289978,642.3499756,642.4699707,633.8552856,51274300
SPY,8/26/2025,642.2000122,645.5100098,641.5700073,645.1599731,636.5092163,51581600
SPY,8/27/2025,644.5700073,647.3699951,644.4199829,646.6300049,637.9595337,48341100
SPY,8/28/2025,647.2399902,649.4799805,645.3400269,648.9199829,640.218811,61519500
SPY,8/29/2025,647.4699707,647.8400269,643.1400146,645.0499878,636.4006348,74522200
SPY,9/2/2025,637.5,640.4899902,634.9199829,640.2700195,631.6848145,81983500
SPY,9/3/2025,642.6699829,644.210022,640.460022,643.7399902,635.1082764,70820900
SPY,9/4/2025,644.4199829,649.1500244,643.5100098,649.1199951,640.4161377,65219200
SPY,9/5/2025,651.4799805,652.210022,643.3300171,647.2399902,638.5612183,85178900
SPY,9/8/2025,648.6199951,649.8400269,647.2299805,648.8300171,640.1300049,63133100
SPY,9/9/2025,648.9699707,650.8599854,647.2199707,650.3300171,641.6098633,66133900
SPY,9/10/2025,653.6199951,654.5499878,650.6300049,652.210022,643.4646606,78034500
SPY,9/11/2025,654.1799927,658.3300171,653.5900269,657.6300049,648.8120117,69934400
SPY,9/12/2025,657.5999756,659.1099854,656.9000244,657.4099731,648.5948486,72780100
SPY,9/15/2025,659.6400146,661.039978,659.3400269,660.9099731,652.0480347,63772400
SPY,9/16/2025,661.4699707,661.7800293,659.210022,660,651.1501465,61169000
SPY,9/17/2025,660.0100098,661.7199707,654.2999878,659.1799927,650.3411865,101952200
SPY,9/18/2025,661.8900146,664.8900146,660.2700195,662.2600098,653.3799438,90459200
SPY,9/19/2025,662.3300171,664.5499878,660.3699951,663.7000122,656.6160278,97945600
SPY,9/22/2025,662.2000122,667.289978,662.1699829,666.8400269,659.7224121,69452200
SPY,9/23/2025,666.7199707,667.3400269,661.9799805,663.210022,656.1312866,81708900
SPY,9/24/2025,664.5100098,664.6099854,659.6699829,661.0999756,654.0436401,68082200
SPY,9/25/2025,657.9400024,659.4099731,654.4099731,658.0499878,651.0263062,89622100
SPY,9/26/2025,659.5100098,662.3699951,657.8800049,661.8200073,654.7560425,69179200
SPY,9/29/2025,664.3599854,665.2800293,661.8599854,663.6799927,656.5962524,73499000
SPY,9/30/2025,662.9299927,666.6500244,661.6099854,666.1799927,659.069519,86288000
SPY,10/1/2025,663.1699829,669.3699951,663.0599976,668.4500122,661.3153687,72545400
SPY,10/2/2025,670.4500122,670.5700073,666.7800293,669.2199707,662.0770264,56896000
SPY,10/3/2025,669.9899902,672.6799927,668.1599731,669.210022,662.0671997,70494400
SPY,10/6/2025,671.6199951,672.5100098,669.460022,671.6099854,664.4415283,54623300
SPY,10/7/2025,672.539978,672.9899902,667.6699829,669.1199951,661.9781494,72020100
SPY,10/8/2025,670.25,673.210022,669.4199829,673.1099854,665.9255371,60702200
SPY,10/9/2025,673.5300293,673.9400024,669.210022,671.1599731,663.9963379,66501900
SPY,10/10/2025,672.1300049,673.9500122,652.8400269,653.0200195,646.0499878,159422600
SPY,10/13/2025,660.6500244,665.1300049,659.7700195,663.039978,655.9630127,79560500
SPY,10/14/2025,657.1699829,665.8300171,653.1699829,662.2299805,655.1616821,88779600
SPY,10/15/2025,666.8200073,670.2299805,658.9299927,665.1699829,658.0703125,81702600
SPY,10/16/2025,666.8200073,668.710022,657.1099854,660.6400146,653.5887451,110563300
SPY,10/17/2025,659.5,665.7600098,658.1400146,664.3900146,657.298645,96500900
SPY,10/20/2025,667.3200073,672.210022,667.2700195,671.2999878,664.1348877,60493400
SPY,10/21/2025,671.4400024,672.9899902,669.9799805,671.289978,664.124939,56249000
SPY,10/22/2025,672,672,663.2999878,667.7999878,660.6722412,80564000
SPY,10/23/2025,668.1199951,672.710022,667.7999878,671.7600098,664.5899658,65604500
SPY,10/24/2025,676.460022,678.4699707,675.6500244,677.25,670.0213623,74356500
SPY,10/27/2025,682.7299805,685.539978,682.1199951,685.2399902,677.9260864,63339800
SPY,10/28/2025,687.0499878,688.9099731,684.8300171,687.0599976,679.7266235,61738100
SPY,10/29/2025,688.7199707,689.7000122,682.8699951,687.3900146,680.0531616,85657100
SPY,10/30/2025,683.9000244,685.9400024,679.8300171,679.8300171,672.5737915,76335800
SPY,10/31/2025,685.039978,685.0800171,679.2399902,682.0599976,674.7800293,87164100
SPY,11/3/2025,685.6699829,685.7999878,679.9400024,683.3400269,676.0463867,57315000
SPY,11/4/2025,676.1099854,679.960022,674.5800171,675.2399902,668.0328369,78427000
SPY,11/5/2025,674.9799805,680.8599854,674.1699829,677.5800171,670.3479004,74402400
SPY,11/6/2025,676.4699707,677.3800049,668.7199707,670.3099976,663.1554565,85035300
SPY,11/7/2025,667.9099731,671.0800171,661.210022,670.9699707,663.8083496,100592400
SPY,11/10/2025,677.2399902,682.1799927,675.0300293,681.4400024,674.166687,75842900
SPY,11/11/2025,679.9500122,683.5700073,678.7299805,683,675.7099609,58953400
SPY,11/12/2025,684.789978,684.960022,680.9500122,683.3800049,676.0859375,62312500
SPY,11/13/2025,680.5,680.8599854,670.5200195,672.039978,664.8669434,103457800
SPY,11/14/2025,665.3800049,675.6599731,663.2700195,671.9299927,664.7581787,96846700
SPY,11/17/2025,669.7000122,673.710022,662.1699829,665.6699829,658.5648804,90456100
SPY,11/18/2025,662.0999756,665.1199951,655.8599854,660.0800171,653.0346069,114467500
SPY,11/19/2025,660.7800293,667.3400269,658.75,662.6300049,655.5574341,94703000
SPY,11/20/2025,672.9099731,675.5599976,651.8900146,652.5300293,645.5652466,165293500
SPY,11/21/2025,655.0499878,664.5499878,650.8499756,659.0300293,651.9958496,123956200
SPY,11/24/2025,662.6900024,670.0599976,661.5900269,668.7299805,661.5922852,80437900
SPY,11/25/2025,668.6300049,676.210022,664.4799805,675.0200195,667.8151245,81077100
SPY,11/26/2025,677.6300049,681.7000122,676.7199707,679.6799927,672.4254761,71879600
SPY,11/28/2025,680.8599854,683.6699829,680.5,683.3900146,676.0958252,49212000
SPY,12/1/2025,678.8099976,682.9899902,678.7399902,680.2700195,673.0091553,61201200
SPY,12/2/2025,681.9199829,683.8200073,679.3300171,681.5300293,674.2557373,62953800
SPY,12/3/2025,680.5700073,684.9099731,679.6900024,683.8900146,676.5905151,57238500
SPY,12/4/2025,685.2999878,685.3699951,681.3400269,684.3900146,677.0852051,61970300
SPY,12/5/2025,685.4699707,688.3900146,684.5800171,685.6900024,678.3712769,79241000
SPY,12/8/2025,686.5900269,686.6400146,681.5700073,683.6300049,676.333313,55231500
SPY,12/9/2025,683.1500244,685.3900146,682.5900269,683.039978,675.7495117,58310100
SPY,12/10/2025,682.5599976,688.9699707,681.3099976,687.5700073,680.2312622,85671300
SPY,12/11/2025,685.1400146,689.25,682.1699829,689.1699829,681.8141479,86173700
SPY,12/12/2025,688.1699829,688.8800049,679.1699829,681.7600098,674.4832153,113160300
SPY,12/15/2025,685.7399902,685.7600098,679.25,680.7299805,673.4641724,90811000
SPY,12/16/2025,679.2299805,681.0800171,674.9799805,678.8699951,671.6240845,122030600
SPY,12/17/2025,679.8900146,680.4400024,671.2000122,671.4000244,664.2338257,110625200
SPY,12/18/2025,677.5999756,680.7399902,674.9000244,676.4699707,669.2496338,108650100
SPY,12/19/2025,676.5900269,681.0900269,676.4699707,680.5900269,675.3153687,103599500
SPY,12/22/2025,683.9400024,685.3599854,680.5900269,684.8300171,679.5224609,69556700
SPY,12/23/2025,683.9199829,688.2000122,683.8699951,687.960022,682.6281738,64840000
SPY,12/24/2025,687.9500122,690.8300171,687.7999878,690.3800049,685.02948,39445600
SPY,12/26/2025,690.6400146,691.6599731,689.2700195,690.3099976,684.960022,41613300
SPY,12/29/2025,687.539978,689.2000122,686.0700073,687.8499756,682.519043,62559500
SPY,12/30/2025,687.4500122,688.5599976,686.5800171,687.0100098,681.6855469,47160700
SPY,12/31/2025,687.1400146,687.3599854,681.710022,681.9199829,676.6350098,74144800
SPY,1/2/2026,685.710022,686.8699951,679.8200073,683.1699829,677.8753052,89377200
SPY,1/5/2026,686.539978,689.4299927,686.3800049,687.7199707,682.3900757,71927200
SPY,1/6/2026,687.9299927,692.3200073,687.7800293,691.8099976,686.4483643,69273800
SPY,1/7/2026,692.1900024,693.960022,689.3200073,689.5800171,684.2356567,75588300
SPY,1/8/2026,688.8200073,690.6199951,687.4899902,689.5100098,684.1661987,64019200
SPY,1/9/2026,690.6300049,695.3099976,689.1799927,694.0700073,688.6908569,80125500
SPY,1/12/2026,690.6799927,696.0900269,690.6300049,695.1599731,689.7723999,63976000
SPY,1/13/2026,695.4899902,696.0900269,691.3499756,693.7700195,688.3931885,78309700
SPY,1/14/2026,691,691.7199707,686.039978,690.3599854,685.0095825,94676700
SPY,1/15/2026,694.5700073,695.4500122,691.25,692.2399902,686.875061,77862000
SPY,1/16/2026,693.6599731,694.25,690.0999756,691.6599731,686.2994995,79289200
SPY,1/20/2026,681.4899902,684.7700195,676.5700073,677.5800171,672.3286133,111623300
SPY,1/21/2026,679.6500244,688.7399902,678.1300049,685.4000244,680.0880737,127844500
SPY,1/22/2026,689.8499756,691.1300049,686.9199829,688.9799805,683.6403198,77112200
SPY,1/23/2026,688.1500244,690.960022,687.1599731,689.2299805,683.8883057,63059600
SPY,1/26/2026,690.4899902,694.1300049,689.9199829,692.7299805,687.3612671,60473800
SPY,1/27/2026,694.1799927,696.5300293,693.5700073,695.4899902,690.0997925,55506100
SPY,1/28/2026,697.0499878,697.8400269,693.9400024,695.4199829,690.0303345,61172200
SPY,1/29/2026,696.3900146,697.0599976,684.8300171,694.039978,688.6610718,97486200
SPY,1/30/2026,691.789978,694.210022,687.1199951,691.9699707,686.6071777,101835100
SPY,2/2/2026,689.5800171,696.9299927,689.4199829,695.4099731,690.0204468,79286500
SPY,2/3/2026,696.210022,696.960022,684.0300293,689.5300293,684.1860352,107904600
SPY,2/4/2026,690.3499756,691.4500122,681.7600098,686.1900024,680.8719482,105204600
SPY,2/5/2026,680.9400024,683.6900024,675.789978,677.6199951,672.3683472,113610800
SPY,2/6/2026,681.460022,692.3099976,680.8499756,690.6199951,685.2675781,89127600
SPY,2/9/2026,689.4199829,695.8699951,688.3400269,693.9500122,688.5717773,73885200
SPY,2/10/2026,694.9500122,696.539978,691.6599731,692.1199951,686.7559204,65185700
SPY,2/11/2026,696.3900146,697.1400146,689.1799927,691.960022,686.597229,76353900
SPY,2/12/2026,694.2399902,695.3499756,680.3699951,681.2700195,675.9901123,118829000
SPY,2/13/2026,681.6900024,686.2800293,677.5200195,681.75,676.4663086,96267500
SPY,2/17/2026,680.1400146,684.9400024,675.7800293,682.8499756,677.5578003,81354700
SPY,2/18/2026,684.0200195,689.1500244,682.8300171,686.289978,680.9711304,73570300
SPY,2/19/2026,683.8400269,686.1799927,681.5499878,684.4799805,679.1751709,58649400
SPY,2/20/2026,682.3200073,690.0599976,681.7299805,689.4299927,684.086853,100034000
SPY,2/23/2026,687.8300171,690,680.3699951,682.3900146,677.1013794,90558100
SPY,2/24/2026,681.9000244,688.3499756,680,687.3499756,682.0228882,73798700
SPY,2/25/2026,690.1799927,693.6799927,690.0999756,693.1500244,687.7780151,56369500
SPY,2/26/2026,693.2800293,693.2999878,684.3499756,689.2999878,683.9577637,71671000
SPY,2/27/2026,683.0900269,686.8599854,681.6400146,685.9899902,680.6734619,83308900
SPY,3/2/2026,678.7000122,688.6199951,678.0200195,686.3800049,681.0604248,87477200
SPY,3/3/2026,675.0599976,682.6099854,669.6599731,680.3300171,675.057373,105003100
SPY,3/4/2026,681.6300049,687.0900269,679.6199951,685.1300049,679.8201904,79182200
SPY,3/5/2026,682.0800171,685.5300293,675.6099854,681.3099976,676.0297241,106606500
SPY,3/6/2026,673.4099731,676.1099854,669.7600098,672.3800049,667.1688843,100687000
SPY,3/9/2026,666.3900146,679.9199829,662.3900146,678.2700195,673.0133057,102667700
SPY,3/10/2026,677.7199707,683.3599854,674.7600098,677.1799927,671.9317627,81505300
SPY,3/11/2026,677.5800171,680.0800171,673.3400269,676.3300171,671.0883789,68441700
SPY,3/12/2026,671.1599731,671.6500244,665.8699951,666.0599976,660.8979492,108882200
SPY,3/13/2026,669.2700195,672.3400269,661.3599854,662.289978,657.1571655,97200200
SPY,3/16/2026,668.3800049,672.0700073,667.1199951,669.0300293,663.8449707,82023100
SPY,3/17/2026,672.3900146,674.4400024,669.7000122,670.789978,665.5912476,87128000
SPY,3/18/2026,668.3599854,669.7199707,661.1900024,661.4299927,656.303772,82062600
SPY,3/19/2026,656.9699707,662.9799805,655.1699829,659.7999878,654.6864014,111272500
SPY,3/20/2026,656.5100098,656.6900024,644.7199707,648.5700073,645.3010254,163617500
SPY,3/23/2026,658.0700073,662.6199951,653.9400024,655.3800049,652.0766602,134802700
SPY,3/24/2026,651.3200073,657.0300293,649.8800049,653.1799927,649.8877563,96457500
SPY,3/25/2026,658.6699829,660.8900146,654.2399902,656.8200073,653.5093994,90653800
SPY,3/26/2026,652.0599976,654.8499756,644.8200073,645.0900269,641.838562,96494400
SPY,3/27/2026,642.5,642.6599731,633.1099854,634.0900269,630.8939819,103649400
SPY,3/30/2026,640.1099854,640.3699951,629.2800293,631.9699707,628.784668,99275900
SPY,3/31/2026,638.9400024,651.539978,637.9799805,650.3400269,647.0620728,152534100
SPY,4/1/2026,653.9000244,658.5200195,653,655.2399902,651.9373779,97841500
SPY,4/2/2026,646.4199829,658.2000122,645.1099854,655.8300171,652.5244141,68358700
SPY,4/6/2026,655.8599854,659.7199707,655.5200195,658.9299927,655.6088257,39105800
SPY,4/7/2026,656.6500244,659.6099854,651.0599976,659.2199707,655.8972778,69980400
SPY,4/8/2026,676.3900146,677.0800171,671.460022,676.0100098,672.6027222,93606100
SPY,4/9/2026,674.8400269,681.1599731,673.7700195,679.9099731,676.4829712,57134400
SPY,4/10/2026,681.3200073,682.0300293,678.4500122,679.460022,676.0353394,42253500
SPY,4/13/2026,677.4099731,686.2999878,676.5800171,686.0999756,682.6418457,54185800
SPY,4/14/2026,687.6900024,694.5800171,687.6599731,694.460022,690.9597168,63480500
SPY,4/15/2026,695.2600098,700.2800293,694.2000122,699.9400024,696.4121094,58240400
SPY,4/16/2026,701.0599976,702.7800293,698.5300293,701.6599731,698.1234131,49972400
SPY,4/17/2026,706.1400146,712.3900146,705.7600098,710.1400146,706.56073,70661900
SPY,4/20/2026,708.7800293,709.9099731,706.1400146,708.7199707,705.1477661,43546800
SPY,4/21/2026,710.2800293,711.2800293,702.6400146,704.0800171,700.53125,58941400
SPY,4/22/2026,709.1500244,711.4500122,708.2199707,711.210022,707.6253052,42518500
SPY,4/23/2026,709.5,712.3599854,702.2800293,708.4500122,704.8792114,56174000
SPY,4/24/2026,710.75,714.4699707,709.0100098,713.9400024,710.3415527,45182000
SPY,4/27/2026,713.1699829,715.6300049,712.2999878,715.1699829,711.5653076,33135900
SPY,4/28/2026,711.8200073,712.8800049,709.25,711.6900024,708.1028442,43117400
SPY,4/29/2026,711,712.2000122,708.3699951,711.5800171,707.9934082,41859200
SPY,4/30/2026,714.6300049,719.789978,710.4500122,718.6599731,715.0377197,67240900
SPY,5/1/2026,721.25,724.8699951,720.4699707,720.6500244,717.0177002,43049800
SPY,5/4/2026,720.0700073,722.1199951,714.9899902,718.0100098,714.3909912,51950600
SPY,5/5/2026,721.7700195,725.039978,721.4899902,723.7700195,720.1220093,36933200
SPY,5/6/2026,728.1599731,734.5900269,727.8200073,733.8300171,730.1312866,53288900
SPY,5/7/2026,735.0499878,736.1300049,729.75,731.5800171,727.8926392,51724600
SPY,5/8/2026,734.9299927,738.0800171,734.5700073,737.6199951,733.9021606,47227100
SPY,5/11/2026,736.4500122,740.789978,736.4500122,739.2999878,735.5736694,44024000
SPY,5/12/2026,736.8900146,738.8400269,731.8300171,738.1799927,734.4593506,54185300
SPY,5/13/2026,738.4699707,743.9099731,735.4699707,742.3099976,738.5685425,44200200
SPY,5/14/2026,743.6500244,749.5300293,743.5599976,748.1699829,744.3989868,45307600
SPY,5/15/2026,741.789978,743.460022,737.960022,739.1699829,735.444397,60410800
SPY,5/18/2026,739.8300171,741.4199829,733.3900146,738.6500244,734.927002,47843900
SPY,5/19/2026,734.7800293,737.6500244,731.5300293,733.7299805,730.0317993,54255900
SPY,5/20/2026,735.710022,741.8699951,733.8900146,741.25,737.513855,45768000
SPY,5/21/2026,738.6400146,744.8699951,737.0300293,742.7199707,738.9764404,43332200
SPY,5/22/2026,746.2399902,748.9400024,744.4799805,745.6400146,741.8817749,41762000
SPY,5/26/2026,750.0100098,752.1300049,748.3699951,750.5900269,746.8068237,41123600
SPY,5/27/2026,750.8800049,751.3800049,748.2199707,750.460022,746.6774902,42106300
SPY,5/28/2026,750.25,755.1500244,749.2299805,754.5999756,750.7965698,41562600
SPY,5/29/2026,755.9000244,758.0800171,754.6900024,756.4799805,752.6671143,55075700
SPY,6/1/2026,755.3599854,760.2800293,754.6900024,758.539978,754.7167358,43634900
SPY,6/2/2026,757.0300293,760.4000244,756.75,759.5700073,755.7415771,31581900
SPY,6/3/2026,758.1500244,758.7999878,753.5700073,754.2399902,750.4384155,51402500
SPY,6/4/2026,752.0999756,758.3099976,751.4699707,757.0900269,753.2740479,49923000
SPY,6/5/2026,752.3099976,752.8200073,735.5300293,737.5499878,733.8325195,93989400
SPY,6/8/2026,743.3599854,745.3400269,738.1900024,739.2199707,735.4940796,49319100
SPY,6/9/2026,743.6300049,746.9000244,722.5900269,737.0499878,733.335022,87683500
SPY,6/10/2026,733.3900146,738.3800049,725.3300171,725.4299927,721.7736206,60341300
SPY,6/11/2026,728.7600098,740,724.4099731,737.7600098,734.0415039,86330500
SPY,6/12/2026,740.710022,744.4400024,735.0300293,741.75,738.0113525,57079500
SPY,6/15/2026,751.8499756,756.6799927,751.7600098,754.8300171,751.0254517,60176400
SPY,6/16/2026,754.5499878,755.4400024,749.8800049,750.3300171,746.5481567,67093100
SPY,6/17/2026,751.289978,752.1500244,739.2199707,740.960022,737.2253418,85945200
SPY,6/18/2026,747.7600098,748.2299805,743.8599854,746.7399902,744.8902588,80875700
SPY,6/22/2026,747.7000122,750.1799927,743.1300049,744.3900146,742.5461426,46628100
SPY,6/23/2026,733.8099976,739.6300049,732.2999878,733.5800171,731.7628784,66846800
SPY,6/24/2026,735.1699829,739.9500122,730.8400269,733.2399902,731.4237061,57439500
SPY,6/25/2026,738.9099731,739.3699951,729.5999756,734.2999878,732.4810791,53934400
SPY,6/26/2026,728.9500122,736.5300293,716.5800171,728.9899902,727.1842651,71034000
SPY,6/29/2026,736.5300293,741.5599976,732.0900269,741,739.1644897,58035200
SPY,6/30/2026,741.289978,748.0200195,740.8900146,746.7700195,744.9202271,55626000
SPY,7/1/2026,745,749.4400024,742.3800049,745.7600098,743.9127197,47100900
SPY,7/2/2026,747.4000244,751.3099976,740.0300293,744.7800293,742.9351807,57447800
SPY,7/6/2026,748.7399902,752.4099731,747.4099731,751.2800293,749.4190674,50673300
SPY,7/7/2026,750.2199707,750.960022,745.210022,747.710022,745.8579102,43721500
SPY,7/8/2026,743.1599731,746.1500244,739.5100098,745.4000244,743.5536499,43767400
SPY,7/9/2026,747.3499756,751.9699707,745.5900269,751.710022,749.8480225,41441700
SPY,7/10/2026,752.0499878,755.4199829,748.0999756,754.9500122,753.0799561,42191300
SPY,7/13/2026,752.4699707,753.9099731,748,749.1699829,747.31427,44013600
SPY,7/14/2026,750.9099731,753.3400269,748.6599731,751.8300171,749.9677124,35143100
SPY,7/15/2026,754.2399902,755.5800171,750.2000122,754.8099976,752.9403076,43844800
SPY,7/16/2026,752.7600098,754.5700073,747.8800049,750.7199707,748.8604126,46409800
SPY,7/17/2026,742.0800171,747.289978,740.7999878,743.289978,741.4487915,62651000
SPY,7/20/2026,747.0599976,748.7299805,741.5100098,742.0900269,740.2518311,50422300
SPY,7/21/2026,746.289978,749.039978,744.1799927,748.2800293,746.4265137,34324300
SPY,7/22/2026,746.6199951,750.0200195,746.3699951,747.4099731,745.5585938,32836200
SPY,7/23/2026,739.3699951,742.5599976,735.210022,738.1799927,736.3515015,55437300
SPY,7/24/2026,738.5100098,743.7199707,737.289978,738.9299927,737.0996094,44782000
SPY,7/27/2026,744.9099731,745.5300293,735.8699951,739.0900269,737.2592773,41461200
SPY,7/28/2026,739.1900024,742.789978,735.9799805,740.8599854,739.0248413,47322200
SPY,7/29/2026,739.9699707,742.6799927,729.0999756,729.460022,727.6531372,70697200
SPY,7/30/2026,736.0499878,742.4500122,734.5900269,741.6900024,739.8527832,66811300
SPY,7/31/2026,744.6799927,748.9000244,737.6799927,747.0300293,745.1796265,62445900
SPY,8/3/2026,749.4400024,758.5800171,748.7999878,757.6699829,755.7932129,59927500
SPY,8/4/2026,760.6300049,773.4099731,760.5200195,771.3300171,769.4193726,69154800
SPY,8/5/2026,775.8499756,776.8499756,769.5100098,769.789978,767.8831787,44689100
SPY,8/6/2026,770.210022,771.8200073,767.460022,768.5599976,766.65625,38416900
SPY,8/7/2026,771.0200195,773.9199829,769.6099854,773.2600098,771.3446045,43586300
SPY,8/10/2026,772.5999756,775.0499878,771.6199951,773.0300293,771.1151733,39249500
SPY,8/11/2026,774.5300293,774.6099854,769.2000122,770.5599976,768.6513062,36740600
SPY,8/12/2026,774.710022,774.9000244,771.2800293,772.4899902,770.5764771,33179100
SPY,8/13/2026,774.8699951,779.3699951,774.1099854,777.8800049,775.953186,35634500
SPY,8/14/2026,778.539978,778.7999878,775.4299927,776.3400269,774.4169922,31367900
SPY,8/17/2026,776.1799927,776.7800293,772.5100098,772.6699829,770.7560425,34356600
SPY,8/18/2026,768.7000122,769.5,766.9199829,767.4500122,765.5490112,43920900
SPY,8/19/2026,770.3599854,772.4699707,768.0999756,769.0599976,767.1549683,40306000
SPY,8/20/2026,765.960022,768.1500244,762.039978,762.5999756,760.7109985,45520300
SPY,8/21/2026,766.0499878,767.8499756,764.1699829,765.7199707,763.8232422,39188700
SPY,8/24/2026,764.7800293,765.2199707,762.0800171,763.4699707,761.5787964,32430900
SPY,8/25/2026,766.1599731,766.7800293,763.0499878,765.9099731,764.0127563,27422300
SPY,8/26/2026,764.7299805,767.3499756,763.9299927,766.0800171,764.182373,28751600
SPY,8/27/2026,768.5,772.3599854,767.1599731,771.0999756,769.1899414,34557100
SPY,8/28/2026,771.7600098,775.2999878,768.3099976,769.3499756,767.4442749,36744300
SPY,8/31/2026,767.3300171,768,764.7199707,767.0499878,765.1499634,38810800
SPY,9/1/2026,762.0100098,764.6699829,759.4799805,761.7800293,759.8930664,41126300
SPY,9/2/2026,762.4500122,766.4299927,761.7299805,765.1599731,763.2646484,29566200
SPY,9/3/2026,767.9000244,774.0300293,767.4500122,773.1699829,771.2548218,43531600
SPY,9/4/2026,772.0100098,772.8699951,769,770.1900024,768.2822266,34054200
SPY,9/8/2026,769.0700073,769.7000122,765.1400146,765.960022,764.0626831,44746100
SPY,9/9/2026,764.0800171,764.4699707,760.9400024,762.4000244,760.5115356,32812400
SPY,9/10/2026,758.0300293,760.1099854,756.6400146,757.8300171,755.9528198,42740400
SPY,9/11/2026,764.7199707,766.3800049,763.5999756,764.289978,762.3967896,45512700
SPY,9/14/2026,759,763.5200195,757.9299927,760.8800049,758.9952393,43992400
SPY,9/15/2026,760.1199951,760.3499756,756.1500244,757.3900146,755.513916,46195000
SPY,9/16/2026,759.5,761.6699829,749.5999756,754.0499878,752.1821899,59217700
SPY,9/17/2026,763.1500244,763.5700073,759.960022,762.5999756,760.7109985,49652800
SPY,9/18/2026,761.3099976,762,757.9699707,761.6900024,761.6900024,65395100
SPY,9/21/2026,766.25,774.8900146,766.0300293,773.5,773.5,50484700
SPY,9/22/2026,774.0300293,775.1400146,772.5700073,773.3800049,773.3800049,34802300
SPY,9/23/2026,772.789978,773.0499878,766.5,767.8099976,767.8099976,54931700
SPY,9/24/2026,764.0700073,768.9500122,763.25,767.1799927,767.1799927,43983700
SPY,9/25/2026,768.7800293,772.2800293,766.289978,771.3499756,771.3499756,36666700
SPY,9/28/2026,768.3499756,769.539978,763.7199707,765.6099854,765.6099854,42694500
SPY,9/29/2026,766.8300171,766.9799805,762.3499756,764.2000122,764.2000122,36910500
SPY,9/30/2026,766.4500122,769.4099731,762.1799927,762.6300049,762.6300049,62110000
SPY,10/1/2026,764.3599854,765.6500244,758.789978,763.9899902,763.9899902,47708100
SPY,10/2/2026,770.5800171,772.6500244,767.1500244,769.6400146,769.6400146,46306400
